lpId,adres1885,straatnaam1885,zoneType,lpAddressStatus,isLinkableAddress,linkingStatus,hasGeometry,candidateCount,candidateSummary
1,A44,Gouvernementsplein,older-regime,address,yes,matched,yes,3,309 | 1837 | A. 44 | Gouvernementsplein | 1837-exact-components+street || 310 | 1837 | A. 44 | Gouvernementsplein | 1837-exact-components+street || 311 | 1837 | A. 44 | Gouvernementsplein | 1837-exact-components+street
2,A45,Gouvernementsplein,older-regime,address,yes,matched,yes,1,2097 | 1837 | A. 45 | Gouvernementsplein | 1837-exact-components+street
3,A96,Gouvernementsplein,older-regime,address,yes,matched,yes,2,339 | 1837 | A. 96 | Gouvernementsplein | 1837-exact-components+street || 340 | 1837 | A. 96 | Gouvernementsplein | 1837-exact-components+street
4,A97,Gouvernementsplein,older-regime,address,yes,matched,yes,2,2096 | 1837 | A. 97 | Gouvernementsplein | 1837-exact-components+street || 2098 | 1837 | A. 97a | Gouvernementsplein | 1837-fallback-core-only+street
5,A1a,Gravenstraat,older-regime,address,yes,matched,yes,6,2 | 1837 | A.  1 | Gravenstraat | 1837-fallback-core-only+street || 3 | 1837 | A.  1 | Gravenstraat | 1837-fallback-core-only+street || 4 | 1837 | A.  1 | Gravenstraat | 1837-fallback-core-only+street || 5 | 1837 | A.  1 | Gravenstraat | 1837-fallback-core-only+street || 6 | 1837 | A.  1a | Gravenstraat | 1837-exact-components+street || 7 | 1837 | A.  1b | Gravenstraat | 1837-fallback-core-only+street
6,A2,Gravenstraat,older-regime,address,yes,matched,yes,1,18 | 1837 | A.  2 | Gravenstraat | 1837-exact-components+street
7,A12,Gravenstraat,older-regime,address,yes,matched,yes,2,178 | 1837 | A. 12 | Gravenstraat | 1837-exact-components+street || 185 | 1837 | A. 12 | Gravenstraat | 1837-exact-components+street
8,A11,Gravenstraat,older-regime,address,yes,matched,yes,5,165 | 1837 | A. 11 | Gravenstraat | 1837-exact-components+street || 166 | 1837 | A. 11 | Gravenstraat | 1837-exact-components+street || 167 | 1837 | A. 11 | Gravenstraat | 1837-exact-components+street || 168 | 1837 | A. 11 | Gravenstraat | 1837-exact-components+street || 169 | 1837 | A. 11 | Gravenstraat | 1837-exact-components+street
9,A10,Gravenstraat,older-regime,address,yes,matched,yes,1,149 | 1837 | A. 10 | Gravenstraat | 1837-exact-components+street
10,A9,Gravenstraat,older-regime,address,yes,matched,yes,4,140 | 1837 | A.  9 | Gravenstraat | 1837-exact-components+street || 141 | 1837 | A.  9 | Gravenstraat | 1837-exact-components+street || 142 | 1837 | A.  9 | Gravenstraat | 1837-exact-components+street || 143 | 1837 | A.  9 | Gravenstraat | 1837-exact-components+street
11,A8,Gravenstraat,older-regime,address,yes,matched,yes,1,86 | 1837 | A.  8 | Gravenstraat | 1837-exact-components+street
12,A7,Gravenstraat,older-regime,address,yes,matched,yes,1,82 | 1837 | A.  7 | Gravenstraat | 1837-exact-components+street
13,A6,Gravenstraat,older-regime,address,yes,matched,yes,11,69 | 1837 | A.  6 | Gravenstraat | 1837-exact-components+street || 70 | 1837 | A.  6b | Gravenstraat | 1837-fallback-core-only+street || 71 | 1837 | A.  6b | Gravenstraat | 1837-fallback-core-only+street || 72 | 1837 | A.  6b | Gravenstraat | 1837-fallback-core-only+street || 73 | 1837 | A.  6b | Gravenstraat | 1837-fallback-core-only+street || 74 | 1837 | A.  6b | Gravenstraat | 1837-fallback-core-only+street || 75 | 1837 | A.  6b | Gravenstraat | 1837-fallback-core-only+street || 76 | 1837 | A.  6b | Gravenstraat | 1837-fallback-core-only+street
14,A5,Gravenstraat,older-regime,address,yes,matched,yes,1,52 | 1837 | A.  5 | Gravenstraat | 1837-exact-components+street
15,A4,Gravenstraat,older-regime,address,yes,matched,yes,1,40 | 1837 | A.  4 | Gravenstraat | 1837-exact-components+street
16,A3,Gravenstraat,older-regime,address,yes,matched,yes,1,27 | 1837 | A.  3 | Gravenstraat | 1837-exact-components+street
17,A13,Gravenstraat,older-regime,address,yes,matched,yes,1,203 | 1837 | A. 13 | Gravenstraat | 1837-exact-components+street
18,A14,Gravenstraat,older-regime,address,yes,matched,yes,1,219 | 1837 | A. 14 | Gravenstraat | 1837-exact-components+street
19,A15,Gravenstraat,older-regime,address,yes,matched,yes,2,224 | 1837 | A. 15 | Gravenstraat | 1837-exact-components+street || 236 | 1837 | A. 15 | Gravenstraat | 1837-exact-components+street
20,A16,Gravenstraat,older-regime,address,yes,matched,yes,1,257 | 1837 | A. 16 | Gravenstraat | 1837-exact-components+street
21,A17,Gravenstraat,older-regime,address,yes,matched,yes,1,279 | 1837 | A. 17 | Gravenstraat | 1837-exact-components+street
22,A18,Gravenstraat,older-regime,address,yes,matched,yes,4,293 | 1837 | A. 18b | Gravenstraat | 1837-fallback-core-only+street || 294 | 1837 | A. 18a | Gravenstraat | 1837-fallback-core-only+street || 295 | 1837 | A. 18 | Gravenstraat | 1837-exact-components+street || 296 | 1837 | A. 18a | Gravenstraat | 1837-fallback-core-only+street
23,A19a,Gravenstraat,older-regime,address,yes,matched,yes,3,321 | 1837 | A. 19a | Gravenstraat | 1837-exact-components+street || 322 | 1837 | A. 19b | Gravenstraat | 1837-fallback-core-only+street || 323 | 1837 | A. 19b | Gravenstraat | 1837-fallback-core-only+street
24,A20b,Gravenstraat,older-regime,address,yes,matched,yes,3,330 | 1837 | A. 20a | Gravenstraat | 1837-fallback-core-only+street || 331 | 1837 | A. 20b | Gravenstraat | 1837-exact-components+street || 332 | 1837 | A. 20c | Gravenstraat | 1837-fallback-core-only+street
25,A26,Gravenstraat,older-regime,address,yes,matched,yes,1,110 | 1837 | A. 26 | Gravenstraat | 1837-exact-components+street
26,A25,Gravenstraat,older-regime,address,yes,matched,yes,2,370 | 1837 | A. 25 | Gravenstraat | 1837-exact-components+street || 371 | 1837 | A. 25 | Gravenstraat | 1837-exact-components+street
27,A21c,Gravenstraat,older-regime,address,yes,matched,yes,1,341 | 1837 | A. 21 | Gravenstraat | 1837-fallback-core-only+street
28,A22,Gravenstraat,older-regime,address,yes,matched,yes,1,349 | 1837 | A. 22 | Gravenstraat | 1837-exact-components+street
29,A23,Gravenstraat,older-regime,address,yes,matched,yes,1,354 | 1837 | A. 23 | Gravenstraat | 1837-exact-components+street
30,A24,Gravenstraat,older-regime,address,yes,matched,yes,1,363 | 1837 | A. 24 | Gravenstraat | 1837-exact-components+street
31,A28,Gravenstraat,older-regime,address,yes,matched,yes,1,336 | 1837 | A. 28 | Gravenstraat | 1837-exact-components+street
32,A29a,Gravenstraat,older-regime,address,yes,matched,yes,5,312 | 1837 | A. 29 | Gravenstraat | 1837-fallback-core-only+street || 313 | 1837 | A. 29a | Gravenstraat | 1837-exact-components+street || 314 | 1837 | A. 29b | Gravenstraat | 1837-fallback-core-only+street || 315 | 1837 | A. 29c | Gravenstraat | 1837-fallback-core-only+street || 316 | 1837 | A. 29d | Gravenstraat | 1837-fallback-core-only+street
33,A30,Gravenstraat,older-regime,address,yes,matched,yes,1,305 | 1837 | A. 30 | Gravenstraat | 1837-exact-components+street
34,A31,Gravenstraat,older-regime,address,yes,matched,yes,2,285 | 1837 | A. 31 | Gravenstraat | 1837-exact-components+street || 286 | 1837 | A. 31 | Gravenstraat | 1837-exact-components+street
35,A32,Gravenstraat,older-regime,address,yes,matched,yes,2,272 | 1837 | A. 32 | Gravenstraat | 1837-exact-components+street || 273 | 1837 | A. 32 | Gravenstraat | 1837-exact-components+street
36,A33,Gravenstraat,older-regime,address,yes,matched,yes,1,265 | 1837 | A. 33 | Gravenstraat | 1837-exact-components+street
37,A34b,Gravenstraat,older-regime,address,yes,matched,yes,4,250 | 1837 | A. 34b | Gravenstraat | 1837-exact-components+street || 251 | 1837 | A. 34c | Gravenstraat | 1837-fallback-core-only+street || 252 | 1837 | A. 34d | Gravenstraat | 1837-fallback-core-only+street || 253 | 1837 | A. 34a | Gravenstraat | 1837-fallback-core-only+street
38,A35,Gravenstraat,older-regime,address,yes,matched,yes,2,214 | 1837 | A. 35 | Gravenstraat | 1837-exact-components+street || 215 | 1837 | A. 35 | Gravenstraat | 1837-exact-components+street
39,A36,Gravenstraat,older-regime,address,yes,matched,yes,1,196 | 1837 | A. 36 | Gravenstraat | 1837-exact-components+street
40,A37,Gravenstraat,older-regime,address,yes,matched,yes,2,173 | 1837 | A. 37 | Gravenstraat | 1837-exact-components+street || 191 | 1837 | A. 37 | Gravenstraat | 1837-exact-components+street
41,A38,Gravenstraat,older-regime,address,yes,matched,yes,1,157 | 1837 | A. 38 | Gravenstraat | 1837-exact-components+street
42,A39,Gravenstraat,older-regime,address,yes,matched,yes,2,744 | 1837 | A. 39 | Gravenstraat | 1837-exact-components+street || 745 | 1837 | A. 39 | Gravenstraat | 1837-exact-components+street
43,A40,Gravenstraat,older-regime,address,yes,matched,yes,1,60 | 1837 | A. 40 | Gravenstraat | 1837-exact-components+street
44,A41,Gravenstraat,older-regime,address,yes,matched,yes,1,44 | 1837 | A. 41 | Gravenstraat | 1837-exact-components+street
45,A42,Gravenstraat,older-regime,address,yes,matched,yes,1,34 | 1837 | A. 42 | Gravenstraat | 1837-exact-components+street
46,A48,Heerenstraat,older-regime,address,yes,matched,yes,1,107 | 1837 | A. 48 | Heerenstraat | 1837-exact-components+street
47,A49,Heerenstraat,older-regime,address,yes,matched,yes,2,108 | 1837 | A. 49a | Heerenstraat | 1837-fallback-core-only+street || 116 | 1837 | A. 49b | Heerenstraat | 1837-fallback-core-only+street
48,A50,Heerenstraat,older-regime,address,yes,matched,yes,1,130 | 1837 | A. 50 | Heerenstraat | 1837-exact-components+street
49,A51,Heerenstraat,older-regime,address,yes,matched,yes,2,147 | 1837 | A. 51 | Heerenstraat | 1837-exact-components+street || 148 | 1837 | A. 51 | Heerenstraat | 1837-exact-components+street
50,A52,Heerenstraat,older-regime,address,yes,matched,yes,2,163 | 1837 | A. 52 | Heerenstraat | 1837-exact-components+street || 164 | 1837 | A. 52 | Heerenstraat | 1837-exact-components+street
51,A53,Heerenstraat,older-regime,address,yes,matched,yes,1,177 | 1837 | A. 53 | Heerenstraat | 1837-exact-components+street
52,A54,Heerenstraat,older-regime,address,yes,matched,yes,2,183 | 1837 | A. 54 | Heerenstraat | 1837-exact-components+street || 184 | 1837 | A. 54 | Heerenstraat | 1837-exact-components+street
53,A55,Heerenstraat,older-regime,address,yes,matched,yes,4,195 | 1837 | A. 55 | Heerenstraat | 1837-exact-components+street || 213 | 1837 | A. 55 | Heerenstraat | 1837-exact-components+street || 2089 | 1837 | A. 55 | Heerenstraat | 1837-exact-components+street || 2090 | 1837 | A. 55 | Heerenstraat | 1837-exact-components+street
54,A56b,Heerenstraat,older-regime,address,yes,matched,yes,5,382 | 1837 | A. 56 | Heerenstraat | 1837-fallback-core-only+street || 383 | 1837 | A. 56 | Heerenstraat | 1837-fallback-core-only+street || 384 | 1837 | A. 56 | Heerenstraat | 1837-fallback-core-only+street || 394 | 1837 | A. 56a | Heerenstraat | 1837-fallback-core-only+street || 409 | 1837 | A. 56b | Heerenstraat | 1837-exact-components+street
55,A57,Heerenstraat,older-regime,address,yes,matched,yes,1,421 | 1837 | A. 57 | Heerenstraat | 1837-exact-components+street
56,A58,Heerenstraat,older-regime,address,yes,matched,yes,2,436 | 1837 | A. 58 | Heerenstraat | 1837-exact-components+street || 437 | 1837 | A. 58 | Heerenstraat | 1837-exact-components+street
57,A59a,Heerenstraat,older-regime,address,yes,matched,yes,2,451 | 1837 | A. 59a | Heerenstraat | 1837-exact-components+street || 452 | 1837 | A. 59b | Heerenstraat | 1837-fallback-core-only+street
58,A60a,Heerenstraat,older-regime,address,yes,matched,yes,5,456 | 1837 | A. 60a | Heerenstraat | 1837-exact-components+street || 457 | 1837 | A. 60 | Heerenstraat | 1837-fallback-core-only+street || 458 | 1837 | A. 60b | Noorderkerkstraat | 1837-fallback-core-only || 459 | 1837 | A. 60c | Noorderkerkstraat | 1837-fallback-core-only || 1037 | 1837 | A. 60d | Noorderkerkstraat | 1837-fallback-core-only
59,A66,Heerenstraat,older-regime,address,yes,matched,yes,3,464 | 1837 | A. 66 | Heerenstraat | 1837-exact-components+street || 465 | 1837 | A. 66 | Heerenstraat | 1837-exact-components+street || 466 | 1837 | A. 66 | Heerenstraat | 1837-exact-components+street
60,A67,Heerenstraat,older-regime,address,yes,matched,yes,1,472 | 1837 | A. 67 | Heerenstraat | 1837-exact-components+street
61,A68,Heerenstraat,older-regime,address,yes,matched,yes,1,493 | 1837 | A. 68 | Heerenstraat | 1837-exact-components+street
62,A69b,Heerenstraat,older-regime,address,yes,matched,yes,3,505 | 1837 | A. 69a | Heerenstraat | 1837-fallback-core-only+street || 506 | 1837 | A. 69b | Heerenstraat | 1837-exact-components+street || 507 | 1837 | A. 69c | Heerenstraat | 1837-fallback-core-only+street
63,A70,Heerenstraat,older-regime,address,yes,matched,yes,1,527 | 1837 | A. 70 | Heerenstraat | 1837-exact-components+street
64,A71,Heerenstraat,older-regime,address,yes,matched,yes,2,532 | 1837 | A. 71 | Heerenstraat | 1837-exact-components+street || 556 | 1837 | A. 71 | Heerenstraat | 1837-exact-components+street
65,A72,Heerenstraat,older-regime,address,yes,matched,yes,1,575 | 1837 | A. 72 | Heerenstraat | 1837-exact-components+street
66,A73,Heerenstraat,older-regime,address,yes,matched,yes,1,592 | 1837 | A. 73 | Heerenstraat | 1837-exact-components+street
67,A74,Heerenstraat,older-regime,address,yes,matched,yes,2,604 | 1837 | A. 74 | Heerenstraat | 1837-exact-components+street || 605 | 1837 | A. 74 | Heerenstraat | 1837-exact-components+street
68,A75,Heerenstraat,older-regime,address,yes,matched,yes,2,634 | 1837 | A. 75 | Heerenstraat | 1837-exact-components+street || 635 | 1837 | A. 75 | Heerenstraat | 1837-exact-components+street
69,A76,Heerenstraat,older-regime,address,yes,matched,yes,2,626 | 1837 | A. 76 | Heerenstraat | 1837-exact-components+street || 633 | 1837 | A. 76 | Heerenstraat | 1837-exact-components+street
70,A77,Heerenstraat,older-regime,address,yes,matched,yes,2,615 | 1837 | A. 77 | Heerenstraat | 1837-exact-components+street || 616 | 1837 | A. 77 | Heerenstraat | 1837-exact-components+street
71,A78,Heerenstraat,older-regime,address,yes,matched,yes,1,597 | 1837 | A. 78 | Heerenstraat | 1837-exact-components+street
72,A79,Heerenstraat,older-regime,address,yes,matched,yes,1,587 | 1837 | A. 79 | Heerenstraat | 1837-exact-components+street
73,A80,Heerenstraat,older-regime,address,yes,matched,yes,2,580 | 1837 | A. 80 | Heerenstraat | 1837-exact-components+street || 581 | 1837 | A. 80 | Heerenstraat | 1837-exact-components+street
74,A81,Heerenstraat,older-regime,address,yes,matched,yes,2,543 | 1837 | A. 81a | Heerenstraat | 1837-fallback-core-only+street || 544 | 1837 | A. 81b | Heerenstraat | 1837-fallback-core-only+street
75,A82,Heerenstraat,older-regime,address,yes,matched,yes,1,538 | 1837 | A. 82 | Heerenstraat | 1837-exact-components+street
76,A83,Heerenstraat,older-regime,address,yes,matched,yes,1,2113 | 1837 | A. 83 | Heerenstraat | 1837-exact-components+street
77,A84,Heerenstraat,older-regime,address,yes,matched,yes,3,3881 | 1837 | A. 84a | Heerenstraat | 1837-fallback-core-only+street || 3882 | 1837 | A. 84b | Heerenstraat | 1837-fallback-core-only+street || 3883 | 1837 | A. 84c | Heerenstraat | 1837-fallback-core-only+street
78,A85,Heerenstraat,older-regime,address,yes,matched,yes,5,514 | 1837 | A. 85 | Heerenstraat | 1837-exact-components+street || 515 | 1837 | A. 85a | Heerenstraat | 1837-fallback-core-only+street || 516 | 1837 | A. 85b | Heerenstraat | 1837-fallback-core-only+street || 517 | 1837 | A. 85c | Heerenstraat | 1837-fallback-core-only+street || 518 | 1837 | A. 85d | Heerenstraat | 1837-fallback-core-only+street
79,A86,Heerenstraat,older-regime,address,yes,matched,yes,3,485 | 1837 | A. 86 | Heerenstraat | 1837-exact-components+street || 486 | 1837 | A. 86 | Heerenstraat | 1837-exact-components+street || 644 | 1837 | A. 86 | Heerenstraat | 1837-exact-components+street
80,A87,Heerenstraat,older-regime,address,yes,matched,yes,2,444 | 1837 | A. 87 | Heerenstraat | 1837-exact-components+street || 2141 | 1837 | A. 87 | Heerenstraat | 1837-exact-components+street
81,A88,Heerenstraat,older-regime,address,yes,matched,yes,1,427 | 1837 | A. 88 | Heerenstraat | 1837-exact-components+street
82,A89,Heerenstraat,older-regime,address,yes,matched,yes,1,414 | 1837 | A. 89 | Heerenstraat | 1837-exact-components+street
83,A90c,Heerenstraat,older-regime,address,yes,matched,yes,3,172 | 1837 | A. 90 | Heerenstraat | 1837-fallback-core-only+street || 190 | 1837 | A. 90a | Heerenstraat | 1837-fallback-core-only+street || 202 | 1837 | A. 90b | Heerenstraat | 1837-fallback-core-only+street
84,A91,Heerenstraat,older-regime,address,yes,matched,yes,4,153 | 1837 | A. 91b | Heerenstraat | 1837-fallback-core-only+street || 154 | 1837 | A. 91a | Heerenstraat | 1837-fallback-core-only+street || 155 | 1837 | A. 91 | Heerenstraat | 1837-exact-components+street || 156 | 1837 | A. 91 | Heerenstraat | 1837-exact-components+street
85,A92,Heerenstraat,older-regime,address,yes,matched,yes,2,122 | 1837 | A. 92b | Heerenstraat | 1837-fallback-core-only+street || 139 | 1837 | A. 92 | Heerenstraat | 1837-exact-components+street
86,A94,Heerenstraat,older-regime,address,yes,matched,yes,2,99 | 1837 | A. 94 | Heerenstraat | 1837-exact-components+street || 100 | 1837 | A. 94 | Heerenstraat | 1837-exact-components+street
87,A93a,Heerenstraat,older-regime,address,yes,matched,yes,1,112 | 1837 | A. 93 | Heerenstraat | 1837-fallback-core-only+street
88,A266,Hofstraat,older-regime,address,yes,matched,yes,2,1017 | 1837 | A.266 | Grote Hofstraat | 1837-exact-components || 1023 | 1837 | A.266 | Kerkplein | 1837-exact-components
89,A267,Hofstraat,older-regime,address,yes,matched,yes,1,1034 | 1837 | A.267 | Kerkplein | 1837-exact-components
90,A268,Hofstraat,older-regime,address,yes,matched,yes,4,1026 | 1837 | A.268 | Kerkplein | 1837-exact-components || 1027 | 1837 | A.268 | Kerkplein | 1837-exact-components || 1028 | 1837 | A.268 | Kerkplein | 1837-exact-components || 1029 | 1837 | A.268 | Kerkplein | 1837-exact-components
91,A141,Keizerstraat,older-regime,address,yes,matched,yes,2,222 | 1837 | A.141 | Keizerstraat | 1837-exact-components+street || 223 | 1837 | A.141 | Keizerstraat | 1837-exact-components+street
92,A142,Keizerstraat,older-regime,address,yes,matched,yes,2,248 | 1837 | A.142a | Keizerstraat | 1837-fallback-core-only+street || 249 | 1837 | A.142b | Keizerstraat | 1837-fallback-core-only+street
93,A143,Keizerstraat,older-regime,address,yes,matched,yes,1,256 | 1837 | A.143 | Keizerstraat | 1837-exact-components+street
94,A144,Keizerstraat,older-regime,address,yes,matched,yes,1,271 | 1837 | A.144 | Keizerstraat | 1837-exact-components+street
95,A145,Keizerstraat,older-regime,address,yes,matched,yes,2,283 | 1837 | A.145 | Keizerstraat | 1837-exact-components+street || 284 | 1837 | A.145 | Keizerstraat | 1837-exact-components+street
96,A146a,Keizerstraat,older-regime,address,yes,matched,yes,5,300 | 1837 | A.146a | Keizerstraat | 1837-exact-components+street || 301 | 1837 | A.146b | Keizerstraat | 1837-fallback-core-only+street || 302 | 1837 | A.146c | Keizerstraat | 1837-fallback-core-only+street || 303 | 1837 | A.146 | Keizerstraat | 1837-fallback-core-only+street || 304 | 1837 | A.146 | Keizerstraat | 1837-fallback-core-only+street
97,A147,Keizerstraat,older-regime,address,yes,matched,yes,2,756 | 1837 | A.147 | Keizerstraat | 1837-exact-components+street || 757 | 1837 | A.147 | Keizerstraat | 1837-exact-components+street
98,A148,Keizerstraat,older-regime,address,yes,matched,yes,1,794 | 1837 | A.148 | Keizerstraat | 1837-exact-components+street
99,A153,Keizerstraat,older-regime,address,yes,matched,yes,3,845 | 1837 | A.153 | Keizerstraat | 1837-exact-components+street || 846 | 1837 | A.153 | Keizerstraat | 1837-exact-components+street || 847 | 1837 | A.153 | Keizerstraat | 1837-exact-components+street
100,A150b,Keizerstraat,older-regime,address,yes,matched,yes,4,819 | 1837 | A.150 | Keizerstraat | 1837-fallback-core-only+street || 820 | 1837 | A.150 | Keizerstraat | 1837-fallback-core-only+street || 821 | 1837 | A.150b | Keizerstraat | 1837-exact-components+street || 822 | 1837 | A.150b | Keizerstraat | 1837-exact-components+street
101,A151a,Korte Kerkstraat,older-regime,address,yes,matched,yes,1,2146 | 1837 | A.151 | Keizerstraat | 1837-fallback-core-only
102,A149,Keizerstraat,older-regime,address,yes,matched,yes,2,800 | 1837 | A.149 | Keizerstraat | 1837-exact-components+street || 805 | 1837 | A.149 | Keizerstraat | 1837-exact-components+street
103,A152,Korte Kerkstraat,older-regime,address,yes,matched,yes,2,985 | 1837 | A.152 | Keizerstraat | 1837-exact-components || 986 | 1837 | A.152 | Keizerstraat | 1837-exact-components
104,A154,Keizerstraat,older-regime,address,yes,matched,yes,2,838 | 1837 | A.154 | Keizerstraat | 1837-exact-components+street || 839 | 1837 | A.154 | Keizerstraat | 1837-exact-components+street
105,A155,Keizerstraat,older-regime,address,yes,matched,yes,1,2144 | 1837 | A.155 | Keizerstraat | 1837-exact-components+street
106,A156,Keizerstraat,older-regime,address,yes,matched,yes,2,827 | 1837 | A.156 | Keizerstraat | 1837-exact-components+street || 828 | 1837 | A.156 | Keizerstraat | 1837-exact-components+street
107,A157,Keizerstraat,older-regime,address,yes,matched,yes,2,814 | 1837 | A.157 | Keizerstraat | 1837-exact-components+street || 834 | 1837 | A.157 | Keizerstraat | 1837-exact-components+street
108,A158a,Keizerstraat,older-regime,address,yes,matched,yes,2,783 | 1837 | A.158a | Keizerstraat | 1837-exact-components+street || 784 | 1837 | A.158b | Keizerstraat | 1837-fallback-core-only+street
109,A159,Keizerstraat,older-regime,address,yes,matched,yes,1,778 | 1837 | A.159 | Keizerstraat | 1837-exact-components+street
110,A160,Keizerstraat,older-regime,address,yes,matched,yes,1,769 | 1837 | A.160 | Keizerstraat | 1837-exact-components+street
111,A161,Keizerstraat,older-regime,address,yes,matched,yes,1,763 | 1837 | A.161 | Keizerstraat | 1837-exact-components+street
112,A162,Keizerstraat,older-regime,address,yes,matched,yes,1,292 | 1837 | A.162 | Keizerstraat | 1837-exact-components+street
113,A163a,Keizerstraat,older-regime,address,yes,matched,yes,1,278 | 1837 | A.163abc | Keizerstraat | 1837-fallback-core-only+street
114,A164,Keizerstraat,older-regime,address,yes,matched,yes,1,264 | 1837 | A.164 | Keizerstraat | 1837-exact-components+street
115,A240,Keizerstraat,older-regime,address,yes,matched,yes,2,864 | 1837 | A.240 | Keizerstraat | 1837-exact-components+street || 865 | 1837 | A.240 | Keizerstraat | 1837-exact-components+street
116,A241,Keizerstraat,older-regime,address,yes,matched,yes,1,2145 | 1837 | A.241 | Keizerstraat | 1837-exact-components+street
117,A242,Keizerstraat,older-regime,address,yes,matched,yes,3,870 | 1837 | A.242 | Keizerstraat | 1837-exact-components+street || 875 | 1837 | A.242 | Keizerstraat | 1837-exact-components+street || 885 | 1837 | A.242 | Keizerstraat | 1837-exact-components+street
118,A243,Keizerstraat,older-regime,address,yes,matched,yes,2,894 | 1837 | A.243 | Keizerstraat | 1837-exact-components+street || 895 | 1837 | A.243 | Keizerstraat | 1837-exact-components+street
119,A244,Keizerstraat,older-regime,address,yes,matched,yes,2,909 | 1837 | A.244 | Keizerstraat | 1837-exact-components+street || 910 | 1837 | A.244 | Keizerstraat | 1837-exact-components+street
120,A245,Keizerstraat,older-regime,address,yes,matched,yes,1,913 | 1837 | A.245 | Keizerstraat | 1837-exact-components+street
121,A246a,Keizerstraat,older-regime,address,yes,matched,yes,3,2147 | 1837 | A.246a | Klipstenenstraat | 1837-exact-components || 2148 | 1837 | A.246b | Klipstenenstraat | 1837-fallback-core-only || 2149 | 1837 | A.246 | Klipstenenstraat | 1837-fallback-core-only
122,A260,Oude Oranjetuin,older-regime,address,yes,matched,yes,5,988 | 1837 | A.260 | Wagenwegstraat | 1837-exact-components || 989 | 1837 | A.260ab | Wagenwegstraat | 1837-fallback-core-only || 990 | 1837 | A.260 | Wagenwegstraat | 1837-exact-components || 991 | 1837 | A.260 | Wagenwegstraat | 1837-exact-components || 2134 | 1837 | A.260 | Wagenwegstraat | 1837-exact-components
123,A261,Oude Oranjetuin,older-regime,address,yes,matched,yes,2,996 | 1837 | A.261 | Kerkplein | 1837-exact-components || 999 | 1837 | A.261 | Kerkplein | 1837-exact-components
124,A262,Oude Oranjetuin,older-regime,address,yes,matched,yes,1,994 | 1837 | A.262 | Kerkplein | 1837-exact-components
125,A263,Oude Oranjetuin,older-regime,address,yes,matched,yes,1,1003 | 1837 | A.263 | Kerkplein | 1837-exact-components
126,A264,Oude Oranjetuin,older-regime,address,yes,matched,yes,1,1001 | 1837 | A.264 | Kerkplein | 1837-exact-components
127,A265,Oude Oranjetuin,older-regime,address,yes,matched,yes,1,1012 | 1837 | A.265 | Kerkplein | 1837-exact-components
128,A247,Klipsteenstraat,older-regime,address,yes,matched,yes,2,1120 | 1837 | A.247 | Klipstenenstraat | 1837-exact-components || 1121 | 1837 | A.247 | Klipstenenstraat | 1837-exact-components
129,A249,Klipsteenstraat,older-regime,address,yes,matched,yes,1,2151 | 1837 | A.249 | Klipstenenstraat | 1837-exact-components
130,A250,Klipsteenstraat,older-regime,address,yes,matched,yes,1,1125 | 1837 | A.250 | Klipstenenstraat | 1837-exact-components
131,A251,Klipsteenstraat,older-regime,address,yes,matched,yes,4,746 | 1837 | A.251 | Wagenwegstraat | 1837-exact-components || 747 | 1837 | A.251 | Wagenwegstraat | 1837-exact-components || 1126 | 1837 | A.251 | Wagenwegstraat | 1837-exact-components || 1127 | 1837 | A.251 | Wagenwegstraat | 1837-exact-components
132,A221,Waterkant,older-regime,address,yes,matched,yes,2,920 | 1837 | A.221 | Waterkant | 1837-exact-components+street || 2115 | 1837 | A.221 | Waterkant | 1837-exact-components+street
133,A222b,Waterkant,older-regime,address,yes,matched,yes,2,924 | 1837 | A.222a | Waterkant | 1837-fallback-core-only+street || 927 | 1837 | A.222b | Waterkant | 1837-exact-components+street
134,A223,Waterkant,older-regime,address,yes,matched,yes,2,929 | 1837 | A.223 | Waterkant | 1837-exact-components+street || 936 | 1837 | A.223a | Waterkant | 1837-fallback-core-only+street
135,A224a,Waterkant,older-regime,address,yes,matched,yes,2,939 | 1837 | A.224a | Waterkant | 1837-exact-components+street || 941 | 1837 | A.224b | Knuffelsgracht | 1837-fallback-core-only
136,A225a,Knuffelsgracht,older-regime,address,yes,matched,yes,5,2135 | 1837 | A.225a | Knuffelsgracht | 1837-exact-components+street || 2136 | 1837 | A.225b | Knuffelsgracht | 1837-fallback-core-only+street || 2137 | 1837 | A.225c | Knuffelsgracht | 1837-fallback-core-only+street || 2138 | 1837 | A.225 | Knuffelsgracht | 1837-fallback-core-only+street || 2139 | 1837 | A.225 | Knuffelsgracht | 1837-fallback-core-only+street
137,A226,Knuffelsgracht,older-regime,address,yes,matched,yes,3,943 | 1837 | A.226 | Knuffelsgracht | 1837-exact-components+street || 944 | 1837 | A.226 | Knuffelsgracht | 1837-exact-components+street || 945 | 1837 | A.226 | Knuffelsgracht | 1837-exact-components+street
138,A227,Knuffelsgracht,older-regime,address,yes,matched,yes,2,950 | 1837 | A.227 | Knuffelsgracht | 1837-exact-components+street || 952 | 1837 | A.227 | Knuffelsgracht | 1837-exact-components+street
139,A228,Knuffelsgracht,older-regime,address,yes,matched,yes,1,955 | 1837 | A.228 | Knuffelsgracht | 1837-exact-components+street
140,A229,Knuffelsgracht,older-regime,address,yes,matched,yes,1,959 | 1837 | A.229 | Knuffelsgracht | 1837-exact-components+street
141,A231c,Knuffelsgracht,older-regime,address,yes,matched,yes,3,4020 | 1837 | A.231a | Knuffelsgracht | 1837-fallback-core-only+street || 4021 | 1837 | A.231b | Knuffelsgracht | 1837-fallback-core-only+street || 4022 | 1837 | A.231c | Knuffelsgracht | 1837-exact-components+street
142,A232b,Knuffelsgracht,older-regime,address,yes,matched,yes,2,971 | 1837 | A.232a | Knuffelsgracht | 1837-fallback-core-only+street || 972 | 1837 | A.232b | Knuffelsgracht | 1837-exact-components+street
143,A233,Knuffelsgracht,older-regime,address,yes,matched,yes,1,974 | 1837 | A.233 | Knuffelsgracht | 1837-exact-components+street
144,A234,Knuffelsgracht,older-regime,address,yes,matched,yes,1,975 | 1837 | A.234 | Knuffelsgracht | 1837-exact-components+street
145,A235,Knuffelsgracht,older-regime,address,yes,matched,yes,1,977 | 1837 | A.235 | Knuffelsgracht | 1837-exact-components+street
146,A236,Knuffelsgracht,older-regime,address,yes,matched,yes,1,978 | 1837 | A.236 | Knuffelsgracht | 1837-exact-components+street
147,A237,Knuffelsgracht,older-regime,address,yes,matched,yes,1,980 | 1837 | A.237 | Knuffelsgracht | 1837-exact-components+street
148,A238,Knuffelsgracht,older-regime,address,yes,matched,yes,1,855 | 1837 | A.238 | Knuffelsgracht | 1837-exact-components+street
149,A239,Knuffelsgracht,older-regime,address,yes,matched,yes,2,856 | 1837 | A.239a | Knuffelsgracht | 1837-fallback-core-only+street || 857 | 1837 | A.239b | Knuffelsgracht | 1837-fallback-core-only+street
150,A123,Kromme Elleboogstraat,older-regime,address,yes,matched,yes,2,698 | 1837 | A.123 | Kromme Elleboogstraat | 1837-exact-components+street || 699 | 1837 | A.123 | Kromme Elleboogstraat | 1837-exact-components+street
151,A124,Kromme Elleboogstraat,older-regime,address,yes,matched,yes,2,674 | 1837 | A.124 | Kromme Elleboogstraat | 1837-exact-components+street || 675 | 1837 | A.124 | Kromme Elleboogstraat | 1837-exact-components+street
152,A125,Kromme Elleboogstraat,older-regime,address,yes,matched,yes,1,656 | 1837 | A.125 | Kromme Elleboogstraat | 1837-exact-components+street
153,A126,Kromme Elleboogstraat,older-regime,address,yes,matched,yes,1,2109 | 1837 | A.126 | Kromme Elleboogstraat | 1837-exact-components+street
154,A127,Kromme Elleboogstraat,older-regime,address,yes,matched,yes,1,643 | 1837 | A.127 | Kromme Elleboogstraat | 1837-exact-components+street
155,A128,Kromme Elleboogstraat,older-regime,address,yes,matched,yes,2,632 | 1837 | A.128a | Kromme Elleboogstraat | 1837-fallback-core-only+street || 710 | 1837 | A.128b | Kromme Elleboogstraat | 1837-fallback-core-only+street
156,A129,Kromme Elleboogstraat,older-regime,address,yes,matched,yes,1,625 | 1837 | A.129 | Kromme Elleboogstraat | 1837-exact-components+street
157,A130,Kromme Elleboogstraat,older-regime,address,yes,matched,yes,4,638 | 1837 | A.130 | Kromme Elleboogstraat | 1837-exact-components+street || 2104 | 1837 | A.130 | Kromme Elleboogstraat | 1837-exact-components+street || 2105 | 1837 | A.130 | Kromme Elleboogstraat | 1837-exact-components+street || 2106 | 1837 | A.130 | Kromme Elleboogstraat | 1837-exact-components+street
158,A131,Oude Hofstraat,older-regime,address,yes,matched,yes,2,648 | 1837 | A.131 | Kromme Elleboogstraat | 1837-exact-components || 2103 | 1837 | A.131 | Kromme Elleboogstraat | 1837-exact-components
159,A132,Kromme Elleboogstraat,older-regime,address,yes,matched,yes,2,660 | 1837 | A.132 | Kromme Elleboogstraat | 1837-exact-components+street || 661 | 1837 | A.132a | Kromme Elleboogstraat | 1837-fallback-core-only+street
160,A133,Kromme Elleboogstraat,older-regime,address,yes,matched,yes,2,2095 | 1837 | A.133 | Kromme Elleboogstraat | 1837-exact-components+street || 2110 | 1837 | A.133 | Kromme Elleboogstraat | 1837-exact-components+street
161,A134,Kromme Elleboogstraat,older-regime,address,yes,matched,yes,1,706 | 1837 | A.134 | Kromme Elleboogstraat | 1837-exact-components+street
162,A135,Kromme Elleboogstraat,older-regime,address,yes,matched,yes,1,687 | 1837 | A.135 | Kromme Elleboogstraat | 1837-exact-components+street
163,A136,Kromme Elleboogstraat,older-regime,address,yes,matched,yes,1,724 | 1837 | A.136 | Kromme Elleboogstraat | 1837-exact-components+street
164,A137,Kromme Elleboogstraat,older-regime,address,yes,matched,yes,1,720 | 1837 | A.137 | Kromme Elleboogstraat | 1837-exact-components+street
165,A138,Kromme Elleboogstraat,older-regime,address,yes,matched,yes,1,730 | 1837 | A.138 | Kromme Elleboogstraat | 1837-exact-components+street
166,A61,Noorderkerkstraat,older-regime,address,yes,matched,yes,1,2130 | 1837 | A. 61 | Noorderkerkstraat | 1837-exact-components+street
167,A64,Noorderkerkstraat,older-regime,address,yes,matched,yes,1,1046 | 1837 | A. 64 | Noorderkerkstraat | 1837-exact-components+street
168,A65b,Noorderkerkstraat,older-regime,address,yes,matched,yes,2,1048 | 1837 | A. 65a | Noorderkerkstraat | 1837-fallback-core-only+street || 1049 | 1837 | A. 65b | Noorderkerkstraat | 1837-exact-components+street
169,A47a,Oranjestraat,older-regime,address,yes,matched,yes,3,91 | 1837 | A. 47b | Heerenstraat | 1837-fallback-core-only || 92 | 1837 | A. 47a | Gouvernementsplein | 1837-exact-components || 93 | 1837 | A. 47b | Gouvernementsplein | 1837-fallback-core-only
170,A103,Oranjestraat,older-regime,address,yes,matched,yes,5,390 | 1837 | A.103 | Oranjestraat | 1837-exact-components+street || 391 | 1837 | A.103 | Oranjestraat | 1837-exact-components+street || 392 | 1837 | A.103 | Oranjestraat | 1837-exact-components+street || 393 | 1837 | A.103 | Oranjestraat | 1837-exact-components+street || 603 | 1837 | A.103 | Oranjestraat | 1837-exact-components+street
171,A104,Oranjestraat,older-regime,address,yes,matched,yes,1,591 | 1837 | A.104 | Oranjestraat | 1837-exact-components+street
172,A105,Oranjestraat,older-regime,address,yes,matched,yes,1,579 | 1837 | A.105 | Oranjestraat | 1837-exact-components+street
173,A106,Oranjestraat,older-regime,address,yes,matched,yes,1,569 | 1837 | A.106 | Oranjestraat | 1837-exact-components+street
174,A107,Oranjestraat,older-regime,address,yes,matched,yes,1,542 | 1837 | A.107 | Oranjestraat | 1837-exact-components+street
175,A108,Oranjestraat,older-regime,address,yes,matched,yes,3,12 | 1837 | A.108 | Oranjestraat | 1837-exact-components+street || 13 | 1837 | A.108 | Oranjestraat | 1837-exact-components+street || 14 | 1837 | A.108 | Oranjestraat | 1837-exact-components+street
176,A109,Oranjestraat,older-regime,address,yes,matched,yes,1,537 | 1837 | A.109 | Oranjestraat | 1837-exact-components+street
177,A110,Oranjestraat,older-regime,address,yes,matched,yes,2,2099 | 1837 | A.110a | Oranjestraat | 1837-fallback-core-only+street || 2100 | 1837 | A.110 | Oranjestraat | 1837-exact-components+street
178,A111,Oranjestraat,older-regime,address,yes,matched,yes,1,555 | 1837 | A.111 | Oranjestraat | 1837-exact-components+street
179,A112,Oranjestraat,older-regime,address,yes,matched,yes,1,574 | 1837 | A.112 | Oranjestraat | 1837-exact-components+street
180,A113,Oranjestraat,older-regime,address,yes,matched,yes,1,586 | 1837 | A.113 | Oranjestraat | 1837-exact-components+street
181,A114,Oranjestraat,older-regime,address,yes,matched,yes,1,596 | 1837 | A.114 | Oranjestraat | 1837-exact-components+street
182,A115,Oranjestraat,older-regime,address,yes,matched,yes,1,614 | 1837 | A.115 | Oranjestraat | 1837-exact-components+street
183,A269,Oude Oranjetuin,older-regime,address,yes,matched,yes,1,1005 | 1837 | A.269 | Kerkplein | 1837-exact-components
184,A270,Oude Oranjetuin,older-regime,address,yes,matched,yes,1,1006 | 1837 | A.270 | Kerkplein | 1837-exact-components
185,A271,Oude Oranjetuin,older-regime,address,yes,matched,yes,1,1009 | 1837 | A.271 | Kerkplein | 1837-exact-components
186,A252,Wagenwegstraat,older-regime,address,yes,matched,yes,2,731 | 1837 | A.252b | Wagenwegstraat | 1837-fallback-core-only+street || 732 | 1837 | A.252a | Wagenwegstraat | 1837-fallback-core-only+street
187,A253,Wagenwegstraat,older-regime,address,yes,matched,yes,2,707 | 1837 | A.253 | Wagenwegstraat | 1837-exact-components+street || 725 | 1837 | A.253 | Wagenwegstraat | 1837-exact-components+street
188,A254,Wagenwegstraat,older-regime,address,yes,matched,yes,1,721 | 1837 | A.254 | Wagenwegstraat | 1837-exact-components+street
189,A255,Wagenwegstraat,older-regime,address,yes,matched,yes,1,712 | 1837 | A.255 | Wagenwegstraat | 1837-exact-components+street
190,A256,Wagenwegstraat,older-regime,address,yes,matched,yes,1,711 | 1837 | A.256 | Wagenwegstraat | 1837-exact-components+street
191,A257a,Wagenwegstraat,older-regime,address,yes,matched,yes,3,688 | 1837 | A.257b | Wagenwegstraat | 1837-fallback-core-only+street || 689 | 1837 | A.257a | Wagenwegstraat | 1837-exact-components+street || 700 | 1837 | A.257 | Wagenwegstraat | 1837-fallback-core-only+street
192,A258,Wagenwegstraat,older-regime,address,yes,matched,yes,1,657 | 1837 | A.258 | Wagenwegstraat | 1837-exact-components+street
193,A259a,Wagenwegstraat,older-regime,address,yes,matched,yes,2,649 | 1837 | A.259a | Wagenwegstraat | 1837-exact-components+street || 650 | 1837 | A.259b | Wagenwegstraat | 1837-fallback-core-only+street
194,A98,Waterkant,older-regime,address,yes,matched,yes,3,348 | 1837 | A. 98 | Waterkant | 1837-exact-components+street || 353 | 1837 | A. 98 | Waterkant | 1837-exact-components+street || 358 | 1837 | A. 98 | Waterkant | 1837-exact-components+street
195,A99,Waterkant,older-regime,address,yes,matched,yes,1,362 | 1837 | A. 99 | Waterkant | 1837-exact-components+street
196,A100b,Waterkant,older-regime,address,yes,matched,yes,3,367 | 1837 | A.100 | Waterkant | 1837-fallback-core-only+street || 368 | 1837 | A.100a | Waterkant | 1837-fallback-core-only+street || 369 | 1837 | A.100b | Waterkant | 1837-exact-components+street
197,A101,Waterkant,older-regime,address,yes,matched,yes,1,375 | 1837 | A.101 | Waterkant | 1837-exact-components+street
198,A102a,Waterkant,older-regime,address,yes,matched,yes,2,380 | 1837 | A.102a | Waterkant | 1837-exact-components+street || 381 | 1837 | A.102b | Waterkant | 1837-fallback-core-only+street
199,A116,Waterkant,older-regime,address,yes,matched,yes,3,406 | 1837 | A.116 | Waterkant | 1837-exact-components+street || 407 | 1837 | A.116 | Waterkant | 1837-exact-components+street || 408 | 1837 | A.116 | Waterkant | 1837-exact-components+street
200,A117,Waterkant,older-regime,address,yes,matched,yes,1,413 | 1837 | A.117 | Waterkant | 1837-exact-components+street
201,A118,Waterkant,older-regime,address,yes,matched,yes,2,419 | 1837 | A.118 | Waterkant | 1837-exact-components+street || 420 | 1837 | A.118 | Waterkant | 1837-exact-components+street
202,A119,Waterkant,older-regime,address,yes,matched,yes,2,425 | 1837 | A.119 | Waterkant | 1837-exact-components+street || 426 | 1837 | A.119 | Waterkant | 1837-exact-components+street
203,A120,Waterkant,older-regime,address,yes,matched,yes,1,435 | 1837 | A.120 | Waterkant | 1837-exact-components+street
204,A121,Waterkant,older-regime,address,yes,matched,yes,1,443 | 1837 | A.121 | Waterkant | 1837-exact-components+street
205,A122,Waterkant,older-regime,address,yes,matched,yes,4,448 | 1837 | A.122 | Waterkant | 1837-exact-components+street || 449 | 1837 | A.122 | Waterkant | 1837-exact-components+street || 450 | 1837 | A.122 | Waterkant | 1837-exact-components+street || 455 | 1837 | A.122 | Waterkant | 1837-exact-components+street
206,A139,Waterkant,older-regime,address,yes,matched,yes,1,2108 | 1837 | A.139 | Waterkant | 1837-exact-components+street
207,A140,Waterkant,older-regime,address,yes,matched,yes,2,463 | 1837 | A.140 | Waterkant | 1837-exact-components+street || 2111 | 1837 | A.140 | Waterkant | 1837-exact-components+street
208,A165,Keizerstraat,older-regime,address,yes,matched,yes,3,234 | 1837 | A.165 | Waterkant | 1837-exact-components || 235 | 1837 | A.165 | Waterkant | 1837-exact-components || 2094 | 1837 | A.165 | Waterkant | 1837-exact-components
209,A166,Waterkant,older-regime,address,yes,matched,yes,2,3973 | 1837 | A.166 | Waterkant | 1837-exact-components+street || 5285 | 1837 | A.166 | Waterkant | 1837-exact-components+street
210,A167,Waterkant,older-regime,address,yes,matched,yes,1,484 | 1837 | A.167 | Waterkant | 1837-exact-components+street
211,A168,Waterkant,older-regime,address,yes,matched,yes,2,471 | 1837 | A.168 | Waterkant | 1837-exact-components+street || 2107 | 1837 | A.168 | Waterkant | 1837-exact-components+street
212,A169,Waterkant,older-regime,address,yes,matched,yes,5,491 | 1837 | A.169 | Waterkant | 1837-exact-components+street || 492 | 1837 | A.169 | Waterkant | 1837-exact-components+street || 879 | 1837 | A.169 | Waterkant | 1837-exact-components+street || 880 | 1837 | A.169 | Waterkant | 1837-exact-components+street || 881 | 1837 | A.169 | Waterkant | 1837-exact-components+street
213,A170,Waterkant,older-regime,address,yes,matched,yes,4,501 | 1837 | A.170 | Waterkant | 1837-exact-components+street || 502 | 1837 | A.170 | Waterkant | 1837-exact-components+street || 503 | 1837 | A.170 | Waterkant | 1837-exact-components+street || 504 | 1837 | A.170 | Waterkant | 1837-exact-components+street
214,A171,Waterkant,older-regime,address,yes,matched,yes,1,513 | 1837 | A.171 | Waterkant | 1837-exact-components+street
215,A172,Waterkant,older-regime,address,yes,matched,yes,1,521 | 1837 | A.172 | Waterkant | 1837-exact-components+street
216,A173,Waterkant,older-regime,address,yes,matched,yes,1,522 | 1837 | A.173 | Waterkant | 1837-exact-components+street
217,A174,Waterkant,older-regime,address,yes,matched,yes,1,526 | 1837 | A.174 | Waterkant | 1837-exact-components+street
218,A175,Waterkant,older-regime,address,yes,matched,yes,2,530 | 1837 | A.175 | Waterkant | 1837-exact-components+street || 531 | 1837 | A.175 | Waterkant | 1837-exact-components+street
219,A176,Watermolenstraat,older-regime,address,yes,matched,yes,3,2091 | 1837 | A.176 | Watermolenstraat | 1837-exact-components+street || 2092 | 1837 | A.176a | Watermolenstraat | 1837-fallback-core-only+street || 2093 | 1837 | A.176b | Watermolenstraat | 1837-fallback-core-only+street
220,A177,Watermolenstraat,older-regime,address,yes,matched,yes,1,874 | 1837 | A.177 | Watermolenstraat | 1837-exact-components+street
221,A178,Watermolenstraat,older-regime,address,yes,matched,yes,1,869 | 1837 | A.178 | Watermolenstraat | 1837-exact-components+street
222,A179,Watermolenstraat,older-regime,address,yes,matched,yes,1,863 | 1837 | A.179 | Watermolenstraat | 1837-exact-components+street
223,A181,Watermolenstraat,older-regime,address,yes,matched,yes,2,843 | 1837 | A.181 | Watermolenstraat | 1837-exact-components+street || 844 | 1837 | A.181 | Watermolenstraat | 1837-exact-components+street
224,A182,Watermolenstraat,older-regime,address,yes,matched,yes,1,837 | 1837 | A.182 | Watermolenstraat | 1837-exact-components+street
225,A185,Watermolenstraat,older-regime,address,yes,matched,yes,4,826 | 1837 | A.185 | Watermolenstraat | 1837-exact-components+street || 882 | 1837 | A.185a | Watermolenstraat | 1837-fallback-core-only+street || 883 | 1837 | A.185b | Watermolenstraat | 1837-fallback-core-only+street || 884 | 1837 | A.185c | Watermolenstraat | 1837-fallback-core-only+street
226,A186,Watermolenstraat,older-regime,address,yes,matched,yes,1,818 | 1837 | A.186 | Watermolenstraat | 1837-exact-components+street
227,A187,Watermolenstraat,older-regime,address,yes,matched,yes,1,813 | 1837 | A.187 | Watermolenstraat | 1837-exact-components+street
228,A188,Watermolenstraat,older-regime,address,yes,matched,yes,2,803 | 1837 | A.188a | Watermolenstraat | 1837-fallback-core-only+street || 804 | 1837 | A.188 | Watermolenstraat | 1837-exact-components+street
229,A190,Watermolenstraat,older-regime,address,yes,matched,yes,2,781 | 1837 | A.190a | Watermolenstraat | 1837-fallback-core-only+street || 782 | 1837 | A.190b | Watermolenstraat | 1837-fallback-core-only+street
230,A191,Watermolenstraat,older-regime,address,yes,matched,yes,2,218 | 1837 | A.191 | Watermolenstraat | 1837-exact-components+street || 777 | 1837 | A.191 | Watermolenstraat | 1837-exact-components+street
231,A192,Watermolenstraat,older-regime,address,yes,matched,yes,2,767 | 1837 | A.192 | Watermolenstraat | 1837-exact-components+street || 768 | 1837 | A.192 | Watermolenstraat | 1837-exact-components+street
232,A193,Watermolenstraat,older-regime,address,yes,matched,yes,1,762 | 1837 | A.193 | Watermolenstraat | 1837-exact-components+street
233,A194,Watermolenstraat,older-regime,address,yes,matched,yes,3,753 | 1837 | A.194 | Watermolenstraat | 1837-exact-components+street || 754 | 1837 | A.194 | Watermolenstraat | 1837-exact-components+street || 755 | 1837 | A.194 | Watermolenstraat | 1837-exact-components+street
234,A195,Watermolenstraat,older-regime,address,yes,matched,yes,4,131 | 1837 | A.195 | Watermolenstraat | 1837-exact-components+street || 132 | 1837 | A.195 | Watermolenstraat | 1837-exact-components+street || 2117 | 1837 | A.195 | Watermolenstraat | 1837-exact-components+street || 2118 | 1837 | A.195 | Watermolenstraat | 1837-exact-components+street
235,A196,Watermolenstraat,older-regime,address,yes,matched,yes,1,123 | 1837 | A.196 | Watermolenstraat | 1837-exact-components+street
236,A197,Watermolenstraat,older-regime,address,yes,matched,yes,1,117 | 1837 | A.197 | Watermolenstraat | 1837-exact-components+street
237,A198,Watermolenstraat,older-regime,address,yes,matched,yes,1,113 | 1837 | A.198 | Watermolenstraat | 1837-exact-components+street
238,A199,Watermolenstraat,older-regime,address,yes,matched,yes,1,2132 | 1837 | A.199 | Watermolenstraat | 1837-exact-components+street
239,A200,Watermolenstraat,older-regime,address,yes,matched,yes,4,2119 | 1837 | A.200 | Watermolenstraat | 1837-exact-components+street || 2120 | 1837 | A.200a | Watermolenstraat | 1837-fallback-core-only+street || 2121 | 1837 | A.200b | Watermolenstraat | 1837-fallback-core-only+street || 2122 | 1837 | A.200 | Watermolenstraat | 1837-exact-components+street
240,A201,Watermolenstraat,older-regime,address,yes,matched,yes,1,2116 | 1837 | A.201 | Watermolenstraat | 1837-exact-components+street
241,A202,Watermolenstraat,older-regime,address,yes,matched,yes,1,109 | 1837 | A.202 | Watermolenstraat | 1837-exact-components+street
242,A203,Watermolenstraat,older-regime,address,yes,matched,yes,3,101 | 1837 | A.203 | Watermolenstraat | 1837-exact-components+street || 102 | 1837 | A.203 | Watermolenstraat | 1837-exact-components+street || 103 | 1837 | A.203 | Watermolenstraat | 1837-exact-components+street
243,A205,Watermolenstraat,older-regime,address,yes,matched,yes,7,87 | 1837 | A.205 | Watermolenstraat | 1837-exact-components+street || 1014 | 1837 | A.205 | Watermolenstraat | 1837-exact-components+street || 1015 | 1837 | A.205 | Watermolenstraat | 1837-exact-components+street || 1016 | 1837 | A.205 | Watermolenstraat | 1837-exact-components+street || 1018 | 1837 | A.205 | Watermolenstraat | 1837-exact-components+street || 1019 | 1837 | A.205 | Watermolenstraat | 1837-exact-components+street || 1024 | 1837 | A.205 | Watermolenstraat | 1837-exact-components+street
244,A206,Watermolenstraat,older-regime,address,yes,matched,yes,1,83 | 1837 | A.206 | Watermolenstraat | 1837-exact-components+street
245,A207,Watermolenstraat,older-regime,address,yes,matched,yes,1,80 | 1837 | A.207 | Watermolenstraat | 1837-exact-components+street
246,A208,Watermolenstraat,older-regime,address,yes,matched,yes,3,61 | 1837 | A.208 | Watermolenstraat | 1837-exact-components+street || 799 | 1837 | A.208 | Watermolenstraat | 1837-exact-components+street || 2102 | 1837 | A.208 | Watermolenstraat | 1837-exact-components+street
247,A209,Watermolenstraat,older-regime,address,yes,matched,yes,1,2140 | 1837 | A.209 | Watermolenstraat | 1837-exact-components+street
248,A210,Watermolenstraat,older-regime,address,yes,matched,yes,2,53 | 1837 | A.210 | Watermolenstraat | 1837-exact-components+street || 54 | 1837 | A.210 | Watermolenstraat | 1837-exact-components+street
249,A211,Watermolenstraat,older-regime,address,yes,matched,yes,3,45 | 1837 | A.211 | Watermolenstraat | 1837-exact-components+street || 46 | 1837 | A.211 | Watermolenstraat | 1837-exact-components+street || 47 | 1837 | A.211 | Watermolenstraat | 1837-exact-components+street
250,A212,Watermolenstraat,older-regime,address,yes,matched,yes,1,41 | 1837 | A.212 | Watermolenstraat | 1837-exact-components+street
251,A213,Watermolenstraat,older-regime,address,yes,matched,yes,2,35 | 1837 | A.213b | Watermolenstraat | 1837-fallback-core-only+street || 2131 | 1837 | A.213a | Watermolenstraat | 1837-fallback-core-only+street
252,A214,Watermolenstraat,older-regime,address,yes,matched,yes,1,28 | 1837 | A.214 | Watermolenstraat | 1837-exact-components+street
253,A215a,Watermolenstraat,older-regime,address,yes,matched,yes,2,23 | 1837 | A.215a | Watermolenstraat | 1837-exact-components+street || 24 | 1837 | A.215b | Watermolenstraat | 1837-fallback-core-only+street
254,A216,Watermolenstraat,older-regime,address,yes,matched,yes,1,19 | 1837 | A.216 | Watermolenstraat | 1837-exact-components+street
255,A217,Watermolenstraat,older-regime,address,yes,matched,yes,1,15 | 1837 | A.217 | Watermolenstraat | 1837-exact-components+street
256,A218,Watermolenstraat,older-regime,address,yes,matched,yes,1,2142 | 1837 | A.218 | Watermolenstraat | 1837-exact-components+street
257,A219,Watermolenstraat,older-regime,address,yes,matched,yes,1,8 | 1837 | A.219 | Watermolenstraat | 1837-exact-components+street
258,A220,Watermolenstraat,older-regime,address,yes,matched,yes,1,2143 | 1837 | A.220 | Watermolenstraat | 1837-exact-components+street
259,A27,Gravenstraat,older-regime,address,yes,matched,yes,1,118 | 1837 | A. 27 | Gravenstraat | 1837-exact-components+street
260,A43,Gravenstraat,older-regime,address,yes,matched,yes,1,22 | 1837 | A. 43 | Gravenstraat | 1837-exact-components+street
261,A46,Gouvernementsplein,older-regime,address,yes,matched,yes,2,326 | 1837 | A. 46 | Gouvernementsplein | 1837-exact-components+street || 329 | 1837 | A. 46 | Gouvernementsplein | 1837-exact-components+street
262,A,Gouvernementsplein,older-regime,non-address-annotation,no,ignored-non-address-annotation,yes,0,
263,A,Gouvernementsplein,older-regime,non-address-annotation,no,ignored-non-address-annotation,yes,0,
264,A,Groote Combéweg,older-regime,non-address-annotation,no,ignored-non-address-annotation,yes,0,
265,A,Groote Combéweg,older-regime,non-address-annotation,no,ignored-non-address-annotation,yes,0,
266,A,,older-regime,non-address-annotation,no,ignored-non-address-annotation,yes,0,
267,A62,Noorderkerkstraat,older-regime,address,yes,matched,yes,2,1039 | 1837 | A. 62 | Noorderkerkstraat | 1837-exact-components+street || 1040 | 1837 | A. 62 | Noorderkerkstraat | 1837-exact-components+street
268,A63,Noorderkerkstraat,older-regime,address,yes,matched,yes,2,1043 | 1837 | A. 63 | Noorderkerkstraat | 1837-exact-components+street || 1044 | 1837 | A. 63 | Noorderkerkstraat | 1837-exact-components+street
269,A272,Wagenwegstraat,older-regime,address,yes,matched,yes,1,662 | 1837 | A.272 | Wagenwegstraat | 1837-exact-components+street
270,A273,Wagenwegstraat,older-regime,address,yes,matched,yes,1,663 | 1837 | A.273 | Wagenwegstraat | 1837-exact-components+street
271,A274,Wagenwegstraat,older-regime,address,yes,matched,yes,1,570 | 1837 | A.274 | Wagenwegstraat | 1837-exact-components+street
272,A275,Wagenwegstraat,older-regime,address,yes,matched,yes,1,617 | 1837 | A.275 | Wagenwegstraat | 1837-exact-components+street
273,A95,Gouvernementsplein,older-regime,address,yes,matched,yes,3,327 | 1837 | A. 95 | Gouvernementsplein | 1837-exact-components+street || 328 | 1837 | A. 95 | Gouvernementsplein | 1837-exact-components+street || 335 | 1837 | A. 95 | Gouvernementsplein | 1837-exact-components+street
274,A180,Watermolenstraat,older-regime,address,yes,matched,yes,2,853 | 1837 | A.180 | Watermolenstraat | 1837-exact-components+street || 854 | 1837 | A.180 | Watermolenstraat | 1837-exact-components+street
275,A183b,Watermolenstraat,older-regime,address,yes,matched,yes,3,831 | 1837 | A.183a | Watermolenstraat | 1837-fallback-core-only+street || 832 | 1837 | A.183b | Watermolenstraat | 1837-exact-components+street || 833 | 1837 | A.183b | Watermolenstraat | 1837-exact-components+street
276,A184,Watermolenstraat,older-regime,address,yes,matched,yes,1,2101 | 1837 | A.184 | Watermolenstraat | 1837-exact-components+street
277,A189,Watermolenstraat,older-regime,address,yes,matched,yes,2,792 | 1837 | A.189 | Watermolenstraat | 1837-exact-components+street || 793 | 1837 | A.189 | Watermolenstraat | 1837-exact-components+street
278,A230,Knuffelsgracht,older-regime,address,yes,matched,yes,1,962 | 1837 | A.230 | Knuffelsgracht | 1837-exact-components+street
279,A248,Klipsteenstraat,older-regime,address,yes,matched,yes,1,1124 | 1837 | A.248 | Klipstenenstraat | 1837-exact-components
280,A204,Watermolenstraat,older-regime,address,yes,matched,yes,1,94 | 1837 | A.204 | Watermolenstraat | 1837-exact-components+street
281,A97a,Gouvernementsplein,older-regime,address,yes,matched,yes,2,2096 | 1837 | A. 97 | Gouvernementsplein | 1837-fallback-core-only+street || 2098 | 1837 | A. 97a | Gouvernementsplein | 1837-exact-components+street
282,A,Waterkant,older-regime,non-address-annotation,no,ignored-non-address-annotation,yes,0,
283,A,,older-regime,non-address-annotation,no,ignored-non-address-annotation,yes,0,
284,A,,older-regime,non-address-annotation,no,ignored-non-address-annotation,yes,0,
285,A,Gouvernementsplein,older-regime,non-address-annotation,no,ignored-non-address-annotation,yes,0,
286,A,,older-regime,non-address-annotation,no,ignored-non-address-annotation,yes,0,
287,EBW,,older-regime,non-address-annotation,no,ignored-non-address-annotation,yes,0,
288,A,,older-regime,non-address-annotation,no,ignored-non-address-annotation,yes,0,
289,A,,older-regime,non-address-annotation,no,ignored-non-address-annotation,yes,0,
290,A,,older-regime,non-address-annotation,no,ignored-non-address-annotation,yes,0,
291,A,,older-regime,non-address-annotation,no,ignored-non-address-annotation,yes,0,
292,A,,older-regime,non-address-annotation,no,ignored-non-address-annotation,yes,0,
293,A,Waterkant,older-regime,non-address-annotation,no,ignored-non-address-annotation,yes,0,
294,A,Waterkant,older-regime,non-address-annotation,no,ignored-non-address-annotation,yes,0,
295,A,Waterkant,older-regime,non-address-annotation,no,ignored-non-address-annotation,yes,0,
296,A,Oranjestraat,older-regime,non-address-annotation,no,ignored-non-address-annotation,yes,0,
297,A,Oude Oranjetuin,older-regime,non-address-annotation,no,ignored-non-address-annotation,yes,0,
298,A,Oude Hofstraat,older-regime,non-address-annotation,no,ignored-non-address-annotation,yes,0,
299,,Gravenstraat,older-regime,non-address-annotation,no,ignored-non-address-annotation,yes,0,
300,,,older-regime,non-address-annotation,no,ignored-non-address-annotation,yes,0,
301,,Gravenstraat,older-regime,non-address-annotation,no,ignored-non-address-annotation,yes,0,
302,EBW,,renumbered-1885,non-address-annotation,no,ignored-non-address-annotation,yes,0,
303,,Keizerstraat,older-regime,non-address-annotation,no,ignored-non-address-annotation,yes,0,
304,,,unknown,insufficient-address-components,no,ignored-non-address-annotation,yes,0,
305,,,unknown,insufficient-address-components,no,ignored-non-address-annotation,yes,0,
306,,,unknown,insufficient-address-components,no,ignored-non-address-annotation,yes,0,
307,,,unknown,insufficient-address-components,no,ignored-non-address-annotation,yes,0,
308,,,unknown,insufficient-address-components,no,ignored-non-address-annotation,yes,0,
309,,,unknown,insufficient-address-components,no,ignored-non-address-annotation,yes,0,
310,,,unknown,insufficient-address-components,no,ignored-non-address-annotation,yes,0,
311,,,unknown,insufficient-address-components,no,ignored-non-address-annotation,yes,0,
312,,,unknown,insufficient-address-components,no,ignored-non-address-annotation,yes,0,
313,,,unknown,insufficient-address-components,no,ignored-non-address-annotation,yes,0,
314,,,unknown,insufficient-address-components,no,ignored-non-address-annotation,yes,0,
315,,,unknown,insufficient-address-components,no,ignored-non-address-annotation,yes,0,
316,,,unknown,insufficient-address-components,no,ignored-non-address-annotation,yes,0,
317,,Eerste Rijweg,unknown,insufficient-address-components,no,ignored-non-address-annotation,yes,0,
318,,,unknown,insufficient-address-components,no,ignored-non-address-annotation,yes,0,
319,,,unknown,insufficient-address-components,no,ignored-non-address-annotation,yes,0,
320,,,unknown,insufficient-address-components,no,ignored-non-address-annotation,yes,0,
321,,,unknown,insufficient-address-components,no,ignored-non-address-annotation,yes,0,
322,,,unknown,insufficient-address-components,no,ignored-non-address-annotation,yes,0,
323,,,unknown,insufficient-address-components,no,ignored-non-address-annotation,yes,0,
324,,,unknown,insufficient-address-components,no,ignored-non-address-annotation,yes,0,
325,,,unknown,insufficient-address-components,no,ignored-non-address-annotation,yes,0,
326,B1,Gravenstraat,older-regime,address,yes,matched,yes,1,2187 | 1837 | B.  1 | Gravenstraat | 1837-exact-components+street
327,B2,Gravenstraat,older-regime,address,yes,matched,yes,3,3797 | 1837 | B.  2 | Gravenstraat | 1837-exact-components+street || 3798 | 1837 | B.  2 | Gravenstraat | 1837-exact-components+street || 3799 | 1837 | B.  2 | Gravenstraat | 1837-exact-components+street
328,B3,Gravenstraat,older-regime,address,yes,matched,yes,1,204 | 1837 | B.  3 | Gravenstraat | 1837-exact-components+street
329,B4,Gravenstraat,older-regime,address,yes,matched,yes,1,216 | 1837 | B.  4 | Gravenstraat | 1837-exact-components+street
330,B5,Gravenstraat,older-regime,address,yes,matched,yes,1,220 | 1837 | B.  5 | Gravenstraat | 1837-exact-components+street
331,B12a,Gravenstraat,older-regime,address,yes,matched,yes,5,187 | 1837 | B. 12 | Gravenstraat | 1837-fallback-core-only+street || 188 | 1837 | B. 12 | Gravenstraat | 1837-fallback-core-only+street || 189 | 1837 | B. 12 | Gravenstraat | 1837-fallback-core-only+street || 193 | 1837 | B. 12 | Gravenstraat | 1837-fallback-core-only+street || 194 | 1837 | B. 12 | Gravenstraat | 1837-fallback-core-only+street
332,B11,Gravenstraat,older-regime,address,yes,matched,yes,1,171 | 1837 | B. 11 | Gravenstraat | 1837-exact-components+street
333,B10,Gravenstraat,older-regime,address,yes,matched,yes,5,158 | 1837 | B. 10 | Gravenstraat | 1837-exact-components+street || 159 | 1837 | B. 10 | Gravenstraat | 1837-exact-components+street || 160 | 1837 | B. 10 | Gravenstraat | 1837-exact-components+street || 161 | 1837 | B. 10b | Gravenstraat | 1837-fallback-core-only+street || 162 | 1837 | B. 10a | Gravenstraat | 1837-fallback-core-only+street
334,B9a,Gravenstraat,older-regime,address,yes,matched,yes,3,266 | 1837 | B.  9a | Gravenstraat | 1837-exact-components+street || 267 | 1837 | B.  9b | Gravenstraat | 1837-fallback-core-only+street || 268 | 1837 | B.  9c | Gravenstraat | 1837-fallback-core-only+street
335,B6,Gravenstraat,older-regime,address,yes,matched,yes,1,2153 | 1837 | B.  6 | Gravenstraat | 1837-exact-components+street
336,B7,Gravenstraat,older-regime,address,yes,matched,yes,1,258 | 1837 | B.  7 | Gravenstraat | 1837-exact-components+street
337,B8,Gravenstraat,older-regime,address,yes,matched,yes,1,2212 | 1837 | B.  8 | Gravenstraat | 1837-exact-components+street
338,B13,Gravenstraat,older-regime,address,yes,matched,yes,10,238 | 1837 | B. 13 | Gravenstraat | 1837-exact-components+street || 239 | 1837 | B. 13 | Gravenstraat | 1837-exact-components+street || 240 | 1837 | B. 13b | Gravenstraat | 1837-fallback-core-only+street || 241 | 1837 | B. 13a | Gravenstraat | 1837-fallback-core-only+street || 242 | 1837 | B. 13 | Gravenstraat | 1837-exact-components+street || 243 | 1837 | B. 13 | Gravenstraat | 1837-exact-components+street || 244 | 1837 | B. 13 | Gravenstraat | 1837-exact-components+street || 245 | 1837 | B. 13 | Gravenstraat | 1837-exact-components+street
339,B113,Wagenwegstraat,older-regime,address,yes,matched,yes,2,897 | 1837 | B.113 | Wagenwegstraat | 1837-exact-components+street || 898 | 1837 | B.113 | Wagenwegstraat | 1837-exact-components+street
340,B14,Gravenstraat,older-regime,address,yes,matched,yes,5,259 | 1837 | B. 14 | Gravenstraat | 1837-exact-components+street || 260 | 1837 | B. 14 | Gravenstraat | 1837-exact-components+street || 261 | 1837 | B. 14 | Gravenstraat | 1837-exact-components+street || 262 | 1837 | B. 14 | Gravenstraat | 1837-exact-components+street || 263 | 1837 | B. 14 | Gravenstraat | 1837-exact-components+street
341,B15,Gravenstraat,older-regime,address,yes,matched,yes,2,269 | 1837 | B. 15 | Gravenstraat | 1837-exact-components+street || 270 | 1837 | B. 15 | Gravenstraat | 1837-exact-components+street
342,B16,Gravenstraat,older-regime,address,yes,matched,yes,1,2757 | 1837 | B. 16 | Gravenstraat | 1837-exact-components+street
343,B17,Gravenstraat,older-regime,address,yes,matched,yes,2,276 | 1837 | B. 17 | Gravenstraat | 1837-exact-components+street || 277 | 1837 | B. 17 | Gravenstraat | 1837-exact-components+street
344,B18,Gravenstraat,older-regime,address,yes,matched,yes,1,282 | 1837 | B. 18 | Gravenstraat | 1837-exact-components+street
345,B19,Gravenstraat,older-regime,address,yes,matched,yes,2,307 | 1837 | B. 19 | Gravenstraat | 1837-exact-components+street || 308 | 1837 | B. 19 | Gravenstraat | 1837-exact-components+street
346,B20,Soldatenstraat,older-regime,address,yes,matched,yes,1,361 | 1837 | B. 20 | Gravenstraat | 1837-exact-components
347,B21,Soldatenstraat,older-regime,address,yes,matched,yes,1,2825 | 1837 | B. 21 | Gravenstraat | 1837-exact-components
348,B22,Soldatenstraat,older-regime,address,yes,matched,yes,2,365 | 1837 | B. 22 | Gravenstraat | 1837-exact-components || 366 | 1837 | B. 22 | Gravenstraat | 1837-exact-components
349,B23,Soldatenstraat,older-regime,address,yes,matched,yes,2,373 | 1837 | B. 23a | Gravenstraat | 1837-fallback-core-only || 374 | 1837 | B. 23 | Gravenstraat | 1837-exact-components
350,B24,Soldatenstraat,older-regime,address,yes,matched,yes,2,378 | 1837 | B. 24 | Gravenstraat | 1837-exact-components || 379 | 1837 | B. 24 | Gravenstraat | 1837-exact-components
351,B25,Soldatenstraat,older-regime,address,yes,matched,yes,2,388 | 1837 | B. 25 | Gravenstraat | 1837-exact-components || 389 | 1837 | B. 25 | Gravenstraat | 1837-exact-components
352,B26,Soldatenstraat,older-regime,address,yes,matched,yes,2,411 | 1837 | B. 26a | Gravenstraat | 1837-fallback-core-only || 412 | 1837 | B. 26b | Gravenstraat | 1837-fallback-core-only
353,B27,Soldatenstraat,older-regime,address,yes,matched,yes,3,416 | 1837 | B. 27a | Gravenstraat | 1837-fallback-core-only || 417 | 1837 | B. 27b | Gravenstraat | 1837-fallback-core-only || 418 | 1837 | B. 27 | Gravenstraat | 1837-exact-components
354,B28,Soldatenstraat,older-regime,address,yes,matched,yes,1,423 | 1837 | B. 28 | Gravenstraat | 1837-exact-components
355,B29,Soldatenstraat,older-regime,address,yes,matched,yes,1,424 | 1837 | B. 29 | Gravenstraat | 1837-exact-components
356,B30,Soldatenstraat,older-regime,address,yes,matched,yes,4,431 | 1837 | B. 30a | Gravenstraat | 1837-fallback-core-only || 432 | 1837 | B. 30b | Gravenstraat | 1837-fallback-core-only || 433 | 1837 | B. 30c | Gravenstraat | 1837-fallback-core-only || 434 | 1837 | B. 30d | Gravenstraat | 1837-fallback-core-only
357,B31,Soldatenstraat,older-regime,address,yes,matched,yes,3,440 | 1837 | B. 31 | Gravenstraat | 1837-exact-components || 441 | 1837 | B. 31 | Gravenstraat | 1837-exact-components || 442 | 1837 | B. 31 | Gravenstraat | 1837-exact-components
358,B32,Soldatenstraat,older-regime,address,yes,matched,yes,1,447 | 1837 | B. 32 | Gravenstraat | 1837-exact-components
359,B33,Soldatenstraat,older-regime,address,yes,matched,yes,1,454 | 1837 | B. 33 | Gravenstraat | 1837-exact-components
360,B34,Soldatenstraat,older-regime,address,yes,matched,yes,1,462 | 1837 | B. 34 | Gravenstraat | 1837-exact-components
361,B35a,Soldatenstraat,older-regime,address,yes,matched,yes,1,470 | 1837 | B. 35 | Gravenstraat | 1837-fallback-core-only
362,B36b,Soldatenstraat,older-regime,address,yes,matched,yes,6,478 | 1837 | B. 36bb | Gravenstraat | 1837-fallback-core-only || 479 | 1837 | B. 36 | Gravenstraat | 1837-fallback-core-only || 480 | 1837 | B. 36a | Gravenstraat | 1837-fallback-core-only || 481 | 1837 | B. 36b | Gravenstraat | 1837-exact-components || 482 | 1837 | B. 36b | Gravenstraat | 1837-exact-components || 483 | 1837 | B. 36 | Gravenstraat | 1837-fallback-core-only
363,B37,Soldatenstraat,older-regime,address,yes,matched,yes,2,489 | 1837 | B. 37 | Gravenstraat | 1837-exact-components || 490 | 1837 | B. 37 | Gravenstraat | 1837-exact-components
364,B38,Soldatenstraat,older-regime,address,yes,matched,yes,4,497 | 1837 | B. 38L | Gravenstraat | 1837-fallback-core-only || 498 | 1837 | B. 38L | Gravenstraat | 1837-fallback-core-only || 499 | 1837 | B. 38 | Gravenstraat | 1837-exact-components || 500 | 1837 | B. 38L | Gravenstraat | 1837-fallback-core-only
365,B39,Rust en Vreedestraat,older-regime,address,yes,matched,yes,2,1607 | 1837 | B. 39 | Rust en Vredestraat | 1837-exact-components || 1608 | 1837 | B. 39 | Rust en Vredestraat | 1837-exact-components
366,B40,Rust en Vreedestraat,older-regime,address,yes,matched,yes,1,1609 | 1837 | B. 40 | Rust en Vredestraat | 1837-exact-components
367,B41,Rust en Vreedestraat,older-regime,address,yes,matched,yes,1,1610 | 1837 | B. 41 | Rust en Vredestraat | 1837-exact-components
368,B42,Soldatenstraat,older-regime,address,yes,matched,yes,9,397 | 1837 | B. 42a | Gravenstraat | 1837-fallback-core-only || 398 | 1837 | B. 42b | Gravenstraat | 1837-fallback-core-only || 399 | 1837 | B. 42c | Gravenstraat | 1837-fallback-core-only || 400 | 1837 | B. 42a1 | Gravenstraat | 1837-fallback-core-only || 401 | 1837 | B. 42a | Gravenstraat | 1837-fallback-core-only || 402 | 1837 | B. 42b | Gravenstraat | 1837-fallback-core-only || 403 | 1837 | B. 42 | Gravenstraat | 1837-exact-components || 404 | 1837 | B. 42 | Gravenstraat | 1837-exact-components
369,B43,Soldatenstraat,older-regime,address,yes,matched,yes,2,356 | 1837 | B. 43 | Gravenstraat | 1837-exact-components || 357 | 1837 | B. 43 | Gravenstraat | 1837-exact-components
370,B44,Soldatenstraat,older-regime,address,yes,matched,yes,1,352 | 1837 | B. 44 | Gravenstraat | 1837-exact-components
371,B45,Soldatenstraat,older-regime,address,yes,matched,yes,1,351 | 1837 | B. 45 | Gravenstraat | 1837-exact-components
372,B46,Soldatenstraat,older-regime,address,yes,matched,yes,1,347 | 1837 | B. 46 | Gravenstraat | 1837-exact-components
373,B47,Soldatenstraat,older-regime,address,yes,matched,yes,1,338 | 1837 | B. 47 | Gravenstraat | 1837-exact-components
374,B48,Soldatenstraat,older-regime,address,yes,matched,yes,1,334 | 1837 | B. 48 | Gravenstraat | 1837-exact-components
375,B49,Soldatenstraat,older-regime,address,yes,matched,yes,4,2695 | 1837 | B. 49 | Gravenstraat | 1837-exact-components || 2696 | 1837 | B. 49b | Gravenstraat | 1837-fallback-core-only || 2697 | 1837 | B. 49 | Gravenstraat | 1837-exact-components || 2698 | 1837 | B. 49 | Gravenstraat | 1837-exact-components
376,B50,Gravenstraat,older-regime,address,yes,matched,yes,1,255 | 1837 | B. 50 | Gravenstraat | 1837-exact-components+street
377,B51,Gravenstraat,older-regime,address,yes,matched,yes,1,2302 | 1837 | B. 51 | Gravenstraat | 1837-exact-components+street
378,B52,Gravenstraat,older-regime,address,yes,matched,yes,8,226 | 1837 | B. 52 | Gravenstraat | 1837-exact-components+street || 227 | 1837 | B. 52 | Gravenstraat | 1837-exact-components+street || 228 | 1837 | B. 52 | Gravenstraat | 1837-exact-components+street || 229 | 1837 | B. 52d | Gravenstraat | 1837-fallback-core-only+street || 230 | 1837 | B. 52c | Gravenstraat | 1837-fallback-core-only+street || 231 | 1837 | B. 52 | Gravenstraat | 1837-exact-components+street || 232 | 1837 | B. 52b | Gravenstraat | 1837-fallback-core-only+street || 233 | 1837 | B. 52a | Gravenstraat | 1837-fallback-core-only+street
379,B53,Stoelmansstraat,older-regime,address,yes,matched,yes,1,221 | 1837 | B. 53 | Gravenstraat | 1837-exact-components
380,B54,Stoelmansstraat,older-regime,address,yes,matched,yes,1,217 | 1837 | B. 54 | Gravenstraat | 1837-exact-components
381,B110,Stoelmansstraat,older-regime,address,yes,matched,yes,1,926 | 1837 | B.110 | Stoelmanstraat | 1837-exact-components
382,B,Gravenstraat,older-regime,non-address-annotation,no,ignored-non-address-annotation,yes,0,
383,B,,older-regime,non-address-annotation,no,ignored-non-address-annotation,yes,0,
384,B55,Gravenstraat,older-regime,address,yes,matched,yes,6,207 | 1837 | B. 55 | Gravenstraat | 1837-exact-components+street || 208 | 1837 | B. 55 | Gravenstraat | 1837-exact-components+street || 209 | 1837 | B. 55 | Gravenstraat | 1837-exact-components+street || 210 | 1837 | B. 55 | Gravenstraat | 1837-exact-components+street || 211 | 1837 | B. 55 | Gravenstraat | 1837-exact-components+street || 212 | 1837 | B. 55 | Gravenstraat | 1837-exact-components+street
385,B56,Gravenstraat,older-regime,address,yes,matched,yes,2,205 | 1837 | B. 56 | Gravenstraat | 1837-exact-components+street || 206 | 1837 | B. 56 | Gravenstraat | 1837-exact-components+street
386,B57,Gravenstraat,older-regime,address,yes,matched,yes,3,199 | 1837 | B. 57 | Gravenstraat | 1837-exact-components+street || 200 | 1837 | B. 57 | Gravenstraat | 1837-exact-components+street || 201 | 1837 | B. 57 | Gravenstraat | 1837-exact-components+street
387,B58,Gravenstraat,older-regime,address,yes,matched,yes,3,180 | 1837 | B. 58 | Gravenstraat | 1837-exact-components+street || 181 | 1837 | B. 58 | Gravenstraat | 1837-exact-components+street || 182 | 1837 | B. 58 | Gravenstraat | 1837-exact-components+street
388,B59,Gravenstraat,older-regime,address,yes,matched,yes,2,175 | 1837 | B. 59 | Gravenstraat | 1837-exact-components+street || 176 | 1837 | B. 59 | Gravenstraat | 1837-exact-components+street
389,B60,Gravenstraat,older-regime,address,yes,matched,yes,3,2507 | 1837 | B. 60 | Gravenstraat | 1837-exact-components+street || 2508 | 1837 | B. 60 | Gravenstraat | 1837-exact-components+street || 2509 | 1837 | B. 60 | Gravenstraat | 1837-exact-components+street
390,B61,Gravenstraat,older-regime,address,yes,matched,yes,2,274 | 1837 | B. 61 | Gravenstraat | 1837-exact-components+street || 275 | 1837 | B. 61 | Gravenstraat | 1837-exact-components+street
391,B62,Gravenstraat,older-regime,address,yes,matched,yes,1,2206 | 1837 | B. 62 | Gravenstraat | 1837-exact-components+street
392,B63,Gravenstraat,older-regime,address,yes,matched,yes,1,254 | 1837 | B. 63 | Gravenstraat | 1837-exact-components+street
393,B64,Gravenstraat,older-regime,address,yes,matched,yes,2,237 | 1837 | B. 64 | Gravenstraat | 1837-exact-components+street || 2152 | 1837 | B. 64 | Gravenstraat | 1837-exact-components+street
394,B65,Gravenstraat,older-regime,address,yes,matched,yes,1,225 | 1837 | B. 65 | Gravenstraat | 1837-exact-components+street
395,B66,Gravenstraat,older-regime,address,yes,matched,yes,2,197 | 1837 | B. 66 | Gravenstraat | 1837-exact-components+street || 198 | 1837 | B. 66 | Gravenstraat | 1837-exact-components+street
396,B67,Gravenstraat,older-regime,address,yes,matched,yes,1,192 | 1837 | B. 67 | Gravenstraat | 1837-exact-components+street
397,B68,Gravenstraat,older-regime,address,yes,matched,yes,1,186 | 1837 | B. 68 | Gravenstraat | 1837-exact-components+street
398,B69,Gravenstraat,older-regime,address,yes,matched,yes,1,179 | 1837 | B. 69 | Gravenstraat | 1837-exact-components+street
399,B70,Gravenstraat,older-regime,address,yes,matched,yes,1,174 | 1837 | B. 70 | Gravenstraat | 1837-exact-components+street
400,B71,Gravenstraat,older-regime,address,yes,matched,yes,1,170 | 1837 | B. 71 | Gravenstraat | 1837-exact-components+street
401,B72,Gravenstraat,older-regime,address,yes,matched,yes,1,150 | 1837 | B. 72 | Gravenstraat | 1837-exact-components+street
402,B73a,Gravenstraat,older-regime,address,yes,matched,yes,2,144 | 1837 | B. 73a | Gravenstraat | 1837-exact-components+street || 145 | 1837 | B. 73b | Gravenstraat | 1837-fallback-core-only+street
403,B74,Gravenstraat,older-regime,address,yes,matched,yes,3,133 | 1837 | B. 74 | Gravenstraat | 1837-exact-components+street || 134 | 1837 | B. 74 | Gravenstraat | 1837-exact-components+street || 135 | 1837 | B. 74 | Gravenstraat | 1837-exact-components+street
404,B75,Gravenstraat,older-regime,address,yes,matched,yes,6,114 | 1837 | B. 75 | Klipstenenstraat | 1837-exact-components || 115 | 1837 | B. 75 | Klipstenenstraat | 1837-exact-components || 124 | 1837 | B. 75 | Klipstenenstraat | 1837-exact-components || 125 | 1837 | B. 75 | Klipstenenstraat | 1837-exact-components || 126 | 1837 | B. 75 | Klipstenenstraat | 1837-exact-components || 127 | 1837 | B. 75 | Klipstenenstraat | 1837-exact-components
405,B76a,Klipsteenstraat,older-regime,address,yes,matched,yes,2,104 | 1837 | B. 76b | Klipstenenstraat | 1837-fallback-core-only || 105 | 1837 | B. 76a | Klipstenenstraat | 1837-exact-components
406,B77,Klipsteenstraat,older-regime,address,yes,matched,yes,1,2160 | 1837 | B. 77 | Klipstenenstraat | 1837-exact-components
407,B78,Klipsteenstraat,older-regime,address,yes,matched,yes,6,280 | 1837 | B. 78 | Klipstenenstraat | 1837-exact-components || 281 | 1837 | B. 78 | Klipstenenstraat | 1837-exact-components || 2180 | 1837 | B. 78 | Klipstenenstraat | 1837-exact-components || 2181 | 1837 | B. 78 | Klipstenenstraat | 1837-exact-components || 2182 | 1837 | B. 78 | Klipstenenstraat | 1837-exact-components || 2183 | 1837 | B. 78 | Klipstenenstraat | 1837-exact-components
408,B79,Heerenstraat,older-regime,address,yes,matched,yes,1,297 | 1837 | B. 79 | Heerenstraat | 1837-exact-components+street
409,B83,Heerenstraat,older-regime,address,yes,matched,yes,1,333 | 1837 | B. 83 | Heerenstraat | 1837-exact-components+street
410,B88,Heerenstraat,older-regime,address,yes,matched,yes,1,364 | 1837 | B. 88 | Heerenstraat | 1837-exact-components+street
411,B80,Heerenstraat,older-regime,address,yes,matched,yes,1,298 | 1837 | B. 80 | Heerenstraat | 1837-exact-components+street
412,B81b,Heerenstraat,older-regime,address,yes,matched,yes,2,317 | 1837 | B. 81a | Heerenstraat | 1837-fallback-core-only+street || 318 | 1837 | B. 81b | Heerenstraat | 1837-exact-components+street
413,B82,Heerenstraat,older-regime,address,yes,matched,yes,2,324 | 1837 | B. 82 | Heerenstraat | 1837-exact-components+street || 2156 | 1837 | B. 82 | Heerenstraat | 1837-exact-components+street
414,B84,Heerenstraat,older-regime,address,yes,matched,yes,1,337 | 1837 | B. 84 | Heerenstraat | 1837-exact-components+street
415,B85b,Heerenstraat,older-regime,address,yes,matched,yes,5,342 | 1837 | B. 85a | Heerenstraat | 1837-fallback-core-only+street || 343 | 1837 | B. 85b | Heerenstraat | 1837-exact-components+street || 344 | 1837 | B. 85c | Heerenstraat | 1837-fallback-core-only+street || 345 | 1837 | B. 85d | Heerenstraat | 1837-fallback-core-only+street || 346 | 1837 | B. 85 | Heerenstraat | 1837-fallback-core-only+street
416,B86,Heerenstraat,older-regime,address,yes,matched,yes,2,306 | 1837 | B. 86 | Heerenstraat | 1837-exact-components+street || 350 | 1837 | B. 86 | Heerenstraat | 1837-exact-components+street
417,B87,Heerenstraat,older-regime,address,yes,matched,yes,2,355 | 1837 | B. 87 | Heerenstraat | 1837-exact-components+street || 360 | 1837 | B. 87 | Heerenstraat | 1837-exact-components+street
418,B89,Malibatrumstraat,older-regime,address,yes,matched,yes,1,2208 | 1837 | B. 89 | Heerenstraat | 1837-exact-components
419,B90b,Klipsteenstraat,older-regime,address,yes,matched,yes,4,287 | 1837 | B. 90a | Heerenstraat | 1837-fallback-core-only || 288 | 1837 | B. 90b | Heerenstraat | 1837-exact-components || 289 | 1837 | B. 90b | Heerenstraat | 1837-exact-components || 290 | 1837 | B. 90ab | Heerenstraat | 1837-fallback-core-only
420,B91a,Wagenwegstraat,older-regime,address,yes,matched,yes,5,385 | 1837 | B. 91a | Wagenwegstraat | 1837-exact-components+street || 386 | 1837 | B. 91b | Wagenwegstraat | 1837-fallback-core-only+street || 387 | 1837 | B. 91c | Wagenwegstraat | 1837-fallback-core-only+street || 2209 | 1837 | B. 91 | Heerenstraat | 1837-fallback-core-only || 2210 | 1837 | B. 91 | Heerenstraat | 1837-fallback-core-only
421,B92c,Heerenstraat,older-regime,address,yes,matched,yes,6,395 | 1837 | B. 92a | Wagenwegstraat | 1837-fallback-core-only || 428 | 1837 | B. 92b | Wagenwegstraat | 1837-fallback-core-only || 429 | 1837 | B. 92c | Wagenwegstraat | 1837-exact-components || 438 | 1837 | B. 92c | Wagenwegstraat | 1837-exact-components || 467 | 1837 | B. 92d | Wagenwegstraat | 1837-fallback-core-only || 468 | 1837 | B. 92 | Wagenwegstraat | 1837-fallback-core-only
422,B93,Malibatrumstraat,older-regime,address,yes,matched,yes,4,494 | 1837 | B. 93 | Wagenwegstraat | 1837-exact-components || 495 | 1837 | B. 93 | Wagenwegstraat | 1837-exact-components || 496 | 1837 | B. 93 | Wagenwegstraat | 1837-exact-components || 2155 | 1837 | B. 93 | Wagenwegstraat | 1837-exact-components
423,B94,Wagenwegstraat,older-regime,address,yes,matched,yes,4,508 | 1837 | B. 94 | Wagenwegstraat | 1837-exact-components+street || 509 | 1837 | B. 94 | Wagenwegstraat | 1837-exact-components+street || 510 | 1837 | B. 94 | Wagenwegstraat | 1837-exact-components+street || 511 | 1837 | B. 94 | Wagenwegstraat | 1837-exact-components+street
424,B109,Wagenwegstraat,older-regime,address,yes,matched,yes,7,928 | 1837 | B.109 | Stoelmanstraat | 1837-exact-components || 930 | 1837 | B.109 | Stoelmanstraat | 1837-exact-components || 931 | 1837 | B.109 | Stoelmanstraat | 1837-exact-components || 932 | 1837 | B.109 | Stoelmanstraat | 1837-exact-components || 933 | 1837 | B.109 | Stoelmanstraat | 1837-exact-components || 934 | 1837 | B.109 | Wagenwegstraat | 1837-exact-components+street || 935 | 1837 | B.109 | Wagenwegstraat | 1837-exact-components+street
425,B101,Wagenwegstraat,older-regime,address,yes,matched,yes,2,967 | 1837 | B.101a | Wagenwegstraat | 1837-fallback-core-only+street || 968 | 1837 | B.101b | Wagenwegstraat | 1837-fallback-core-only+street
426,B102b,Wagenwegstraat,older-regime,address,yes,matched,yes,2,969 | 1837 | B.102a | Wagenwegstraat | 1837-fallback-core-only+street || 970 | 1837 | B.102b | Wagenwegstraat | 1837-exact-components+street
427,B103,Wagenwegstraat,older-regime,address,yes,matched,yes,2,960 | 1837 | B.103 | Wagenwegstraat | 1837-exact-components+street || 961 | 1837 | B.103 | Wagenwegstraat | 1837-exact-components+street
428,B104,Wagenwegstraat,older-regime,address,yes,matched,yes,3,951 | 1837 | B.104-105 | Wagenwegstraat | 1837-fallback-core-only+street || 953 | 1837 | B.104 | Wagenwegstraat | 1837-exact-components+street || 954 | 1837 | B.104 | Wagenwegstraat | 1837-exact-components+street
429,B105,Wagenwegstraat,older-regime,address,yes,matched,yes,1,2826 | 1837 | B.105 | Wagenwegstraat | 1837-exact-components+street
430,B106,Wagenwegstraat,older-regime,address,yes,matched,yes,1,940 | 1837 | B.106 | Wagenwegstraat | 1837-exact-components+street
431,B107,Wagenwegstraat,older-regime,address,yes,matched,yes,1,937 | 1837 | B.107 | Wagenwegstraat | 1837-exact-components+street
432,B108,Wagenwegstraat,older-regime,address,yes,matched,yes,1,938 | 1837 | B.108 | Wagenwegstraat | 1837-exact-components+street
433,B100,Wagenwegstraat,older-regime,address,yes,matched,yes,4,494 | 1837 | B. 93 | Wagenwegstraat | 1837-exact-components+street || 495 | 1837 | B. 93 | Wagenwegstraat | 1837-exact-components+street || 496 | 1837 | B. 93 | Wagenwegstraat | 1837-exact-components+street || 2155 | 1837 | B. 93 | Wagenwegstraat | 1837-exact-components+street
434,B99,Wagenwegstraat,older-regime,address,yes,matched,yes,1,965 | 1837 | B. 99 | Wagenwegstraat | 1837-exact-components+street
435,B98,Wagenwegstraat,older-regime,address,yes,matched,yes,1,964 | 1837 | B. 98 | Wagenwegstraat | 1837-exact-components+street
436,B97,Wagenwegstraat,older-regime,address,yes,matched,yes,1,963 | 1837 | B. 97 | Wagenwegstraat | 1837-exact-components+street
437,B96b,Wagenwegstraat,older-regime,address,yes,matched,yes,3,528 | 1837 | B. 96a | Wagenwegstraat | 1837-fallback-core-only+street || 979 | 1837 | B. 96c | Wagenwegstraat | 1837-fallback-core-only+street || 2213 | 1837 | B. 96b | Wagenwegstraat | 1837-exact-components+street
438,B95,Wagenwegstraat,older-regime,address,yes,matched,yes,2,519 | 1837 | B. 95 | Wagenwegstraat | 1837-exact-components+street || 524 | 1837 | B. 95 | Wagenwegstraat | 1837-exact-components+street
439,B111,Wagenwegstraat,older-regime,address,yes,matched,yes,5,915 | 1837 | B.111 | Stoelmanstraat | 1837-exact-components || 916 | 1837 | B.111 | Stoelmanstraat | 1837-exact-components || 917 | 1837 | B.111 | Stoelmanstraat | 1837-exact-components || 918 | 1837 | B.111a | Wagenwegstraat | 1837-fallback-core-only+street || 919 | 1837 | B.111b | Wagenwegstraat | 1837-fallback-core-only+street
440,B112,Stoelmansstraat,older-regime,address,yes,matched,yes,1,912 | 1837 | B.112 | Wagenwegstraat | 1837-exact-components
441,B114,Wagenwegstraat,older-regime,address,yes,matched,yes,3,887 | 1837 | B.114 | Wagenwegstraat | 1837-exact-components+street || 888 | 1837 | B.114a | Wagenwegstraat | 1837-fallback-core-only+street || 889 | 1837 | B.114b | Wagenwegstraat | 1837-fallback-core-only+street
442,B115,Wagenwegstraat,older-regime,address,yes,matched,yes,1,5136 | 1837 | B.115 | Wagenwegstraat | 1837-exact-components+street
443,B116,Wagenwegstraat,older-regime,address,yes,matched,yes,7,808 | 1837 | B.116 | Wagenwegstraat | 1837-exact-components+street || 809 | 1837 | B.116 | Wagenwegstraat | 1837-exact-components+street || 810 | 1837 | B.116 | Wagenwegstraat | 1837-exact-components+street || 811 | 1837 | B.116 | Wagenwegstraat | 1837-exact-components+street || 812 | 1837 | B.116 | Wagenwegstraat | 1837-exact-components+street || 816 | 1837 | B.116 | Wagenwegstraat | 1837-exact-components+street || 817 | 1837 | B.116 | Wagenwegstraat | 1837-exact-components+street
444,B125,Wagenwegstraat,older-regime,address,yes,matched,yes,9,665 | 1837 | B.125 | Wagenwegstraat | 1837-exact-components+street || 666 | 1837 | B.125 | Wagenwegstraat | 1837-exact-components+street || 667 | 1837 | B.125a | Wagenwegstraat | 1837-fallback-core-only+street || 668 | 1837 | B.125 | Wagenwegstraat | 1837-exact-components+street || 669 | 1837 | B.125c | Wagenwegstraat | 1837-fallback-core-only+street || 670 | 1837 | B.125c | Wagenwegstraat | 1837-fallback-core-only+street || 671 | 1837 | B.125 | Wagenwegstraat | 1837-exact-components+street || 672 | 1837 | B.125a | Wagenwegstraat | 1837-fallback-core-only+street
445,B117,Wagenwegstraat,older-regime,address,yes,matched,yes,3,789 | 1837 | B.117a | Wagenwegstraat | 1837-fallback-core-only+street || 790 | 1837 | B.117b | Wagenwegstraat | 1837-fallback-core-only+street || 791 | 1837 | B.117 | Wagenwegstraat | 1837-exact-components+street
446,B118,Wagenwegstraat,older-regime,address,yes,matched,yes,1,780 | 1837 | B.118 | Wagenwegstraat | 1837-exact-components+street
447,B119,Wagenwegstraat,older-regime,address,yes,matched,yes,2,765 | 1837 | B.119 | Wagenwegstraat | 1837-exact-components+street || 766 | 1837 | B.119 | Wagenwegstraat | 1837-exact-components+street
448,B120,Wagenwegstraat,older-regime,address,yes,matched,yes,2,760 | 1837 | B.120 | Wagenwegstraat | 1837-exact-components+street || 761 | 1837 | B.120 | Wagenwegstraat | 1837-exact-components+street
449,B121,Wagenwegstraat,older-regime,address,yes,matched,yes,5,739 | 1837 | B.121a | Wagenwegstraat | 1837-fallback-core-only+street || 740 | 1837 | B.121b | Wagenwegstraat | 1837-fallback-core-only+street || 741 | 1837 | B.121 | Wagenwegstraat | 1837-exact-components+street || 742 | 1837 | B.121c | Wagenwegstraat | 1837-fallback-core-only+street || 743 | 1837 | B.121d | Wagenwegstraat | 1837-fallback-core-only+street
450,B122,Wagenwegstraat,older-regime,address,yes,matched,yes,6,714 | 1837 | B.122 | Wagenwegstraat | 1837-exact-components+street || 715 | 1837 | B.122 | Wagenwegstraat | 1837-exact-components+street || 716 | 1837 | B.122 | Wagenwegstraat | 1837-exact-components+street || 717 | 1837 | B.122a | Wagenwegstraat | 1837-fallback-core-only+street || 718 | 1837 | B.122b | Wagenwegstraat | 1837-fallback-core-only+street || 719 | 1837 | B.122c | Wagenwegstraat | 1837-fallback-core-only+street
451,B123,Wagenwegstraat,older-regime,address,yes,matched,yes,1,2300 | 1837 | B.123 | Wagenwegstraat | 1837-exact-components+street
452,B124,Wagenwegstraat,older-regime,address,yes,matched,yes,3,684 | 1837 | B.124b | Wagenwegstraat | 1837-fallback-core-only+street || 685 | 1837 | B.124c | Wagenwegstraat | 1837-fallback-core-only+street || 686 | 1837 | B.124a | Wagenwegstraat | 1837-fallback-core-only+street
453,B126a,Wagenwegstraat,older-regime,address,yes,matched,yes,4,652 | 1837 | B.126a | Wagenwegstraat | 1837-exact-components+street || 653 | 1837 | B.126a | Wagenwegstraat | 1837-exact-components+street || 654 | 1837 | B.126a | Wagenwegstraat | 1837-exact-components+street || 655 | 1837 | B.126b | Wagenwegstraat | 1837-fallback-core-only+street
454,B127,Wagenwegstraat,older-regime,address,yes,matched,yes,2,646 | 1837 | B.127 | Wagenwegstraat | 1837-exact-components+street || 647 | 1837 | B.127 | Wagenwegstraat | 1837-exact-components+street
455,B128,Wagenwegstraat,older-regime,address,yes,matched,yes,2,637 | 1837 | B.128a | Wagenwegstraat | 1837-fallback-core-only+street || 659 | 1837 | B.128b | Wagenwegstraat | 1837-fallback-core-only+street
456,B129,Wagenwegstraat,older-regime,address,yes,matched,yes,2,2253 | 1837 | B.129 | Wagenwegstraat | 1837-exact-components+street || 2254 | 1837 | B.129 | Wagenwegstraat | 1837-exact-components+street
457,B130a,Wagenwegstraat,older-regime,address,yes,matched,yes,2,623 | 1837 | B.130 | Wagenwegstraat | 1837-fallback-core-only+street || 624 | 1837 | B.130 | Wagenwegstraat | 1837-fallback-core-only+street
458,B131,Wagenwegstraat,older-regime,address,yes,matched,yes,2,601 | 1837 | B.131 | Wagenwegstraat | 1837-exact-components+street || 602 | 1837 | B.131 | Wagenwegstraat | 1837-exact-components+street
459,B132,Wagenwegstraat,older-regime,address,yes,matched,yes,2,594 | 1837 | B.132 | Wagenwegstraat | 1837-exact-components+street || 595 | 1837 | B.132 | Wagenwegstraat | 1837-exact-components+street
460,B133,Wagenwegstraat,older-regime,address,yes,matched,yes,2,572 | 1837 | B.133b | Wagenwegstraat | 1837-fallback-core-only+street || 573 | 1837 | B.133a | Wagenwegstraat | 1837-fallback-core-only+street
461,B134,Wagenwegstraat,older-regime,address,yes,matched,yes,11,558 | 1837 | B.134 | Wagenwegstraat | 1837-exact-components+street || 559 | 1837 | B.134 | Wagenwegstraat | 1837-exact-components+street || 560 | 1837 | B.134 | Wagenwegstraat | 1837-exact-components+street || 561 | 1837 | B.134 | Wagenwegstraat | 1837-exact-components+street || 562 | 1837 | B.134 | Wagenwegstraat | 1837-exact-components+street || 563 | 1837 | B.134 | Wagenwegstraat | 1837-exact-components+street || 564 | 1837 | B.134 | Wagenwegstraat | 1837-exact-components+street || 565 | 1837 | B.134 | Wagenwegstraat | 1837-exact-components+street
462,B135,Wagenwegstraat,older-regime,address,yes,matched,yes,2,2345 | 1837 | B.135 | Wagenwegstraat | 1837-exact-components+street || 2346 | 1837 | B.135 | Wagenwegstraat | 1837-exact-components+street
463,B147,Wagenwegstraat,older-regime,address,yes,matched,yes,6,2233 | 1837 | B.147 | Wagenwegstraat | 1837-exact-components+street || 2234 | 1837 | B.147 | Wagenwegstraat | 1837-exact-components+street || 2316 | 1837 | B.147 | Wagenwegstraat | 1837-exact-components+street || 2448 | 1837 | B.147 | Wagenwegstraat | 1837-exact-components+street || 2449 | 1837 | B.147 | Wagenwegstraat | 1837-exact-components+street || 2450 | 1837 | B.147 | Wagenwegstraat | 1837-exact-components+street
464,B136b,Wagenwegstraat,older-regime,address,yes,matched,yes,4,553 | 1837 | B.136a | Wagenwegstraat | 1837-fallback-core-only+street || 554 | 1837 | B.136a | Wagenwegstraat | 1837-fallback-core-only+street || 2278 | 1837 | B.136b | Wagenwegstraat | 1837-exact-components+street || 2279 | 1837 | B.136b | Wagenwegstraat | 1837-exact-components+street
465,B137,Wagenwegstraat,older-regime,address,yes,matched,yes,1,578 | 1837 | B.137 | Wagenwegstraat | 1837-exact-components+street
466,B138,Wagenwegstraat,older-regime,address,yes,matched,yes,1,2280 | 1837 | B.138 | Wagenwegstraat | 1837-exact-components+street
467,B139,Wagenwegstraat,older-regime,address,yes,matched,yes,3,583 | 1837 | B.139 | Wagenwegstraat | 1837-exact-components+street || 584 | 1837 | B.139 | Wagenwegstraat | 1837-exact-components+street || 585 | 1837 | B.139 | Wagenwegstraat | 1837-exact-components+street
468,B140,Wagenwegstraat,older-regime,address,yes,matched,yes,2,589 | 1837 | B.140 | Wagenwegstraat | 1837-exact-components+street || 590 | 1837 | B.140 | Wagenwegstraat | 1837-exact-components+street
469,B141,Wagenwegstraat,older-regime,address,yes,matched,yes,2,612 | 1837 | B.141 | Wagenwegstraat | 1837-exact-components+street || 613 | 1837 | B.141 | Wagenwegstraat | 1837-exact-components+street
470,B142,Wagenwegstraat,older-regime,address,yes,matched,yes,2,610 | 1837 | B.142 | Wagenwegstraat | 1837-exact-components+street || 611 | 1837 | B.142 | Wagenwegstraat | 1837-exact-components+street
471,B143a,Wagenwegstraat,older-regime,address,yes,matched,yes,2,630 | 1837 | B.143b | Wagenwegstraat | 1837-fallback-core-only+street || 631 | 1837 | B.143a | Wagenwegstraat | 1837-exact-components+street
472,B144,Wagenwegstraat,older-regime,address,yes,matched,yes,2,641 | 1837 | B.144 | Wagenwegstraat | 1837-exact-components+street || 642 | 1837 | B.144 | Wagenwegstraat | 1837-exact-components+street
473,B145a,Wagenwegstraat,older-regime,address,yes,matched,yes,7,2487 | 1837 | B.145a | Wagenwegstraat | 1837-exact-components+street || 2488 | 1837 | B.145b | Wagenwegstraat | 1837-fallback-core-only+street || 2489 | 1837 | B.145 | Wagenwegstraat | 1837-fallback-core-only+street || 2490 | 1837 | B.145 | Wagenwegstraat | 1837-fallback-core-only+street || 2491 | 1837 | B.145 | Wagenwegstraat | 1837-fallback-core-only+street || 2492 | 1837 | B.145b | Wagenwegstraat | 1837-fallback-core-only+street || 2493 | 1837 | B.145a | Wagenwegstraat | 1837-exact-components+street
474,B146,Wagenwegstraat,older-regime,address,yes,matched,yes,2,2510 | 1837 | B.146 | Wagenwegstraat | 1837-exact-components+street || 2511 | 1837 | B.146 | Wagenwegstraat | 1837-exact-components+street
475,B148,Rust en Vreedestraat,older-regime,address,yes,matched,yes,1,2244 | 1837 | B.148 | Rust en Vredestraat | 1837-exact-components
476,B149,Rust en Vreedestraat,older-regime,address,yes,matched,yes,2,1614 | 1837 | B.149 | Rust en Vredestraat | 1837-exact-components || 1615 | 1837 | B.149 | Rust en Vredestraat | 1837-exact-components
477,B150,Rust en Vreedestraat,older-regime,address,yes,matched,yes,2,1616 | 1837 | B.150b | Rust en Vredestraat | 1837-fallback-core-only || 1617 | 1837 | B.150 | Rust en Vredestraat | 1837-exact-components
478,B151,Rust en Vreedestraat,older-regime,address,yes,matched,yes,2,1621 | 1837 | B.151 | Rust en Vredestraat | 1837-exact-components || 1622 | 1837 | B.151 | Rust en Vredestraat | 1837-exact-components
479,B152,Rust en Vreedestraat,older-regime,address,yes,matched,yes,3,1618 | 1837 | B.152 | Rust en Vredestraat | 1837-exact-components || 1619 | 1837 | B.152 | Rust en Vredestraat | 1837-exact-components || 1620 | 1837 | B.152 | Rust en Vredestraat | 1837-exact-components
480,B153,Rust en Vreedestraat,older-regime,address,yes,matched,yes,2,1612 | 1837 | B.153 | Rust en Vredestraat | 1837-exact-components || 1613 | 1837 | B.153 | Rust en Vredestraat | 1837-exact-components
481,B154,Rust en Vreedestraat,older-regime,address,yes,matched,yes,1,1611 | 1837 | B.154 | Rust en Vredestraat | 1837-exact-components
482,B155,Wagenwegstraat,older-regime,address,yes,matched,yes,7,691 | 1837 | B.155a | Wagenwegstraat | 1837-fallback-core-only+street || 692 | 1837 | B.155 | Wagenwegstraat | 1837-exact-components+street || 693 | 1837 | B.155 | Wagenwegstraat | 1837-exact-components+street || 694 | 1837 | B.155a | Wagenwegstraat | 1837-fallback-core-only+street || 695 | 1837 | B.155 | Wagenwegstraat | 1837-exact-components+street || 696 | 1837 | B.155 | Wagenwegstraat | 1837-exact-components+street || 697 | 1837 | B.155* | Wagenwegstraat | 1837-fallback-core-only+street
483,B177,Wagenwegstraat,older-regime,address,yes,matched,yes,7,902 | 1837 | B.177 | Wagenwegstraat | 1837-exact-components+street || 903 | 1837 | B.177 | Wagenwegstraat | 1837-exact-components+street || 904 | 1837 | B.177 | Wagenwegstraat | 1837-exact-components+street || 905 | 1837 | B.177 | Wagenwegstraat | 1837-exact-components+street || 906 | 1837 | B.177 | Wagenwegstraat | 1837-exact-components+street || 907 | 1837 | B.177 | Wagenwegstraat | 1837-exact-components+street || 908 | 1837 | B.177 | Wagenwegstraat | 1837-exact-components+street
484,B160,Wagenwegstraat,older-regime,address,yes,matched,yes,3,727 | 1837 | B.160 | Wagenwegstraat | 1837-exact-components+street || 728 | 1837 | B.160 | Wagenwegstraat | 1837-exact-components+street || 729 | 1837 | B.160 | Wagenwegstraat | 1837-exact-components+street
485,B170,Wagenwegstraat,older-regime,address,yes,matched,yes,1,842 | 1837 | B.170 | Wagenwegstraat | 1837-exact-components+street
486,B156,Wagenwegstraat,older-regime,address,yes,matched,yes,2,704 | 1837 | B.156b | Wagenwegstraat | 1837-fallback-core-only+street || 705 | 1837 | B.156a | Wagenwegstraat | 1837-fallback-core-only+street
487,B157,Wagenwegstraat,older-regime,address,yes,matched,yes,2,2513 | 1837 | B.157 | Wagenwegstraat | 1837-exact-components+street || 2514 | 1837 | B.157 | Wagenwegstraat | 1837-exact-components+street
488,B158,Wagenwegstraat,older-regime,address,yes,matched,yes,1,709 | 1837 | B.158 | Wagenwegstraat | 1837-exact-components+street
489,B159,Wagenwegstraat,older-regime,address,yes,matched,yes,1,723 | 1837 | B.159 | Wagenwegstraat | 1837-exact-components+street
490,B161,Wagenwegstraat,older-regime,address,yes,matched,yes,1,752 | 1837 | B.161 | Wagenwegstraat | 1837-exact-components+street
491,B162,Wagenwegstraat,older-regime,address,yes,matched,yes,2,750 | 1837 | B.162 | Wagenwegstraat | 1837-exact-components+street || 751 | 1837 | B.162 | Wagenwegstraat | 1837-exact-components+street
492,B163,Wagenwegstraat,older-regime,address,yes,matched,yes,1,749 | 1837 | B.163 | Wagenwegstraat | 1837-exact-components+street
493,B164,Wagenwegstraat,older-regime,address,yes,matched,yes,3,775 | 1837 | B.164 | Wagenwegstraat | 1837-exact-components+street || 776 | 1837 | B.164 | Wagenwegstraat | 1837-exact-components+street || 2530 | 1837 | B.164 | Wagenwegstraat | 1837-exact-components+street
494,B165,Wagenwegstraat,older-regime,address,yes,matched,yes,1,2534 | 1837 | B.165 | Wagenwegstraat | 1837-exact-components+street
495,B166,Wagenwegstraat,older-regime,address,yes,matched,yes,3,796 | 1837 | B.166 | Wagenwegstraat | 1837-exact-components+street || 797 | 1837 | B.166 | Wagenwegstraat | 1837-exact-components+street || 798 | 1837 | B.166 | Wagenwegstraat | 1837-exact-components+street
496,B167,Wagenwegstraat,older-regime,address,yes,matched,yes,1,802 | 1837 | B.167 | Wagenwegstraat | 1837-exact-components+street
497,B168,Wagenwegstraat,older-regime,address,yes,matched,yes,1,824 | 1837 | B.168 | Wagenwegstraat | 1837-exact-components+street
498,B169,Wagenwegstraat,older-regime,address,yes,matched,yes,1,830 | 1837 | B.169 | Wagenwegstraat | 1837-exact-components+street
499,B171,Wagenwegstraat,older-regime,address,yes,matched,yes,1,852 | 1837 | B.171 | Wagenwegstraat | 1837-exact-components+street
500,B172,Wagenwegstraat,older-regime,address,yes,matched,yes,2,867 | 1837 | B.172 | Wagenwegstraat | 1837-exact-components+street || 868 | 1837 | B.172 | Wagenwegstraat | 1837-exact-components+street
501,B173,Wagenwegstraat,older-regime,address,yes,matched,yes,1,2252 | 1837 | B.173 | Wagenwegstraat | 1837-exact-components+street
502,B174,Wagenwegstraat,older-regime,address,yes,matched,yes,2,872 | 1837 | B.174 | Wagenwegstraat | 1837-exact-components+street || 873 | 1837 | B.174 | Wagenwegstraat | 1837-exact-components+street
503,B175,Wagenwegstraat,older-regime,address,yes,matched,yes,2,877 | 1837 | B.175 | Wagenwegstraat | 1837-exact-components+street || 878 | 1837 | B.175 | Wagenwegstraat | 1837-exact-components+street
504,B176,Wagenwegstraat,older-regime,address,yes,matched,yes,2,892 | 1837 | B.176b | Wagenwegstraat | 1837-fallback-core-only+street || 893 | 1837 | B.176a | Wagenwegstraat | 1837-fallback-core-only+street
505,B178a,Zwartenhovenbrugstraat,older-regime,address,yes,matched,yes,2,1433 | 1837 | B.178a | Zwartenhovenbrugstraat | 1837-exact-components+street || 2249 | 1837 | B.178b | Zwartenhovenbrugstraat | 1837-fallback-core-only+street
506,B179,Zwartenhovenbrugstraat,older-regime,address,yes,matched,yes,2,1434 | 1837 | B.179 | Zwartenhovenbrugstraat | 1837-exact-components+street || 2286 | 1837 | B.179 | Zwartenhovenbrugstraat | 1837-exact-components+street
507,B180,Zwartenhovenbrugstraat,older-regime,address,yes,matched,yes,1,1435 | 1837 | B.180 | Zwartenhovenbrugstraat | 1837-exact-components+street
508,B181,Zwartenhovenbrugstraat,older-regime,address,yes,matched,yes,1,2350 | 1837 | B.181 | Zwartenhovenbrugstraat | 1837-exact-components+street
509,B182b,Zwartenhovenbrugstraat,older-regime,address,yes,matched,yes,3,1430 | 1837 | B.182 | Zwartenhovenbrugstraat | 1837-fallback-core-only+street || 1431 | 1837 | B.182 | Zwartenhovenbrugstraat | 1837-fallback-core-only+street || 1432 | 1837 | B.182 | Zwartenhovenbrugstraat | 1837-fallback-core-only+street
510,B183,Zwartenhovenbrugstraat,older-regime,address,yes,matched,yes,1,1429 | 1837 | B.183 | Zwartenhovenbrugstraat | 1837-exact-components+street
511,B184,Wagenwegstraat,older-regime,address,yes,matched,yes,4,922 | 1837 | B.184 | Wagenwegstraat | 1837-exact-components+street || 923 | 1837 | B.184 | Wagenwegstraat | 1837-exact-components+street || 2250 | 1837 | B.184 | Wagenwegstraat | 1837-exact-components+street || 2251 | 1837 | B.184 | Wagenwegstraat | 1837-exact-components+street
512,B190b,Wagenwegstraat,older-regime,address,yes,matched,yes,7,473 | 1837 | B.190 | Wagenwegstraat | 1837-fallback-core-only+street || 474 | 1837 | B.190 | Wagenwegstraat | 1837-fallback-core-only+street || 475 | 1837 | B.190 | Wagenwegstraat | 1837-fallback-core-only+street || 476 | 1837 | B.190 | Wagenwegstraat | 1837-fallback-core-only+street || 477 | 1837 | B.190 | Wagenwegstraat | 1837-fallback-core-only+street || 487 | 1837 | B.190 | Wagenwegstraat | 1837-fallback-core-only+street || 488 | 1837 | B.190 | Wagenwegstraat | 1837-fallback-core-only+street
513,B185,Wagenwegstraat,older-regime,address,yes,matched,yes,1,942 | 1837 | B.185 | Wagenwegstraat | 1837-exact-components+street
514,B186,Wagenwegstraat,older-regime,address,yes,matched,yes,1,2308 | 1837 | B.186 | Wagenwegstraat | 1837-exact-components+street
515,B187a,Wagenwegstraat,older-regime,address,yes,matched,yes,4,946 | 1837 | B.187a | Wagenwegstraat | 1837-exact-components+street || 947 | 1837 | B.187b | Wagenwegstraat | 1837-fallback-core-only+street || 948 | 1837 | B.187 | Wagenwegstraat | 1837-fallback-core-only+street || 949 | 1837 | B.187 | Wagenwegstraat | 1837-fallback-core-only+street
516,B188,Wagenwegstraat,older-regime,address,yes,matched,yes,3,956 | 1837 | B.188b | Wagenwegstraat | 1837-fallback-core-only+street || 957 | 1837 | B.188a | Wagenwegstraat | 1837-fallback-core-only+street || 958 | 1837 | B.188 | Wagenwegstraat | 1837-exact-components+street
517,B189,Wagenwegstraat,older-regime,address,yes,matched,yes,2,973 | 1837 | B.189 | Wagenwegstraat | 1837-exact-components+street || 976 | 1837 | B.189 | Wagenwegstraat | 1837-exact-components+street
518,B191,Malibatrumstraat,older-regime,address,yes,matched,yes,1,4221 | 1837 | B.191 | Wagenwegstraat | 1837-exact-components
519,B192,Malibatrumstraat,older-regime,address,yes,matched,yes,1,4220 | 1837 | B.192 | Wagenwegstraat | 1837-exact-components
520,B193,Malibatrumstraat,older-regime,address,yes,matched,yes,2,4222 | 1837 | B.193 | Wagenwegstraat | 1837-exact-components || 4223 | 1837 | B.193 | Wagenwegstraat | 1837-exact-components
521,B194,Malibatrumstraat,older-regime,address,yes,matched,yes,1,4224 | 1837 | B.194 | Wagenwegstraat | 1837-exact-components
522,B195,Malibatrumstraat,older-regime,address,yes,matched,yes,1,4225 | 1837 | B.195 | Wagenwegstraat | 1837-exact-components
523,B196,Wagenwegstraat,older-regime,address,yes,matched,yes,9,2175 | 1837 | B.196g | Wagenwegstraat | 1837-fallback-core-only+street || 2176 | 1837 | B.196e | Wagenwegstraat | 1837-fallback-core-only+street || 2193 | 1837 | B.196f | Wagenwegstraat | 1837-fallback-core-only+street || 2194 | 1837 | B.196d | Wagenwegstraat | 1837-fallback-core-only+street || 2195 | 1837 | B.196c | Wagenwegstraat | 1837-fallback-core-only+street || 2196 | 1837 | B.196a | Wagenwegstraat | 1837-fallback-core-only+street || 2197 | 1837 | B.196a | Wagenwegstraat | 1837-fallback-core-only+street || 2198 | 1837 | B.196b | Wagenwegstraat | 1837-fallback-core-only+street
524,B203,Wagenwegstraat,older-regime,address,yes,matched,yes,1,377 | 1837 | B.203 | Wagenwegstraat | 1837-exact-components+street
525,B197,Wagenwegstraat,older-regime,address,yes,matched,yes,2,460 | 1837 | B.197 | Wagenwegstraat | 1837-exact-components+street || 461 | 1837 | B.197 | Wagenwegstraat | 1837-exact-components+street
526,B198,Wagenwegstraat,older-regime,address,yes,matched,yes,2,453 | 1837 | B.198 | Wagenwegstraat | 1837-exact-components+street || 469 | 1837 | B.198 | Wagenwegstraat | 1837-exact-components+street
527,B199,Wagenwegstraat,older-regime,address,yes,matched,yes,2,445 | 1837 | B.199 | Wagenwegstraat | 1837-exact-components+street || 446 | 1837 | B.199 | Wagenwegstraat | 1837-exact-components+street
528,B200,Wagenwegstraat,older-regime,address,yes,matched,yes,2,422 | 1837 | B.200 | Wagenwegstraat | 1837-exact-components+street || 439 | 1837 | B.200 | Wagenwegstraat | 1837-exact-components+street
529,B201,Wagenwegstraat,older-regime,address,yes,matched,yes,2,415 | 1837 | B.201 | Wagenwegstraat | 1837-exact-components+street || 430 | 1837 | B.201 | Wagenwegstraat | 1837-exact-components+street
530,B202,Wagenwegstraat,older-regime,address,yes,matched,yes,2,396 | 1837 | B.202 | Wagenwegstraat | 1837-exact-components+street || 410 | 1837 | B.202 | Wagenwegstraat | 1837-exact-components+street
531,B204,Klipsteenstraat,older-regime,address,yes,matched,yes,3,372 | 1837 | B.204 | Wagenwegstraat | 1837-exact-components || 2161 | 1837 | B.204 | Wagenwegstraat | 1837-exact-components || 2207 | 1837 | B.204 | Wagenwegstraat | 1837-exact-components
532,B207,Klipsteenstraat,older-regime,address,yes,matched,yes,1,88 | 1837 | B.207 | Klipstenenstraat | 1837-exact-components
533,B205,Klipsteenstraat,older-regime,address,yes,matched,yes,2,95 | 1837 | B.205 | Klipstenenstraat | 1837-exact-components || 96 | 1837 | B.205 | Klipstenenstraat | 1837-exact-components
534,B206,Klipsteenstraat,older-regime,address,yes,matched,yes,1,2179 | 1837 | B.206 | Klipstenenstraat | 1837-exact-components
535,B208,Klipsteenstraat,older-regime,address,yes,matched,yes,1,84 | 1837 | B.208 | Klipstenenstraat | 1837-exact-components
536,B209,Klipsteenstraat,older-regime,address,yes,matched,yes,1,2154 | 1837 | B.209 | Klipstenenstraat | 1837-exact-components
537,B210,Keizerstraat,older-regime,address,yes,matched,yes,2,533 | 1837 | B.210 | Klipstenenstraat | 1837-exact-components || 535 | 1837 | B.210 | Klipstenenstraat | 1837-exact-components
538,,Keizerstraat,older-regime,non-address-annotation,no,ignored-non-address-annotation,yes,0,
539,B211,Keizerstraat,older-regime,address,yes,matched,yes,1,534 | 1837 | B.211 | Keizerstraat | 1837-exact-components+street
540,B216,Keizerstraat,older-regime,address,yes,matched,yes,5,618 | 1837 | B.216 | Keizerstraat | 1837-exact-components+street || 619 | 1837 | B.216 | Keizerstraat | 1837-exact-components+street || 620 | 1837 | B.216 | Keizerstraat | 1837-exact-components+street || 621 | 1837 | B.216 | Keizerstraat | 1837-exact-components+street || 622 | 1837 | B.216 | Keizerstraat | 1837-exact-components+street
541,B217,Keizerstraat,older-regime,address,yes,matched,yes,3,627 | 1837 | B.217 | Keizerstraat | 1837-exact-components+street || 628 | 1837 | B.217 | Keizerstraat | 1837-exact-components+street || 629 | 1837 | B.217 | Keizerstraat | 1837-exact-components+street
542,B212,Keizerstraat,older-regime,address,yes,matched,yes,2,539 | 1837 | B.212 | Keizerstraat | 1837-exact-components+street || 540 | 1837 | B.212 | Keizerstraat | 1837-exact-components+street
543,B213,Keizerstraat,older-regime,address,yes,matched,yes,2,557 | 1837 | B.213 | Keizerstraat | 1837-exact-components+street || 571 | 1837 | B.213 | Keizerstraat | 1837-exact-components+street
544,B214,Keizerstraat,older-regime,address,yes,matched,yes,2,576 | 1837 | B.214 | Keizerstraat | 1837-exact-components+street || 577 | 1837 | B.214 | Keizerstraat | 1837-exact-components+street
545,B215,Keizerstraat,older-regime,address,yes,matched,yes,1,588 | 1837 | B.215 | Keizerstraat | 1837-exact-components+street
546,B218,Keizerstraat,older-regime,address,yes,matched,yes,1,2211 | 1837 | B.218 | Keizerstraat | 1837-exact-components+street
547,B219,Keizerstraat,older-regime,address,yes,matched,yes,2,981 | 1837 | B.219 | Keizerstraat | 1837-exact-components+street || 2309 | 1837 | B.219 | Keizerstraat | 1837-exact-components+street
548,B224,Keizerstraat,older-regime,address,yes,matched,yes,2,1010 | 1837 | B.224 | Keizerstraat | 1837-exact-components+street || 1011 | 1837 | B.224 | Keizerstraat | 1837-exact-components+street
549,B220,Keizerstraat,older-regime,address,yes,matched,yes,2,987 | 1837 | B.220 | Keizerstraat | 1837-exact-components+street || 2310 | 1837 | B.220 | Keizerstraat | 1837-exact-components+street
550,B221,Keizerstraat,older-regime,address,yes,matched,yes,2,992 | 1837 | B.221 | Keizerstraat | 1837-exact-components+street || 993 | 1837 | B.221 | Keizerstraat | 1837-exact-components+street
551,B222,Keizerstraat,older-regime,address,yes,matched,yes,1,1000 | 1837 | B.222 | Keizerstraat | 1837-exact-components+street
552,B223,Keizerstraat,older-regime,address,yes,matched,yes,2,1007 | 1837 | B.223 | Keizerstraat | 1837-exact-components+street || 1008 | 1837 | B.223 | Keizerstraat | 1837-exact-components+street
553,B225,Keizerstraat,older-regime,address,yes,matched,yes,1,1025 | 1837 | B.225 | Keizerstraat | 1837-exact-components+street
554,B247a,Keizerstraat,older-regime,address,yes,matched,yes,2,1155 | 1837 | B.247a | Keizerstraat | 1837-exact-components+street || 1156 | 1837 | B.247b | Keizerstraat | 1837-fallback-core-only+street
555,B240,Keizerstraat,older-regime,address,yes,matched,yes,5,1105 | 1837 | B.240 | Keizerstraat | 1837-exact-components+street || 1106 | 1837 | B.240 | Keizerstraat | 1837-exact-components+street || 1107 | 1837 | B.240 | Keizerstraat | 1837-exact-components+street || 1108 | 1837 | B.240 | Keizerstraat | 1837-exact-components+street || 1109 | 1837 | B.240 | Keizerstraat | 1837-exact-components+street
556,B230,Keizerstraat,older-regime,address,yes,matched,yes,3,1056 | 1837 | B.230a | Keizerstraat | 1837-fallback-core-only+street || 1057 | 1837 | B.230b | Keizerstraat | 1837-fallback-core-only+street || 1059 | 1837 | B.230 | Keizerstraat | 1837-exact-components+street
557,B241,Keizerstraat,older-regime,address,yes,matched,yes,2,1116 | 1837 | B.241 | Keizerstraat | 1837-exact-components+street || 1117 | 1837 | B.241 | Keizerstraat | 1837-exact-components+street
558,B239,Keizerstraat,older-regime,address,yes,matched,yes,1,1104 | 1837 | B.239 | Keizerstraat | 1837-exact-components+street
559,B234a,Keizerstraat,older-regime,address,yes,matched,yes,2,1081 | 1837 | B.234a | Keizerstraat | 1837-exact-components+street || 1082 | 1837 | B.234b | Keizerstraat | 1837-fallback-core-only+street
560,B235,Keizerstraat,older-regime,address,yes,matched,yes,2,1090 | 1837 | B.235 | Keizerstraat | 1837-exact-components+street || 1091 | 1837 | B.235 | Keizerstraat | 1837-exact-components+street
561,B233a,Keizerstraat,older-regime,address,yes,matched,yes,2,1077 | 1837 | B.233 | Keizerstraat | 1837-fallback-core-only+street || 1078 | 1837 | B.233 | Keizerstraat | 1837-fallback-core-only+street
562,B242a,Keizerstraat,older-regime,address,yes,matched,yes,2,1122 | 1837 | B.242 | Keizerstraat | 1837-fallback-core-only+street || 1123 | 1837 | B.242 | Keizerstraat | 1837-fallback-core-only+street
563,B243,Keizerstraat,older-regime,address,yes,matched,yes,2,1128 | 1837 | B.243 | Keizerstraat | 1837-exact-components+street || 1129 | 1837 | B.243 | Keizerstraat | 1837-exact-components+street
564,B246,Keizerstraat,older-regime,address,yes,matched,yes,1,1138 | 1837 | B.246 | Keizerstraat | 1837-exact-components+street
565,B245,Keizerstraat,older-regime,address,yes,matched,yes,1,1137 | 1837 | B.245 | Keizerstraat | 1837-exact-components+street
566,B244,Keizerstraat,older-regime,address,yes,matched,yes,1,2246 | 1837 | B.244 | Keizerstraat | 1837-exact-components+street
567,B238,Keizerstraat,older-regime,address,yes,matched,yes,2,1102 | 1837 | B.238 | Keizerstraat | 1837-exact-components+street || 1103 | 1837 | B.238 | Keizerstraat | 1837-exact-components+street
568,B237,Keizerstraat,older-regime,address,yes,matched,yes,2,2318 | 1837 | B.237a | Keizerstraat | 1837-fallback-core-only+street || 2319 | 1837 | B.237b | Keizerstraat | 1837-fallback-core-only+street
569,B236,Keizerstraat,older-regime,address,yes,matched,yes,1,2277 | 1837 | B.236 | Keizerstraat | 1837-exact-components+street
570,B232b,Keizerstraat,older-regime,address,yes,matched,yes,2,1071 | 1837 | B.232a | Keizerstraat | 1837-fallback-core-only+street || 1072 | 1837 | B.232b | Keizerstraat | 1837-exact-components+street
571,B231,Keizerstraat,older-regime,address,yes,matched,yes,1,1069 | 1837 | B.231 | Keizerstraat | 1837-exact-components+street
572,B229,Keizerstraat,older-regime,address,yes,matched,yes,2,1053 | 1837 | B.229 | Keizerstraat | 1837-exact-components+street || 1054 | 1837 | B.229 | Keizerstraat | 1837-exact-components+street
573,B226,Keizerstraat,older-regime,address,yes,matched,yes,2,1035 | 1837 | B.226 | Keizerstraat | 1837-exact-components+street || 1036 | 1837 | B.226 | Keizerstraat | 1837-exact-components+street
574,B228,Keizerstraat,older-regime,address,yes,matched,yes,1,2317 | 1837 | B.228 | Keizerstraat | 1837-exact-components+street
575,B227,Keizerstraat,older-regime,address,yes,matched,yes,1,1045 | 1837 | B.227 | Keizerstraat | 1837-exact-components+street
576,B248a,Keizerstraat,older-regime,address,yes,matched,yes,2,1157 | 1837 | B.248 | Keizerstraat | 1837-fallback-core-only+street || 1158 | 1837 | B.248 | Keizerstraat | 1837-fallback-core-only+street
577,B260a,Keizerstraat,older-regime,address,yes,matched,yes,16,1191 | 1837 | B.260 | Keizerstraat | 1837-fallback-core-only+street || 1192 | 1837 | B.260 | Keizerstraat | 1837-fallback-core-only+street || 1193 | 1837 | B.260 | Keizerstraat | 1837-fallback-core-only+street || 1194 | 1837 | B.260 | Keizerstraat | 1837-fallback-core-only+street || 1195 | 1837 | B.260 | Keizerstraat | 1837-fallback-core-only+street || 1196 | 1837 | B.260 | Keizerstraat | 1837-fallback-core-only+street || 1197 | 1837 | B.260d | Keizerstraat | 1837-fallback-core-only+street || 1198 | 1837 | B.260c | Keizerstraat | 1837-fallback-core-only+street
578,B259,Keizerstraat,older-regime,address,yes,matched,yes,2,1189 | 1837 | B.259 | Keizerstraat | 1837-exact-components+street || 1190 | 1837 | B.259 | Keizerstraat | 1837-exact-components+street
579,B258,Keizerstraat,older-regime,address,yes,matched,yes,2,1176 | 1837 | B.258 | Keizerstraat | 1837-exact-components+street || 1177 | 1837 | B.258 | Keizerstraat | 1837-exact-components+street
580,B257a,Keizerstraat,older-regime,address,yes,matched,yes,2,1169 | 1837 | B.257 | Keizerstraat | 1837-fallback-core-only+street || 1170 | 1837 | B.257 | Keizerstraat | 1837-fallback-core-only+street
581,B256a,Keizerstraat,older-regime,address,yes,matched,yes,2,2763 | 1837 | B.256 | Keizerstraat | 1837-fallback-core-only+street || 2764 | 1837 | B.256 | Keizerstraat | 1837-fallback-core-only+street
582,B255,Keizerstraat,older-regime,address,yes,matched,yes,1,2596 | 1837 | B.255 | Keizerstraat | 1837-exact-components+street
583,B254,Keizerstraat,older-regime,address,yes,matched,yes,2,2594 | 1837 | B.254 | Keizerstraat | 1837-exact-components+street || 2595 | 1837 | B.254 | Keizerstraat | 1837-exact-components+street
584,B253,Keizerstraat,older-regime,address,yes,matched,yes,1,1168 | 1837 | B.253 | Keizerstraat | 1837-exact-components+street
585,B252a,Keizerstraat,older-regime,address,yes,matched,yes,2,2598 | 1837 | B.252 | Keizerstraat | 1837-fallback-core-only+street || 2599 | 1837 | B.252 | Keizerstraat | 1837-fallback-core-only+street
586,B251,Keizerstraat,older-regime,address,yes,matched,yes,3,1159 | 1837 | B.251 | Keizerstraat | 1837-exact-components+street || 1160 | 1837 | B.251 | Keizerstraat | 1837-exact-components+street || 1161 | 1837 | B.251 | Keizerstraat | 1837-exact-components+street
587,B250a,Keizerstraat,older-regime,address,yes,matched,yes,2,2323 | 1837 | B.250 | Keizerstraat | 1837-fallback-core-only+street || 2324 | 1837 | B.250 | Keizerstraat | 1837-fallback-core-only+street
588,B249a,Keizerstraat,older-regime,address,yes,matched,yes,2,2524 | 1837 | B.249 | Keizerstraat | 1837-fallback-core-only+street || 2525 | 1837 | B.249 | Keizerstraat | 1837-fallback-core-only+street
589,,,unknown,insufficient-address-components,no,ignored-non-address-annotation,yes,0,
590,,,unknown,insufficient-address-components,no,ignored-non-address-annotation,yes,0,
591,,,unknown,insufficient-address-components,no,ignored-non-address-annotation,yes,0,
592,,,unknown,insufficient-address-components,no,ignored-non-address-annotation,yes,0,
593,,,unknown,insufficient-address-components,no,ignored-non-address-annotation,yes,0,
594,,,unknown,insufficient-address-components,no,ignored-non-address-annotation,yes,0,
595,,,unknown,insufficient-address-components,no,ignored-non-address-annotation,yes,0,
596,,,unknown,insufficient-address-components,no,ignored-non-address-annotation,yes,0,
597,,,older-regime,non-address-annotation,no,ignored-non-address-annotation,yes,0,
598,B,Heerenstraat,older-regime,non-address-annotation,no,ignored-non-address-annotation,yes,0,
599,C1,Waterkant,older-regime,address,yes,matched,yes,3,9 | 1837 | C.  1 | Heiligeweg | 1837-exact-components || 801 | 1837 | C.  1 | Heiligeweg | 1837-exact-components || 3884 | 1837 | C.  1 | Heiligeweg | 1837-exact-components
600,C2,Waterkant,older-regime,address,yes,matched,yes,2,806 | 1837 | C.  2 | Waterkant | 1837-exact-components+street || 807 | 1837 | C.  2 | Waterkant | 1837-exact-components+street
601,C3,Waterkant,older-regime,address,yes,matched,yes,3,815 | 1837 | C.  3a | Waterkant | 1837-fallback-core-only+street || 2189 | 1837 | C.  3 | Waterkant | 1837-exact-components+street || 2192 | 1837 | C.  3 | Waterkant | 1837-exact-components+street
602,C4,Waterkant,older-regime,address,yes,matched,yes,1,823 | 1837 | C.  4 | Waterkant | 1837-exact-components+street
603,C5,Waterkant,older-regime,address,yes,matched,yes,2,829 | 1837 | C.  5 | Waterkant | 1837-exact-components+street || 835 | 1837 | C.  5 | Waterkant | 1837-exact-components+street
604,C6,Waterkant,older-regime,address,yes,matched,yes,3,840 | 1837 | C.  6 | Waterkant | 1837-exact-components+street || 841 | 1837 | C.  6 | Waterkant | 1837-exact-components+street || 2205 | 1837 | C.  6 | Waterkant | 1837-exact-components+street
605,C7,Jodenbreestraat,older-regime,address,yes,matched,yes,3,2171 | 1837 | C.  7b | Jodenbreestraat | 1837-fallback-core-only+street || 2172 | 1837 | C.  7a | Waterkant | 1837-fallback-core-only || 2188 | 1837 | C.  7 | Jodenbreestraat | 1837-exact-components+street
606,C8,Jodenbreestraat,older-regime,address,yes,matched,yes,4,848 | 1837 | C.  8 | Jodenbreestraat | 1837-exact-components+street || 849 | 1837 | C.  8 | Jodenbreestraat | 1837-exact-components+street || 850 | 1837 | C.  8 | Jodenbreestraat | 1837-exact-components+street || 851 | 1837 | C.  8 | Jodenbreestraat | 1837-exact-components+street
607,C9,Jodenbreestraat,older-regime,address,yes,matched,yes,3,858 | 1837 | C.  9 | Jodenbreestraat | 1837-exact-components+street || 859 | 1837 | C.  9 | Jodenbreestraat | 1837-exact-components+street || 860 | 1837 | C.  9 | Jodenbreestraat | 1837-exact-components+street
608,C10bb,Jodenbreestraat,older-regime,address,yes,matched,yes,8,785 | 1837 | C. 10bb | Jodenbreestraat | 1837-exact-components+street || 786 | 1837 | C. 10b | Jodenbreestraat | 1837-fallback-core-only+street || 787 | 1837 | C. 10b | Jodenbreestraat | 1837-fallback-core-only+street || 788 | 1837 | C. 10b | Jodenbreestraat | 1837-fallback-core-only+street || 861 | 1837 | C. 10aa | Jodenbreestraat | 1837-fallback-core-only+street || 866 | 1837 | C. 10aa | Jodenbreestraat | 1837-fallback-core-only+street || 871 | 1837 | C. 10b | Jodenbreestraat | 1837-fallback-core-only+street || 2173 | 1837 | C. 10aa | Jodenbreestraat | 1837-fallback-core-only+street
609,C11,Maagdenstraat,older-regime,address,yes,matched,yes,1,759 | 1837 | C. 11 | Maagdenstraat | 1837-exact-components+street
610,C12,Maagdenstraat,older-regime,address,yes,matched,yes,1,758 | 1837 | C. 12 | Maagdenstraat | 1837-exact-components+street
611,C13,Maagdenstraat,older-regime,address,yes,matched,yes,1,748 | 1837 | C. 13 | Maagdenstraat | 1837-exact-components+street
612,C14a,Maagdenstraat,older-regime,address,yes,matched,yes,6,733 | 1837 | C. 14c | Maagdenstraat | 1837-fallback-core-only+street || 734 | 1837 | C. 14c | Maagdenstraat | 1837-fallback-core-only+street || 735 | 1837 | C. 14 | Maagdenstraat | 1837-fallback-core-only+street || 736 | 1837 | C. 14 | Maagdenstraat | 1837-fallback-core-only+street || 737 | 1837 | C. 14 | Maagdenstraat | 1837-fallback-core-only+street || 738 | 1837 | C. 14 | Maagdenstraat | 1837-fallback-core-only+street
613,C15,Maagdenstraat,older-regime,address,yes,matched,yes,4,36 | 1837 | C. 15 | Heiligeweg | 1837-exact-components || 37 | 1837 | C. 15 | Heiligeweg | 1837-exact-components || 38 | 1837 | C. 15 | Heiligeweg | 1837-exact-components || 2169 | 1837 | C. 15 | Maagdenstraat | 1837-exact-components+street
614,C16,Maagdenstraat,older-regime,address,yes,matched,yes,2,2185 | 1837 | C. 16 | Maagdenstraat | 1837-exact-components+street || 2186 | 1837 | C. 16 | Maagdenstraat | 1837-exact-components+street
615,C22,Maagdenstraat,older-regime,address,yes,matched,yes,1,779 | 1837 | C. 22 | Maagdenstraat | 1837-exact-components+street
616,C21,Maagdenstraat,older-regime,address,yes,matched,yes,5,770 | 1837 | C. 21 | Maagdenstraat | 1837-exact-components+street || 771 | 1837 | C. 21 | Maagdenstraat | 1837-exact-components+street || 772 | 1837 | C. 21 | Maagdenstraat | 1837-exact-components+street || 773 | 1837 | C. 21 | Maagdenstraat | 1837-exact-components+street || 774 | 1837 | C. 21 | Maagdenstraat | 1837-exact-components+street
617,C20b,Maagdenstraat,older-regime,address,yes,matched,yes,2,726 | 1837 | C. 20 | Maagdenstraat | 1837-fallback-core-only+street || 764 | 1837 | C. 20 | Maagdenstraat | 1837-fallback-core-only+street
618,C19,Maagdenstraat,older-regime,address,yes,matched,yes,1,722 | 1837 | C. 19 | Maagdenstraat | 1837-exact-components+street
619,C18,Maagdenstraat,older-regime,address,yes,matched,yes,1,713 | 1837 | C. 18 | Maagdenstraat | 1837-exact-components+street
620,C17,Maagdenstraat,older-regime,address,yes,matched,yes,1,708 | 1837 | C. 17 | Maagdenstraat | 1837-exact-components+street
621,C23b,Jodenbreestraat,older-regime,address,yes,matched,yes,3,795 | 1837 | C. 23a | Jodenbreestraat | 1837-fallback-core-only+street || 876 | 1837 | C. 23b | Jodenbreestraat | 1837-exact-components+street || 2184 | 1837 | C. 23a | Jodenbreestraat | 1837-fallback-core-only+street
622,C24,Jodenbreestraat,older-regime,address,yes,matched,yes,1,886 | 1837 | C. 24 | Jodenbreestraat | 1837-exact-components+street
623,C25,Jodenbreestraat,older-regime,address,yes,matched,yes,1,891 | 1837 | C. 25 | Jodenbreestraat | 1837-exact-components+street
624,C26,Jodenbreestraat,older-regime,address,yes,matched,yes,2,896 | 1837 | C. 26 | Jodenbreestraat | 1837-exact-components+street || 900 | 1837 | C. 26 | Jodenbreestraat | 1837-exact-components+street
625,C27,Jodenbreestraat,older-regime,address,yes,matched,yes,1,901 | 1837 | C. 27 | Jodenbreestraat | 1837-exact-components+street
626,C28,Jodenbreestraat,older-regime,address,yes,matched,yes,2,911 | 1837 | C. 28 | Jodenbreestraat | 1837-exact-components+street || 2174 | 1837 | C. 28 | Jodenbreestraat | 1837-exact-components+street
627,C29,Jodenbreestraat,older-regime,address,yes,matched,yes,4,914 | 1837 | C. 29 | Jodenbreestraat | 1837-exact-components+street || 921 | 1837 | C. 29 | Jodenbreestraat | 1837-exact-components+street || 925 | 1837 | C. 29 | Jodenbreestraat | 1837-exact-components+street || 2170 | 1837 | C. 29 | Jodenbreestraat | 1837-exact-components+street
628,C30,Jodenbreestraat,older-regime,address,yes,matched,yes,3,701 | 1837 | C. 30 | Domineestraat | 1837-exact-components || 702 | 1837 | C. 30 | Domineestraat | 1837-exact-components || 703 | 1837 | C. 30 | Domineestraat | 1837-exact-components
629,C32,Domineestraat,older-regime,address,yes,matched,yes,1,658 | 1837 | C. 32 | Domineestraat | 1837-exact-components+street
630,C31,Domineestraat,older-regime,address,yes,matched,yes,1,690 | 1837 | C. 31 | Domineestraat | 1837-exact-components+street
631,C35,Domineestraat,older-regime,address,yes,matched,yes,6,62 | 1837 | C. 35 | Domineestraat | 1837-exact-components+street || 63 | 1837 | C. 35 | Domineestraat | 1837-exact-components+street || 64 | 1837 | C. 35 | Domineestraat | 1837-exact-components+street || 65 | 1837 | C. 35 | Domineestraat | 1837-exact-components+street || 66 | 1837 | C. 35 | Domineestraat | 1837-exact-components+street || 67 | 1837 | C. 35 | Domineestraat | 1837-exact-components+street
632,C33a,Domineestraat,older-regime,address,yes,matched,yes,4,2165 | 1837 | C. 33c | Domineestraat | 1837-fallback-core-only+street || 2166 | 1837 | C. 33b | Domineestraat | 1837-fallback-core-only+street || 2167 | 1837 | C. 33a | Domineestraat | 1837-exact-components+street || 2168 | 1837 | C. 33 | Domineestraat | 1837-fallback-core-only+street
633,C34,Domineestraat,older-regime,address,yes,matched,yes,1,2164 | 1837 | C. 34 | Domineestraat | 1837-exact-components+street
634,C36,Domineestraat,older-regime,address,yes,matched,yes,1,664 | 1837 | C. 36 | Domineestraat | 1837-exact-components+street
635,C37b,Domineestraat,older-regime,address,yes,matched,yes,7,677 | 1837 | C. 37 | Domineestraat | 1837-fallback-core-only+street || 678 | 1837 | C. 37a | Domineestraat | 1837-fallback-core-only+street || 679 | 1837 | C. 37b | Domineestraat | 1837-exact-components+street || 680 | 1837 | C. 37c | Domineestraat | 1837-fallback-core-only+street || 681 | 1837 | C. 37b | Domineestraat | 1837-exact-components+street || 682 | 1837 | C. 37c | Domineestraat | 1837-fallback-core-only+street || 683 | 1837 | C. 37a | Domineestraat | 1837-fallback-core-only+street
636,C38,Jodenbreestraat,older-regime,address,yes,matched,yes,2,151 | 1837 | C. 38 | Jodenbreestraat | 1837-exact-components+street || 152 | 1837 | C. 38 | Keizerstraat | 1837-exact-components
637,C42,Jodenbreestraat,older-regime,address,yes,matched,yes,1,2732 | 1837 | C. 42 | Jodenbreestraat | 1837-exact-components+street
638,C39,Jodenbreestraat,older-regime,address,yes,matched,yes,1,146 | 1837 | C. 39 | Jodenbreestraat | 1837-exact-components+street
639,C40,Jodenbreestraat,older-regime,address,yes,matched,yes,3,136 | 1837 | C. 40 | Jodenbreestraat | 1837-exact-components+street || 137 | 1837 | C. 40 | Jodenbreestraat | 1837-exact-components+street || 138 | 1837 | C. 40 | Jodenbreestraat | 1837-exact-components+street
640,C41,Jodenbreestraat,older-regime,address,yes,matched,yes,1,2504 | 1837 | C. 41 | Jodenbreestraat | 1837-exact-components+street
641,C43b,Jodenbreestraat,older-regime,address,yes,matched,yes,2,128 | 1837 | C. 43b | Jodenbreestraat | 1837-exact-components+street || 129 | 1837 | C. 43a | Jodenbreestraat | 1837-fallback-core-only+street
642,C45,Jodenbreestraat,older-regime,address,yes,matched,yes,3,119 | 1837 | C. 45a | Jodenbreestraat | 1837-fallback-core-only+street || 120 | 1837 | C. 45 | Jodenbreestraat | 1837-exact-components+street || 121 | 1837 | C. 45 | Jodenbreestraat | 1837-exact-components+street
643,C44b,Jodenbreestraat,older-regime,address,yes,matched,yes,2,2500 | 1837 | C. 44a | Jodenbreestraat | 1837-fallback-core-only+street || 2501 | 1837 | C. 44b | Jodenbreestraat | 1837-exact-components+street
644,C46,Domineestraat,older-regime,address,yes,matched,yes,1,2609 | 1837 | C. 46 | Domineestraat | 1837-exact-components+street
645,C47,Domineestraat,older-regime,address,yes,matched,yes,2,1427 | 1837 | C. 47a | Domineestraat | 1837-fallback-core-only+street || 1428 | 1837 | C. 47b | Domineestraat | 1837-fallback-core-only+street
646,C48,Domineestraat,older-regime,address,yes,matched,yes,1,1426 | 1837 | C. 48 | Domineestraat | 1837-exact-components+street
647,C49,Domineestraat,older-regime,address,yes,matched,yes,1,2749 | 1837 | C. 49 | Domineestraat | 1837-exact-components+street
648,C50,Domineestraat,older-regime,address,yes,matched,yes,1,1421 | 1837 | C. 50 | Domineestraat | 1837-exact-components+street
649,C51,Domineestraat,older-regime,address,yes,matched,yes,1,1420 | 1837 | C. 51 | Domineestraat | 1837-exact-components+street
650,C52,Domineestraat,older-regime,address,yes,matched,yes,1,1419 | 1837 | C. 52 | Domineestraat | 1837-exact-components+street
651,C53,Domineestraat,older-regime,address,yes,matched,yes,1,2342 | 1837 | C. 53 | Domineestraat | 1837-exact-components+street
652,C54a,Domineestraat,older-regime,address,yes,matched,yes,5,1413 | 1837 | C. 54b | Domineestraat | 1837-fallback-core-only+street || 1414 | 1837 | C. 54b | Domineestraat | 1837-fallback-core-only+street || 1415 | 1837 | C. 54b | Domineestraat | 1837-fallback-core-only+street || 2343 | 1837 | C. 54a | Domineestraat | 1837-exact-components+street || 2344 | 1837 | C. 54a | Domineestraat | 1837-exact-components+street
653,C55,Domineestraat,older-regime,address,yes,matched,yes,1,2341 | 1837 | C. 55 | Domineestraat | 1837-exact-components+street
654,C56,Domineestraat,older-regime,address,yes,matched,yes,1,1416 | 1837 | C. 56 | Domineestraat | 1837-exact-components+street
655,C57,Domineestraat,older-regime,address,yes,matched,yes,1,1417 | 1837 | C. 57 | Domineestraat | 1837-exact-components+street
656,C58,Domineestraat,older-regime,address,yes,matched,yes,1,1418 | 1837 | C. 58 | Domineestraat | 1837-exact-components+street
657,C59,Domineestraat,older-regime,address,yes,matched,yes,1,1422 | 1837 | C. 59 | Domineestraat | 1837-exact-components+street
658,C60,Domineestraat,older-regime,address,yes,matched,yes,3,1423 | 1837 | C. 60a | Domineestraat | 1837-fallback-core-only+street || 1424 | 1837 | C. 60 | Domineestraat | 1837-exact-components+street || 1425 | 1837 | C. 60 | Domineestraat | 1837-exact-components+street
659,C61,Domineestraat,older-regime,address,yes,matched,yes,1,2284 | 1837 | C. 61 | Domineestraat | 1837-exact-components+street
660,C62,Domineestraat,older-regime,address,yes,matched,yes,1,2875 | 1837 | C. 62 | Domineestraat | 1837-exact-components+street
661,C63,Domineestraat,older-regime,address,yes,matched,yes,3,2872 | 1837 | C. 63 | Domineestraat | 1837-exact-components+street || 2873 | 1837 | C. 63 | Domineestraat | 1837-exact-components+street || 2874 | 1837 | C. 63 | Domineestraat | 1837-exact-components+street
662,C64,Jodenbreestraat,older-regime,address,yes,matched,yes,1,111 | 1837 | C. 64 | Jodenbreestraat | 1837-exact-components+street
663,C71,Jodenbreestraat,older-regime,address,yes,matched,yes,1,2497 | 1837 | C. 71 | Jodenbreestraat | 1837-exact-components+street
664,C70,Jodenbreestraat,older-regime,address,yes,matched,yes,1,2498 | 1837 | C. 70 | Jodenbreestraat | 1837-exact-components+street
665,C69,Jodenbreestraat,older-regime,address,yes,matched,yes,1,85 | 1837 | C. 69 | Jodenbreestraat | 1837-exact-components+street
666,C68,Jodenbreestraat,older-regime,address,yes,matched,yes,1,89 | 1837 | C. 68 | Jodenbreestraat | 1837-exact-components+street
667,C67,Jodenbreestraat,older-regime,address,yes,matched,yes,1,90 | 1837 | C. 67 | Jodenbreestraat | 1837-exact-components+street
668,C66,Jodenbreestraat,older-regime,address,yes,matched,yes,2,97 | 1837 | C. 66 | Jodenbreestraat | 1837-exact-components+street || 98 | 1837 | C. 66 | Jodenbreestraat | 1837-exact-components+street
669,C65,Jodenbreestraat,older-regime,address,yes,matched,yes,1,106 | 1837 | C. 65 | Jodenbreestraat | 1837-exact-components+street
670,C72,Maagdenstraat,older-regime,address,yes,matched,yes,2,2496 | 1837 | C. 72a | Jodenbreestraat | 1837-fallback-core-only || 2499 | 1837 | C. 72b | Maagdenstraat | 1837-fallback-core-only+street
671,C73,Maagdenstraat,older-regime,address,yes,matched,yes,1,1352 | 1837 | C. 73 | Maagdenstraat | 1837-exact-components+street
672,C74,Maagdenstraat,older-regime,address,yes,matched,yes,1,1353 | 1837 | C. 74 | Maagdenstraat | 1837-exact-components+street
673,C75,Maagdenstraat,older-regime,address,yes,matched,yes,1,1357 | 1837 | C. 75 | Maagdenstraat | 1837-exact-components+street
674,C76,Maagdenstraat,older-regime,address,yes,matched,yes,1,1360 | 1837 | C. 76 | Maagdenstraat | 1837-exact-components+street
675,C77,Maagdenstraat,older-regime,address,yes,matched,yes,2,1361 | 1837 | C. 77 | Maagdenstraat | 1837-exact-components+street || 2613 | 1837 | C. 77 | Maagdenstraat | 1837-exact-components+street
676,C78,Maagdenstraat,older-regime,address,yes,matched,yes,2,1362 | 1837 | C. 78 | Maagdenstraat | 1837-exact-components+street || 1363 | 1837 | C. 78 | Maagdenstraat | 1837-exact-components+street
677,C79,Maagdenstraat,older-regime,address,yes,matched,yes,2,1369 | 1837 | C. 79 | Maagdenstraat | 1837-exact-components+street || 2214 | 1837 | C. 79 | Maagdenstraat | 1837-exact-components+street
678,C80,Maagdenstraat,older-regime,address,yes,matched,yes,2,2616 | 1837 | C. 80 | Maagdenstraat | 1837-exact-components+street || 2617 | 1837 | C. 80 | Maagdenstraat | 1837-exact-components+street
679,C81,Maagdenstraat,older-regime,address,yes,matched,yes,2,1368 | 1837 | C. 81b | Maagdenstraat | 1837-fallback-core-only+street || 2347 | 1837 | C. 81a | Maagdenstraat | 1837-fallback-core-only+street
680,C82,Maagdenstraat,older-regime,address,yes,matched,yes,4,2735 | 1837 | C. 82 | Maagdenstraat | 1837-exact-components+street || 2736 | 1837 | C. 82 | Maagdenstraat | 1837-exact-components+street || 2737 | 1837 | C. 82 | Maagdenstraat | 1837-exact-components+street || 2738 | 1837 | C. 82 | Maagdenstraat | 1837-exact-components+street
681,C83,Maagdenstraat,older-regime,address,yes,matched,yes,5,2742 | 1837 | C. 83a | Maagdenstraat | 1837-fallback-core-only+street || 2743 | 1837 | C. 83 | Maagdenstraat | 1837-exact-components+street || 2744 | 1837 | C. 83 | Maagdenstraat | 1837-exact-components+street || 2745 | 1837 | C. 83 | Maagdenstraat | 1837-exact-components+street || 2746 | 1837 | C. 83 | Maagdenstraat | 1837-exact-components+street
682,C84,Maagdenstraat,older-regime,address,yes,matched,yes,1,1366 | 1837 | C. 84 | Maagdenstraat | 1837-exact-components+street
683,C85,Maagdenstraat,older-regime,address,yes,matched,yes,2,1364 | 1837 | C. 85 | Maagdenstraat | 1837-exact-components+street || 1365 | 1837 | C. 85 | Maagdenstraat | 1837-exact-components+street
684,C86,Maagdenstraat,older-regime,address,yes,matched,yes,2,1358 | 1837 | C. 86 | Maagdenstraat | 1837-exact-components+street || 1359 | 1837 | C. 86 | Maagdenstraat | 1837-exact-components+street
685,C87,Jodenbreestraat,older-regime,address,yes,matched,yes,4,81 | 1837 | C. 87 | Jodenbreestraat | 1837-exact-components+street || 1354 | 1837 | C. 87 | Maagdenstraat | 1837-exact-components || 1355 | 1837 | C. 87 | Maagdenstraat | 1837-exact-components || 1356 | 1837 | C. 87 | Maagdenstraat | 1837-exact-components
686,C88b,Jodenbreestraat,older-regime,address,yes,matched,yes,3,58 | 1837 | C. 88b | Jodenbreestraat | 1837-exact-components+street || 59 | 1837 | C. 88b | Jodenbreestraat | 1837-exact-components+street || 68 | 1837 | C. 88a | Jodenbreestraat | 1837-fallback-core-only+street
687,C89b,Jodenbreestraat,older-regime,address,yes,matched,yes,3,49 | 1837 | C. 89a | Jodenbreestraat | 1837-fallback-core-only+street || 50 | 1837 | C. 89a | Jodenbreestraat | 1837-fallback-core-only+street || 51 | 1837 | C. 89b | Jodenbreestraat | 1837-exact-components+street
688,C90,Jodenbreestraat,older-regime,address,yes,matched,yes,1,43 | 1837 | C. 90 | Jodenbreestraat | 1837-exact-components+street
689,C91,Jodenbreestraat,older-regime,address,yes,matched,yes,1,39 | 1837 | C. 91 | Jodenbreestraat | 1837-exact-components+street
690,C92,Jodenbreestraat,older-regime,address,yes,matched,yes,2,32 | 1837 | C. 92 | Jodenbreestraat | 1837-exact-components+street || 33 | 1837 | C. 92 | Jodenbreestraat | 1837-exact-components+street
691,C93,Jodenbreestraat,older-regime,address,yes,matched,yes,2,21 | 1837 | C. 93 | Jodenbreestraat | 1837-exact-components+street || 26 | 1837 | C. 93 | Jodenbreestraat | 1837-exact-components+street
692,C94,Jodenbreestraat,older-regime,address,yes,matched,yes,1,17 | 1837 | C. 94 | Jodenbreestraat | 1837-exact-components+street
693,C95a,Jodenbreestraat,older-regime,address,yes,matched,yes,2,10 | 1837 | C. 95 | Jodenbreestraat | 1837-fallback-core-only+street || 11 | 1837 | C. 95 | Jodenbreestraat | 1837-fallback-core-only+street
694,C96,Waterkant,older-regime,address,yes,matched,yes,4,1348 | 1837 | C. 96 | Waterkant | 1837-exact-components+street || 1349 | 1837 | C. 96 | Waterkant | 1837-exact-components+street || 1350 | 1837 | C. 96 | Waterkant | 1837-exact-components+street || 1351 | 1837 | C. 96 | Waterkant | 1837-exact-components+street
695,C97,Waterkant,older-regime,address,yes,matched,yes,1,2685 | 1837 | C. 97 | Waterkant | 1837-exact-components+street
696,C98,Waterkant,older-regime,address,yes,matched,yes,1,1347 | 1837 | C. 98 | Waterkant | 1837-exact-components+street
697,C99,Waterkant,older-regime,address,yes,matched,yes,1,1346 | 1837 | C. 99 | Waterkant | 1837-exact-components+street
698,C100,Waterkant,older-regime,address,yes,matched,yes,2,1345 | 1837 | C.100 | Waterkant | 1837-exact-components+street || 5286 | 1837 | C.100 | Waterkant | 1837-exact-components+street
699,C101,Waterkant,older-regime,address,yes,matched,yes,1,1344 | 1837 | C.101 | Waterkant | 1837-exact-components+street
700,C102,Steenbakkerijstraat,older-regime,address,yes,matched,yes,8,2666 | 1837 | C.102 | Steenbakkerijstraat | 1837-exact-components+street || 2667 | 1837 | C.102 | Steenbakkerijstraat | 1837-exact-components+street || 2668 | 1837 | C.102 | Steenbakkerijstraat | 1837-exact-components+street || 2669 | 1837 | C.102 | Steenbakkerijstraat | 1837-exact-components+street || 2670 | 1837 | C.102 | Steenbakkerijstraat | 1837-exact-components+street || 2671 | 1837 | C.102 | Steenbakkerijstraat | 1837-exact-components+street || 2672 | 1837 | C.102 | Steenbakkerijstraat | 1837-exact-components+street || 2673 | 1837 | C.102 | Steenbakkerijstraat | 1837-exact-components+street
701,C106,Steenbakkerijstraat,older-regime,address,yes,matched,yes,4,2715 | 1837 | C.106 | Steenbakkerijstraat | 1837-exact-components+street || 2716 | 1837 | C.106 | Steenbakkerijstraat | 1837-exact-components+street || 2717 | 1837 | C.106 | Steenbakkerijstraat | 1837-exact-components+street || 2718 | 1837 | C.106 | Steenbakkerijstraat | 1837-exact-components+street
702,C105,Steenbakkerijstraat,older-regime,address,yes,matched,yes,2,2658 | 1837 | C.105 | Steenbakkerijstraat | 1837-exact-components+street || 2659 | 1837 | C.105 | Steenbakkerijstraat | 1837-exact-components+street
703,C103,Steenbakkerijstraat,older-regime,address,yes,matched,yes,2,2678 | 1837 | C.103 | Steenbakkerijstraat | 1837-exact-components+street || 2679 | 1837 | C.103 | Steenbakkerijstraat | 1837-exact-components+street
704,C104,Steenbakkerijstraat,older-regime,address,yes,matched,yes,1,2477 | 1837 | C.104 | Steenbakkerijstraat | 1837-exact-components+street
705,C107,Steenbakkerijstraat,older-regime,address,yes,matched,yes,2,2618 | 1837 | C.107 | Steenbakkerijstraat | 1837-exact-components+street || 2619 | 1837 | C.107 | Steenbakkerijstraat | 1837-exact-components+street
706,C111,Steenbakkerijstraat,older-regime,address,yes,matched,yes,2,2348 | 1837 | C.111 | Steenbakkerijstraat | 1837-exact-components+street || 2538 | 1837 | C.111 | Steenbakkerijstraat | 1837-exact-components+street
707,C108,Steenbakkerijstraat,older-regime,address,yes,matched,yes,4,1318 | 1837 | C.108 | Steenbakkerijstraat | 1837-exact-components+street || 1319 | 1837 | C.108 | Steenbakkerijstraat | 1837-exact-components+street || 1320 | 1837 | C.108b | Steenbakkerijstraat | 1837-fallback-core-only+street || 1321 | 1837 | C.108a | Steenbakkerijstraat | 1837-fallback-core-only+street
708,C109,Steenbakkerijstraat,older-regime,address,yes,matched,yes,3,1316 | 1837 | C.109a | Steenbakkerijstraat | 1837-fallback-core-only+street || 1317 | 1837 | C.109a | Steenbakkerijstraat | 1837-fallback-core-only+street || 4738 | 1837 | C.109b | Steenbakkerijstraat | 1837-fallback-core-only+street
709,C110,Steenbakkerijstraat,older-regime,address,yes,matched,yes,1,2486 | 1837 | C.110 | Steenbakkerijstraat | 1837-exact-components+street
710,C112,Steenbakkerijstraat,older-regime,address,yes,matched,yes,1,1308 | 1837 | C.112 | Steenbakkerijstraat | 1837-exact-components+street
711,C113,Steenbakkerijstraat,older-regime,address,yes,matched,yes,1,1309 | 1837 | C.113 | Steenbakkerijstraat | 1837-exact-components+street
712,C114a,Steenbakkerijstraat,older-regime,address,yes,matched,yes,2,1306 | 1837 | C.114a | Steenbakkerijstraat | 1837-exact-components+street || 1307 | 1837 | C.114b | Steenbakkerijstraat | 1837-fallback-core-only+street
713,C115,Steenbakkerijstraat,older-regime,address,yes,matched,yes,3,1295 | 1837 | C.115a | Steenbakkerijstraat | 1837-fallback-core-only+street || 1296 | 1837 | C.115b | Steenbakkerijstraat | 1837-fallback-core-only+street || 1305 | 1837 | C.115 | Steenbakkerijstraat | 1837-exact-components+street
714,C116a,Steenbakkerijstraat,older-regime,address,yes,matched,yes,2,1293 | 1837 | C.116a | Steenbakkerijstraat | 1837-exact-components+street || 1294 | 1837 | C.116b | Steenbakkerijstraat | 1837-fallback-core-only+street
715,C121,Steenbakkerijstraat,older-regime,address,yes,matched,yes,3,1447 | 1837 | C.121 | Zwartenhovenbrugstraat | 1837-exact-components || 2766 | 1837 | C.121 | Steenbakkerijstraat | 1837-exact-components+street || 2767 | 1837 | C.121 | Steenbakkerijstraat | 1837-exact-components+street
716,C120,Steenbakkerijstraat,older-regime,address,yes,matched,yes,1,1289 | 1837 | C.120 | Steenbakkerijstraat | 1837-exact-components+street
717,C117,Steenbakkerijstraat,older-regime,address,yes,matched,yes,1,1292 | 1837 | C.117 | Steenbakkerijstraat | 1837-exact-components+street
718,C118,Steenbakkerijstraat,older-regime,address,yes,matched,yes,1,1291 | 1837 | C.118 | Steenbakkerijstraat | 1837-exact-components+street
719,C119,Steenbakkerijstraat,older-regime,address,yes,matched,yes,1,1290 | 1837 | C.119 | Steenbakkerijstraat | 1837-exact-components+street
720,C122b,Zwartenhovenbrugstraat,older-regime,address,yes,matched,yes,6,1441 | 1837 | C.122 | Zwartenhovenbrugstraat | 1837-fallback-core-only+street || 1442 | 1837 | C.122 | Zwartenhovenbrugstraat | 1837-fallback-core-only+street || 1443 | 1837 | C.122 | Zwartenhovenbrugstraat | 1837-fallback-core-only+street || 1444 | 1837 | C.122 | Zwartenhovenbrugstraat | 1837-fallback-core-only+street || 1445 | 1837 | C.122a | Zwartenhovenbrugstraat | 1837-fallback-core-only+street || 1446 | 1837 | C.122b | Zwartenhovenbrugstraat | 1837-exact-components+street
721,C123,Zwartenhovenbrugstraat,older-regime,address,yes,matched,yes,1,1440 | 1837 | C.123 | Zwartenhovenbrugstraat | 1837-exact-components+street
722,C124,Zwartenhovenbrugstraat,older-regime,address,yes,matched,yes,1,2281 | 1837 | C.124 | Zwartenhovenbrugstraat | 1837-exact-components+street
723,C125,Zwartenhovenbrugstraat,older-regime,address,yes,matched,yes,3,1436 | 1837 | C.125b | Zwartenhovenbrugstraat | 1837-fallback-core-only+street || 1437 | 1837 | C.125b | Zwartenhovenbrugstraat | 1837-fallback-core-only+street || 1438 | 1837 | C.125a | Zwartenhovenbrugstraat | 1837-fallback-core-only+street
724,C126,Keizerstraat,older-regime,address,yes,matched,yes,4,1020 | 1837 | C.126 | Keizerstraat | 1837-exact-components+street || 1021 | 1837 | C.126 | Keizerstraat | 1837-exact-components+street || 1022 | 1837 | C.126 | Keizerstraat | 1837-exact-components+street || 2557 | 1837 | C.126 | Zwartenhovenbrugstraat | 1837-exact-components
725,C127,Keizerstraat,older-regime,address,yes,matched,yes,1,1013 | 1837 | C.127 | Keizerstraat | 1837-exact-components+street
726,C128,Keizerstraat,older-regime,address,yes,matched,yes,1,1004 | 1837 | C.128 | Keizerstraat | 1837-exact-components+street
727,C129,Keizerstraat,older-regime,address,yes,matched,yes,1,1002 | 1837 | C.129 | Keizerstraat | 1837-exact-components+street
728,C133,Keizerstraat,older-regime,address,yes,matched,yes,2,983 | 1837 | C.133 | Keizerstraat | 1837-exact-components+street || 984 | 1837 | C.133 | Keizerstraat | 1837-exact-components+street
729,C130,Keizerstraat,older-regime,address,yes,matched,yes,1,2864 | 1837 | C.130 | Keizerstraat | 1837-exact-components+street
730,C131,Keizerstraat,older-regime,address,yes,matched,yes,2,997 | 1837 | C.131 | Keizerstraat | 1837-exact-components+street || 998 | 1837 | C.131 | Keizerstraat | 1837-exact-components+street
731,C132,Keizerstraat,older-regime,address,yes,matched,yes,1,995 | 1837 | C.132 | Keizerstraat | 1837-exact-components+street
732,C140,Keizerstraat,older-regime,address,yes,matched,yes,8,545 | 1837 | C.140 | Keizerstraat | 1837-exact-components+street || 546 | 1837 | C.140 | Keizerstraat | 1837-exact-components+street || 547 | 1837 | C.140 | Keizerstraat | 1837-exact-components+street || 548 | 1837 | C.140 | Keizerstraat | 1837-exact-components+street || 549 | 1837 | C.140a | Keizerstraat | 1837-fallback-core-only+street || 550 | 1837 | C.140 | Keizerstraat | 1837-exact-components+street || 551 | 1837 | C.140 | Keizerstraat | 1837-exact-components+street || 552 | 1837 | C.140 | Keizerstraat | 1837-exact-components+street
733,C139a,Keizerstraat,older-regime,address,yes,matched,yes,2,2190 | 1837 | C.139b | Keizerstraat | 1837-fallback-core-only+street || 2191 | 1837 | C.139a | Keizerstraat | 1837-exact-components+street
734,C134,Keizerstraat,older-regime,address,yes,matched,yes,2,2177 | 1837 | C.134 | Keizerstraat | 1837-exact-components+street || 2178 | 1837 | C.134 | Keizerstraat | 1837-exact-components+street
735,C135,Keizerstraat,older-regime,address,yes,matched,yes,1,640 | 1837 | C.135 | Keizerstraat | 1837-exact-components+street
736,C136,Keizerstraat,older-regime,address,yes,matched,yes,4,606 | 1837 | C.136 | Keizerstraat | 1837-exact-components+street || 607 | 1837 | C.136 | Keizerstraat | 1837-exact-components+street || 608 | 1837 | C.136 | Keizerstraat | 1837-exact-components+street || 609 | 1837 | C.136 | Keizerstraat | 1837-exact-components+street
737,C137,Keizerstraat,older-regime,address,yes,matched,yes,3,598 | 1837 | C.137 | Keizerstraat | 1837-exact-components+street || 599 | 1837 | C.137 | Keizerstraat | 1837-exact-components+street || 600 | 1837 | C.137 | Keizerstraat | 1837-exact-components+street
738,C138,Keizerstraat,older-regime,address,yes,matched,yes,4,593 | 1837 | C.138 | Keizerstraat | 1837-exact-components+street || 2157 | 1837 | C.138a | Keizerstraat | 1837-fallback-core-only+street || 2158 | 1837 | C.138b | Keizerstraat | 1837-fallback-core-only+street || 2159 | 1837 | C.138 | Keizerstraat | 1837-exact-components+street
739,C141,Heiligeweg,older-regime,address,yes,matched,yes,3,55 | 1837 | C.141 | Heiligeweg | 1837-exact-components+street || 56 | 1837 | C.141 | Heiligeweg | 1837-exact-components+street || 57 | 1837 | C.141 | Heiligeweg | 1837-exact-components+street
740,C142,Heiligeweg,older-regime,address,yes,matched,yes,1,48 | 1837 | C.142 | Heiligeweg | 1837-exact-components+street
741,C143,Heiligeweg,older-regime,address,yes,matched,yes,6,42 | 1837 | C.143 | Heiligeweg | 1837-exact-components+street || 2200 | 1837 | C.143 | Heiligeweg | 1837-exact-components+street || 2201 | 1837 | C.143 | Heiligeweg | 1837-exact-components+street || 2202 | 1837 | C.143 | Heiligeweg | 1837-exact-components+street || 2203 | 1837 | C.143 | Heiligeweg | 1837-exact-components+street || 2204 | 1837 | C.143 | Heiligeweg | 1837-exact-components+street
742,C144b,Heiligeweg,older-regime,address,yes,matched,yes,5,29 | 1837 | C.144 | Heiligeweg | 1837-fallback-core-only+street || 30 | 1837 | C.144 | Heiligeweg | 1837-fallback-core-only+street || 31 | 1837 | C.144 | Heiligeweg | 1837-fallback-core-only+street || 2162 | 1837 | C.144b | Heiligeweg | 1837-exact-components+street || 2163 | 1837 | C.144a | Heiligeweg | 1837-fallback-core-only+street
743,C145,Heiligeweg,older-regime,address,yes,matched,yes,1,25 | 1837 | C.145 | Heiligeweg | 1837-exact-components+street
744,C146a,Heiligeweg,older-regime,address,yes,matched,yes,2,16 | 1837 | C.146b | Heiligeweg | 1837-fallback-core-only+street || 20 | 1837 | C.146a | Heiligeweg | 1837-exact-components+street
745,C147,Waterkant,older-regime,address,yes,matched,yes,1,1342 | 1837 | C.147 | Waterkant | 1837-exact-components+street
746,C148,Waterkant,older-regime,address,yes,matched,yes,2,2473 | 1837 | C.148 | Waterkant | 1837-exact-components+street || 2474 | 1837 | C.148 | Waterkant | 1837-exact-components+street
747,C149,Waterkant,older-regime,address,yes,matched,yes,2,2475 | 1837 | C.149 | Waterkant | 1837-exact-components+street || 2476 | 1837 | C.149 | Waterkant | 1837-exact-components+street
748,C150,Steenbakkerijstraat,older-regime,address,yes,matched,yes,3,1332 | 1837 | C.150 | Steenbakkerijstraat | 1837-exact-components+street || 1333 | 1837 | C.150 | Steenbakkerijstraat | 1837-exact-components+street || 1334 | 1837 | C.150 | Steenbakkerijstraat | 1837-exact-components+street
749,C154,Steenbakkerijstraat,older-regime,address,yes,matched,yes,7,1322 | 1837 | C.154a | Steenbakkerijstraat | 1837-fallback-core-only+street || 1323 | 1837 | C.154b | Maagdenstraat | 1837-fallback-core-only || 1324 | 1837 | C.154 | Maagdenstraat | 1837-exact-components || 1325 | 1837 | C.154 | Maagdenstraat | 1837-exact-components || 1326 | 1837 | C.154 | Maagdenstraat | 1837-exact-components || 1327 | 1837 | C.154 | Steenbakkerijstraat | 1837-exact-components+street || 2339 | 1837 | C.154 | Steenbakkerijstraat | 1837-exact-components+street
750,C153,Steenbakkerijstraat,older-regime,address,yes,matched,yes,2,1328 | 1837 | C.153 | Steenbakkerijstraat | 1837-exact-components+street || 1329 | 1837 | C.153 | Steenbakkerijstraat | 1837-exact-components+street
751,C151,Steenbakkerijstraat,older-regime,address,yes,matched,yes,1,1331 | 1837 | C.151 | Steenbakkerijstraat | 1837-exact-components+street
752,C152,Steenbakkerijstraat,older-regime,address,yes,matched,yes,1,1330 | 1837 | C.152 | Steenbakkerijstraat | 1837-exact-components+street
753,C155a,Maagdenstraat,older-regime,address,yes,matched,yes,13,1373 | 1837 | C.155a | Maagdenstraat | 1837-exact-components+street || 1374 | 1837 | C.155b | Maagdenstraat | 1837-fallback-core-only+street || 1375 | 1837 | C.155c | Maagdenstraat | 1837-fallback-core-only+street || 1376 | 1837 | C.155d | Maagdenstraat | 1837-fallback-core-only+street || 1377 | 1837 | C.155d | Maagdenstraat | 1837-fallback-core-only+street || 1378 | 1837 | C.155d | Maagdenstraat | 1837-fallback-core-only+street || 1379 | 1837 | C.155c | Maagdenstraat | 1837-fallback-core-only+street || 1380 | 1837 | C.155b | Maagdenstraat | 1837-fallback-core-only+street
754,C156,Maagdenstraat,older-regime,address,yes,matched,yes,2,2862 | 1837 | C.156 | Maagdenstraat | 1837-exact-components+street || 2863 | 1837 | C.156 | Maagdenstraat | 1837-exact-components+street
755,C157a,Maagdenstraat,older-regime,address,yes,matched,yes,3,1388 | 1837 | C.157a | Maagdenstraat | 1837-exact-components+street || 1389 | 1837 | C.157 | Maagdenstraat | 1837-fallback-core-only+street || 1390 | 1837 | C.157b | Maagdenstraat | 1837-fallback-core-only+street
756,C158,Maagdenstraat,older-regime,address,yes,matched,yes,1,1387 | 1837 | C.158 | Maagdenstraat | 1837-exact-components+street
757,C159,Maagdenstraat,older-regime,address,yes,matched,yes,1,1386 | 1837 | C.159 | Maagdenstraat | 1837-exact-components+street
758,C160,Maagdenstraat,older-regime,address,yes,matched,yes,1,1385 | 1837 | C.160 | Maagdenstraat | 1837-exact-components+street
759,C161,Maagdenstraat,older-regime,address,yes,matched,yes,1,1384 | 1837 | C.161 | Maagdenstraat | 1837-exact-components+street
760,C162,Maagdenstraat,older-regime,address,yes,matched,yes,1,1383 | 1837 | C.162 | Maagdenstraat | 1837-exact-components+street
761,C163,Maagdenstraat,older-regime,address,yes,matched,yes,1,1372 | 1837 | C.163 | Maagdenstraat | 1837-exact-components+street
762,C164a,Maagdenstraat,older-regime,address,yes,matched,yes,6,1312 | 1837 | C.164d | Steenbakkerijstraat | 1837-fallback-core-only || 1313 | 1837 | C.164c | Steenbakkerijstraat | 1837-fallback-core-only || 1314 | 1837 | C.164b | Steenbakkerijstraat | 1837-fallback-core-only || 1315 | 1837 | C.164b | Steenbakkerijstraat | 1837-fallback-core-only || 1370 | 1837 | C.164a | Maagdenstraat | 1837-exact-components+street || 1371 | 1837 | C.164a | Maagdenstraat | 1837-exact-components+street
763,C165,Steenbakkerijstraat,older-regime,address,yes,matched,yes,1,1311 | 1837 | C.165 | Steenbakkerijstraat | 1837-exact-components+street
764,C166,Domineestraat,older-regime,address,yes,matched,yes,1,1411 | 1837 | C.166 | Domineestraat | 1837-exact-components+street
765,C173,Domineestraat,older-regime,address,yes,matched,yes,2,1486 | 1837 | C.173a | Domineestraat | 1837-fallback-core-only+street || 1487 | 1837 | C.173b | Domineestraat | 1837-fallback-core-only+street
766,C172,Domineestraat,older-regime,address,yes,matched,yes,2,1391 | 1837 | C.172 | Domineestraat | 1837-exact-components+street || 1392 | 1837 | C.172 | Domineestraat | 1837-exact-components+street
767,C171,Domineestraat,older-regime,address,yes,matched,yes,1,1393 | 1837 | C.171 | Domineestraat | 1837-exact-components+street
768,C170,Domineestraat,older-regime,address,yes,matched,yes,3,1399 | 1837 | C.170 | Domineestraat | 1837-exact-components+street || 1400 | 1837 | C.170 | Domineestraat | 1837-exact-components+street || 1401 | 1837 | C.170 | Domineestraat | 1837-exact-components+street
769,C169,Domineestraat,older-regime,address,yes,matched,yes,1,1405 | 1837 | C.169 | Domineestraat | 1837-exact-components+street
770,C168,Domineestraat,older-regime,address,yes,matched,yes,1,1406 | 1837 | C.168 | Domineestraat | 1837-exact-components+street
771,C167,Domineestraat,older-regime,address,yes,matched,yes,1,1407 | 1837 | C.167 | Domineestraat | 1837-exact-components+street
772,C,Dominéstraat,older-regime,non-address-annotation,no,ignored-non-address-annotation,yes,0,
773,C174a,Domineestraat,older-regime,address,yes,matched,yes,5,1394 | 1837 | C.174c | Domineestraat | 1837-fallback-core-only+street || 1395 | 1837 | C.174a | Domineestraat | 1837-exact-components+street || 1396 | 1837 | C.174b | Domineestraat | 1837-fallback-core-only+street || 1397 | 1837 | C.174d | Domineestraat | 1837-fallback-core-only+street || 1398 | 1837 | C.174e | Domineestraat | 1837-fallback-core-only+street
774,C180,Domineestraat,older-regime,address,yes,matched,yes,1,1410 | 1837 | C.180 | Domineestraat | 1837-exact-components+street
775,C181,Domineestraat,older-regime,address,yes,matched,yes,1,2269 | 1837 | C.181 | Domineestraat | 1837-exact-components+street
776,C182,Steenbakkerijstraat,older-regime,address,yes,matched,yes,1,2349 | 1837 | C.182 | Steenbakkerijstraat | 1837-exact-components+street
777,C175,Domineestraat,older-regime,address,yes,matched,yes,1,1402 | 1837 | C.175 | Domineestraat | 1837-exact-components+street
778,C176,Domineestraat,older-regime,address,yes,matched,yes,1,1403 | 1837 | C.176 | Domineestraat | 1837-exact-components+street
779,C177a,Domineestraat,older-regime,address,yes,matched,yes,1,1404 | 1837 | C.177 | Domineestraat | 1837-fallback-core-only+street
780,C178,Domineestraat,older-regime,address,yes,matched,yes,1,1408 | 1837 | C.178 | Domineestraat | 1837-exact-components+street
781,C179,Domineestraat,older-regime,address,yes,matched,yes,1,1409 | 1837 | C.179 | Domineestraat | 1837-exact-components+street
782,C191,Steenbakkerijstraat,older-regime,address,yes,matched,yes,2,1456 | 1837 | C.191 | Zwartenhovenbrugstraat | 1837-exact-components || 1457 | 1837 | C.191 | Zwartenhovenbrugstraat | 1837-exact-components
783,C190,Steenbakkerijstraat,older-regime,address,yes,matched,yes,1,1455 | 1837 | C.190 | Zwartenhovenbrugstraat | 1837-exact-components
784,C183a,Steenbakkerijstraat,older-regime,address,yes,matched,yes,2,2590 | 1837 | C.183a | Steenbakkerijstraat | 1837-exact-components+street || 2591 | 1837 | C.183b | Steenbakkerijstraat | 1837-fallback-core-only+street
785,C184,Steenbakkerijstraat,older-regime,address,yes,matched,yes,1,1310 | 1837 | C.184 | Steenbakkerijstraat | 1837-exact-components+street
786,C185a,Steenbakkerijstraat,older-regime,address,yes,matched,yes,2,1304 | 1837 | C.185b | Steenbakkerijstraat | 1837-fallback-core-only+street || 2285 | 1837 | C.185a | Steenbakkerijstraat | 1837-exact-components+street
787,C186,Steenbakkerijstraat,older-regime,address,yes,matched,yes,2,1302 | 1837 | C.186 | Steenbakkerijstraat | 1837-exact-components+street || 1303 | 1837 | C.186 | Steenbakkerijstraat | 1837-exact-components+street
788,C187,Steenbakkerijstraat,older-regime,address,yes,matched,yes,1,1301 | 1837 | C.187 | Steenbakkerijstraat | 1837-exact-components+street
789,C189,Steenbakkerijstraat,older-regime,address,yes,matched,yes,2,1297 | 1837 | C.189 | Steenbakkerijstraat | 1837-exact-components+street || 1298 | 1837 | C.189 | Steenbakkerijstraat | 1837-exact-components+street
790,C188,Steenbakkerijstraat,older-regime,address,yes,matched,yes,2,1299 | 1837 | C.188 | Steenbakkerijstraat | 1837-exact-components+street || 1300 | 1837 | C.188 | Steenbakkerijstraat | 1837-exact-components+street
791,C192,Zwartenhovenbrugstraat,older-regime,address,yes,matched,yes,1,1458 | 1837 | C.192 | Zwartenhovenbrugstraat | 1837-exact-components+street
792,C193b,Zwartenhovenbrugstraat,older-regime,address,yes,matched,yes,3,1463 | 1837 | C.193a | Zwartenhovenbrugstraat | 1837-fallback-core-only+street || 1464 | 1837 | C.193 | Zwartenhovenbrugstraat | 1837-fallback-core-only+street || 1465 | 1837 | C.193 | Zwartenhovenbrugstraat | 1837-fallback-core-only+street
793,C195,Zwartenhovenbrugstraat,older-regime,address,yes,matched,yes,4,1476 | 1837 | C.195 | Zwartenhovenbrugstraat | 1837-exact-components+street || 1477 | 1837 | C.195 | Zwartenhovenbrugstraat | 1837-exact-components+street || 1478 | 1837 | C.195 | Zwartenhovenbrugstraat | 1837-exact-components+street || 1479 | 1837 | C.195 | Zwartenhovenbrugstraat | 1837-exact-components+street
794,C194,Zwartenhovenbrugstraat,older-regime,address,yes,matched,yes,3,1467 | 1837 | C.194 | Zwartenhovenbrugstraat | 1837-exact-components+street || 1468 | 1837 | C.194 | Zwartenhovenbrugstraat | 1837-exact-components+street || 1469 | 1837 | C.194 | Zwartenhovenbrugstraat | 1837-exact-components+street
795,C196a,Zwartenhovenbrugstraat,older-regime,address,yes,matched,yes,5,2351 | 1837 | C.196c | Zwartenhovenbrugstraat | 1837-fallback-core-only+street || 2352 | 1837 | C.196c | Zwartenhovenbrugstraat | 1837-fallback-core-only+street || 2869 | 1837 | C.196a | Zwartenhovenbrugstraat | 1837-exact-components+street || 2870 | 1837 | C.196a | Zwartenhovenbrugstraat | 1837-exact-components+street || 2871 | 1837 | C.196b | Zwartenhovenbrugstraat | 1837-fallback-core-only+street
796,C197a,Zwartenhovenbrugstraat,older-regime,address,yes,matched,yes,6,1554 | 1837 | C.197b | Zwartenhovenbrugstraat | 1837-fallback-core-only+street || 1555 | 1837 | C.197b | Zwartenhovenbrugstraat | 1837-fallback-core-only+street || 1556 | 1837 | C.197b | Zwartenhovenbrugstraat | 1837-fallback-core-only+street || 1557 | 1837 | C.197b | Zwartenhovenbrugstraat | 1837-fallback-core-only+street || 2275 | 1837 | C.197 | Zwartenhovenbrugstraat | 1837-fallback-core-only+street || 2276 | 1837 | C.197a | Zwartenhovenbrugstraat | 1837-exact-components+street
797,C198,Steenbakkersgracht,older-regime,address,yes,matched,yes,1,2255 | 1837 | C.198 | Steenbakkersgracht | 1837-exact-components+street
798,C199,Steenbakkersgracht,older-regime,address,yes,matched,yes,1,1553 | 1837 | C.199 | Steenbakkersgracht | 1837-exact-components+street
799,C200,Steenbakkersgracht,older-regime,address,yes,matched,yes,1,1552 | 1837 | C.200 | Steenbakkersgracht | 1837-exact-components+street
800,C201,Steenbakkersgracht,older-regime,address,yes,matched,yes,1,1551 | 1837 | C.201 | Steenbakkersgracht | 1837-exact-components+street
801,C202,Steenbakkersgracht,older-regime,address,yes,matched,yes,1,1550 | 1837 | C.202 | Steenbakkersgracht | 1837-exact-components+street
802,C203,Steenbakkersgracht,older-regime,address,yes,matched,yes,1,1549 | 1837 | C.203 | Steenbakkersgracht | 1837-exact-components+street
803,C204,Steenbakkersgracht,older-regime,address,yes,matched,yes,2,1335 | 1837 | C.204 | Steenbakkersgracht | 1837-exact-components+street || 2425 | 1837 | C.204 | Steenbakkersgracht | 1837-exact-components+street
804,C,Steenbakkerijstraat,older-regime,non-address-annotation,no,ignored-non-address-annotation,yes,0,
805,C,Steenbakkerijstraat,older-regime,non-address-annotation,no,ignored-non-address-annotation,yes,0,
806,C,Waterkant,older-regime,non-address-annotation,no,ignored-non-address-annotation,yes,0,
807,C206,Waterkant,older-regime,address,yes,unresolved-linkable-address,yes,0,
808,C207,Waterkant,older-regime,address,yes,unresolved-linkable-address,yes,0,
809,C,Waterkant,older-regime,non-address-annotation,no,ignored-non-address-annotation,yes,0,
810,C205,Waterkant,older-regime,address,yes,unresolved-linkable-address,yes,0,
811,C,Waterkant,older-regime,non-address-annotation,no,ignored-non-address-annotation,yes,0,
812,C,Steenbakkerijstraat,older-regime,non-address-annotation,no,ignored-non-address-annotation,yes,0,
813,,,older-regime,non-address-annotation,no,ignored-non-address-annotation,yes,0,
814,,Domineestraat,older-regime,non-address-annotation,no,ignored-non-address-annotation,yes,0,
815,C,Heiligeweg,older-regime,non-address-annotation,no,ignored-non-address-annotation,yes,0,
816,C,Waterkant,older-regime,non-address-annotation,no,ignored-non-address-annotation,yes,0,
817,,Vaillantsplein,older-regime,non-address-annotation,no,ignored-non-address-annotation,yes,0,
818,,Domineestraat,older-regime,non-address-annotation,no,ignored-non-address-annotation,yes,0,
819,,Keizerstraat,older-regime,non-address-annotation,no,ignored-non-address-annotation,yes,0,
820,B39a,Soldatenstraat,older-regime,address,yes,matched,yes,2,1607 | 1837 | B. 39 | Rust en Vredestraat | 1837-fallback-core-only || 1608 | 1837 | B. 39 | Rust en Vredestraat | 1837-fallback-core-only
821,,,older-regime,non-address-annotation,no,ignored-non-address-annotation,yes,0,
822,D1,Keizerstraat,older-regime,address,yes,matched,yes,4,1030 | 1837 | D.  1 | Keizerstraat | 1837-exact-components+street || 1031 | 1837 | D.  1 | Keizerstraat | 1837-exact-components+street || 1032 | 1837 | D.  1 | Keizerstraat | 1837-exact-components+street || 1033 | 1837 | D.  1 | Keizerstraat | 1837-exact-components+street
823,D29,Keizerstraat,older-regime,address,yes,matched,yes,8,1139 | 1837 | D. 29 | Keizerstraat | 1837-exact-components+street || 1140 | 1837 | D. 29 | Keizerstraat | 1837-exact-components+street || 1141 | 1837 | D. 29 | Keizerstraat | 1837-exact-components+street || 1142 | 1837 | D. 29 | Keizerstraat | 1837-exact-components+street || 1143 | 1837 | D. 29 | Keizerstraat | 1837-exact-components+street || 1144 | 1837 | D. 29b1 | Keizerstraat | 1837-fallback-core-only+street || 1145 | 1837 | D. 29 | Keizerstraat | 1837-exact-components+street || 1146 | 1837 | D. 29b | Keizerstraat | 1837-fallback-core-only+street
824,D15,Keizerstraat,older-regime,address,yes,matched,yes,1,1088 | 1837 | D. 15 | Keizerstraat | 1837-exact-components+street
825,D20,Keizerstraat,older-regime,address,yes,matched,yes,2,1112 | 1837 | D. 20 | Keizerstraat | 1837-exact-components+street || 2676 | 1837 | D. 20 | Keizerstraat | 1837-exact-components+street
826,D10,Keizerstraat,older-regime,address,yes,matched,yes,1,1066 | 1837 | D. 10 | Keizerstraat | 1837-exact-components+street
827,D11,Keizerstraat,older-regime,address,yes,matched,yes,1,2305 | 1837 | D. 11 | Keizerstraat | 1837-exact-components+street
828,D12,Keizerstraat,older-regime,address,yes,matched,yes,1,1074 | 1837 | D. 12 | Keizerstraat | 1837-exact-components+street
829,D13,Keizerstraat,older-regime,address,yes,matched,yes,1,1075 | 1837 | D. 13 | Keizerstraat | 1837-exact-components+street
830,D14,Keizerstraat,older-regime,address,yes,matched,yes,3,1084 | 1837 | D. 14 | Keizerstraat | 1837-exact-components+street || 1085 | 1837 | D. 14 | Keizerstraat | 1837-exact-components+street || 1086 | 1837 | D. 14 | Keizerstraat | 1837-exact-components+street
831,D5,Keizerstraat,older-regime,address,yes,matched,yes,1,1047 | 1837 | D.  5 | Keizerstraat | 1837-exact-components+street
832,D6a,Keizerstraat,older-regime,address,yes,matched,yes,2,2247 | 1837 | D.  6a | Keizerstraat | 1837-exact-components+street || 2248 | 1837 | D.  6b | Keizerstraat | 1837-fallback-core-only+street
833,D7,Keizerstraat,older-regime,address,yes,matched,yes,1,2410 | 1837 | D.  7 | Keizerstraat | 1837-exact-components+street
834,D8,Keizerstraat,older-regime,address,yes,matched,yes,2,1050 | 1837 | D.  8a | Keizerstraat | 1837-fallback-core-only+street || 1051 | 1837 | D.  8b | Keizerstraat | 1837-fallback-core-only+street
835,D9b,Keizerstraat,older-regime,address,yes,matched,yes,4,1061 | 1837 | D.  9a | Keizerstraat | 1837-fallback-core-only+street || 1062 | 1837 | D.  9b | Keizerstraat | 1837-exact-components+street || 1063 | 1837 | D.  9c | Keizerstraat | 1837-fallback-core-only+street || 1064 | 1837 | D.  9 | Keizerstraat | 1837-fallback-core-only+street
836,D4a,Keizerstraat,older-regime,address,yes,matched,yes,2,1041 | 1837 | D.  4a | Keizerstraat | 1837-exact-components+street || 1042 | 1837 | D.  4b | Keizerstraat | 1837-fallback-core-only+street
837,D3,Keizerstraat,older-regime,address,yes,matched,yes,1,1038 | 1837 | D.  3 | Keizerstraat | 1837-exact-components+street
838,D2a,Keizerstraat,older-regime,address,yes,matched,yes,2,2519 | 1837 | D.  2a | Keizerstraat | 1837-exact-components+street || 2520 | 1837 | D.  2b | Keizerstraat | 1837-fallback-core-only+street
839,D16a,Keizerstraat,older-regime,address,yes,matched,yes,2,1093 | 1837 | D. 16a | Keizerstraat | 1837-exact-components+street || 1094 | 1837 | D. 16b | Keizerstraat | 1837-fallback-core-only+street
840,D17,Keizerstraat,older-regime,address,yes,matched,yes,2,1096 | 1837 | D. 17a | Keizerstraat | 1837-fallback-core-only+street || 1097 | 1837 | D. 17b | Keizerstraat | 1837-fallback-core-only+street
841,D18a,Keizerstraat,older-regime,address,yes,matched,yes,2,1099 | 1837 | D. 18a | Keizerstraat | 1837-exact-components+street || 1100 | 1837 | D. 18b | Keizerstraat | 1837-fallback-core-only+street
842,D19a,Keizerstraat,older-regime,address,yes,matched,yes,2,1111 | 1837 | D. 19a | Keizerstraat | 1837-exact-components+street || 2662 | 1837 | D. 19b | Keizerstraat | 1837-fallback-core-only+street
843,D24,Keizerstraat,older-regime,address,yes,matched,yes,1,1119 | 1837 | D. 24 | Keizerstraat | 1837-exact-components+street
844,D23,Keizerstraat,older-regime,address,yes,matched,yes,1,2729 | 1837 | D. 23 | Keizerstraat | 1837-exact-components+street
845,D22,Keizerstraat,older-regime,address,yes,matched,yes,2,2521 | 1837 | D. 22 | Keizerstraat | 1837-exact-components+street || 2522 | 1837 | D. 22 | Keizerstraat | 1837-exact-components+street
846,D21,Keizerstraat,older-regime,address,yes,matched,yes,2,1113 | 1837 | D. 21a | Keizerstraat | 1837-fallback-core-only+street || 1114 | 1837 | D. 21b | Keizerstraat | 1837-fallback-core-only+street
847,D25b,Keizerstraat,older-regime,address,yes,matched,yes,2,1130 | 1837 | D. 25a | Keizerstraat | 1837-fallback-core-only+street || 1131 | 1837 | D. 25b | Keizerstraat | 1837-exact-components+street
848,D26b,Keizerstraat,older-regime,address,yes,matched,yes,2,1132 | 1837 | D. 26a | Keizerstraat | 1837-fallback-core-only+street || 1133 | 1837 | D. 26b | Keizerstraat | 1837-exact-components+street
849,D27,Keizerstraat,older-regime,address,yes,matched,yes,1,1134 | 1837 | D. 27 | Keizerstraat | 1837-exact-components+street
850,D28,Keizerstraat,older-regime,address,yes,matched,yes,2,1135 | 1837 | D. 28a | Keizerstraat | 1837-fallback-core-only+street || 1136 | 1837 | D. 28b | Keizerstraat | 1837-fallback-core-only+street
851,D30,Rust en Vredestraat,older-regime,address,yes,matched,yes,6,2261 | 1837 | D. 30 | Rust en Vredestraat | 1837-exact-components+street || 2262 | 1837 | D. 30 | Rust en Vredestraat | 1837-exact-components+street || 2263 | 1837 | D. 30 | Rust en Vredestraat | 1837-exact-components+street || 2264 | 1837 | D. 30 | Rust en Vredestraat | 1837-exact-components+street || 2265 | 1837 | D. 30 | Rust en Vredestraat | 1837-exact-components+street || 2266 | 1837 | D. 30 | Rust en Vredestraat | 1837-exact-components+street
852,D31,Rust en Vredestraat,older-regime,address,yes,matched,yes,2,2468 | 1837 | D. 31 | Rust en Vredestraat | 1837-exact-components+street || 2469 | 1837 | D. 31 | Rust en Vredestraat | 1837-exact-components+street
853,D32,Rust en Vredestraat,older-regime,address,yes,matched,yes,2,2267 | 1837 | D. 32 | Rust en Vredestraat | 1837-exact-components+street || 2268 | 1837 | D. 32 | Rust en Vredestraat | 1837-exact-components+street
854,D33c,Rust en Vredestraat,older-regime,address,yes,matched,yes,8,1147 | 1837 | D. 33c | Keizerstraat | 1837-exact-components || 1148 | 1837 | D. 33b2 | Keizerstraat | 1837-fallback-core-only || 1149 | 1837 | D. 33b1 | Keizerstraat | 1837-fallback-core-only || 1150 | 1837 | D. 331b | Keizerstraat | 1837-fallback-core-only || 1151 | 1837 | D. 331a | Keizerstraat | 1837-fallback-core-only || 1152 | 1837 | D. 33a | Keizerstraat | 1837-fallback-core-only || 1153 | 1837 | D. 33a | Keizerstraat | 1837-fallback-core-only || 1154 | 1837 | D. 33a | Keizerstraat | 1837-fallback-core-only
855,D34,Keizerstraat,older-regime,address,yes,matched,yes,3,2320 | 1837 | D. 34 | Keizerstraat | 1837-exact-components+street || 2321 | 1837 | D. 34 | Keizerstraat | 1837-exact-components+street || 2322 | 1837 | D. 34 | Keizerstraat | 1837-exact-components+street
856,D42a,Keizerstraat,older-regime,address,yes,matched,yes,7,1187 | 1837 | D. 42a | Keizerstraat | 1837-exact-components+street || 1188 | 1837 | D. 42b | Keizerstraat | 1837-fallback-core-only+street || 2781 | 1837 | D. 42c | Keizerstraat | 1837-fallback-core-only+street || 2782 | 1837 | D. 42 | Keizerstraat | 1837-fallback-core-only+street || 2783 | 1837 | D. 42 | Keizerstraat | 1837-fallback-core-only+street || 2784 | 1837 | D. 42d | Keizerstraat | 1837-fallback-core-only+street || 2785 | 1837 | D. 42e | Keizerstraat | 1837-fallback-core-only+street
857,D38,Keizerstraat,older-regime,address,yes,matched,yes,3,1171 | 1837 | D. 38 | Keizerstraat | 1837-exact-components+street || 1172 | 1837 | D. 38 | Keizerstraat | 1837-exact-components+street || 1173 | 1837 | D. 38 | Keizerstraat | 1837-exact-components+street
858,D35,Keizerstraat,older-regime,address,yes,matched,yes,2,2502 | 1837 | D. 35 | Keizerstraat | 1837-exact-components+street || 2503 | 1837 | D. 35 | Keizerstraat | 1837-exact-components+street
859,D36,Keizerstraat,older-regime,address,yes,matched,yes,2,1162 | 1837 | D. 36 | Keizerstraat | 1837-exact-components+street || 1163 | 1837 | D. 36 | Keizerstraat | 1837-exact-components+street
860,D37a,Keizerstraat,older-regime,address,yes,matched,yes,4,1164 | 1837 | D. 37a | Keizerstraat | 1837-exact-components+street || 1165 | 1837 | D. 37a | Keizerstraat | 1837-exact-components+street || 1166 | 1837 | D. 37b | Keizerstraat | 1837-fallback-core-only+street || 1167 | 1837 | D. 37b | Keizerstraat | 1837-fallback-core-only+street
861,D39a,Keizerstraat,older-regime,address,yes,matched,yes,2,2614 | 1837 | D. 39 | Keizerstraat | 1837-fallback-core-only+street || 2615 | 1837 | D. 39 | Keizerstraat | 1837-fallback-core-only+street
862,D40,Keizerstraat,older-regime,address,yes,matched,yes,2,1174 | 1837 | D. 40 | Keizerstraat | 1837-exact-components+street || 1175 | 1837 | D. 40 | Keizerstraat | 1837-exact-components+street
863,D41a,Keizerstraat,older-regime,address,yes,matched,yes,9,1178 | 1837 | D. 41 | Keizerstraat | 1837-fallback-core-only+street || 1179 | 1837 | D. 41 | Keizerstraat | 1837-fallback-core-only+street || 1180 | 1837 | D. 41 | Keizerstraat | 1837-fallback-core-only+street || 1181 | 1837 | D. 41 | Keizerstraat | 1837-fallback-core-only+street || 1182 | 1837 | D. 41 | Keizerstraat | 1837-fallback-core-only+street || 1183 | 1837 | D. 41 | Keizerstraat | 1837-fallback-core-only+street || 1184 | 1837 | D. 41 | Keizerstraat | 1837-fallback-core-only+street || 1185 | 1837 | D. 41 | Keizerstraat | 1837-fallback-core-only+street
864,D43ba,Weidestraat,older-regime,address,yes,matched,yes,12,1199 | 1837 | D. 43a | Weidestraat | 1837-fallback-core-only+street || 1200 | 1837 | D. 43b | Weidestraat | 1837-fallback-core-only+street || 1201 | 1837 | D. 43c | Weidestraat | 1837-fallback-core-only+street || 1202 | 1837 | D. 43d | Weidestraat | 1837-fallback-core-only+street || 1203 | 1837 | D. 43e | Weidestraat | 1837-fallback-core-only+street || 1204 | 1837 | D. 43f | Weidestraat | 1837-fallback-core-only+street || 1205 | 1837 | D. 43 | Weidestraat | 1837-fallback-core-only+street || 1206 | 1837 | D. 43 | Weidestraat | 1837-fallback-core-only+street
865,D52b,Weidestraat,older-regime,address,yes,matched,yes,11,1626 | 1837 | D. 52f | Weidestraat | 1837-fallback-core-only+street || 1627 | 1837 | D. 52e | Weidestraat | 1837-fallback-core-only+street || 1628 | 1837 | D. 52da | Weidestraat | 1837-fallback-core-only+street || 1629 | 1837 | D. 52d | Weidestraat | 1837-fallback-core-only+street || 1630 | 1837 | D. 52 | Weidestraat | 1837-fallback-core-only+street || 1631 | 1837 | D. 52d | Weidestraat | 1837-fallback-core-only+street || 1632 | 1837 | D. 52c | Weidestraat | 1837-fallback-core-only+street || 1633 | 1837 | D. 52c | Weidestraat | 1837-fallback-core-only+street
866,D44,Weidestraat,older-regime,address,yes,matched,yes,2,1211 | 1837 | D. 44 | Weidestraat | 1837-exact-components+street || 1212 | 1837 | D. 44 | Weidestraat | 1837-exact-components+street
867,D48a,Weidestraat,older-regime,address,yes,matched,yes,2,1216 | 1837 | D. 48 | Weidestraat | 1837-fallback-core-only+street || 1217 | 1837 | D. 48a | Weidestraat | 1837-exact-components+street
868,D45,Weidestraat,older-regime,address,yes,matched,yes,1,1213 | 1837 | D. 45 | Weidestraat | 1837-exact-components+street
869,D46,Weidestraat,older-regime,address,yes,matched,yes,2,1214 | 1837 | D. 46 | Weidestraat | 1837-exact-components+street || 1215 | 1837 | D. 46 | Weidestraat | 1837-exact-components+street
870,D47a,Weidestraat,older-regime,address,yes,matched,yes,2,2727 | 1837 | D. 47b | Weidestraat | 1837-fallback-core-only+street || 2728 | 1837 | D. 47a | Weidestraat | 1837-exact-components+street
871,D49a,Weidestraat,older-regime,address,yes,matched,yes,2,1218 | 1837 | D. 49b | Weidestraat | 1837-fallback-core-only+street || 1219 | 1837 | D. 49a | Weidestraat | 1837-exact-components+street
872,D50,Weidestraat,older-regime,address,yes,matched,yes,2,1220 | 1837 | D. 50b | Weidestraat | 1837-fallback-core-only+street || 1221 | 1837 | D. 50a | Weidestraat | 1837-fallback-core-only+street
873,D51,Weidestraat,older-regime,address,yes,matched,yes,4,1222 | 1837 | D. 51 | Weidestraat | 1837-fallback-core-only+street || 1223 | 1837 | D. 51 | Weidestraat | 1837-fallback-core-only+street || 1224 | 1837 | D. 51 | Weidestraat | 1837-fallback-core-only+street || 1225 | 1837 | D. 51 | Weidestraat | 1837-fallback-core-only+street
874,D53,Weidestraat,older-regime,address,yes,matched,yes,2,2257 | 1837 | D. 53 | Weidestraat | 1837-exact-components+street || 2258 | 1837 | D. 53 | Weidestraat | 1837-exact-components+street
875,D78,Weidestraat,older-regime,address,yes,matched,yes,3,1286 | 1837 | D. 78 | Weidestraat | 1837-exact-components+street || 1287 | 1837 | D. 78 | Weidestraat | 1837-exact-components+street || 1288 | 1837 | D. 78 | Weidestraat | 1837-exact-components+street
876,D65,Weidestraat,older-regime,address,yes,matched,yes,1,1253 | 1837 | D. 65 | Weidestraat | 1837-exact-components+street
877,D59ab,Weidestraat,older-regime,address,yes,matched,yes,4,2240 | 1837 | D. 59 | Weidestraat | 1837-fallback-core-only+street || 2241 | 1837 | D. 59 | Weidestraat | 1837-fallback-core-only+street || 2772 | 1837 | D. 59 | Weidestraat | 1837-fallback-core-only+street || 2773 | 1837 | D. 59 | Weidestraat | 1837-fallback-core-only+street
878,D54,Weidestraat,older-regime,address,yes,matched,yes,1,1226 | 1837 | D. 54 | Weidestraat | 1837-exact-components+street
879,D55,Weidestraat,older-regime,address,yes,matched,yes,1,1233 | 1837 | D. 55 | Weidestraat | 1837-exact-components+street
880,D56,Weidestraat,older-regime,address,yes,matched,yes,2,1231 | 1837 | D. 56 | Weidestraat | 1837-exact-components+street || 1232 | 1837 | D. 56 | Weidestraat | 1837-exact-components+street
881,D57a,Weidestraat,older-regime,address,yes,matched,yes,3,2760 | 1837 | D. 57 | Weidestraat | 1837-fallback-core-only+street || 2761 | 1837 | D. 57 | Weidestraat | 1837-fallback-core-only+street || 2762 | 1837 | D. 57 | Weidestraat | 1837-fallback-core-only+street
882,D58,Weidestraat,older-regime,address,yes,matched,yes,2,2758 | 1837 | D. 58 | Weidestraat | 1837-exact-components+street || 2759 | 1837 | D. 58 | Weidestraat | 1837-exact-components+street
883,D60,Weidestraat,older-regime,address,yes,matched,yes,2,2778 | 1837 | D. 60 | Weidestraat | 1837-exact-components+street || 2779 | 1837 | D. 60 | Weidestraat | 1837-exact-components+street
884,D61,Weidestraat,older-regime,address,yes,matched,yes,1,1245 | 1837 | D. 61 | Weidestraat | 1837-exact-components+street
885,D62a,Weidestraat,older-regime,address,yes,matched,yes,2,1246 | 1837 | D. 62b | Weidestraat | 1837-fallback-core-only+street || 1247 | 1837 | D. 62a | Weidestraat | 1837-exact-components+street
886,D63,Weidestraat,older-regime,address,yes,matched,yes,1,1251 | 1837 | D. 63 | Weidestraat | 1837-exact-components+street
887,D64,Weidestraat,older-regime,address,yes,matched,yes,1,1252 | 1837 | D. 64 | Weidestraat | 1837-exact-components+street
888,D72a,Weidestraat,older-regime,address,yes,matched,yes,3,1270 | 1837 | D. 72 | Weidestraat | 1837-fallback-core-only+street || 1271 | 1837 | D. 72 | Weidestraat | 1837-fallback-core-only+street || 1272 | 1837 | D. 72 | Weidestraat | 1837-fallback-core-only+street
889,D66,Weidestraat,older-regime,address,yes,matched,yes,1,2411 | 1837 | D. 66 | Weidestraat | 1837-exact-components+street
890,D67a,Weidestraat,older-regime,address,yes,matched,yes,2,1254 | 1837 | D. 67 | Weidestraat | 1837-fallback-core-only+street || 1255 | 1837 | D. 67 | Weidestraat | 1837-fallback-core-only+street
891,D68,Weidestraat,older-regime,address,yes,matched,yes,2,1257 | 1837 | D. 68 | Weidestraat | 1837-exact-components+street || 1258 | 1837 | D. 68 | Weidestraat | 1837-exact-components+street
892,D69,Weidestraat,older-regime,address,yes,matched,yes,1,1259 | 1837 | D. 69 | Weidestraat | 1837-exact-components+street
893,D70,Weidestraat,older-regime,address,yes,matched,yes,1,2556 | 1837 | D. 70 | Weidestraat | 1837-exact-components+street
894,D71,Weidestraat,older-regime,address,yes,matched,yes,2,1268 | 1837 | D. 71 | Weidestraat | 1837-exact-components+street || 1269 | 1837 | D. 71 | Weidestraat | 1837-exact-components+street
895,D73,Weidestraat,older-regime,address,yes,matched,yes,1,1277 | 1837 | D. 73 | Weidestraat | 1837-exact-components+street
896,D74,Weidestraat,older-regime,address,yes,matched,yes,2,1281 | 1837 | D. 74 | Weidestraat | 1837-exact-components+street || 1282 | 1837 | D. 74 | Weidestraat | 1837-exact-components+street
897,D75,Weidestraat,older-regime,address,yes,matched,yes,1,1283 | 1837 | D. 75 | Weidestraat | 1837-exact-components+street
898,D76b,Weidestraat,older-regime,address,yes,matched,yes,2,2242 | 1837 | D. 76b | Weidestraat | 1837-exact-components+street || 2243 | 1837 | D. 76a | Weidestraat | 1837-fallback-core-only+street
899,D77b,Weidestraat,older-regime,address,yes,matched,yes,2,1284 | 1837 | D. 77a | Weidestraat | 1837-fallback-core-only+street || 1285 | 1837 | D. 77b | Weidestraat | 1837-exact-components+street
900,D79b,Weidestraat,older-regime,address,yes,matched,yes,3,1278 | 1837 | D. 79 | Weidestraat | 1837-fallback-core-only+street || 1279 | 1837 | D. 79 | Weidestraat | 1837-fallback-core-only+street || 1280 | 1837 | D. 79 | Weidestraat | 1837-fallback-core-only+street
901,D86a,Weidestraat,older-regime,address,yes,matched,yes,3,2527 | 1837 | D. 86 | Weidestraat | 1837-fallback-core-only+street || 2528 | 1837 | D. 86 | Weidestraat | 1837-fallback-core-only+street || 2529 | 1837 | D. 86 | Weidestraat | 1837-fallback-core-only+street
902,D87b,Weidestraat,older-regime,address,yes,matched,yes,2,1249 | 1837 | D. 87a | Weidestraat | 1837-fallback-core-only+street || 1250 | 1837 | D. 87b | Weidestraat | 1837-exact-components+street
903,D99,Weidestraat,older-regime,address,yes,matched,yes,1,2876 | 1837 | D. 99 | Weidestraat | 1837-exact-components+street
904,D80b,Weidestraat,older-regime,address,yes,matched,yes,2,1274 | 1837 | D. 80a | Weidestraat | 1837-fallback-core-only+street || 1275 | 1837 | D. 80b | Weidestraat | 1837-exact-components+street
905,D81,Weidestraat,older-regime,address,yes,matched,yes,1,1276 | 1837 | D. 81 | Weidestraat | 1837-exact-components+street
906,D82,Weidestraat,older-regime,address,yes,matched,yes,1,1273 | 1837 | D. 82 | Weidestraat | 1837-exact-components+street
907,D83,Weidestraat,older-regime,address,yes,matched,yes,3,1265 | 1837 | D. 83 | Weidestraat | 1837-exact-components+street || 1266 | 1837 | D. 83 | Weidestraat | 1837-exact-components+street || 1267 | 1837 | D. 83 | Weidestraat | 1837-exact-components+street
908,D84,Weidestraat,older-regime,address,yes,matched,yes,2,1260 | 1837 | D. 84 | Weidestraat | 1837-exact-components+street || 1261 | 1837 | D. 84 | Weidestraat | 1837-exact-components+street
909,D85b,Weidestraat,older-regime,address,yes,matched,yes,2,1262 | 1837 | D. 85 | Weidestraat | 1837-fallback-core-only+street || 1263 | 1837 | D. 85 | Weidestraat | 1837-fallback-core-only+street
910,D93a,Weidestraat,older-regime,address,yes,matched,yes,2,1239 | 1837 | D. 93 | Weidestraat | 1837-fallback-core-only+street || 1240 | 1837 | D. 93 | Weidestraat | 1837-fallback-core-only+street
911,D88a,Weidestraat,older-regime,address,yes,matched,yes,2,1248 | 1837 | D. 88b | Weidestraat | 1837-fallback-core-only+street || 2412 | 1837 | D. 88a | Weidestraat | 1837-exact-components+street
912,D89,Weidestraat,older-regime,address,yes,matched,yes,1,1244 | 1837 | D. 89 | Weidestraat | 1837-exact-components+street
913,D90,Weidestraat,older-regime,address,yes,matched,yes,1,1243 | 1837 | D. 90 | Weidestraat | 1837-exact-components+street
914,D91,Weidestraat,older-regime,address,yes,matched,yes,1,1241 | 1837 | D. 91 | Weidestraat | 1837-exact-components+street
915,D92,Weidestraat,older-regime,address,yes,matched,yes,1,1242 | 1837 | D. 92 | Weidestraat | 1837-exact-components+street
916,D94,Weidestraat,older-regime,address,yes,matched,yes,2,1234 | 1837 | D. 94 | Weidestraat | 1837-exact-components+street || 1237 | 1837 | D. 94 | Weidestraat | 1837-exact-components+street
917,D95,Weidestraat,older-regime,address,yes,matched,yes,2,1235 | 1837 | D. 95 | Weidestraat | 1837-exact-components+street || 1236 | 1837 | D. 95 | Weidestraat | 1837-exact-components+street
918,D96,Weidestraat,older-regime,address,yes,matched,yes,1,1230 | 1837 | D. 96 | Weidestraat | 1837-exact-components+street
919,D97,Weidestraat,older-regime,address,yes,matched,yes,2,1227 | 1837 | D. 97 | Weidestraat | 1837-exact-components+street || 1228 | 1837 | D. 97 | Weidestraat | 1837-exact-components+street
920,D98,Weidestraat,older-regime,address,yes,matched,yes,1,1229 | 1837 | D. 98 | Weidestraat | 1837-exact-components+street
921,D100a,Burenstraat,older-regime,address,yes,matched,yes,2,1637 | 1837 | D.100b | Burenstraat | 1837-fallback-core-only+street || 1638 | 1837 | D.100a | Burenstraat | 1837-exact-components+street
922,D110,Burenstraat,older-regime,address,yes,matched,yes,3,1655 | 1837 | D.110 | Burenstraat | 1837-exact-components+street || 1656 | 1837 | D.110 | Burenstraat | 1837-exact-components+street || 1657 | 1837 | D.110 | Burenstraat | 1837-exact-components+street
923,D109a,Burenstraat,older-regime,address,yes,matched,yes,3,2292 | 1837 | D.109 | Burenstraat | 1837-fallback-core-only+street || 2293 | 1837 | D.109 | Burenstraat | 1837-fallback-core-only+street || 2294 | 1837 | D.109 | Burenstraat | 1837-fallback-core-only+street
924,D111a,Burenstraat,older-regime,address,yes,matched,yes,3,1664 | 1837 | D.111b | Burenstraat | 1837-fallback-core-only+street || 1665 | 1837 | D.111a | Burenstraat | 1837-exact-components+street || 1666 | 1837 | D.111 | Burenstraat | 1837-fallback-core-only+street
925,D122,Burenstraat,older-regime,address,yes,matched,yes,1,2416 | 1837 | D.122 | Burenstraat | 1837-exact-components+street
926,D101,Burenstraat,older-regime,address,yes,matched,yes,2,1640 | 1837 | D.101 | Burenstraat | 1837-exact-components+street || 2641 | 1837 | D.101 | Burenstraat | 1837-exact-components+street
927,D102,Burenstraat,older-regime,address,yes,matched,yes,1,1639 | 1837 | D.102 | Burenstraat | 1837-exact-components+street
928,D103,Burenstraat,older-regime,address,yes,matched,yes,1,1641 | 1837 | D.103 | Burenstraat | 1837-exact-components+street
929,D104,Burenstraat,older-regime,address,yes,matched,yes,3,2831 | 1837 | D.104a | Burenstraat | 1837-fallback-core-only+street || 2832 | 1837 | D.104b | Burenstraat | 1837-fallback-core-only+street || 2833 | 1837 | D.104 | Burenstraat | 1837-exact-components+street
930,D108,Burenstraat,older-regime,address,yes,matched,yes,3,2295 | 1837 | D.108 | Burenstraat | 1837-exact-components+street || 2296 | 1837 | D.108 | Burenstraat | 1837-exact-components+street || 2297 | 1837 | D.108 | Burenstraat | 1837-exact-components+street
931,D105,Burenstraat,older-regime,address,yes,matched,yes,1,1238 | 1837 | D.105 | Burenstraat | 1837-exact-components+street
932,D106,Burenstraat,older-regime,address,yes,matched,yes,1,2424 | 1837 | D.106 | Burenstraat | 1837-exact-components+street
933,D107a,Burenstraat,older-regime,address,yes,matched,yes,2,2236 | 1837 | D.107b | Burenstraat | 1837-fallback-core-only+street || 2237 | 1837 | D.107a | Burenstraat | 1837-exact-components+street
934,D117,Burenstraat,older-regime,address,yes,matched,yes,1,2419 | 1837 | D.117 | Burenstraat | 1837-exact-components+street
935,D112,Burenstraat,older-regime,address,yes,matched,yes,2,2422 | 1837 | D.112 | Burenstraat | 1837-exact-components+street || 2423 | 1837 | D.112 | Burenstraat | 1837-exact-components+street
936,D113,Burenstraat,older-regime,address,yes,matched,yes,2,1663 | 1837 | D.113a | Burenstraat | 1837-fallback-core-only+street || 2535 | 1837 | D.113b | Burenstraat | 1837-fallback-core-only+street
937,D114b,Burenstraat,older-regime,address,yes,matched,yes,2,1667 | 1837 | D.114b | Burenstraat | 1837-exact-components+street || 1668 | 1837 | D.114a | Burenstraat | 1837-fallback-core-only+street
938,D115,Burenstraat,older-regime,address,yes,matched,yes,1,1669 | 1837 | D.115 | Burenstraat | 1837-exact-components+street
939,D116,Burenstraat,older-regime,address,yes,matched,yes,1,1670 | 1837 | D.116 | Burenstraat | 1837-exact-components+street
940,D118,Burenstraat,older-regime,address,yes,matched,yes,1,2812 | 1837 | D.118 | Burenstraat | 1837-exact-components+street
941,D119,Burenstraat,older-regime,address,yes,matched,yes,2,2417 | 1837 | D.119 | Burenstraat | 1837-exact-components+street || 2418 | 1837 | D.119 | Burenstraat | 1837-exact-components+street
942,D120,Burenstraat,older-regime,address,yes,matched,yes,2,2505 | 1837 | D.120 | Burenstraat | 1837-exact-components+street || 2506 | 1837 | D.120 | Burenstraat | 1837-exact-components+street
943,D121a,Burenstraat,older-regime,address,yes,matched,yes,3,2531 | 1837 | D.121a | Burenstraat | 1837-exact-components+street || 2532 | 1837 | D.121b | Burenstraat | 1837-fallback-core-only+street || 2533 | 1837 | D.121c | Burenstraat | 1837-fallback-core-only+street
944,D123,Burenstraat,older-regime,address,yes,matched,yes,2,2420 | 1837 | D.123 | Burenstraat | 1837-exact-components+street || 2421 | 1837 | D.123 | Burenstraat | 1837-exact-components+street
945,D124,Burenstraat,older-regime,address,yes,matched,yes,3,1671 | 1837 | D.124 | Burenstraat | 1837-exact-components+street || 1672 | 1837 | D.124 | Burenstraat | 1837-exact-components+street || 1673 | 1837 | D.124 | Burenstraat | 1837-exact-components+street
946,D125,Burenstraat,older-regime,address,yes,matched,yes,2,2834 | 1837 | D.125 | Burenstraat | 1837-exact-components+street || 2835 | 1837 | D.125 | Burenstraat | 1837-exact-components+street
947,D126b,Burenstraat,older-regime,address,yes,matched,yes,2,1674 | 1837 | D.126a | Burenstraat | 1837-fallback-core-only+street || 1675 | 1837 | D.126b | Burenstraat | 1837-exact-components+street
948,D127a,Groote Dwarsstraat,older-regime,address,yes,matched,yes,12,1680 | 1837 | D.127 | Grote Dwarsstraat | 1837-fallback-core-only || 1681 | 1837 | D.127 | Grote Dwarsstraat | 1837-fallback-core-only || 1682 | 1837 | D.127 | Grote Dwarsstraat | 1837-fallback-core-only || 1683 | 1837 | D.127a | Grote Dwarsstraat | 1837-exact-components || 1684 | 1837 | D.127b | Grote Dwarsstraat | 1837-fallback-core-only || 1685 | 1837 | D.127b | Grote Dwarsstraat | 1837-fallback-core-only || 1686 | 1837 | D.127b | Grote Dwarsstraat | 1837-fallback-core-only || 1687 | 1837 | D.127b | Grote Dwarsstraat | 1837-fallback-core-only
949,D128,Groote Dwarsstraat,older-regime,address,yes,matched,yes,2,2836 | 1837 | D.128 | Grote Dwarsstraat | 1837-exact-components || 2837 | 1837 | D.128a | Grote Dwarsstraat | 1837-fallback-core-only
950,D132,Groote Dwarsstraat,older-regime,address,yes,matched,yes,4,1676 | 1837 | D.132 | Grote Dwarsstraat | 1837-exact-components || 1677 | 1837 | D.132 | Grote Dwarsstraat | 1837-exact-components || 1678 | 1837 | D.132 | Grote Dwarsstraat | 1837-exact-components || 1679 | 1837 | D.132 | Grote Dwarsstraat | 1837-exact-components
951,D129,Groote Dwarsstraat,older-regime,address,yes,matched,yes,1,1694 | 1837 | D.129 | Grote Dwarsstraat | 1837-exact-components
952,D130,Groote Dwarsstraat,older-regime,address,yes,matched,yes,2,1692 | 1837 | D.130 | Grote Dwarsstraat | 1837-exact-components || 1693 | 1837 | D.130 | Grote Dwarsstraat | 1837-exact-components
953,D131,Groote Dwarsstraat,older-regime,address,yes,matched,yes,1,2307 | 1837 | D.131 | Grote Dwarsstraat | 1837-exact-components
954,D133,Burenstraat,older-regime,address,yes,matched,yes,2,1662 | 1837 | D.133 | Burenstraat | 1837-exact-components+street || 2299 | 1837 | D.133 | Burenstraat | 1837-exact-components+street
955,D134,Burenstraat,older-regime,address,yes,matched,yes,2,1660 | 1837 | D.134 | Burenstraat | 1837-exact-components+street || 1661 | 1837 | D.134 | Burenstraat | 1837-exact-components+street
956,D135,Burenstraat,older-regime,address,yes,matched,yes,3,1658 | 1837 | D.135 | Burenstraat | 1837-exact-components+street || 1659 | 1837 | D.135 | Burenstraat | 1837-exact-components+street || 2413 | 1837 | D.135 | Burenstraat | 1837-exact-components+street
957,D136,Burenstraat,older-regime,address,yes,matched,yes,1,2414 | 1837 | D.136 | Burenstraat | 1837-exact-components+street
958,D137,Burenstraat,older-regime,address,yes,matched,yes,1,2415 | 1837 | D.137 | Burenstraat | 1837-exact-components+street
959,D138,Burenstraat,older-regime,address,yes,matched,yes,1,2830 | 1837 | D.138 | Burenstraat | 1837-exact-components+street
960,D139,Hofstraat,older-regime,address,yes,matched,yes,4,1895 | 1837 | D.139 | Hofstraat | 1837-exact-components+street || 1896 | 1837 | D.139 | Hofstraat | 1837-exact-components+street || 1897 | 1837 | D.139 | Hofstraat | 1837-exact-components+street || 1898 | 1837 | D.139 | Hofstraat | 1837-exact-components+street
961,D140,Hofstraat,older-regime,address,yes,matched,yes,3,1899 | 1837 | D.140 | Hofstraat | 1837-exact-components+street || 1900 | 1837 | D.140 | Hofstraat | 1837-exact-components+street || 1901 | 1837 | D.140 | Hofstraat | 1837-exact-components+street
962,D141a,Hofstraat,older-regime,address,yes,matched,yes,3,2848 | 1837 | D.141a | Hofstraat | 1837-exact-components+street || 2849 | 1837 | D.141b | Hofstraat | 1837-fallback-core-only+street || 2850 | 1837 | D.141b | Hofstraat | 1837-fallback-core-only+street
963,D142,Hofstraat,older-regime,address,yes,matched,yes,2,2446 | 1837 | D.142 | Hofstraat | 1837-exact-components+street || 2447 | 1837 | D.142 | Hofstraat | 1837-exact-components+street
964,D143a,Hofstraat,older-regime,address,yes,matched,yes,2,1892 | 1837 | D.143 | Hofstraat | 1837-fallback-core-only+street || 1893 | 1837 | D.143 | Hofstraat | 1837-fallback-core-only+street
965,D144,Hofstraat,older-regime,address,yes,matched,yes,1,1894 | 1837 | D.144 | Hofstraat | 1837-exact-components+street
966,D145,Burenstraat,older-regime,address,yes,matched,yes,5,1650 | 1837 | D.145 | Burenstraat | 1837-exact-components+street || 1651 | 1837 | D.145 | Burenstraat | 1837-exact-components+street || 1652 | 1837 | D.145a | Hofstraat | 1837-fallback-core-only || 1653 | 1837 | D.145b | Hofstraat | 1837-fallback-core-only || 1654 | 1837 | D.145b | Hofstraat | 1837-fallback-core-only
967,D149a,Burenstraat,older-regime,address,yes,matched,yes,2,1642 | 1837 | D.149a | Burenstraat | 1837-exact-components+street || 1643 | 1837 | D.149b | Burenstraat | 1837-fallback-core-only+street
968,D146,Burenstraat,older-regime,address,yes,matched,yes,3,1647 | 1837 | D.146 | Burenstraat | 1837-exact-components+street || 1648 | 1837 | D.146 | Burenstraat | 1837-exact-components+street || 1649 | 1837 | D.146 | Burenstraat | 1837-exact-components+street
969,D147,Burenstraat,older-regime,address,yes,matched,yes,1,1644 | 1837 | D.147 | Burenstraat | 1837-exact-components+street
970,D148,Burenstraat,older-regime,address,yes,matched,yes,2,1645 | 1837 | D.148 | Burenstraat | 1837-exact-components+street || 1646 | 1837 | D.148 | Burenstraat | 1837-exact-components+street
971,D150a,Rust en Vredestraat,older-regime,address,yes,matched,yes,2,1623 | 1837 | D.150a | Rust en Vredestraat | 1837-exact-components+street || 1624 | 1837 | D.150b | Rust en Vredestraat | 1837-fallback-core-only+street
972,D43bb,Weidestraat,older-regime,address,yes,matched,yes,12,1199 | 1837 | D. 43a | Weidestraat | 1837-fallback-core-only+street || 1200 | 1837 | D. 43b | Weidestraat | 1837-fallback-core-only+street || 1201 | 1837 | D. 43c | Weidestraat | 1837-fallback-core-only+street || 1202 | 1837 | D. 43d | Weidestraat | 1837-fallback-core-only+street || 1203 | 1837 | D. 43e | Weidestraat | 1837-fallback-core-only+street || 1204 | 1837 | D. 43f | Weidestraat | 1837-fallback-core-only+street || 1205 | 1837 | D. 43 | Weidestraat | 1837-fallback-core-only+street || 1206 | 1837 | D. 43 | Weidestraat | 1837-fallback-core-only+street
973,D151,Rust en Vredestraat,older-regime,address,yes,matched,yes,1,1625 | 1837 | D.151 | Rust en Vredestraat | 1837-exact-components+street
974,D152,Rust en Vredestraat,older-regime,address,yes,matched,yes,1,2245 | 1837 | D.152 | Rust en Vredestraat | 1837-exact-components+street
975,D157a,Steenbakkersgracht,older-regime,address,yes,matched,yes,5,1586 | 1837 | D.157b | Steenbakkersgracht | 1837-fallback-core-only+street || 1587 | 1837 | D.157c | Steenbakkersgracht | 1837-fallback-core-only+street || 1588 | 1837 | D.157b | Steenbakkersgracht | 1837-fallback-core-only+street || 1589 | 1837 | D.157 | Steenbakkersgracht | 1837-fallback-core-only+street || 1590 | 1837 | D.157 | Steenbakkersgracht | 1837-fallback-core-only+street
976,D154,Steenbakkersgracht,older-regime,address,yes,matched,yes,1,1598 | 1837 | D.154 | Steenbakkersgracht | 1837-exact-components+street
977,D155,Steenbakkersgracht,older-regime,address,yes,matched,yes,4,1594 | 1837 | D.155 | Steenbakkersgracht | 1837-exact-components+street || 1595 | 1837 | D.155 | Steenbakkersgracht | 1837-exact-components+street || 1596 | 1837 | D.155 | Steenbakkersgracht | 1837-exact-components+street || 1597 | 1837 | D.155 | Steenbakkersgracht | 1837-exact-components+street
978,D156b,Steenbakkersgracht,older-regime,address,yes,matched,yes,3,1591 | 1837 | D.156b | Steenbakkersgracht | 1837-exact-components+street || 1592 | 1837 | D.156a | Steenbakkersgracht | 1837-fallback-core-only+street || 1593 | 1837 | D.156 | Steenbakkersgracht | 1837-fallback-core-only+street
979,D158,Steenbakkersgracht,older-regime,address,yes,matched,yes,2,2828 | 1837 | D.158 | Steenbakkersgracht | 1837-exact-components+street || 2829 | 1837 | D.158 | Steenbakkersgracht | 1837-exact-components+street
980,D163b,Steenbakkersgracht,older-regime,address,yes,matched,yes,4,1571 | 1837 | D.163 | Steenbakkersgracht | 1837-fallback-core-only+street || 1572 | 1837 | D.163 | Steenbakkersgracht | 1837-fallback-core-only+street || 1573 | 1837 | D.163 | Steenbakkersgracht | 1837-fallback-core-only+street || 1574 | 1837 | D.163 | Steenbakkersgracht | 1837-fallback-core-only+street
981,D159b,Steenbakkersgracht,older-regime,address,yes,matched,yes,3,1583 | 1837 | D.159 | Steenbakkersgracht | 1837-fallback-core-only+street || 1584 | 1837 | D.159 | Steenbakkersgracht | 1837-fallback-core-only+street || 1585 | 1837 | D.159 | Steenbakkersgracht | 1837-fallback-core-only+street
982,D160a,Steenbakkersgracht,older-regime,address,yes,matched,yes,3,1580 | 1837 | D.160 | Steenbakkersgracht | 1837-fallback-core-only+street || 1581 | 1837 | D.160b | Steenbakkersgracht | 1837-fallback-core-only+street || 1582 | 1837 | D.160 | Steenbakkersgracht | 1837-fallback-core-only+street
983,D161b,Steenbakkersgracht,older-regime,address,yes,matched,yes,3,1577 | 1837 | D.161b | Steenbakkersgracht | 1837-exact-components+street || 1578 | 1837 | D.161a | Steenbakkersgracht | 1837-fallback-core-only+street || 1579 | 1837 | D.161a | Steenbakkersgracht | 1837-fallback-core-only+street
984,D162,Steenbakkersgracht,older-regime,address,yes,matched,yes,2,1575 | 1837 | D.162 | Steenbakkersgracht | 1837-exact-components+street || 1576 | 1837 | D.162 | Steenbakkersgracht | 1837-exact-components+street
985,D164,Steenbakkersgracht,older-regime,address,yes,matched,yes,1,1570 | 1837 | D.164 | Steenbakkersgracht | 1837-exact-components+street
986,D172,Steenbakkersgracht,older-regime,address,yes,matched,yes,2,1558 | 1837 | D.172 | Steenbakkersgracht | 1837-exact-components+street || 1559 | 1837 | D.172 | Steenbakkersgracht | 1837-exact-components+street
987,D165,Steenbakkersgracht,older-regime,address,yes,matched,yes,1,1569 | 1837 | D.165 | Steenbakkersgracht | 1837-exact-components+street
988,D171,Steenbakkersgracht,older-regime,address,yes,matched,yes,2,1560 | 1837 | D.171 | Steenbakkersgracht | 1837-exact-components+street || 1561 | 1837 | D.171 | Steenbakkersgracht | 1837-exact-components+street
989,D170a,Steenbakkersgracht,older-regime,address,yes,matched,yes,3,1562 | 1837 | D.170a | Steenbakkersgracht | 1837-exact-components+street || 1563 | 1837 | D.170b | Steenbakkersgracht | 1837-fallback-core-only+street || 1564 | 1837 | D.170 | Steenbakkersgracht | 1837-fallback-core-only+street
990,D166,Steenbakkersgracht,older-regime,address,yes,matched,yes,1,1568 | 1837 | D.166 | Steenbakkersgracht | 1837-exact-components+street
991,D167,Steenbakkersgracht,older-regime,address,yes,matched,yes,1,1567 | 1837 | D.167 | Steenbakkersgracht | 1837-exact-components+street
992,D184,Zwartenhovenbrugstraat,older-regime,address,yes,matched,yes,2,1480 | 1837 | D.184 | Zwartenhovenbrugstraat | 1837-exact-components+street || 1481 | 1837 | D.184 | Zwartenhovenbrugstraat | 1837-exact-components+street
993,D173,Zwartenhovenbrugstraat,older-regime,address,yes,matched,yes,1,1490 | 1837 | D.173 | Zwartenhovenbrugstraat | 1837-exact-components+street
994,D174,Zwartenhovenbrugstraat,older-regime,address,yes,matched,yes,1,1489 | 1837 | D.174 | Zwartenhovenbrugstraat | 1837-exact-components+street
995,D175,Zwartenhovenbrugstraat,older-regime,address,yes,matched,yes,1,2638 | 1837 | D.175 | Zwartenhovenbrugstraat | 1837-exact-components+street
996,D183,Zwartenhovenbrugstraat,older-regime,address,yes,matched,yes,1,1482 | 1837 | D.183 | Zwartenhovenbrugstraat | 1837-exact-components+street
997,D182,Zwartenhovenbrugstraat,older-regime,address,yes,matched,yes,1,1483 | 1837 | D.182 | Zwartenhovenbrugstraat | 1837-exact-components+street
998,D176,Zwartenhovenbrugstraat,older-regime,address,yes,matched,yes,1,2360 | 1837 | D.176 | Zwartenhovenbrugstraat | 1837-exact-components+street
999,D181,Zwartenhovenbrugstraat,older-regime,address,yes,matched,yes,1,1484 | 1837 | D.181 | Zwartenhovenbrugstraat | 1837-exact-components+street
1000,D177,Zwartenhovenbrugstraat,older-regime,address,yes,matched,yes,1,2359 | 1837 | D.177 | Zwartenhovenbrugstraat | 1837-exact-components+street
1001,D178,Zwartenhovenbrugstraat,older-regime,address,yes,matched,yes,2,1488 | 1837 | D.178 | Zwartenhovenbrugstraat | 1837-exact-components+street || 2358 | 1837 | D.178 | Zwartenhovenbrugstraat | 1837-exact-components+street
1002,D179,Zwartenhovenbrugstraat,older-regime,address,yes,matched,yes,1,1485 | 1837 | D.179 | Zwartenhovenbrugstraat | 1837-exact-components+street
1003,D180,Zwartenhovenbrugstraat,older-regime,address,yes,matched,yes,1,2271 | 1837 | D.180 | Zwartenhovenbrugstraat | 1837-exact-components+street
1004,D185,Zwartenhovenbrugstraat,older-regime,address,yes,matched,yes,1,1475 | 1837 | D.185 | Zwartenhovenbrugstraat | 1837-exact-components+street
1005,D190,Zwartenhovenbrugstraat,older-regime,address,yes,matched,yes,3,1460 | 1837 | D.190 | Zwartenhovenbrugstraat | 1837-exact-components+street || 1461 | 1837 | D.190 | Zwartenhovenbrugstraat | 1837-exact-components+street || 1462 | 1837 | D.190 | Zwartenhovenbrugstraat | 1837-exact-components+street
1006,D186a,Zwartenhovenbrugstraat,older-regime,address,yes,matched,yes,3,1472 | 1837 | D.186a | Zwartenhovenbrugstraat | 1837-exact-components+street || 1473 | 1837 | D.186b | Zwartenhovenbrugstraat | 1837-fallback-core-only+street || 1474 | 1837 | D.186c | Zwartenhovenbrugstraat | 1837-fallback-core-only+street
1007,D187,Zwartenhovenbrugstraat,older-regime,address,yes,matched,yes,2,1470 | 1837 | D.187 | Zwartenhovenbrugstraat | 1837-exact-components+street || 1471 | 1837 | D.187 | Zwartenhovenbrugstraat | 1837-exact-components+street
1008,D188,Zwartenhovenbrugstraat,older-regime,address,yes,matched,yes,1,2272 | 1837 | D.188 | Zwartenhovenbrugstraat | 1837-exact-components+street
1009,D189,Zwartenhovenbrugstraat,older-regime,address,yes,matched,yes,1,1466 | 1837 | D.189 | Zwartenhovenbrugstraat | 1837-exact-components+street
1010,D191,Zwartenhovenbrugstraat,older-regime,address,yes,matched,yes,3,1452 | 1837 | D.191 | Zwartenhovenbrugstraat | 1837-exact-components+street || 1453 | 1837 | D.191 | Zwartenhovenbrugstraat | 1837-exact-components+street || 1454 | 1837 | D.191 | Zwartenhovenbrugstraat | 1837-exact-components+street
1011,D194,Zwartenhovenbrugstraat,older-regime,address,yes,matched,yes,1,1448 | 1837 | D.194 | Zwartenhovenbrugstraat | 1837-exact-components+street
1012,D199,Zwartenhovenbrugstraat,older-regime,address,yes,matched,yes,1,2523 | 1837 | D.199 | Zwartenhovenbrugstraat | 1837-exact-components+street
1013,D195,Zwartenhovenbrugstraat,older-regime,address,yes,matched,yes,1,1439 | 1837 | D.195 | Zwartenhovenbrugstraat | 1837-exact-components+street
1014,D192,Zwartenhovenbrugstraat,older-regime,address,yes,matched,yes,1,1451 | 1837 | D.192 | Zwartenhovenbrugstraat | 1837-exact-components+street
1015,D193,Zwartenhovenbrugstraat,older-regime,address,yes,matched,yes,2,1449 | 1837 | D.193 | Zwartenhovenbrugstraat | 1837-exact-components+street || 1450 | 1837 | D.193 | Zwartenhovenbrugstraat | 1837-exact-components+street
1016,D198,Zwartenhovenbrugstraat,older-regime,address,yes,matched,yes,2,2559 | 1837 | D.198 | Zwartenhovenbrugstraat | 1837-exact-components+street || 2560 | 1837 | D.198 | Zwartenhovenbrugstraat | 1837-exact-components+street
1017,D196,Zwartenhovenbrugstraat,older-regime,address,yes,matched,yes,1,2536 | 1837 | D.196 | Zwartenhovenbrugstraat | 1837-exact-components+street
1018,D197,Zwartenhovenbrugstraat,older-regime,address,yes,matched,yes,1,2562 | 1837 | D.197 | Zwartenhovenbrugstraat | 1837-exact-components+street
1019,D,,older-regime,non-address-annotation,no,ignored-non-address-annotation,yes,0,
1020,D,,older-regime,non-address-annotation,no,ignored-non-address-annotation,yes,0,
1021,D,,older-regime,non-address-annotation,no,ignored-non-address-annotation,yes,0,
1022,,Wanicastraat,older-regime,non-address-annotation,no,ignored-non-address-annotation,yes,0,
1023,D,,older-regime,non-address-annotation,no,ignored-non-address-annotation,yes,0,
1024,D43ag,Weidestraat,older-regime,address,yes,matched,yes,12,1199 | 1837 | D. 43a | Weidestraat | 1837-fallback-core-only+street || 1200 | 1837 | D. 43b | Weidestraat | 1837-fallback-core-only+street || 1201 | 1837 | D. 43c | Weidestraat | 1837-fallback-core-only+street || 1202 | 1837 | D. 43d | Weidestraat | 1837-fallback-core-only+street || 1203 | 1837 | D. 43e | Weidestraat | 1837-fallback-core-only+street || 1204 | 1837 | D. 43f | Weidestraat | 1837-fallback-core-only+street || 1205 | 1837 | D. 43 | Weidestraat | 1837-fallback-core-only+street || 1206 | 1837 | D. 43 | Weidestraat | 1837-fallback-core-only+street
1025,D43af,Weidestraat,older-regime,address,yes,matched,yes,12,1199 | 1837 | D. 43a | Weidestraat | 1837-fallback-core-only+street || 1200 | 1837 | D. 43b | Weidestraat | 1837-fallback-core-only+street || 1201 | 1837 | D. 43c | Weidestraat | 1837-fallback-core-only+street || 1202 | 1837 | D. 43d | Weidestraat | 1837-fallback-core-only+street || 1203 | 1837 | D. 43e | Weidestraat | 1837-fallback-core-only+street || 1204 | 1837 | D. 43f | Weidestraat | 1837-fallback-core-only+street || 1205 | 1837 | D. 43 | Weidestraat | 1837-fallback-core-only+street || 1206 | 1837 | D. 43 | Weidestraat | 1837-fallback-core-only+street
1026,E1,Saramaccastraat,older-regime,address,yes,matched,yes,1,2325 | 1837 | E.  1 | Saramaccastraat | 1837-exact-components+street
1027,E2,Saramaccastraat,older-regime,address,yes,matched,yes,1,2694 | 1837 | E.  2 | Saramaccastraat | 1837-exact-components+street
1028,E3a,Saramaccastraat,older-regime,address,yes,matched,yes,4,1732 | 1837 | E.  3 | Saramaccastraat | 1837-fallback-core-only+street || 1733 | 1837 | E.  3a | Saramaccastraat | 1837-exact-components+street || 1734 | 1837 | E.  3b | Saramaccastraat | 1837-fallback-core-only+street || 1735 | 1837 | E.  3 | Saramaccastraat | 1837-fallback-core-only+street
1029,E4a,Saramaccastraat,older-regime,address,yes,matched,yes,3,1736 | 1837 | E.  4a | Saramaccastraat | 1837-exact-components+street || 1737 | 1837 | E.  4b | Saramaccastraat | 1837-fallback-core-only+street || 2326 | 1837 | E.  4c | Saramaccastraat | 1837-fallback-core-only+street
1030,E36,Saramaccastraat,older-regime,address,yes,matched,yes,2,2336 | 1837 | E. 36 | Saramaccastraat | 1837-exact-components+street || 2561 | 1837 | E. 36 | Saramaccastraat | 1837-exact-components+street
1031,E20,Saramaccastraat,older-regime,address,yes,matched,yes,1,1767 | 1837 | E. 20 | Saramaccastraat | 1837-exact-components+street
1032,E13,Saramaccastraat,older-regime,address,yes,matched,yes,2,2331 | 1837 | E. 13 | Saramaccastraat | 1837-exact-components+street || 2804 | 1837 | E. 13 | Saramaccastraat | 1837-exact-components+street
1033,E12,Saramaccastraat,older-regime,address,yes,matched,yes,1,2608 | 1837 | E. 12 | Saramaccastraat | 1837-exact-components+street
1034,E5,Saramaccastraat,older-regime,address,yes,matched,yes,1,2328 | 1837 | E.  5 | Saramaccastraat | 1837-exact-components+street
1035,E6,Saramaccastraat,older-regime,address,yes,matched,yes,1,2327 | 1837 | E.  6 | Saramaccastraat | 1837-exact-components+street
1036,E7,Saramaccastraat,older-regime,address,yes,matched,yes,1,1740 | 1837 | E.  7 | Saramaccastraat | 1837-exact-components+street
1037,E8,Saramaccastraat,older-regime,address,yes,matched,yes,1,2215 | 1837 | E.  8 | Saramaccastraat | 1837-exact-components+street
1038,E11,Saramaccastraat,older-regime,address,yes,matched,yes,1,2330 | 1837 | E. 11 | Saramaccastraat | 1837-exact-components+street
1039,E10,Saramaccastraat,older-regime,address,yes,matched,yes,1,2329 | 1837 | E. 10 | Saramaccastraat | 1837-exact-components+street
1040,E9a,Saramaccastraat,older-regime,address,yes,matched,yes,2,1745 | 1837 | E.  9a | Saramaccastraat | 1837-exact-components+street || 1746 | 1837 | E.  9b | Saramaccastraat | 1837-fallback-core-only+street
1041,E14,Saramaccastraat,older-regime,address,yes,matched,yes,2,1751 | 1837 | E. 14 | Saramaccastraat | 1837-exact-components+street || 1752 | 1837 | E. 14 | Saramaccastraat | 1837-exact-components+street
1042,E19,Saramaccastraat,older-regime,address,yes,matched,yes,2,1759 | 1837 | E. 19 | Saramaccastraat | 1837-exact-components+street || 1760 | 1837 | E. 19 | Saramaccastraat | 1837-exact-components+street
1043,E18,Saramaccastraat,older-regime,address,yes,matched,yes,1,2868 | 1837 | E. 18 | Saramaccastraat | 1837-exact-components+street
1044,E15,Saramaccastraat,older-regime,address,yes,matched,yes,1,1753 | 1837 | E. 15 | Saramaccastraat | 1837-exact-components+street
1045,E16,Saramaccastraat,older-regime,address,yes,matched,yes,2,1758 | 1837 | E. 16 | Saramaccastraat | 1837-exact-components+street || 2332 | 1837 | E. 16 | Saramaccastraat | 1837-exact-components+street
1046,E17,Saramaccastraat,older-regime,address,yes,matched,yes,2,2541 | 1837 | E. 17 | Saramaccastraat | 1837-exact-components+street || 2542 | 1837 | E. 17 | Saramaccastraat | 1837-exact-components+street
1047,E29b,Saramaccastraat,older-regime,address,yes,matched,yes,4,1791 | 1837 | E. 29a | Saramaccastraat | 1837-fallback-core-only+street || 1792 | 1837 | E. 29b | Saramaccastraat | 1837-exact-components+street || 1793 | 1837 | E. 29b | Saramaccastraat | 1837-exact-components+street || 2441 | 1837 | E. 29a | Saramaccastraat | 1837-fallback-core-only+street
1048,E21,Saramaccastraat,older-regime,address,yes,matched,yes,2,1768 | 1837 | E. 21 | Saramaccastraat | 1837-exact-components+street || 1769 | 1837 | E. 21 | Saramaccastraat | 1837-exact-components+street
1049,E22,Saramaccastraat,older-regime,address,yes,matched,yes,2,1770 | 1837 | E. 22 | Saramaccastraat | 1837-exact-components+street || 1771 | 1837 | E. 22 | Saramaccastraat | 1837-exact-components+street
1050,E23,Saramaccastraat,older-regime,address,yes,matched,yes,1,1772 | 1837 | E. 23 | Saramaccastraat | 1837-exact-components+street
1051,E24,Saramaccastraat,older-regime,address,yes,matched,yes,1,1776 | 1837 | E. 24 | Saramaccastraat | 1837-exact-components+street
1052,E25a,Saramaccastraat,older-regime,address,yes,matched,yes,2,2333 | 1837 | E. 25a | Saramaccastraat | 1837-exact-components+street || 2865 | 1837 | E. 25b | Saramaccastraat | 1837-fallback-core-only+street
1053,E28a,Saramaccastraat,older-regime,address,yes,matched,yes,2,2335 | 1837 | E. 28 | Saramaccastraat | 1837-fallback-core-only+street || 2877 | 1837 | E. 28 | Saramaccastraat | 1837-fallback-core-only+street
1054,E27,Saramaccastraat,older-regime,address,yes,matched,yes,1,2298 | 1837 | E. 27 | Saramaccastraat | 1837-exact-components+street
1055,E26a,Saramaccastraat,older-regime,address,yes,matched,yes,3,1777 | 1837 | E. 26 | Saramaccastraat | 1837-fallback-core-only+street || 1778 | 1837 | E. 26 | Saramaccastraat | 1837-fallback-core-only+street || 2334 | 1837 | E. 26 | Saramaccastraat | 1837-fallback-core-only+street
1056,E30,Saramaccastraat,older-regime,address,yes,matched,yes,3,1796 | 1837 | E. 30 | Saramaccastraat | 1837-exact-components+street || 1797 | 1837 | E. 30 | Saramaccastraat | 1837-exact-components+street || 1798 | 1837 | E. 30 | Saramaccastraat | 1837-exact-components+street
1057,E31,Saramaccastraat,older-regime,address,yes,matched,yes,1,2731 | 1837 | E. 31 | Saramaccastraat | 1837-exact-components+street
1058,E32,Saramaccastraat,older-regime,address,yes,matched,yes,1,2774 | 1837 | E. 32 | Saramaccastraat | 1837-exact-components+street
1059,E33,Saramaccastraat,older-regime,address,yes,matched,yes,2,2733 | 1837 | E. 33 | Saramaccastraat | 1837-exact-components+street || 2734 | 1837 | E. 33 | Saramaccastraat | 1837-exact-components+street
1060,E34,Saramaccastraat,older-regime,address,yes,matched,yes,1,2793 | 1837 | E. 34 | Saramaccastraat | 1837-exact-components+street
1061,E35,Saramaccastraat,older-regime,address,yes,matched,yes,1,2558 | 1837 | E. 35 | Saramaccastraat | 1837-exact-components+street
1062,E37,Saramaccastraat,older-regime,address,yes,matched,yes,4,2632 | 1837 | E. 37 | Saramaccastraat | 1837-exact-components+street || 2633 | 1837 | E. 37 | Saramaccastraat | 1837-exact-components+street || 2634 | 1837 | E. 37 | Saramaccastraat | 1837-exact-components+street || 2635 | 1837 | E. 37 | Saramaccastraat | 1837-exact-components+street
1063,E46a,Saramaccastraat,older-regime,address,yes,matched,yes,5,1785 | 1837 | E. 46 | Saramaccastraat | 1837-fallback-core-only+street || 1786 | 1837 | E. 46 | Saramaccastraat | 1837-fallback-core-only+street || 1787 | 1837 | E. 46b | Saramaccastraat | 1837-fallback-core-only+street || 1788 | 1837 | E. 46a | Saramaccastraat | 1837-exact-components+street || 1789 | 1837 | E. 46 | Saramaccastraat | 1837-fallback-core-only+street
1064,E38b,Saramaccastraat,older-regime,address,yes,matched,yes,1,2629 | 1837 | E. 38 | Saramaccastraat | 1837-fallback-core-only+street
1065,E39,Saramaccastraat,older-regime,address,yes,matched,yes,2,2769 | 1837 | E. 39 | Saramaccastraat | 1837-exact-components+street || 2770 | 1837 | E. 39 | Saramaccastraat | 1837-exact-components+street
1066,E40,Saramaccastraat,older-regime,address,yes,matched,yes,3,2739 | 1837 | E. 40 | Saramaccastraat | 1837-exact-components+street || 2740 | 1837 | E. 40 | Saramaccastraat | 1837-exact-components+street || 2741 | 1837 | E. 40 | Saramaccastraat | 1837-exact-components+street
1067,E41,Saramaccastraat,older-regime,address,yes,matched,yes,1,2545 | 1837 | E. 41 | Saramaccastraat | 1837-exact-components+street
1068,E42,Saramaccastraat,older-regime,address,yes,matched,yes,2,2801 | 1837 | E. 42b | Saramaccastraat | 1837-fallback-core-only+street || 2802 | 1837 | E. 42a | Saramaccastraat | 1837-fallback-core-only+street
1069,E43,Saramaccastraat,older-regime,address,yes,matched,yes,1,2338 | 1837 | E. 43 | Saramaccastraat | 1837-exact-components+street
1070,E44,Saramaccastraat,older-regime,address,yes,matched,yes,1,2337 | 1837 | E. 44 | Saramaccastraat | 1837-exact-components+street
1071,E45,Saramaccastraat,older-regime,address,yes,matched,yes,1,1790 | 1837 | E. 45 | Saramaccastraat | 1837-exact-components+street
1072,E47,Saramaccastraat,older-regime,address,yes,matched,yes,1,1795 | 1837 | E. 47 | Saramaccastraat | 1837-exact-components+street
1073,E57,Saramaccastraat,older-regime,address,yes,matched,yes,5,2707 | 1837 | E. 57 | Saramaccastraat | 1837-exact-components+street || 2708 | 1837 | E. 57 | Saramaccastraat | 1837-exact-components+street || 2711 | 1837 | E. 57 | Saramaccastraat | 1837-exact-components+street || 2712 | 1837 | E. 57 | Saramaccastraat | 1837-exact-components+street || 2713 | 1837 | E. 57 | Saramaccastraat | 1837-exact-components+street
1074,E48b,Saramaccastraat,older-regime,address,yes,matched,yes,5,2644 | 1837 | E. 48b | Saramaccastraat | 1837-exact-components+street || 2645 | 1837 | E. 48b | Saramaccastraat | 1837-exact-components+street || 2646 | 1837 | E. 48a | Saramaccastraat | 1837-fallback-core-only+street || 2647 | 1837 | E. 48a | Saramaccastraat | 1837-fallback-core-only+street || 2648 | 1837 | E. 48b | Saramaccastraat | 1837-exact-components+street
1075,E49,Saramaccastraat,older-regime,address,yes,matched,yes,3,1773 | 1837 | E. 49 | Saramaccastraat | 1837-exact-components+street || 1774 | 1837 | E. 49 | Saramaccastraat | 1837-exact-components+street || 1775 | 1837 | E. 49 | Saramaccastraat | 1837-exact-components+street
1076,E50,Saramaccastraat,older-regime,address,yes,matched,yes,2,1765 | 1837 | E. 50 | Saramaccastraat | 1837-exact-components+street || 1766 | 1837 | E. 50 | Saramaccastraat | 1837-exact-components+street
1077,E51,Saramaccastraat,older-regime,address,yes,matched,yes,2,1763 | 1837 | E. 51 | Saramaccastraat | 1837-exact-components+street || 1764 | 1837 | E. 51 | Saramaccastraat | 1837-exact-components+street
1078,E52,Saramaccastraat,older-regime,address,yes,matched,yes,2,1761 | 1837 | E. 52 | Saramaccastraat | 1837-exact-components+street || 1762 | 1837 | E. 52 | Saramaccastraat | 1837-exact-components+street
1079,E53,Saramaccastraat,older-regime,address,yes,matched,yes,2,2841 | 1837 | E. 53 | Saramaccastraat | 1837-exact-components+street || 2842 | 1837 | E. 53 | Saramaccastraat | 1837-exact-components+street
1080,E54,Saramaccastraat,older-regime,address,yes,matched,yes,2,2721 | 1837 | E. 54 | Saramaccastraat | 1837-exact-components+street || 2722 | 1837 | E. 54 | Saramaccastraat | 1837-exact-components+street
1081,E55a,Saramaccastraat,older-regime,address,yes,matched,yes,3,2719 | 1837 | E. 55 | Saramaccastraat | 1837-fallback-core-only+street || 2720 | 1837 | E. 55 | Saramaccastraat | 1837-fallback-core-only+street || 2723 | 1837 | E. 55 | Saramaccastraat | 1837-fallback-core-only+street
1082,E56,Saramaccastraat,older-regime,address,yes,matched,yes,1,1757 | 1837 | E. 56 | Saramaccastraat | 1837-exact-components+street
1083,E58,Saramaccastraat,older-regime,address,yes,matched,yes,3,1754 | 1837 | E. 58 | Saramaccastraat | 1837-exact-components+street || 1755 | 1837 | E. 58 | Saramaccastraat | 1837-exact-components+street || 1756 | 1837 | E. 58 | Saramaccastraat | 1837-exact-components+street
1084,E69,Saramaccastraat,older-regime,address,yes,matched,yes,5,1725 | 1837 | E. 69 | Saramaccastraat | 1837-exact-components+street || 1726 | 1837 | E. 69 | Saramaccastraat | 1837-exact-components+street || 1727 | 1837 | E. 69 | Saramaccastraat | 1837-exact-components+street || 1728 | 1837 | E. 69 | Saramaccastraat | 1837-exact-components+street || 1729 | 1837 | E. 69 | Saramaccastraat | 1837-exact-components+street
1085,E59b,Saramaccastraat,older-regime,address,yes,matched,yes,4,1747 | 1837 | E. 59a | Saramaccastraat | 1837-fallback-core-only+street || 1748 | 1837 | E. 59b | Saramaccastraat | 1837-exact-components+street || 1749 | 1837 | E. 59c | Saramaccastraat | 1837-fallback-core-only+street || 1750 | 1837 | E. 59 | Saramaccastraat | 1837-fallback-core-only+street
1086,E60,Saramaccastraat,older-regime,address,yes,matched,yes,1,2526 | 1837 | E. 60 | Saramaccastraat | 1837-exact-components+street
1087,E68,Saramaccastraat,older-regime,address,yes,matched,yes,2,1730 | 1837 | E. 68 | Saramaccastraat | 1837-exact-components+street || 2088 | 1837 | E. 68 | Saramaccastraat | 1837-exact-components+street
1088,E67,Saramaccastraat,older-regime,address,yes,matched,yes,1,1731 | 1837 | E. 67 | Saramaccastraat | 1837-exact-components+street
1089,E66,Saramaccastraat,older-regime,address,yes,matched,yes,2,1738 | 1837 | E. 66 | Saramaccastraat | 1837-exact-components+street || 1739 | 1837 | E. 66 | Saramaccastraat | 1837-exact-components+street
1090,E61,Saramaccastraat,older-regime,address,yes,matched,yes,2,2494 | 1837 | E. 61 | Saramaccastraat | 1837-exact-components+street || 2495 | 1837 | E. 61 | Saramaccastraat | 1837-exact-components+street
1091,E62,Saramaccastraat,older-regime,address,yes,matched,yes,2,1743 | 1837 | E. 62 | Saramaccastraat | 1837-exact-components+street || 1744 | 1837 | E. 62 | Saramaccastraat | 1837-exact-components+street
1092,E63,Saramaccastraat,older-regime,address,yes,matched,yes,2,1741 | 1837 | E. 63 | Saramaccastraat | 1837-exact-components+street || 1742 | 1837 | E. 63 | Saramaccastraat | 1837-exact-components+street
1093,E64,Saramaccastraat,older-regime,address,yes,matched,yes,3,2563 | 1837 | E. 64 | Saramaccastraat | 1837-exact-components+street || 2564 | 1837 | E. 64 | Saramaccastraat | 1837-exact-components+street || 2565 | 1837 | E. 64 | Saramaccastraat | 1837-exact-components+street
1094,E65,Saramaccastraat,older-regime,address,yes,matched,yes,1,2803 | 1837 | E. 65 | Saramaccastraat | 1837-exact-components+street
1095,E70,Steenbakkersgracht,older-regime,address,yes,matched,yes,4,2084 | 1837 | E. 70 | Steenbakkersgracht | 1837-exact-components+street || 2085 | 1837 | E. 70 | Steenbakkersgracht | 1837-exact-components+street || 2086 | 1837 | E. 70 | Steenbakkersgracht | 1837-exact-components+street || 2087 | 1837 | E. 70 | Steenbakkersgracht | 1837-exact-components+street
1096,E71b,Steenbakkersgracht,older-regime,address,yes,matched,yes,2,2082 | 1837 | E. 71a | Steenbakkersgracht | 1837-fallback-core-only+street || 2083 | 1837 | E. 71b | Steenbakkersgracht | 1837-exact-components+street
1097,E72,Steenbakkersgracht,older-regime,address,yes,matched,yes,1,2081 | 1837 | E. 72 | Steenbakkersgracht | 1837-exact-components+street
1098,E73a,Steenbakkersgracht,older-regime,address,yes,matched,yes,2,2079 | 1837 | E. 73 | Steenbakkersgracht | 1837-fallback-core-only+street || 2080 | 1837 | E. 73 | Steenbakkersgracht | 1837-fallback-core-only+street
1099,E74a,Steenbakkersgracht,older-regime,address,yes,matched,yes,2,2077 | 1837 | E. 74 | Steenbakkersgracht | 1837-fallback-core-only+street || 2078 | 1837 | E. 74 | Steenbakkersgracht | 1837-fallback-core-only+street
1100,E75a,Steenbakkersgracht,older-regime,address,yes,matched,yes,6,2074 | 1837 | E. 75b | Steenbakkersgracht | 1837-fallback-core-only+street || 2075 | 1837 | E. 75b | Steenbakkersgracht | 1837-fallback-core-only+street || 2076 | 1837 | E. 75b | Steenbakkersgracht | 1837-fallback-core-only+street || 2610 | 1837 | E. 75a | Steenbakkersgracht | 1837-exact-components+street || 2611 | 1837 | E. 75a | Steenbakkersgracht | 1837-exact-components+street || 2612 | 1837 | E. 75a | Steenbakkersgracht | 1837-exact-components+street
1101,E80a,Steenbakkersgracht,older-regime,address,yes,matched,yes,5,2478 | 1837 | E. 80a | Steenbakkersgracht | 1837-exact-components+street || 2479 | 1837 | E. 80b | Steenbakkersgracht | 1837-fallback-core-only+street || 2480 | 1837 | E. 80 | Steenbakkersgracht | 1837-fallback-core-only+street || 2481 | 1837 | E. 80 | Steenbakkersgracht | 1837-fallback-core-only+street || 2482 | 1837 | E. 80 | Steenbakkersgracht | 1837-fallback-core-only+street
1102,E76,Steenbakkersgracht,older-regime,address,yes,matched,yes,3,2071 | 1837 | E. 76 | Steenbakkersgracht | 1837-exact-components+street || 2072 | 1837 | E. 76 | Steenbakkersgracht | 1837-exact-components+street || 2073 | 1837 | E. 76 | Steenbakkersgracht | 1837-exact-components+street
1103,E77a,Steenbakkersgracht,older-regime,address,yes,matched,yes,2,2069 | 1837 | E. 77 | Steenbakkersgracht | 1837-fallback-core-only+street || 2070 | 1837 | E. 77 | Steenbakkersgracht | 1837-fallback-core-only+street
1104,E78,Steenbakkersgracht,older-regime,address,yes,matched,yes,2,2219 | 1837 | E. 78 | Steenbakkersgracht | 1837-exact-components+street || 2220 | 1837 | E. 78 | Steenbakkersgracht | 1837-exact-components+street
1105,E79,Steenbakkersgracht,older-regime,address,yes,matched,yes,1,2068 | 1837 | E. 79 | Steenbakkersgracht | 1837-exact-components+street
1106,,,older-regime,non-address-annotation,no,ignored-non-address-annotation,yes,0,
1107,E82,Steenbakkersgracht,older-regime,address,yes,matched,yes,7,2061 | 1837 | E. 82 | Steenbakkersgracht | 1837-exact-components+street || 2062 | 1837 | E. 82 | Steenbakkersgracht | 1837-exact-components+street || 2063 | 1837 | E. 82 | Steenbakkersgracht | 1837-exact-components+street || 2064 | 1837 | E. 82b | Steenbakkersgracht | 1837-fallback-core-only+street || 2065 | 1837 | E. 82c | Steenbakkersgracht | 1837-fallback-core-only+street || 2066 | 1837 | E. 82 | Steenbakkersgracht | 1837-exact-components+street || 2067 | 1837 | E. 82 | Steenbakkersgracht | 1837-exact-components+street
1108,E89,Steenbakkersgracht,older-regime,address,yes,matched,yes,4,2796 | 1837 | E. 89 | Steenbakkersgracht | 1837-exact-components+street || 2797 | 1837 | E. 89 | Steenbakkersgracht | 1837-exact-components+street || 2798 | 1837 | E. 89 | Steenbakkersgracht | 1837-exact-components+street || 2799 | 1837 | E. 89 | Steenbakkersgracht | 1837-exact-components+street
1109,E88a,Steenbakkersgracht,older-regime,address,yes,matched,yes,2,2539 | 1837 | E. 88a | Steenbakkersgracht | 1837-exact-components+street || 2540 | 1837 | E. 88b | Steenbakkersgracht | 1837-fallback-core-only+street
1110,E83,Steenbakkersgracht,older-regime,address,yes,matched,yes,2,2059 | 1837 | E. 83 | Steenbakkersgracht | 1837-exact-components+street || 2060 | 1837 | E. 83 | Steenbakkersgracht | 1837-exact-components+street
1111,E84,Steenbakkersgracht,older-regime,address,yes,matched,yes,1,2058 | 1837 | E. 84 | Steenbakkersgracht | 1837-exact-components+street
1112,E87,Steenbakkersgracht,older-regime,address,yes,matched,yes,1,2055 | 1837 | E. 87 | Steenbakkersgracht | 1837-exact-components+street
1113,E86,Steenbakkersgracht,older-regime,address,yes,matched,yes,1,2056 | 1837 | E. 86 | Steenbakkersgracht | 1837-exact-components+street
1114,E85,Steenbakkersgracht,older-regime,address,yes,matched,yes,1,2057 | 1837 | E. 85 | Steenbakkersgracht | 1837-exact-components+street
1115,E90,Steenbakkersgracht,older-regime,address,yes,matched,yes,3,2052 | 1837 | E. 90 | Steenbakkersgracht | 1837-exact-components+street || 2053 | 1837 | E. 90 | Steenbakkersgracht | 1837-exact-components+street || 2054 | 1837 | E. 90 | Steenbakkersgracht | 1837-exact-components+street
1116,E95a,Steenbakkersgracht,older-regime,address,yes,matched,yes,4,2426 | 1837 | E. 95a | Steenbakkersgracht | 1837-exact-components+street || 2427 | 1837 | E. 95a | Steenbakkersgracht | 1837-exact-components+street || 2428 | 1837 | E. 95b | Steenbakkersgracht | 1837-fallback-core-only+street || 2429 | 1837 | E. 95 | Steenbakkersgracht | 1837-fallback-core-only+street
1117,E94,Steenbakkersgracht,older-regime,address,yes,matched,yes,1,2049 | 1837 | E. 94 | Steenbakkersgracht | 1837-exact-components+street
1118,E93,Steenbakkersgracht,older-regime,address,yes,matched,yes,2,2047 | 1837 | E. 93 | Steenbakkersgracht | 1837-exact-components+street || 2048 | 1837 | E. 93 | Steenbakkersgracht | 1837-exact-components+street
1119,E92a,Steenbakkersgracht,older-regime,address,yes,matched,yes,2,2045 | 1837 | E. 92a | Steenbakkersgracht | 1837-exact-components+street || 2046 | 1837 | E. 92b | Steenbakkersgracht | 1837-fallback-core-only+street
1120,E91,Steenbakkersgracht,older-regime,address,yes,matched,yes,2,2050 | 1837 | E. 91 | Steenbakkersgracht | 1837-exact-components+street || 2051 | 1837 | E. 91 | Steenbakkersgracht | 1837-exact-components+street
1121,E95b,Steenbakkersgracht,older-regime,address,yes,matched,yes,4,2426 | 1837 | E. 95a | Steenbakkersgracht | 1837-fallback-core-only+street || 2427 | 1837 | E. 95a | Steenbakkersgracht | 1837-fallback-core-only+street || 2428 | 1837 | E. 95b | Steenbakkersgracht | 1837-exact-components+street || 2429 | 1837 | E. 95 | Steenbakkersgracht | 1837-fallback-core-only+street
1122,E100,Steenbakkersgracht,older-regime,address,yes,matched,yes,2,3472 | 1837 | E.100 | Steenbakkersgracht | 1837-exact-components+street || 3504 | 1837 | E.100 | Steenbakkersgracht | 1837-exact-components+street
1123,E96,Steenbakkersgracht,older-regime,address,yes,matched,yes,2,3373 | 1837 | E. 96 | Steenbakkersgracht | 1837-exact-components+street || 3374 | 1837 | E. 96 | Steenbakkersgracht | 1837-exact-components+street
1124,E99,Steenbakkersgracht,older-regime,address,yes,matched,yes,1,3365 | 1837 | E. 99 | Steenbakkersgracht | 1837-exact-components+street
1125,E98b,Steenbakkersgracht,older-regime,address,yes,matched,yes,2,3367 | 1837 | E. 98 | Steenbakkersgracht | 1837-fallback-core-only+street || 3368 | 1837 | E. 98 | Steenbakkersgracht | 1837-fallback-core-only+street
1126,E97,Steenbakkersgracht,older-regime,address,yes,matched,yes,2,3370 | 1837 | E. 97 | Steenbakkersgracht | 1837-exact-components+street || 3371 | 1837 | E. 97 | Steenbakkersgracht | 1837-exact-components+street
1127,E101,Steenbakkersgracht,older-regime,address,yes,matched,yes,5,3314 | 1837 | E.101a | Steenbakkersgracht | 1837-fallback-core-only+street || 3315 | 1837 | E.101a | Steenbakkersgracht | 1837-fallback-core-only+street || 3316 | 1837 | E.101a | Steenbakkersgracht | 1837-fallback-core-only+street || 3317 | 1837 | E.101a | Steenbakkersgracht | 1837-fallback-core-only+street || 3318 | 1837 | E.101 | Steenbakkersgracht | 1837-exact-components+street
1128,E105,Wanicastraat,older-regime,address,yes,matched,yes,4,3299 | 1837 | E.105 | Steenbakkersgracht | 1837-exact-components || 3300 | 1837 | E.105 | Steenbakkersgracht | 1837-exact-components || 3301 | 1837 | E.105 | Steenbakkersgracht | 1837-exact-components || 3302 | 1837 | E.105 | Steenbakkersgracht | 1837-exact-components
1129,E104a,Steenbakkersgracht,older-regime,address,yes,matched,yes,2,3286 | 1837 | E.104 | Steenbakkersgracht | 1837-fallback-core-only+street || 3287 | 1837 | E.104 | Steenbakkersgracht | 1837-fallback-core-only+street
1130,E103,Steenbakkersgracht,older-regime,address,yes,matched,yes,1,2893 | 1837 | E.103 | Steenbakkersgracht | 1837-exact-components+street
1131,E102a,Steenbakkersgracht,older-regime,address,yes,matched,yes,1,2983 | 1837 | E.102 | Steenbakkersgracht | 1837-fallback-core-only+street
1132,E106,Wanicastraat,older-regime,address,yes,matched,yes,3,3309 | 1837 | E.106 | Pad van Wanica | 1837-exact-components || 3310 | 1837 | E.106 | Pad van Wanica | 1837-exact-components || 3311 | 1837 | E.106 | Pad van Wanica | 1837-exact-components
1133,E107,Wanicastraat,older-regime,address,yes,matched,yes,1,3312 | 1837 | E.107 | Pad van Wanica | 1837-exact-components
1134,E108,Wanicastraat,older-regime,address,yes,matched,yes,6,2935 | 1837 | E.108 | Pad van Wanica | 1837-exact-components || 2936 | 1837 | E.108 | Pad van Wanica | 1837-exact-components || 2937 | 1837 | E.108 | Pad van Wanica | 1837-exact-components || 2938 | 1837 | E.108 | Pad van Wanica | 1837-exact-components || 2939 | 1837 | E.108 | Pad van Wanica | 1837-exact-components || 2940 | 1837 | E.108 | Pad van Wanica | 1837-exact-components
1135,E109,Wanicastraat,older-regime,address,yes,matched,yes,3,3138 | 1837 | E.109 | Drambrandersgracht | 1837-exact-components || 3139 | 1837 | E.109 | Drambrandersgracht | 1837-exact-components || 3140 | 1837 | E.109 | Drambrandersgracht | 1837-exact-components
1136,E110,Drambrandersgracht,older-regime,address,yes,matched,yes,1,3040 | 1837 | E.110 | Drambrandersgracht | 1837-exact-components+street
1137,E115b,Drambrandersgracht,older-regime,address,yes,matched,yes,4,3071 | 1837 | E.115c | Drambrandersgracht | 1837-fallback-core-only+street || 3072 | 1837 | E.115b | Drambrandersgracht | 1837-exact-components+street || 3073 | 1837 | E.115a | Drambrandersgracht | 1837-fallback-core-only+street || 3074 | 1837 | E.115ac | Drambrandersgracht | 1837-fallback-core-only+street
1138,E111,Drambrandersgracht,older-regime,address,yes,matched,yes,1,3048 | 1837 | E.111 | Drambrandersgracht | 1837-exact-components+street
1139,E112,Drambrandersgracht,older-regime,address,yes,matched,yes,1,2988 | 1837 | E.112 | Drambrandersgracht | 1837-exact-components+street
1140,E113,Drambrandersgracht,older-regime,address,yes,matched,yes,1,3053 | 1837 | E.113 | Drambrandersgracht | 1837-exact-components+street
1141,E114b,Drambrandersgracht,older-regime,address,yes,matched,yes,2,3010 | 1837 | E.114b | Drambrandersgracht | 1837-exact-components+street || 3011 | 1837 | E.114a | Drambrandersgracht | 1837-fallback-core-only+street
1142,E116,Fredericistraat,older-regime,address,yes,matched,yes,2,3088 | 1837 | E.116 | Fredericistraat | 1837-exact-components+street || 3089 | 1837 | E.116 | Fredericistraat | 1837-exact-components+street
1143,E117,Fredericistraat,older-regime,address,yes,matched,yes,1,3099 | 1837 | E.117 | Fredericistraat | 1837-exact-components+street
1144,E118,Fredericistraat,older-regime,address,yes,matched,yes,3,3325 | 1837 | E.118 | Fredericistraat | 1837-exact-components+street || 3326 | 1837 | E.118 | Fredericistraat | 1837-exact-components+street || 3327 | 1837 | E.118 | Fredericistraat | 1837-exact-components+street
1145,E119,Fredericistraat,older-regime,address,yes,matched,yes,2,3362 | 1837 | E.119a | Fredericistraat | 1837-fallback-core-only+street || 3363 | 1837 | E.119b | Fredericistraat | 1837-fallback-core-only+street
1146,E122,Fredericistraat,older-regime,address,yes,matched,yes,1,3510 | 1837 | E.122 | Fredericistraat | 1837-exact-components+street
1147,E120,Fredericistraat,older-regime,address,yes,matched,yes,2,3058 | 1837 | E.120 | Fredericistraat | 1837-exact-components+street || 3059 | 1837 | E.120 | Fredericistraat | 1837-exact-components+street
1148,E121b,Fredericistraat,older-regime,address,yes,matched,yes,3,3358 | 1837 | E.121a | Fredericistraat | 1837-fallback-core-only+street || 3359 | 1837 | E.121b | Fredericistraat | 1837-exact-components+street || 3360 | 1837 | E.121 | Fredericistraat | 1837-fallback-core-only+street
1149,E123,Fredericistraat,older-regime,address,yes,matched,yes,2,3214 | 1837 | E.123 | Fredericistraat | 1837-exact-components+street || 3215 | 1837 | E.123 | Fredericistraat | 1837-exact-components+street
1150,E124,Fredericistraat,older-regime,address,yes,matched,yes,3,3016 | 1837 | E.124 | Drambrandersgracht | 1837-exact-components || 3205 | 1837 | E.124 | Fredericistraat | 1837-exact-components+street || 3206 | 1837 | E.124 | Fredericistraat | 1837-exact-components+street
1151,E125,Fredericistraat,older-regime,address,yes,matched,yes,4,3023 | 1837 | E.125 | Drambrandersgracht | 1837-exact-components || 3024 | 1837 | E.125 | Fredericistraat | 1837-exact-components+street || 3025 | 1837 | E.125 | Fredericistraat | 1837-exact-components+street || 3026 | 1837 | E.125 | Fredericistraat | 1837-exact-components+street
1152,E126,Drambrandersgracht,older-regime,address,yes,matched,yes,3,3146 | 1837 | E.126 | Drambrandersgracht | 1837-exact-components+street || 3147 | 1837 | E.126 | Drambrandersgracht | 1837-exact-components+street || 3156 | 1837 | E.126 | Drambrandersgracht | 1837-exact-components+street
1153,E127b,Drambrandersgracht,older-regime,address,yes,matched,yes,7,3172 | 1837 | E.127b | Drambrandersgracht | 1837-exact-components+street || 3173 | 1837 | E.127a | Drambrandersgracht | 1837-fallback-core-only+street || 3174 | 1837 | E.127 | Drambrandersgracht | 1837-fallback-core-only+street || 3175 | 1837 | E.127 | Drambrandersgracht | 1837-fallback-core-only+street || 3176 | 1837 | E.127 | Drambrandersgracht | 1837-fallback-core-only+street || 3177 | 1837 | E.127 | Drambrandersgracht | 1837-fallback-core-only+street || 3178 | 1837 | E.127 | Drambrandersgracht | 1837-fallback-core-only+street
1154,E128,Drambrandersgracht,older-regime,address,yes,matched,yes,4,3166 | 1837 | E.128b | Drambrandersgracht | 1837-fallback-core-only+street || 3167 | 1837 | E.128a | Drambrandersgracht | 1837-fallback-core-only+street || 3168 | 1837 | E.128 | Drambrandersgracht | 1837-exact-components+street || 3169 | 1837 | E.128 | Drambrandersgracht | 1837-exact-components+street
1155,E129a,Drambrandersgracht,older-regime,address,yes,matched,yes,1,3179 | 1837 | E.129 | Drambrandersgracht | 1837-fallback-core-only+street
1156,E130a,Drambrandersgracht,older-regime,address,yes,matched,yes,6,3183 | 1837 | E.130b | Drambrandersgracht | 1837-fallback-core-only+street || 3184 | 1837 | E.130 | Drambrandersgracht | 1837-fallback-core-only+street || 3185 | 1837 | E.130a | Drambrandersgracht | 1837-exact-components+street || 3186 | 1837 | E.130 | Drambrandersgracht | 1837-fallback-core-only+street || 3190 | 1837 | E.130 | Drambrandersgracht | 1837-fallback-core-only+street || 3191 | 1837 | E.130 | Drambrandersgracht | 1837-fallback-core-only+street
1157,E131,Drambrandersgracht,older-regime,address,yes,matched,yes,12,2881 | 1837 | E.131 | Drambrandersgracht | 1837-exact-components+street || 2882 | 1837 | E.131 | Drambrandersgracht | 1837-exact-components+street || 2883 | 1837 | E.131 | Drambrandersgracht | 1837-exact-components+street || 2884 | 1837 | E.131 | Drambrandersgracht | 1837-exact-components+street || 2885 | 1837 | E.131 | Drambrandersgracht | 1837-exact-components+street || 2886 | 1837 | E.131 | Drambrandersgracht | 1837-exact-components+street || 2887 | 1837 | E.131 | Drambrandersgracht | 1837-exact-components+street || 2888 | 1837 | E.131 | Drambrandersgracht | 1837-exact-components+street
1158,E132,Rust en Vreedestraat,older-regime,address,yes,matched,yes,4,3200 | 1837 | E.132 | Rust en Vredestraat | 1837-exact-components || 3201 | 1837 | E.132 | Rust en Vredestraat | 1837-exact-components || 3202 | 1837 | E.132 | Rust en Vredestraat | 1837-exact-components || 3203 | 1837 | E.132 | Rust en Vredestraat | 1837-exact-components
1159,E136a,Rust en Vreedestraat,older-regime,address,yes,matched,yes,5,3461 | 1837 | E.136 | Rust en Vredestraat | 1837-fallback-core-only || 3462 | 1837 | E.136 | Rust en Vredestraat | 1837-fallback-core-only || 3463 | 1837 | E.136 | Rust en Vredestraat | 1837-fallback-core-only || 3464 | 1837 | E.136 | Rust en Vredestraat | 1837-fallback-core-only || 3465 | 1837 | E.136 | Rust en Vredestraat | 1837-fallback-core-only
1160,E133,Rust en Vreedestraat,older-regime,address,yes,matched,yes,1,3219 | 1837 | E.133 | Rust en Vredestraat | 1837-exact-components
1161,E134,Rust en Vreedestraat,older-regime,address,yes,matched,yes,4,3253 | 1837 | E.134 | Rust en Vredestraat | 1837-exact-components || 3254 | 1837 | E.134 | Rust en Vredestraat | 1837-exact-components || 3255 | 1837 | E.134 | Rust en Vredestraat | 1837-exact-components || 3256 | 1837 | E.134 | Rust en Vredestraat | 1837-exact-components
1162,E135,Rust en Vreedestraat,older-regime,address,yes,matched,yes,1,3466 | 1837 | E.135 | Rust en Vredestraat | 1837-exact-components
1163,E137,Rust en Vreedestraat,older-regime,address,yes,matched,yes,1,2897 | 1837 | E.137 | Rust en Vredestraat | 1837-exact-components
1164,E141b,Rust en Vreedestraat,older-regime,address,yes,matched,yes,3,3376 | 1837 | E.141b | Rust en Vredestraat | 1837-exact-components || 3377 | 1837 | E.141a | Rust en Vredestraat | 1837-fallback-core-only || 3378 | 1837 | E.141aa | Rust en Vredestraat | 1837-fallback-core-only
1165,E138,Rust en Vreedestraat,older-regime,address,yes,matched,yes,4,3506 | 1837 | E.138 | Rust en Vredestraat | 1837-exact-components || 3507 | 1837 | E.138 | Rust en Vredestraat | 1837-exact-components || 3508 | 1837 | E.138 | Rust en Vredestraat | 1837-exact-components || 3509 | 1837 | E.138 | Rust en Vredestraat | 1837-exact-components
1166,E139,Rust en Vreedestraat,older-regime,address,yes,matched,yes,1,2895 | 1837 | E.139 | Rust en Vredestraat | 1837-exact-components
1167,E140aa,Rust en Vreedestraat,older-regime,address,yes,matched,yes,2,3383 | 1837 | E.140a | Rust en Vredestraat | 1837-fallback-core-only || 3384 | 1837 | E.140b | Rust en Vredestraat | 1837-fallback-core-only
1168,E142,Rust en Vreedestraat,older-regime,address,yes,matched,yes,3,2680 | 1837 | E.142 | Rust en Vredestraat | 1837-exact-components || 2681 | 1837 | E.142 | Rust en Vredestraat | 1837-exact-components || 2682 | 1837 | E.142 | Rust en Vredestraat | 1837-exact-components
1169,E143,Rust en Vreedestraat,older-regime,address,yes,matched,yes,2,1902 | 1837 | E.143 | Rust en Vredestraat | 1837-exact-components || 1903 | 1837 | E.143 | Rust en Vredestraat | 1837-exact-components
1170,E144,Rust en Vreedestraat,older-regime,address,yes,matched,yes,2,2432 | 1837 | E.144 | Rust en Vredestraat | 1837-exact-components || 2433 | 1837 | E.144 | Rust en Vredestraat | 1837-exact-components
1171,E145,Rust en Vreedestraat,older-regime,address,yes,matched,yes,2,2216 | 1837 | E.145 | Rust en Vredestraat | 1837-exact-components || 2677 | 1837 | E.145a | Rust en Vredestraat | 1837-fallback-core-only
1172,E148,Rust en Vreedestraat,older-regime,address,yes,matched,yes,2,2043 | 1837 | E.148 | Rust en Vredestraat | 1837-exact-components || 2044 | 1837 | E.148 | Rust en Vredestraat | 1837-exact-components
1173,E147,Rust en Vreedestraat,older-regime,address,yes,matched,yes,1,2042 | 1837 | E.147 | Rust en Vredestraat | 1837-exact-components
1174,E146b,Rust en Vreedestraat,older-regime,address,yes,matched,yes,2,2674 | 1837 | E.146a | Rust en Vredestraat | 1837-fallback-core-only || 2675 | 1837 | E.146b | Rust en Vredestraat | 1837-exact-components
1175,E149,Hofstraat,older-regime,address,yes,matched,yes,5,2451 | 1837 | E.149 | Hofstraat | 1837-exact-components+street || 2452 | 1837 | E.149 | Hofstraat | 1837-exact-components+street || 2453 | 1837 | E.149 | Hofstraat | 1837-exact-components+street || 2454 | 1837 | E.149 | Hofstraat | 1837-exact-components+street || 2455 | 1837 | E.149 | Hofstraat | 1837-exact-components+street
1176,E154,Hofstraat,older-regime,address,yes,matched,yes,5,1859 | 1837 | E.154 | Hofstraat | 1837-exact-components+street || 1860 | 1837 | E.154 | Hofstraat | 1837-exact-components+street || 1861 | 1837 | E.154 | Hofstraat | 1837-exact-components+street || 1862 | 1837 | E.154 | Hofstraat | 1837-exact-components+street || 1863 | 1837 | E.154 | Hofstraat | 1837-exact-components+street
1177,E153a,Hofstraat,older-regime,address,yes,matched,yes,3,1852 | 1837 | E.153b | Hofstraat | 1837-fallback-core-only+street || 1853 | 1837 | E.153a | Hofstraat | 1837-exact-components+street || 1854 | 1837 | E.153 | Hofstraat | 1837-fallback-core-only+street
1178,E152a,Hofstraat,older-regime,address,yes,matched,yes,2,1848 | 1837 | E.152b | Hofstraat | 1837-fallback-core-only+street || 1849 | 1837 | E.152a | Hofstraat | 1837-exact-components+street
1179,E150,Hofstraat,older-regime,address,yes,matched,yes,2,2546 | 1837 | E.150a | Hofstraat | 1837-fallback-core-only+street || 2547 | 1837 | E.150 | Hofstraat | 1837-exact-components+street
1180,E151,Hofstraat,older-regime,address,yes,matched,yes,1,2235 | 1837 | E.151 | Hofstraat | 1837-exact-components+street
1181,E155a,Hofstraat,older-regime,address,yes,matched,yes,5,1876 | 1837 | E.155 | Hofstraat | 1837-fallback-core-only+street || 1877 | 1837 | E.155 | Hofstraat | 1837-fallback-core-only+street || 1878 | 1837 | E.155 | Hofstraat | 1837-fallback-core-only+street || 1879 | 1837 | E.155 | Hofstraat | 1837-fallback-core-only+street || 1880 | 1837 | E.155 | Hofstraat | 1837-fallback-core-only+street
1182,E161,Hofstraat,older-regime,address,yes,matched,yes,2,2683 | 1837 | E.161 | Hofstraat | 1837-exact-components+street || 2684 | 1837 | E.161 | Hofstraat | 1837-exact-components+street
1183,E160a,Hofstraat,older-regime,address,yes,matched,yes,3,2553 | 1837 | E.160b | Hofstraat | 1837-fallback-core-only+street || 2554 | 1837 | E.160 | Hofstraat | 1837-fallback-core-only+street || 2555 | 1837 | E.160a | Hofstraat | 1837-exact-components+street
1184,E156a,Hofstraat,older-regime,address,yes,matched,yes,3,1881 | 1837 | E.156 | Hofstraat | 1837-fallback-core-only+street || 1882 | 1837 | E.156b | Hofstraat | 1837-fallback-core-only+street || 1883 | 1837 | E.156a | Hofstraat | 1837-exact-components+street
1185,E157,Hofstraat,older-regime,address,yes,matched,yes,2,1884 | 1837 | E.157 | Hofstraat | 1837-exact-components+street || 1885 | 1837 | E.157 | Hofstraat | 1837-exact-components+street
1186,E158,Hofstraat,older-regime,address,yes,matched,yes,1,2851 | 1837 | E.158 | Hofstraat | 1837-exact-components+street
1187,E159,Hofstraat,older-regime,address,yes,matched,yes,2,1890 | 1837 | E.159b | Hofstraat | 1837-fallback-core-only+street || 1891 | 1837 | E.159a | Hofstraat | 1837-fallback-core-only+street
1188,E162,Hofstraat,older-regime,address,yes,matched,yes,3,2816 | 1837 | E.162 | Hofstraat | 1837-exact-components+street || 2817 | 1837 | E.162 | Hofstraat | 1837-exact-components+street || 2818 | 1837 | E.162 | Hofstraat | 1837-exact-components+street
1189,E166a,Hofstraat,older-regime,address,yes,matched,yes,4,1870 | 1837 | E.166a | Hofstraat | 1837-exact-components+street || 1871 | 1837 | E.166b | Hofstraat | 1837-fallback-core-only+street || 1872 | 1837 | E.166b | Hofstraat | 1837-fallback-core-only+street || 1875 | 1837 | E.166a | Hofstraat | 1837-exact-components+street
1190,E165,Hofstraat,older-regime,address,yes,matched,yes,2,1868 | 1837 | E.165a | Hofstraat | 1837-fallback-core-only+street || 1869 | 1837 | E.165b | Hofstraat | 1837-fallback-core-only+street
1191,E164,Hofstraat,older-regime,address,yes,matched,yes,2,1888 | 1837 | E.164a | Hofstraat | 1837-fallback-core-only+street || 1889 | 1837 | E.164b | Hofstraat | 1837-fallback-core-only+street
1192,E163a,Hofstraat,older-regime,address,yes,matched,yes,2,1886 | 1837 | E.163a | Hofstraat | 1837-exact-components+street || 1887 | 1837 | E.163b | Hofstraat | 1837-fallback-core-only+street
1193,E167a,Hofstraat,older-regime,address,yes,matched,yes,4,1855 | 1837 | E.167a | Hofstraat | 1837-exact-components+street || 1856 | 1837 | E.167b | Hofstraat | 1837-fallback-core-only+street || 1857 | 1837 | E.167b | Hofstraat | 1837-fallback-core-only+street || 1858 | 1837 | E.167 | Hofstraat | 1837-fallback-core-only+street
1194,E170b,Hofstraat,older-regime,address,yes,matched,yes,2,1846 | 1837 | E.170a | Hofstraat | 1837-fallback-core-only+street || 1847 | 1837 | E.170b | Hofstraat | 1837-exact-components+street
1195,E169,Hofstraat,older-regime,address,yes,matched,yes,2,1850 | 1837 | E.169 | Hofstraat | 1837-exact-components+street || 1851 | 1837 | E.169 | Hofstraat | 1837-exact-components+street
1196,E168a,Hofstraat,older-regime,address,yes,matched,yes,2,2282 | 1837 | E.168 | Hofstraat | 1837-fallback-core-only+street || 2283 | 1837 | E.168 | Hofstraat | 1837-fallback-core-only+street
1197,E171a,Princestraat,older-regime,address,yes,matched,yes,4,1841 | 1837 | E.171 | Hofstraat | 1837-fallback-core-only || 1842 | 1837 | E.171 | Hofstraat | 1837-fallback-core-only || 1843 | 1837 | E.171a | Hofstraat | 1837-exact-components || 1844 | 1837 | E.171b | Hofstraat | 1837-fallback-core-only
1198,E172,Hofstraat,older-regime,address,yes,matched,yes,4,1834 | 1837 | E.172 | Drambrandersgracht | 1837-exact-components || 1835 | 1837 | E.172 | Drambrandersgracht | 1837-exact-components || 1836 | 1837 | E.172 | Hofstraat | 1837-exact-components+street || 1837 | 1837 | E.172 | Hofstraat | 1837-exact-components+street
1199,E173,Hofstraat,older-regime,address,yes,matched,yes,3,1845 | 1837 | E.173 | Hofstraat | 1837-exact-components+street || 2543 | 1837 | E.173 | Hofstraat | 1837-exact-components+street || 2544 | 1837 | E.173 | Hofstraat | 1837-exact-components+street
1200,E174,Drambrandersgracht,older-regime,address,yes,matched,yes,3,2605 | 1837 | E.174 | Hofstraat | 1837-exact-components || 2606 | 1837 | E.174 | Hofstraat | 1837-exact-components || 2607 | 1837 | E.174 | Hofstraat | 1837-exact-components
1201,E175b,Drambrandersgracht,older-regime,address,yes,matched,yes,4,1824 | 1837 | E.175 | Drambrandersgracht | 1837-fallback-core-only+street || 1825 | 1837 | E.175 | Drambrandersgracht | 1837-fallback-core-only+street || 1826 | 1837 | E.175 | Drambrandersgracht | 1837-fallback-core-only+street || 1827 | 1837 | E.175 | Drambrandersgracht | 1837-fallback-core-only+street
1202,E176,Drambrandersgracht,older-regime,address,yes,matched,yes,1,1828 | 1837 | E.176 | Drambrandersgracht | 1837-exact-components+street
1203,E177,Drambrandersgracht,older-regime,address,yes,matched,yes,1,1830 | 1837 | E.177 | Drambrandersgracht | 1837-exact-components+street
1204,E178,Drambrandersgracht,older-regime,address,yes,matched,yes,1,1831 | 1837 | E.178 | Drambrandersgracht | 1837-exact-components+street
1205,E179,Drambrandersgracht,older-regime,address,yes,matched,yes,2,1832 | 1837 | E.179 | Drambrandersgracht | 1837-exact-components+street || 1833 | 1837 | E.179 | Drambrandersgracht | 1837-exact-components+street
1206,E180,Drambrandersgracht,older-regime,address,yes,matched,yes,3,1715 | 1837 | E.180 | Grote Dwarsstraat | 1837-exact-components || 2227 | 1837 | E.180 | Grote Dwarsstraat | 1837-exact-components || 2456 | 1837 | E.180 | Grote Dwarsstraat | 1837-exact-components
1207,E181,Groote Dwarsstraat,older-regime,address,yes,matched,yes,2,1716 | 1837 | E.181 | Grote Dwarsstraat | 1837-exact-components || 1717 | 1837 | E.181 | Grote Dwarsstraat | 1837-exact-components
1208,E183b,Groote Dwarsstraat,older-regime,address,yes,matched,yes,5,2548 | 1837 | E.183a | Grote Dwarsstraat | 1837-fallback-core-only || 2549 | 1837 | E.183b | Grote Dwarsstraat | 1837-exact-components || 2550 | 1837 | E.183 | Grote Dwarsstraat | 1837-fallback-core-only || 2551 | 1837 | E.183 | Grote Dwarsstraat | 1837-fallback-core-only || 2552 | 1837 | E.183 | Grote Dwarsstraat | 1837-fallback-core-only
1209,E182,Groote Dwarsstraat,older-regime,address,yes,matched,yes,1,2462 | 1837 | E.182 | Grote Dwarsstraat | 1837-exact-components
1210,E184aa,Groote Dwarsstraat,older-regime,address,yes,matched,yes,5,2228 | 1837 | E.184b | Grote Dwarsstraat | 1837-fallback-core-only || 2229 | 1837 | E.184a | Grote Dwarsstraat | 1837-fallback-core-only || 2230 | 1837 | E.184a | Grote Dwarsstraat | 1837-fallback-core-only || 2231 | 1837 | E.184b | Grote Dwarsstraat | 1837-fallback-core-only || 2232 | 1837 | E.184c | Grote Dwarsstraat | 1837-fallback-core-only
1211,E190,Groote Dwarsstraat,older-regime,address,yes,matched,yes,4,1706 | 1837 | E.190 | Grote Dwarsstraat | 1837-exact-components || 1707 | 1837 | E.190 | Grote Dwarsstraat | 1837-exact-components || 1708 | 1837 | E.190 | Grote Dwarsstraat | 1837-exact-components || 1709 | 1837 | E.190 | Grote Dwarsstraat | 1837-exact-components
1212,E189,Groote Dwarsstraat,older-regime,address,yes,matched,yes,2,1710 | 1837 | E.189 | Grote Dwarsstraat | 1837-exact-components || 1711 | 1837 | E.189 | Grote Dwarsstraat | 1837-exact-components
1213,E185,Groote Dwarsstraat,older-regime,address,yes,matched,yes,1,2840 | 1837 | E.185 | Grote Dwarsstraat | 1837-exact-components
1214,E186,Groote Dwarsstraat,older-regime,address,yes,matched,yes,2,2838 | 1837 | E.186 | Grote Dwarsstraat | 1837-exact-components || 2839 | 1837 | E.186 | Grote Dwarsstraat | 1837-exact-components
1215,E187,Groote Dwarsstraat,older-regime,address,yes,matched,yes,2,1713 | 1837 | E.187 | Grote Dwarsstraat | 1837-exact-components || 1714 | 1837 | E.187 | Grote Dwarsstraat | 1837-exact-components
1216,E188,Groote Dwarsstraat,older-regime,address,yes,matched,yes,1,1712 | 1837 | E.188 | Grote Dwarsstraat | 1837-exact-components
1217,E191,Groote Dwarsstraat,older-regime,address,yes,matched,yes,2,1703 | 1837 | E.191 | Grote Dwarsstraat | 1837-exact-components || 1705 | 1837 | E.191 | Grote Dwarsstraat | 1837-exact-components
1218,E81,Groote Dwarsstraat,older-regime,address,yes,matched,yes,2,2430 | 1837 | E. 81 | Steenbakkersgracht | 1837-exact-components || 2431 | 1837 | E. 81 | Steenbakkersgracht | 1837-exact-components
1219,E195,Groote Dwarsstraat,older-regime,address,yes,matched,yes,2,1697 | 1837 | E.195 | Grote Dwarsstraat | 1837-exact-components || 1698 | 1837 | E.195 | Grote Dwarsstraat | 1837-exact-components
1220,E194a,Groote Dwarsstraat,older-regime,address,yes,matched,yes,3,1699 | 1837 | E.194b | Grote Dwarsstraat | 1837-fallback-core-only || 1700 | 1837 | E.194a | Grote Dwarsstraat | 1837-exact-components || 1701 | 1837 | E.194a | Grote Dwarsstraat | 1837-exact-components
1221,E193,Groote Dwarsstraat,older-regime,address,yes,matched,yes,1,1702 | 1837 | E.193 | Grote Dwarsstraat | 1837-exact-components
1222,E192,Groote Dwarsstraat,older-regime,address,yes,matched,yes,1,1704 | 1837 | E.192 | Grote Dwarsstraat | 1837-exact-components
1223,E196,Groote Dwarsstraat,older-regime,address,yes,matched,yes,1,2461 | 1837 | E.196 | Grote Dwarsstraat | 1837-exact-components
1224,E199b,Groote Dwarsstraat,older-regime,address,yes,matched,yes,3,1916 | 1837 | E.199a | Grote Dwarsstraat | 1837-fallback-core-only || 1917 | 1837 | E.199 | Grote Dwarsstraat | 1837-fallback-core-only || 1919 | 1837 | E.199b | Grote Dwarsstraat | 1837-exact-components
1225,E197a,Groote Dwarsstraat,older-regime,address,yes,matched,yes,1,2270 | 1837 | E.197 | Grote Dwarsstraat | 1837-fallback-core-only
1226,E198,Groote Dwarsstraat,older-regime,address,yes,matched,yes,2,1695 | 1837 | E.198 | Grote Dwarsstraat | 1837-exact-components || 1696 | 1837 | E.198 | Grote Dwarsstraat | 1837-exact-components
1227,E200,Groote Dwarsstraat,older-regime,address,yes,matched,yes,1,3805 | 1837 | E.200 | Grote Dwarsstraat | 1837-exact-components
1228,E206,Groote Dwarsstraat,older-regime,address,yes,matched,yes,1,2602 | 1837 | E.206 | Grote Dwarsstraat | 1837-exact-components
1229,E201,Groote Dwarsstraat,older-regime,address,yes,matched,yes,1,2466 | 1837 | E.201 | Grote Dwarsstraat | 1837-exact-components
1230,E205,Groote Dwarsstraat,older-regime,address,yes,matched,yes,1,2601 | 1837 | E.205 | Grote Dwarsstraat | 1837-exact-components
1231,E204,Groote Dwarsstraat,older-regime,address,yes,matched,yes,2,1722 | 1837 | E.204 | Grote Dwarsstraat | 1837-exact-components || 1723 | 1837 | E.204 | Grote Dwarsstraat | 1837-exact-components
1232,E203,Groote Dwarsstraat,older-regime,address,yes,matched,yes,2,2484 | 1837 | E.203 | Grote Dwarsstraat | 1837-exact-components || 2485 | 1837 | E.203 | Grote Dwarsstraat | 1837-exact-components
1233,E202,Groote Dwarsstraat,older-regime,address,yes,matched,yes,2,2459 | 1837 | E.202 | Grote Dwarsstraat | 1837-exact-components || 2460 | 1837 | E.202 | Grote Dwarsstraat | 1837-exact-components
1234,E207b,Groote Dwarsstraat,older-regime,address,yes,matched,yes,2,2457 | 1837 | E.207a | Grote Dwarsstraat | 1837-fallback-core-only || 2458 | 1837 | E.207b | Grote Dwarsstraat | 1837-exact-components
1235,E214,Drambrandersgracht,older-regime,address,yes,matched,yes,3,2584 | 1837 | E.214 | Grote Dwarsstraat | 1837-exact-components || 2585 | 1837 | E.214 | Grote Dwarsstraat | 1837-exact-components || 2586 | 1837 | E.214 | Grote Dwarsstraat | 1837-exact-components
1236,E213,Drambrandersgracht,older-regime,address,yes,matched,yes,4,1811 | 1837 | E.213 | Grote Dwarsstraat | 1837-exact-components || 1812 | 1837 | E.213 | Grote Dwarsstraat | 1837-exact-components || 1813 | 1837 | E.213 | Grote Dwarsstraat | 1837-exact-components || 1814 | 1837 | E.213 | Grote Dwarsstraat | 1837-exact-components
1237,E212,Drambrandersgracht,older-regime,address,yes,matched,yes,1,1815 | 1837 | E.212 | Grote Dwarsstraat | 1837-exact-components
1238,E211,Groote Dwarsstraat,older-regime,address,yes,matched,yes,6,2221 | 1837 | E.211 | Grote Dwarsstraat | 1837-exact-components || 2222 | 1837 | E.211 | Grote Dwarsstraat | 1837-exact-components || 2223 | 1837 | E.211a | Grote Dwarsstraat | 1837-fallback-core-only || 2224 | 1837 | E.211b | Grote Dwarsstraat | 1837-fallback-core-only || 2225 | 1837 | E.211 | Grote Dwarsstraat | 1837-exact-components || 2226 | 1837 | E.211 | Grote Dwarsstraat | 1837-exact-components
1239,E208,Groote Dwarsstraat,older-regime,address,yes,matched,yes,1,2792 | 1837 | E.208 | Grote Dwarsstraat | 1837-exact-components
1240,E209,Groote Dwarsstraat,older-regime,address,yes,matched,yes,2,1718 | 1837 | E.209 | Grote Dwarsstraat | 1837-exact-components || 1719 | 1837 | E.209 | Grote Dwarsstraat | 1837-exact-components
1241,E210,Groote Dwarsstraat,older-regime,address,yes,matched,yes,2,1720 | 1837 | E.210 | Grote Dwarsstraat | 1837-exact-components || 1721 | 1837 | E.210 | Grote Dwarsstraat | 1837-exact-components
1242,E215,Zwartenhovenbrugstraat,older-regime,address,yes,matched,yes,5,2311 | 1837 | E.215 | Zwartenhovenbrugstraat | 1837-exact-components+street || 2312 | 1837 | E.215 | Zwartenhovenbrugstraat | 1837-exact-components+street || 2313 | 1837 | E.215 | Zwartenhovenbrugstraat | 1837-exact-components+street || 2314 | 1837 | E.215 | Zwartenhovenbrugstraat | 1837-exact-components+street || 2315 | 1837 | E.215 | Zwartenhovenbrugstraat | 1837-exact-components+street
1243,E224,Zwartenhovenbrugstraat,older-regime,address,yes,matched,yes,2,1537 | 1837 | E.224 | Zwartenhovenbrugstraat | 1837-exact-components+street || 1538 | 1837 | E.224 | Zwartenhovenbrugstraat | 1837-exact-components+street
1244,E223,Zwartenhovenbrugstraat,older-regime,address,yes,matched,yes,2,2752 | 1837 | E.223 | Zwartenhovenbrugstraat | 1837-exact-components+street || 2753 | 1837 | E.223 | Zwartenhovenbrugstraat | 1837-exact-components+street
1245,E216,Zwartenhovenbrugstraat,older-regime,address,yes,matched,yes,1,2597 | 1837 | E.216 | Zwartenhovenbrugstraat | 1837-exact-components+street
1246,E217,Zwartenhovenbrugstraat,older-regime,address,yes,matched,yes,2,1545 | 1837 | E.217 | Zwartenhovenbrugstraat | 1837-exact-components+street || 1546 | 1837 | E.217 | Zwartenhovenbrugstraat | 1837-exact-components+street
1247,E222,Zwartenhovenbrugstraat,older-regime,address,yes,matched,yes,1,2372 | 1837 | E.222 | Zwartenhovenbrugstraat | 1837-exact-components+street
1248,E218,Zwartenhovenbrugstraat,older-regime,address,yes,matched,yes,2,2583 | 1837 | E.218 | Zwartenhovenbrugstraat | 1837-exact-components+street || 2600 | 1837 | E.218 | Zwartenhovenbrugstraat | 1837-exact-components+street
1249,E221,Zwartenhovenbrugstraat,older-regime,address,yes,matched,yes,1,2589 | 1837 | E.221 | Zwartenhovenbrugstraat | 1837-exact-components+street
1250,E219,Zwartenhovenbrugstraat,older-regime,address,yes,matched,yes,1,2593 | 1837 | E.219 | Zwartenhovenbrugstraat | 1837-exact-components+street
1251,E220,Zwartenhovenbrugstraat,older-regime,address,yes,matched,yes,1,2592 | 1837 | E.220 | Zwartenhovenbrugstraat | 1837-exact-components+street
1252,E225a,Zwartenhovenbrugstraat,older-regime,address,yes,matched,yes,7,2288 | 1837 | E.225b | Zwartenhovenbrugstraat | 1837-fallback-core-only+street || 2289 | 1837 | E.225c | Zwartenhovenbrugstraat | 1837-fallback-core-only+street || 2367 | 1837 | E.225ab | Zwartenhovenbrugstraat | 1837-fallback-core-only+street || 2368 | 1837 | E.225 | Zwartenhovenbrugstraat | 1837-fallback-core-only+street || 2369 | 1837 | E.225a | Zwartenhovenbrugstraat | 1837-exact-components+street || 2370 | 1837 | E.225 | Zwartenhovenbrugstraat | 1837-fallback-core-only+street || 2371 | 1837 | E.225 | Zwartenhovenbrugstraat | 1837-fallback-core-only+street
1253,E232,Zwartenhovenbrugstraat,older-regime,address,yes,matched,yes,4,1511 | 1837 | E.232 | Zwartenhovenbrugstraat | 1837-exact-components+street || 1512 | 1837 | E.232 | Zwartenhovenbrugstraat | 1837-exact-components+street || 1513 | 1837 | E.232 | Zwartenhovenbrugstraat | 1837-exact-components+street || 1514 | 1837 | E.232 | Zwartenhovenbrugstraat | 1837-exact-components+street
1254,E231,Zwartenhovenbrugstraat,older-regime,address,yes,matched,yes,1,1519 | 1837 | E.231 | Zwartenhovenbrugstraat | 1837-exact-components+street
1255,E227,Zwartenhovenbrugstraat,older-regime,address,yes,matched,yes,2,1527 | 1837 | E.227a | Zwartenhovenbrugstraat | 1837-fallback-core-only+street || 1528 | 1837 | E.227b | Zwartenhovenbrugstraat | 1837-fallback-core-only+street
1256,E228,Zwartenhovenbrugstraat,older-regime,address,yes,matched,yes,1,1526 | 1837 | E.228 | Zwartenhovenbrugstraat | 1837-exact-components+street
1257,E229,Zwartenhovenbrugstraat,older-regime,address,yes,matched,yes,1,2306 | 1837 | E.229 | Zwartenhovenbrugstraat | 1837-exact-components+street
1258,E230,Zwartenhovenbrugstraat,older-regime,address,yes,matched,yes,1,2467 | 1837 | E.230 | Zwartenhovenbrugstraat | 1837-exact-components+street
1259,E233,Zwartenhovenbrugstraat,older-regime,address,yes,matched,yes,2,2361 | 1837 | E.233 | Zwartenhovenbrugstraat | 1837-exact-components+street || 2366 | 1837 | E.233 | Zwartenhovenbrugstraat | 1837-exact-components+street
1260,E239,Zwartenhovenbrugstraat,older-regime,address,yes,matched,yes,2,1495 | 1837 | E.239 | Zwartenhovenbrugstraat | 1837-exact-components+street || 1496 | 1837 | E.239 | Zwartenhovenbrugstraat | 1837-exact-components+street
1261,E238,Zwartenhovenbrugstraat,older-regime,address,yes,matched,yes,1,1497 | 1837 | E.238 | Zwartenhovenbrugstraat | 1837-exact-components+street
1262,E234c,Zwartenhovenbrugstraat,older-regime,address,yes,matched,yes,4,2362 | 1837 | E.234a | Zwartenhovenbrugstraat | 1837-fallback-core-only+street || 2363 | 1837 | E.234b | Zwartenhovenbrugstraat | 1837-fallback-core-only+street || 2364 | 1837 | E.234 | Zwartenhovenbrugstraat | 1837-fallback-core-only+street || 2365 | 1837 | E.234c | Zwartenhovenbrugstraat | 1837-exact-components+street
1263,D43ad,Weidestraat,older-regime,address,yes,matched,yes,12,1199 | 1837 | D. 43a | Weidestraat | 1837-fallback-core-only+street || 1200 | 1837 | D. 43b | Weidestraat | 1837-fallback-core-only+street || 1201 | 1837 | D. 43c | Weidestraat | 1837-fallback-core-only+street || 1202 | 1837 | D. 43d | Weidestraat | 1837-fallback-core-only+street || 1203 | 1837 | D. 43e | Weidestraat | 1837-fallback-core-only+street || 1204 | 1837 | D. 43f | Weidestraat | 1837-fallback-core-only+street || 1205 | 1837 | D. 43 | Weidestraat | 1837-fallback-core-only+street || 1206 | 1837 | D. 43 | Weidestraat | 1837-fallback-core-only+street
1264,E236a,Zwartenhovenbrugstraat,older-regime,address,yes,matched,yes,2,1500 | 1837 | E.236b | Zwartenhovenbrugstraat | 1837-fallback-core-only+street || 1501 | 1837 | E.236a | Zwartenhovenbrugstraat | 1837-exact-components+street
1265,E237,Zwartenhovenbrugstraat,older-regime,address,yes,matched,yes,2,1498 | 1837 | E.237 | Zwartenhovenbrugstraat | 1837-exact-components+street || 1499 | 1837 | E.237 | Zwartenhovenbrugstraat | 1837-exact-components+street
1266,E240,Zwartenhovenbrugstraat,older-regime,address,yes,matched,yes,3,1491 | 1837 | E.240 | Zwartenhovenbrugstraat | 1837-exact-components+street || 1492 | 1837 | E.240 | Zwartenhovenbrugstraat | 1837-exact-components+street || 1493 | 1837 | E.240 | Zwartenhovenbrugstraat | 1837-exact-components+street
1267,E246,Zwartenhovenbrugstraat,older-regime,address,yes,matched,yes,3,2724 | 1837 | E.246 | Zwartenhovenbrugstraat | 1837-exact-components+street || 2725 | 1837 | E.246 | Zwartenhovenbrugstraat | 1837-exact-components+street || 2726 | 1837 | E.246 | Zwartenhovenbrugstraat | 1837-exact-components+street
1268,E241,Zwartenhovenbrugstraat,older-regime,address,yes,matched,yes,1,1494 | 1837 | E.241 | Zwartenhovenbrugstraat | 1837-exact-components+street
1269,E242a,Zwartenhovenbrugstraat,older-regime,address,yes,matched,yes,5,2353 | 1837 | E.242a | Zwartenhovenbrugstraat | 1837-exact-components+street || 2354 | 1837 | E.242b | Zwartenhovenbrugstraat | 1837-fallback-core-only+street || 2355 | 1837 | E.242 | Zwartenhovenbrugstraat | 1837-fallback-core-only+street || 2356 | 1837 | E.242 | Zwartenhovenbrugstraat | 1837-fallback-core-only+street || 2357 | 1837 | E.242 | Zwartenhovenbrugstraat | 1837-fallback-core-only+street
1270,E243,Zwartenhovenbrugstraat,older-regime,address,yes,matched,yes,5,1502 | 1837 | E.243 | Zwartenhovenbrugstraat | 1837-exact-components+street || 1503 | 1837 | E.243 | Zwartenhovenbrugstraat | 1837-exact-components+street || 1504 | 1837 | E.243 | Zwartenhovenbrugstraat | 1837-exact-components+street || 1505 | 1837 | E.243 | Zwartenhovenbrugstraat | 1837-exact-components+street || 1506 | 1837 | E.243 | Zwartenhovenbrugstraat | 1837-exact-components+street
1271,E244,Zwartenhovenbrugstraat,older-regime,address,yes,matched,yes,1,2791 | 1837 | E.244 | Zwartenhovenbrugstraat | 1837-exact-components+street
1272,E245,Zwartenhovenbrugstraat,older-regime,address,yes,matched,yes,2,1507 | 1837 | E.245 | Zwartenhovenbrugstraat | 1837-exact-components+street || 1508 | 1837 | E.245 | Zwartenhovenbrugstraat | 1837-exact-components+street
1273,E247a,Zwartenhovenbrugstraat,older-regime,address,yes,matched,yes,5,1515 | 1837 | E.247a | Zwartenhovenbrugstraat | 1837-exact-components+street || 1516 | 1837 | E.247b | Zwartenhovenbrugstraat | 1837-fallback-core-only+street || 1517 | 1837 | E.247c | Zwartenhovenbrugstraat | 1837-fallback-core-only+street || 1518 | 1837 | E.247 | Zwartenhovenbrugstraat | 1837-fallback-core-only+street || 2827 | 1837 | E.247d | Zwartenhovenbrugstraat | 1837-fallback-core-only+street
1274,E252,Zwartenhovenbrugstraat,older-regime,address,yes,matched,yes,4,1529 | 1837 | E.252b | Zwartenhovenbrugstraat | 1837-fallback-core-only+street || 1530 | 1837 | E.252 | Zwartenhovenbrugstraat | 1837-exact-components+street || 1534 | 1837 | E.252 | Zwartenhovenbrugstraat | 1837-exact-components+street || 1535 | 1837 | E.252 | Zwartenhovenbrugstraat | 1837-exact-components+street
1275,E251a,Zwartenhovenbrugstraat,older-regime,address,yes,matched,yes,3,1531 | 1837 | E.251 | Zwartenhovenbrugstraat | 1837-fallback-core-only+street || 1532 | 1837 | E.251 | Zwartenhovenbrugstraat | 1837-fallback-core-only+street || 1533 | 1837 | E.251 | Zwartenhovenbrugstraat | 1837-fallback-core-only+street
1276,E250,Zwartenhovenbrugstraat,older-regime,address,yes,matched,yes,1,1525 | 1837 | E.250 | Zwartenhovenbrugstraat | 1837-exact-components+street
1277,E249,Zwartenhovenbrugstraat,older-regime,address,yes,matched,yes,1,1524 | 1837 | E.249 | Zwartenhovenbrugstraat | 1837-exact-components+street
1278,E248,Zwartenhovenbrugstraat,older-regime,address,yes,matched,yes,4,1520 | 1837 | E.248 | Zwartenhovenbrugstraat | 1837-exact-components+street || 1521 | 1837 | E.248 | Zwartenhovenbrugstraat | 1837-exact-components+street || 1522 | 1837 | E.248 | Zwartenhovenbrugstraat | 1837-exact-components+street || 1523 | 1837 | E.248 | Zwartenhovenbrugstraat | 1837-exact-components+street
1279,E253,Zwartenhovenbrugstraat,older-regime,address,yes,matched,yes,3,1838 | 1837 | E.253 | Zwartenhovenbrugstraat | 1837-exact-components+street || 1839 | 1837 | E.253 | Zwartenhovenbrugstraat | 1837-exact-components+street || 1840 | 1837 | E.253 | Zwartenhovenbrugstraat | 1837-exact-components+street
1280,E258,Zwartenhovenbrugstraat,older-regime,address,yes,matched,yes,3,1337 | 1837 | E.258 | Zwartenhovenbrugstraat | 1837-exact-components+street || 1338 | 1837 | E.258 | Zwartenhovenbrugstraat | 1837-exact-components+street || 1339 | 1837 | E.258 | Zwartenhovenbrugstraat | 1837-exact-components+street
1281,E254,Zwartenhovenbrugstraat,older-regime,address,yes,matched,yes,6,1539 | 1837 | E.254 | Zwartenhovenbrugstraat | 1837-exact-components+street || 1540 | 1837 | E.254 | Zwartenhovenbrugstraat | 1837-exact-components+street || 1541 | 1837 | E.254 | Zwartenhovenbrugstraat | 1837-exact-components+street || 1542 | 1837 | E.254 | Zwartenhovenbrugstraat | 1837-exact-components+street || 1543 | 1837 | E.254 | Zwartenhovenbrugstraat | 1837-exact-components+street || 1544 | 1837 | E.254 | Zwartenhovenbrugstraat | 1837-exact-components+street
1282,E255,Zwartenhovenbrugstraat,older-regime,address,yes,matched,yes,1,2580 | 1837 | E.255 | Zwartenhovenbrugstraat | 1837-exact-components+street
1283,E256,Zwartenhovenbrugstraat,older-regime,address,yes,matched,yes,2,1547 | 1837 | E.256a | Zwartenhovenbrugstraat | 1837-fallback-core-only+street || 1548 | 1837 | E.256b | Zwartenhovenbrugstraat | 1837-fallback-core-only+street
1284,E257,Zwartenhovenbrugstraat,older-regime,address,yes,matched,yes,1,1336 | 1837 | E.257 | Zwartenhovenbrugstraat | 1837-exact-components+street
1285,E259,Timmermanstraat,older-regime,address,yes,matched,yes,2,1340 | 1837 | E.259 | Prinsenstraat | 1837-exact-components || 1341 | 1837 | E.259 | Prinsenstraat | 1837-exact-components
1286,E260a,Princestraat,older-regime,address,yes,matched,yes,6,4631 | 1837 | E.260a | Prinsenstraat | 1837-exact-components || 4632 | 1837 | E.260 | Prinsenstraat | 1837-fallback-core-only || 4633 | 1837 | E.260 | Prinsenstraat | 1837-fallback-core-only || 4634 | 1837 | E.260b | Prinsenstraat | 1837-fallback-core-only || 4783 | 1837 | E.260a | Prinsenstraat | 1837-exact-components || 4784 | 1837 | E.260b | Prinsenstraat | 1837-fallback-core-only
1287,E261,Princestraat,older-regime,address,yes,matched,yes,2,2642 | 1837 | E.261a | Prinsenstraat | 1837-fallback-core-only || 2643 | 1837 | E.261b | Prinsenstraat | 1837-fallback-core-only
1288,E262,Princestraat,older-regime,address,yes,matched,yes,2,2813 | 1837 | E.262 | Prinsenstraat | 1837-exact-components || 2814 | 1837 | E.262 | Prinsenstraat | 1837-exact-components
1289,E263,Princestraat,older-regime,address,yes,matched,yes,1,2649 | 1837 | E.263 | Prinsenstraat | 1837-exact-components
1290,E264,Princestraat,older-regime,address,yes,matched,yes,1,2730 | 1837 | E.264 | Prinsenstraat | 1837-exact-components
1291,E265,Princestraat,older-regime,address,yes,matched,yes,2,2002 | 1837 | E.265 | Prinsenstraat | 1837-exact-components || 2003 | 1837 | E.265 | Prinsenstraat | 1837-exact-components
1292,E266a,Princestraat,older-regime,address,yes,matched,yes,2,2005 | 1837 | E.266 | Prinsenstraat | 1837-fallback-core-only || 2006 | 1837 | E.266 | Prinsenstraat | 1837-fallback-core-only
1293,E267,Princestraat,older-regime,address,yes,matched,yes,2,2660 | 1837 | E.267a | Prinsenstraat | 1837-fallback-core-only || 2661 | 1837 | E.267b | Prinsenstraat | 1837-fallback-core-only
1294,E268,Princestraat,older-regime,address,yes,matched,yes,1,2301 | 1837 | E.268 | Prinsenstraat | 1837-exact-components
1295,E269,Princestraat,older-regime,address,yes,matched,yes,2,2439 | 1837 | E.269 | Prinsenstraat | 1837-exact-components || 2440 | 1837 | E.269 | Prinsenstraat | 1837-exact-components
1296,E207a,Groote Dwarsstraat,older-regime,address,yes,matched,yes,2,2457 | 1837 | E.207a | Grote Dwarsstraat | 1837-exact-components || 2458 | 1837 | E.207b | Grote Dwarsstraat | 1837-fallback-core-only
1297,E271,Princestraat,older-regime,address,yes,matched,yes,2,2009 | 1837 | E.271 | Prinsenstraat | 1837-exact-components || 2010 | 1837 | E.271 | Prinsenstraat | 1837-exact-components
1298,E272,Princestraat,older-regime,address,yes,matched,yes,2,2789 | 1837 | E.272a | Prinsenstraat | 1837-fallback-core-only || 2790 | 1837 | E.272b | Prinsenstraat | 1837-fallback-core-only
1299,E273a,Princestraat,older-regime,address,yes,matched,yes,3,2011 | 1837 | E.273 | Prinsenstraat | 1837-fallback-core-only || 2012 | 1837 | E.273a | Prinsenstraat | 1837-exact-components || 2013 | 1837 | E.273b | Prinsenstraat | 1837-fallback-core-only
1300,E274,Princestraat,older-regime,address,yes,matched,yes,2,2021 | 1837 | E.274 | Prinsenstraat | 1837-exact-components || 2022 | 1837 | E.274 | Prinsenstraat | 1837-exact-components
1301,E275,Princestraat,older-regime,address,yes,matched,yes,1,2472 | 1837 | E.275 | Prinsenstraat | 1837-exact-components
1302,E276a,Princestraat,older-regime,address,yes,matched,yes,1,2023 | 1837 | E.276 | Prinsenstraat | 1837-fallback-core-only
1303,E277b,Princestraat,older-regime,address,yes,matched,yes,2,2024 | 1837 | E.277a | Prinsenstraat | 1837-fallback-core-only || 2025 | 1837 | E.277b | Prinsenstraat | 1837-exact-components
1304,E278,Princestraat,older-regime,address,yes,matched,yes,5,2857 | 1837 | E.278 | Prinsenstraat | 1837-exact-components || 2858 | 1837 | E.278 | Prinsenstraat | 1837-exact-components || 2859 | 1837 | E.278 | Prinsenstraat | 1837-exact-components || 2860 | 1837 | E.278 | Prinsenstraat | 1837-exact-components || 2861 | 1837 | E.278 | Prinsenstraat | 1837-exact-components
1305,E279,Princestraat,older-regime,address,yes,matched,yes,3,2663 | 1837 | E.279 | Prinsenstraat | 1837-exact-components || 2664 | 1837 | E.279 | Prinsenstraat | 1837-exact-components || 2665 | 1837 | E.279 | Prinsenstraat | 1837-exact-components
1306,E280,Princestraat,older-regime,address,yes,matched,yes,2,2603 | 1837 | E.280 | Prinsenstraat | 1837-exact-components || 2604 | 1837 | E.280 | Prinsenstraat | 1837-exact-components
1307,E281,Princestraat,older-regime,address,yes,matched,yes,2,2029 | 1837 | E.281 | Prinsenstraat | 1837-exact-components || 2030 | 1837 | E.281 | Prinsenstraat | 1837-exact-components
1308,E282,Princestraat,older-regime,address,yes,matched,yes,2,2290 | 1837 | E.282 | Prinsenstraat | 1837-exact-components || 2291 | 1837 | E.282 | Prinsenstraat | 1837-exact-components
1309,E283,Princestraat,older-regime,address,yes,matched,yes,2,2692 | 1837 | E.283 | Prinsenstraat | 1837-exact-components || 2693 | 1837 | E.283 | Prinsenstraat | 1837-exact-components
1310,E284,Princestraat,older-regime,address,yes,matched,yes,6,2036 | 1837 | E.284 | Prinsenstraat | 1837-exact-components || 2037 | 1837 | E.284 | Prinsenstraat | 1837-exact-components || 2038 | 1837 | E.284 | Prinsenstraat | 1837-exact-components || 2039 | 1837 | E.284 | Prinsenstraat | 1837-exact-components || 2040 | 1837 | E.284 | Prinsenstraat | 1837-exact-components || 2041 | 1837 | E.284 | Prinsenstraat | 1837-exact-components
1311,E285,Princestraat,older-regime,address,yes,matched,yes,4,2688 | 1837 | E.285 | Prinsenstraat | 1837-exact-components || 2689 | 1837 | E.285 | Prinsenstraat | 1837-exact-components || 2690 | 1837 | E.285 | Prinsenstraat | 1837-exact-components || 2691 | 1837 | E.285 | Prinsenstraat | 1837-exact-components
1312,E286,Princestraat,older-regime,address,yes,matched,yes,2,2686 | 1837 | E.286 | Prinsenstraat | 1837-exact-components || 2687 | 1837 | E.286 | Prinsenstraat | 1837-exact-components
1313,E287a,Princestraat,older-regime,address,yes,matched,yes,4,2032 | 1837 | E.287 | Prinsenstraat | 1837-fallback-core-only || 2033 | 1837 | E.287 | Prinsenstraat | 1837-fallback-core-only || 2034 | 1837 | E.287 | Prinsenstraat | 1837-fallback-core-only || 2035 | 1837 | E.287 | Prinsenstraat | 1837-fallback-core-only
1314,E288,Princestraat,older-regime,address,yes,matched,yes,1,2031 | 1837 | E.288 | Prinsenstraat | 1837-exact-components
1315,E289,Princestraat,older-regime,address,yes,matched,yes,3,2026 | 1837 | E.289b | Prinsenstraat | 1837-fallback-core-only || 2027 | 1837 | E.289a | Prinsenstraat | 1837-fallback-core-only || 2028 | 1837 | E.289 | Prinsenstraat | 1837-exact-components
1316,E290,Princestraat,older-regime,address,yes,matched,yes,1,2856 | 1837 | E.290 | Prinsenstraat | 1837-exact-components
1317,E291a,Princestraat,older-regime,address,yes,matched,yes,6,2014 | 1837 | E.291a | Prinsenstraat | 1837-exact-components || 2015 | 1837 | E.291b | Prinsenstraat | 1837-fallback-core-only || 2016 | 1837 | E.291b | Prinsenstraat | 1837-fallback-core-only || 2017 | 1837 | E.291b | Prinsenstraat | 1837-fallback-core-only || 2018 | 1837 | E.291b | Prinsenstraat | 1837-fallback-core-only || 2019 | 1837 | E.291b | Prinsenstraat | 1837-fallback-core-only
1318,E292a,Princestraat,older-regime,address,yes,matched,yes,1,2867 | 1837 | E.292 | Prinsenstraat | 1837-fallback-core-only
1319,E293b,Princestraat,older-regime,address,yes,matched,yes,6,2652 | 1837 | E.293b | Prinsenstraat | 1837-exact-components || 2653 | 1837 | E.293c | Prinsenstraat | 1837-fallback-core-only || 2654 | 1837 | E.293b | Prinsenstraat | 1837-exact-components || 2655 | 1837 | E.293 | Prinsenstraat | 1837-fallback-core-only || 2656 | 1837 | E.293a | Prinsenstraat | 1837-fallback-core-only || 2657 | 1837 | E.293 | Prinsenstraat | 1837-fallback-core-only
1320,E294,Princestraat,older-regime,address,yes,matched,yes,1,2004 | 1837 | E.294 | Prinsenstraat | 1837-exact-components
1321,E295,Princestraat,older-regime,address,yes,matched,yes,2,2217 | 1837 | E.295 | Prinsenstraat | 1837-exact-components || 2218 | 1837 | E.295 | Prinsenstraat | 1837-exact-components
1322,E296,Princestraat,older-regime,address,yes,matched,yes,6,1991 | 1837 | E.296 | Prinsenstraat | 1837-exact-components || 1992 | 1837 | E.296 | Prinsenstraat | 1837-exact-components || 1993 | 1837 | E.296 | Prinsenstraat | 1837-exact-components || 1994 | 1837 | E.296 | Prinsenstraat | 1837-exact-components || 1995 | 1837 | E.296 | Prinsenstraat | 1837-exact-components || 2001 | 1837 | E.296 | Prinsenstraat | 1837-exact-components
1323,E297,Princestraat,older-regime,address,yes,matched,yes,5,1996 | 1837 | E.297 | Prinsenstraat | 1837-exact-components || 1997 | 1837 | E.297 | Prinsenstraat | 1837-exact-components || 1998 | 1837 | E.297 | Prinsenstraat | 1837-exact-components || 1999 | 1837 | E.297 | Prinsenstraat | 1837-exact-components || 2000 | 1837 | E.297 | Prinsenstraat | 1837-exact-components
1324,E298,Timmermanstraat,older-regime,address,yes,matched,yes,1,1990 | 1837 | E.298 | Prinsenstraat | 1837-exact-components
1325,E299,Timmermanstraat,older-regime,address,yes,matched,yes,2,1988 | 1837 | E.299 | Prinsenstraat | 1837-exact-components || 1989 | 1837 | E.299 | Prinsenstraat | 1837-exact-components
1326,E300a,Timmermanstraat,older-regime,address,yes,matched,yes,5,1983 | 1837 | E.300c | Timmermanstraat | 1837-fallback-core-only+street || 1984 | 1837 | E.300 | Timmermanstraat | 1837-fallback-core-only+street || 1985 | 1837 | E.300b | Timmermanstraat | 1837-fallback-core-only+street || 1986 | 1837 | E.300 | Timmermanstraat | 1837-fallback-core-only+street || 1987 | 1837 | E.300 | Timmermanstraat | 1837-fallback-core-only+street
1327,E301b,Timmermanstraat,older-regime,address,yes,matched,yes,5,1978 | 1837 | E.301a | Timmermanstraat | 1837-fallback-core-only+street || 1979 | 1837 | E.301b | Timmermanstraat | 1837-exact-components+street || 1980 | 1837 | E.301d | Timmermanstraat | 1837-fallback-core-only+street || 1981 | 1837 | E.301d | Timmermanstraat | 1837-fallback-core-only+street || 1982 | 1837 | E.301c | Timmermanstraat | 1837-fallback-core-only+street
1328,E302,Hoogestraat,older-regime,address,yes,matched,yes,1,2442 | 1837 | E.302 | Hoogestraat | 1837-exact-components+street
1329,E303,Hoogestraat,older-regime,address,yes,matched,yes,1,2765 | 1837 | E.303 | Hoogestraat | 1837-exact-components+street
1330,E304,Hoogestraat,older-regime,address,yes,matched,yes,2,1946 | 1837 | E.304 | Hoogestraat | 1837-exact-components+street || 1947 | 1837 | E.304 | Hoogestraat | 1837-exact-components+street
1331,E305,Hoogestraat,older-regime,address,yes,matched,yes,1,1948 | 1837 | E.305 | Hoogestraat | 1837-exact-components+street
1332,E306,Hoogestraat,older-regime,address,yes,matched,yes,3,1937 | 1837 | E.306 | Hoogestraat | 1837-exact-components+street || 1938 | 1837 | E.306 | Hoogestraat | 1837-exact-components+street || 1939 | 1837 | E.306 | Hoogestraat | 1837-exact-components+street
1333,E307,Hoogestraat,older-regime,address,yes,matched,yes,1,1940 | 1837 | E.307 | Hoogestraat | 1837-exact-components+street
1334,E308,Hoogestraat,older-regime,address,yes,matched,yes,1,1936 | 1837 | E.308 | Hoogestraat | 1837-exact-components+street
1335,E309b,Hoogestraat,older-regime,address,yes,matched,yes,2,1934 | 1837 | E.309a | Hoogestraat | 1837-fallback-core-only+street || 1935 | 1837 | E.309b | Hoogestraat | 1837-exact-components+street
1336,E310b,Hoogestraat,older-regime,address,yes,matched,yes,2,2443 | 1837 | E.310a | Hoogestraat | 1837-fallback-core-only+street || 2444 | 1837 | E.310b | Hoogestraat | 1837-exact-components+street
1337,E311,Hoogestraat,older-regime,address,yes,matched,yes,1,2483 | 1837 | E.311 | Hoogestraat | 1837-exact-components+street
1338,E312,Hoogestraat,older-regime,address,yes,matched,yes,2,1932 | 1837 | E.312 | Hoogestraat | 1837-exact-components+street || 1933 | 1837 | E.312 | Hoogestraat | 1837-exact-components+street
1339,E313,Hoogestraat,older-regime,address,yes,matched,yes,1,2852 | 1837 | E.313 | Hoogestraat | 1837-exact-components+street
1340,E314,Hoogestraat,older-regime,address,yes,matched,yes,1,2815 | 1837 | E.314 | Hoogestraat | 1837-exact-components+street
1341,E315,Hoogestraat,older-regime,address,yes,matched,yes,2,1930 | 1837 | E.315 | Hoogestraat | 1837-exact-components+street || 1931 | 1837 | E.315 | Hoogestraat | 1837-exact-components+street
1342,E316,Hoogestraat,older-regime,address,yes,matched,yes,2,1922 | 1837 | E.316 | Hoogestraat | 1837-exact-components+street || 1923 | 1837 | E.316 | Hoogestraat | 1837-exact-components+street
1343,E317a,Hoogestraat,older-regime,address,yes,matched,yes,2,1924 | 1837 | E.317a | Hoogestraat | 1837-exact-components+street || 1925 | 1837 | E.317b | Hoogestraat | 1837-fallback-core-only+street
1344,E368,Hoogestraat,older-regime,address,yes,matched,yes,2,2470 | 1837 | E.368 | Hoogestraat | 1837-exact-components+street || 2471 | 1837 | E.368 | Hoogestraat | 1837-exact-components+street
1345,E318,Hoogestraat,older-regime,address,yes,matched,yes,2,1911 | 1837 | E.318 | Hoogestraat | 1837-exact-components+street || 1912 | 1837 | E.318 | Hoogestraat | 1837-exact-components+street
1346,E319,Hoogestraat,older-regime,address,yes,matched,yes,3,1907 | 1837 | E.319 | Hoogestraat | 1837-exact-components+street || 1908 | 1837 | E.319 | Hoogestraat | 1837-exact-components+street || 1909 | 1837 | E.319 | Hoogestraat | 1837-exact-components+street
1347,E320,Hoogestraat,older-regime,address,yes,matched,yes,1,1906 | 1837 | E.320 | Hoogestraat | 1837-exact-components+street
1348,E321,Hoogestraat,older-regime,address,yes,matched,yes,4,1864 | 1837 | E.321 | Hoogestraat | 1837-exact-components+street || 1865 | 1837 | E.321 | Hoogestraat | 1837-exact-components+street || 1866 | 1837 | E.321 | Hoogestraat | 1837-exact-components+street || 1867 | 1837 | E.321 | Hoogestraat | 1837-exact-components+street
1349,E322,Hoogestraat,older-regime,address,yes,matched,yes,2,1904 | 1837 | E.322 | Hoogestraat | 1837-exact-components+street || 1905 | 1837 | E.322 | Hoogestraat | 1837-exact-components+street
1350,E323,Hoogestraat,older-regime,address,yes,matched,yes,1,3949 | 1837 | E.323 | Hoogestraat | 1837-exact-components+street
1351,E277,Princestraat,older-regime,address,yes,matched,yes,2,2024 | 1837 | E.277a | Prinsenstraat | 1837-fallback-core-only || 2025 | 1837 | E.277b | Prinsenstraat | 1837-fallback-core-only
1352,E273b,Princestraat,older-regime,address,yes,matched,yes,3,2011 | 1837 | E.273 | Prinsenstraat | 1837-fallback-core-only || 2012 | 1837 | E.273a | Prinsenstraat | 1837-fallback-core-only || 2013 | 1837 | E.273b | Prinsenstraat | 1837-exact-components
1353,E170a,Hofstraat,older-regime,address,yes,matched,yes,2,1846 | 1837 | E.170a | Hofstraat | 1837-exact-components+street || 1847 | 1837 | E.170b | Hofstraat | 1837-fallback-core-only+street
1354,E327a,Hoogestraat,older-regime,address,yes,matched,yes,2,3250 | 1837 | E.327 | Hoogestraat | 1837-fallback-core-only+street || 3251 | 1837 | E.327 | Hoogestraat | 1837-fallback-core-only+street
1355,E328,Hoogestraat,older-regime,address,yes,matched,yes,4,3245 | 1837 | E.328 | Hoogestraat | 1837-exact-components+street || 3246 | 1837 | E.328 | Hoogestraat | 1837-exact-components+street || 3247 | 1837 | E.328 | Hoogestraat | 1837-exact-components+street || 3248 | 1837 | E.328 | Hoogestraat | 1837-exact-components+street
1356,E329a,Hoogestraat,older-regime,address,yes,matched,yes,3,3239 | 1837 | E.329 | Hoogestraat | 1837-fallback-core-only+street || 3240 | 1837 | E.329 | Hoogestraat | 1837-fallback-core-only+street || 3241 | 1837 | E.329 | Hoogestraat | 1837-fallback-core-only+street
1357,E330a,Hoogestraat,older-regime,address,yes,matched,yes,2,3233 | 1837 | E.330a | Hoogestraat | 1837-exact-components+street || 3234 | 1837 | E.330b | Hoogestraat | 1837-fallback-core-only+street
1358,E331,Hoogestraat,older-regime,address,yes,matched,yes,2,3452 | 1837 | E.331 | Hoogestraat | 1837-exact-components+street || 3453 | 1837 | E.331 | Hoogestraat | 1837-exact-components+street
1359,E332a,Hoogestraat,older-regime,address,yes,matched,yes,7,3226 | 1837 | E.332b | Hoogestraat | 1837-fallback-core-only+street || 3227 | 1837 | E.332 | Hoogestraat | 1837-fallback-core-only+street || 3228 | 1837 | E.332b | Hoogestraat | 1837-fallback-core-only+street || 3229 | 1837 | E.332 | Hoogestraat | 1837-fallback-core-only+street || 3230 | 1837 | E.332c | Hoogestraat | 1837-fallback-core-only+street || 3231 | 1837 | E.332 | Hoogestraat | 1837-fallback-core-only+street || 3232 | 1837 | E.332 | Hoogestraat | 1837-fallback-core-only+street
1360,E333,Hoogestraat,older-regime,address,yes,matched,yes,2,3134 | 1837 | E.333 | Hoogestraat | 1837-exact-components+street || 3135 | 1837 | E.333 | Hoogestraat | 1837-exact-components+street
1361,E334,Hoogestraat,older-regime,address,yes,matched,yes,2,3131 | 1837 | E.334 | Hoogestraat | 1837-exact-components+street || 3132 | 1837 | E.334 | Hoogestraat | 1837-exact-components+street
1362,E335a,Hoogestraat,older-regime,address,yes,matched,yes,4,3123 | 1837 | E.335 | Hoogestraat | 1837-fallback-core-only+street || 3124 | 1837 | E.335 | Hoogestraat | 1837-fallback-core-only+street || 3125 | 1837 | E.335 | Hoogestraat | 1837-fallback-core-only+street || 3126 | 1837 | E.335 | Hoogestraat | 1837-fallback-core-only+street
1363,E336a,Hoogestraat,older-regime,address,yes,matched,yes,3,3119 | 1837 | E.336 | Hoogestraat | 1837-fallback-core-only+street || 3120 | 1837 | E.336 | Hoogestraat | 1837-fallback-core-only+street || 3121 | 1837 | E.336 | Hoogestraat | 1837-fallback-core-only+street
1364,E337,Hoogestraat,older-regime,address,yes,matched,yes,2,3114 | 1837 | E.337 | Hoogestraat | 1837-exact-components+street || 3115 | 1837 | E.337 | Hoogestraat | 1837-exact-components+street
1365,E338a,Hoogestraat,older-regime,address,yes,matched,yes,3,3108 | 1837 | E.338 | Hoogestraat | 1837-fallback-core-only+street || 3109 | 1837 | E.338 | Hoogestraat | 1837-fallback-core-only+street || 3110 | 1837 | E.338 | Hoogestraat | 1837-fallback-core-only+street
1366,E339,Hoogestraat,older-regime,address,yes,matched,yes,6,3258 | 1837 | E.339 | Hoogestraat | 1837-exact-components+street || 3259 | 1837 | E.339 | Hoogestraat | 1837-exact-components+street || 3260 | 1837 | E.339 | Hoogestraat | 1837-exact-components+street || 3261 | 1837 | E.339 | Hoogestraat | 1837-exact-components+street || 3262 | 1837 | E.339 | Hoogestraat | 1837-exact-components+street || 3263 | 1837 | E.339 | Hoogestraat | 1837-exact-components+street
1367,E340,Hoogestraat,older-regime,address,yes,matched,yes,1,3265 | 1837 | E.340 | Hoogestraat | 1837-exact-components+street
1368,E341,Hoogestraat,older-regime,address,yes,matched,yes,3,3267 | 1837 | E.341 | Hoogestraat | 1837-exact-components+street || 3268 | 1837 | E.341 | Hoogestraat | 1837-exact-components+street || 3269 | 1837 | E.341 | Hoogestraat | 1837-exact-components+street
1369,E342,Hoogestraat,older-regime,address,yes,matched,yes,1,3271 | 1837 | E.342 | Hoogestraat | 1837-exact-components+street
1370,E343,Hoogestraat,older-regime,address,yes,matched,yes,2,3272 | 1837 | E.343 | Hoogestraat | 1837-exact-components+street || 3273 | 1837 | E.343 | Hoogestraat | 1837-exact-components+street
1371,E344a,Hoogestraat,older-regime,address,yes,matched,yes,1,3275 | 1837 | E.344 | Hoogestraat | 1837-fallback-core-only+street
1372,E345a,Hoogestraat,older-regime,address,yes,matched,yes,5,3331 | 1837 | E.345a | Hoogestraat | 1837-exact-components+street || 3332 | 1837 | E.345a | Hoogestraat | 1837-exact-components+street || 3333 | 1837 | E.345b | Hoogestraat | 1837-fallback-core-only+street || 3334 | 1837 | E.345 | Hoogestraat | 1837-fallback-core-only+street || 3335 | 1837 | E.345a | Hoogestraat | 1837-exact-components+street
1373,E346,Hoogestraat,older-regime,address,yes,matched,yes,2,3456 | 1837 | E.346 | Hoogestraat | 1837-exact-components+street || 3457 | 1837 | E.346 | Hoogestraat | 1837-exact-components+street
1374,E347,Hoogestraat,older-regime,address,yes,matched,yes,1,3341 | 1837 | E.347 | Hoogestraat | 1837-exact-components+street
1375,E348a,Hoogestraat,older-regime,address,yes,matched,yes,2,3347 | 1837 | E.348b | Hoogestraat | 1837-fallback-core-only+street || 3348 | 1837 | E.348a | Hoogestraat | 1837-exact-components+street
1376,E349,Hoogestraat,older-regime,address,yes,matched,yes,1,3351 | 1837 | E.349 | Hoogestraat | 1837-exact-components+street
1377,E350,Hoogestraat,older-regime,address,yes,matched,yes,1,3350 | 1837 | E.350 | Hoogestraat | 1837-exact-components+street
1378,E351a,Hoogestraat,older-regime,address,yes,matched,yes,2,3353 | 1837 | E.351a | Hoogestraat | 1837-exact-components+street || 3354 | 1837 | E.351b | Hoogestraat | 1837-fallback-core-only+street
1379,E352,Hoogestraat,older-regime,address,yes,matched,yes,1,3356 | 1837 | E.352 | Hoogestraat | 1837-exact-components+street
1380,E353,Hoogestraat,older-regime,address,yes,matched,yes,5,2434 | 1837 | E.353 | Hoogestraat | 1837-exact-components+street || 2435 | 1837 | E.353 | Hoogestraat | 1837-exact-components+street || 2436 | 1837 | E.353 | Hoogestraat | 1837-exact-components+street || 2437 | 1837 | E.353 | Hoogestraat | 1837-exact-components+street || 2438 | 1837 | E.353 | Hoogestraat | 1837-exact-components+street
1381,E354a,Hoogestraat,older-regime,address,yes,matched,yes,2,2259 | 1837 | E.354a | Hoogestraat | 1837-exact-components+street || 2260 | 1837 | E.354b | Hoogestraat | 1837-fallback-core-only+street
1382,E355,Hoogestraat,older-regime,address,yes,matched,yes,1,2780 | 1837 | E.355 | Hoogestraat | 1837-exact-components+street
1383,E356,Hoogestraat,older-regime,address,yes,matched,yes,1,2800 | 1837 | E.356 | Hoogestraat | 1837-exact-components+street
1384,E357,Hoogestraat,older-regime,address,yes,matched,yes,2,2445 | 1837 | E.357 | Hoogestraat | 1837-exact-components+street || 2777 | 1837 | E.357 | Hoogestraat | 1837-exact-components+street
1385,E358a,Hoogestraat,older-regime,address,yes,matched,yes,2,2775 | 1837 | E.358 | Hoogestraat | 1837-fallback-core-only+street || 2776 | 1837 | E.358 | Hoogestraat | 1837-fallback-core-only+street
1386,E359,Hoogestraat,older-regime,address,yes,matched,yes,2,1873 | 1837 | E.359b | Hoogestraat | 1837-fallback-core-only+street || 1874 | 1837 | E.359a | Hoogestraat | 1837-fallback-core-only+street
1387,E360,Hoogestraat,older-regime,address,yes,matched,yes,1,1910 | 1837 | E.360 | Hoogestraat | 1837-exact-components+street
1388,E361,Hoogestraat,older-regime,address,yes,matched,yes,1,1913 | 1837 | E.361 | Hoogestraat | 1837-exact-components+street
1389,E362,Hoogestraat,older-regime,address,yes,matched,yes,2,1914 | 1837 | E.362 | Hoogestraat | 1837-exact-components+street || 1915 | 1837 | E.362 | Hoogestraat | 1837-exact-components+street
1390,E363a,Hoogestraat,older-regime,address,yes,matched,yes,3,1918 | 1837 | E.363 | Hoogestraat | 1837-fallback-core-only+street || 1920 | 1837 | E.363b | Hoogestraat | 1837-fallback-core-only+street || 1921 | 1837 | E.363a | Hoogestraat | 1837-exact-components+street
1391,E364,Hoogestraat,older-regime,address,yes,matched,yes,1,1926 | 1837 | E.364 | Hoogestraat | 1837-exact-components+street
1392,E365,Hoogestraat,older-regime,address,yes,matched,yes,1,1927 | 1837 | E.365 | Hoogestraat | 1837-exact-components+street
1393,E366,Hoogestraat,older-regime,address,yes,matched,yes,1,1928 | 1837 | E.366 | Hoogestraat | 1837-exact-components+street
1394,E367a,Hoogestraat,older-regime,address,yes,matched,yes,1,1929 | 1837 | E.367 | Hoogestraat | 1837-fallback-core-only+street
1395,E369,Hoogestraat,older-regime,address,yes,matched,yes,2,1941 | 1837 | E.369 | Hoogestraat | 1837-exact-components+street || 1942 | 1837 | E.369 | Hoogestraat | 1837-exact-components+street
1396,E370,Hoogestraat,older-regime,address,yes,matched,yes,1,2771 | 1837 | E.370 | Hoogestraat | 1837-exact-components+street
1397,E371,Hoogestraat,older-regime,address,yes,matched,yes,1,2768 | 1837 | E.371 | Hoogestraat | 1837-exact-components+street
1398,E372,Hoogestraat,older-regime,address,yes,matched,yes,1,2287 | 1837 | E.372 | Hoogestraat | 1837-exact-components+street
1399,E373,Hoogestraat,older-regime,address,yes,matched,yes,3,1943 | 1837 | E.373 | Hoogestraat | 1837-exact-components+street || 1944 | 1837 | E.373 | Hoogestraat | 1837-exact-components+street || 1945 | 1837 | E.373 | Hoogestraat | 1837-exact-components+street
1400,E374,Hoogestraat,older-regime,address,yes,matched,yes,4,1962 | 1837 | E.374 | Hoogestraat | 1837-exact-components+street || 1963 | 1837 | E.374 | Hoogestraat | 1837-exact-components+street || 1964 | 1837 | E.374 | Hoogestraat | 1837-exact-components+street || 1965 | 1837 | E.374 | Hoogestraat | 1837-exact-components+street
1401,E375,Ladesmastraat,older-regime,address,yes,matched,yes,1,1966 | 1837 | E.375 | Ladesmastraat | 1837-exact-components+street
1402,E376a,Ladesmastraat,older-regime,address,yes,matched,yes,6,1779 | 1837 | E.376 | Ladesmastraat | 1837-fallback-core-only+street || 1780 | 1837 | E.376 | Ladesmastraat | 1837-fallback-core-only+street || 1781 | 1837 | E.376 | Ladesmastraat | 1837-fallback-core-only+street || 1782 | 1837 | E.376 | Ladesmastraat | 1837-fallback-core-only+street || 1783 | 1837 | E.376 | Ladesmastraat | 1837-fallback-core-only+street || 1784 | 1837 | E.376 | Ladesmastraat | 1837-fallback-core-only+street
1403,E377,Ladesmastraat,older-regime,address,yes,matched,yes,2,2625 | 1837 | E.377 | Ladesmastraat | 1837-exact-components+street || 2626 | 1837 | E.377 | Ladesmastraat | 1837-exact-components+street
1404,E378a,Ladesmastraat,older-regime,address,yes,matched,yes,2,2581 | 1837 | E.378a | Ladesmastraat | 1837-exact-components+street || 2582 | 1837 | E.378b | Ladesmastraat | 1837-fallback-core-only+street
1405,E398a,Ladesmastraat,older-regime,address,yes,matched,yes,3,1959 | 1837 | E.398 | Ladesmastraat | 1837-fallback-core-only+street || 1960 | 1837 | E.398 | Ladesmastraat | 1837-fallback-core-only+street || 1961 | 1837 | E.398 | Ladesmastraat | 1837-fallback-core-only+street
1406,E379a,Ladesmastraat,older-regime,address,yes,matched,yes,4,2515 | 1837 | E.379 | Ladesmastraat | 1837-fallback-core-only+street || 2516 | 1837 | E.379 | Ladesmastraat | 1837-fallback-core-only+street || 2517 | 1837 | E.379 | Ladesmastraat | 1837-fallback-core-only+street || 2518 | 1837 | E.379 | Ladesmastraat | 1837-fallback-core-only+street
1407,E380,Ladesmastraat,older-regime,address,yes,matched,yes,2,2650 | 1837 | E.380a | Ladesmastraat | 1837-fallback-core-only+street || 2651 | 1837 | E.380b | Ladesmastraat | 1837-fallback-core-only+street
1408,E381,Ladesmastraat,older-regime,address,yes,matched,yes,2,1949 | 1837 | E.381 | Ladesmastraat | 1837-exact-components+street || 1950 | 1837 | E.381 | Ladesmastraat | 1837-exact-components+street
1409,E382a,Ladesmastraat,older-regime,address,yes,matched,yes,2,2627 | 1837 | E.382 | Ladesmastraat | 1837-fallback-core-only+street || 2628 | 1837 | E.382 | Ladesmastraat | 1837-fallback-core-only+street
1410,E383,Ladesmastraat,older-regime,address,yes,matched,yes,3,1951 | 1837 | E.383 | Ladesmastraat | 1837-exact-components+street || 1952 | 1837 | E.383 | Ladesmastraat | 1837-exact-components+street || 1953 | 1837 | E.383 | Ladesmastraat | 1837-exact-components+street
1411,E384a,Ladesmastraat,older-regime,address,yes,matched,yes,2,1954 | 1837 | E.384 | Ladesmastraat | 1837-fallback-core-only+street || 2238 | 1837 | E.384 | Ladesmastraat | 1837-fallback-core-only+street
1412,E385a,Ladesmastraat,older-regime,address,yes,matched,yes,2,1955 | 1837 | E.385a | Ladesmastraat | 1837-exact-components+street || 2239 | 1837 | E.385b | Ladesmastraat | 1837-fallback-core-only+street
1413,E386a,Ladesmastraat,older-regime,address,yes,matched,yes,3,1956 | 1837 | E.386a | Ladesmastraat | 1837-exact-components+street || 1957 | 1837 | E.386b | Ladesmastraat | 1837-fallback-core-only+street || 1958 | 1837 | E.386 | Ladesmastraat | 1837-fallback-core-only+street
1414,E387,Ladesmastraat,older-regime,address,yes,matched,yes,1,2512 | 1837 | E.387 | Ladesmastraat | 1837-exact-components+street
1415,E388,Ladesmastraat,older-regime,address,yes,matched,yes,2,2630 | 1837 | E.388 | Ladesmastraat | 1837-exact-components+street || 2631 | 1837 | E.388 | Ladesmastraat | 1837-exact-components+street
1416,E389,Ladesmastraat,older-regime,address,yes,matched,yes,2,1967 | 1837 | E.389 | Ladesmastraat | 1837-exact-components+street || 1968 | 1837 | E.389 | Ladesmastraat | 1837-exact-components+street
1417,E390,Ladesmastraat,older-regime,address,yes,matched,yes,3,1969 | 1837 | E.390 | Ladesmastraat | 1837-exact-components+street || 1970 | 1837 | E.390 | Ladesmastraat | 1837-exact-components+street || 1971 | 1837 | E.390 | Ladesmastraat | 1837-exact-components+street
1418,E391,Ladesmastraat,older-regime,address,yes,matched,yes,1,2714 | 1837 | E.391 | Ladesmastraat | 1837-exact-components+street
1419,E392,Ladesmastraat,older-regime,address,yes,matched,yes,2,2709 | 1837 | E.392 | Ladesmastraat | 1837-exact-components+street || 2710 | 1837 | E.392 | Ladesmastraat | 1837-exact-components+street
1420,E393,Ladesmastraat,older-regime,address,yes,matched,yes,2,2639 | 1837 | E.393 | Ladesmastraat | 1837-exact-components+street || 2640 | 1837 | E.393 | Ladesmastraat | 1837-exact-components+street
1421,E394,Ladesmastraat,older-regime,address,yes,matched,yes,2,2636 | 1837 | E.394 | Ladesmastraat | 1837-exact-components+street || 2637 | 1837 | E.394 | Ladesmastraat | 1837-exact-components+street
1422,E395,Ladesmastraat,older-regime,address,yes,matched,yes,2,1972 | 1837 | E.395 | Ladesmastraat | 1837-exact-components+street || 1973 | 1837 | E.395 | Ladesmastraat | 1837-exact-components+street
1423,E396a,Ladesmastraat,older-regime,address,yes,matched,yes,3,1974 | 1837 | E.396 | Ladesmastraat | 1837-fallback-core-only+street || 1975 | 1837 | E.396 | Ladesmastraat | 1837-fallback-core-only+street || 1976 | 1837 | E.396 | Ladesmastraat | 1837-fallback-core-only+street
1424,E397,Timmermanstraat,older-regime,address,yes,matched,yes,1,2866 | 1837 | E.397 | Ladesmastraat | 1837-exact-components
1425,,,older-regime,non-address-annotation,no,ignored-non-address-annotation,yes,0,
1426,,,older-regime,non-address-annotation,no,ignored-non-address-annotation,yes,0,
1427,E,Saramaccastraat,older-regime,non-address-annotation,no,ignored-non-address-annotation,yes,0,
1428,E,,older-regime,non-address-annotation,no,ignored-non-address-annotation,yes,0,
1429,F1,Saramaccastraat,renumbered-1885,address,yes,matched,yes,4,2576 | 1885 | F 1 | Saramaccastraat | 1885-exact-components+street || 2577 | 1837 | F 2 | Saramaccastraat | 1837-fallback-core-only+street || 2578 | 1885 | F 1 | Saramaccastraat | 1885-exact-components+street || 2579 | 1837 | F 2 | Saramaccastraat | 1837-fallback-core-only+street
1430,F2,Saramaccastraat,renumbered-1885,address,yes,matched,yes,4,2577 | 1885 | F 2 | Saramaccastraat | 1885-exact-components+street || 2579 | 1885 | F 2 | Saramaccastraat | 1885-exact-components+street || 2747 | 1837 | F 3 | Saramaccastraat | 1837-exact-components+street || 2748 | 1837 | F 3 | Saramaccastraat | 1837-exact-components+street
1431,F3,Saramaccastraat,renumbered-1885,address,yes,matched,yes,4,2747 | 1885 | F 3 | Saramaccastraat | 1885-exact-components+street || 2748 | 1885 | F 3 | Saramaccastraat | 1885-exact-components+street || 2823 | 1837 | F 4 | Saramaccastraat | 1837-exact-components+street || 2824 | 1837 | F 4 | Saramaccastraat | 1837-exact-components+street
1432,F4,Saramaccastraat,renumbered-1885,address,yes,matched,yes,4,2566 | 1837 | F 5 | Saramaccastraat | 1837-exact-components+street || 2567 | 1837 | F 5 | Saramaccastraat | 1837-exact-components+street || 2823 | 1885 | F 4 | Saramaccastraat | 1885-exact-components+street || 2824 | 1885 | F 4 | Saramaccastraat | 1885-exact-components+street
1433,F5,Saramaccastraat,renumbered-1885,address,yes,matched,yes,9,2566 | 1885 | F 5 | Saramaccastraat | 1885-exact-components+street || 2567 | 1885 | F 5 | Saramaccastraat | 1885-exact-components+street || 2568 | 1837 | F 6 | Saramaccastraat | 1837-fallback-core-only+street || 2569 | 1837 | F 7 | Saramaccastraat | 1837-fallback-core-only+street || 2571 | 1837 | F 6 | Saramaccastraat | 1837-fallback-core-only+street || 2572 | 1837 | F 6 | Saramaccastraat | 1837-fallback-core-only+street || 2573 | 1837 | F 6 | Saramaccastraat | 1837-fallback-core-only+street || 2574 | 1837 | F 7 | Saramaccastraat | 1837-fallback-core-only+street
1434,F6,Zwartenhovenbrugstraat,renumbered-1885,address,yes,matched,yes,5,1800 | 1837 | F 8 | Saramaccastraat | 1837-exact-components || 2568 | 1885 | F 6 | Saramaccastraat | 1885-exact-components || 2571 | 1885 | F 6 | Saramaccastraat | 1885-exact-components || 2572 | 1885 | F 6 | Saramaccastraat | 1885-exact-components || 2573 | 1885 | F 6 | Saramaccastraat | 1885-exact-components
1435,F7,Zwartenhovenbrugstraat,renumbered-1885,address,yes,matched,yes,13,1801 | 1837 | F 9 | Saramaccastraat | 1837-fallback-core-only || 1802 | 1837 | F 9 | Saramaccastraat | 1837-fallback-core-only || 1803 | 1837 | F 10 | Saramaccastraat | 1837-fallback-core-only || 1804 | 1837 | F 11 | Saramaccastraat | 1837-fallback-core-only || 1805 | 1837 | F 12 | Saramaccastraat | 1837-fallback-core-only || 1806 | 1837 | F 13 | Saramaccastraat | 1837-fallback-core-only || 1807 | 1837 | F 14 | Saramaccastraat | 1837-fallback-core-only || 1808 | 1837 | F 14 | Saramaccastraat | 1837-fallback-core-only
1436,F8,Zwartenhovenbrugstraat,renumbered-1885,address,yes,matched,yes,2,1800 | 1885 | F 8 | Saramaccastraat | 1885-exact-components || 2537 | 1837 | F 17 | Saramaccastraat | 1837-exact-components
1437,F9,Saramaccastraat,renumbered-1885,address,yes,matched,yes,3,1801 | 1885 | F 9 | Saramaccastraat | 1885-exact-components+street || 1802 | 1885 | F 9 | Saramaccastraat | 1885-exact-components+street || 2570 | 1837 | F 18 | Saramaccastraat | 1837-exact-components+street
1438,F10,Saramaccastraat,renumbered-1885,address,yes,matched,yes,5,1803 | 1885 | F 10 | Saramaccastraat | 1885-exact-components+street || 2819 | 1837 | F 19 | Saramaccastraat | 1837-exact-components+street || 2820 | 1837 | F 19 | Saramaccastraat | 1837-exact-components+street || 2821 | 1837 | F 19 | Saramaccastraat | 1837-exact-components+street || 2822 | 1837 | F 19 | Saramaccastraat | 1837-exact-components+street
1439,F11,Saramaccastraat,renumbered-1885,address,yes,matched,yes,6,1804 | 1885 | F 11 | Saramaccastraat | 1885-exact-components+street || 2620 | 1837 | F 20 | Saramaccastraat | 1837-exact-components+street || 2621 | 1837 | F 20 | Saramaccastraat | 1837-exact-components+street || 2622 | 1837 | F 20 | Saramaccastraat | 1837-exact-components+street || 2623 | 1837 | F 20 | Saramaccastraat | 1837-exact-components+street || 2624 | 1837 | F 20 | Saramaccastraat | 1837-exact-components+street
1440,F12,Saramaccastraat,renumbered-1885,address,yes,matched,yes,6,1805 | 1885 | F 12 | Saramaccastraat | 1885-exact-components+street || 2843 | 1837 | F 28 | Saramaccastraat | 1837-exact-components+street || 2844 | 1837 | F 28 | Saramaccastraat | 1837-exact-components+street || 2845 | 1837 | F 28 | Saramaccastraat | 1837-exact-components+street || 2846 | 1837 | F 28 | Saramaccastraat | 1837-exact-components+street || 2847 | 1837 | F 28 | Saramaccastraat | 1837-exact-components+street
1441,F13,Saramaccastraat,renumbered-1885,address,yes,matched,yes,3,1806 | 1885 | F 13 | Saramaccastraat | 1885-exact-components+street || 2750 | 1837 | F 27 | Saramaccastraat | 1837-exact-components+street || 2751 | 1837 | F 27 | Saramaccastraat | 1837-exact-components+street
1442,F14,Saramaccastraat,renumbered-1885,address,yes,matched,yes,4,1807 | 1885 | F 14 | Saramaccastraat | 1885-exact-components+street || 1808 | 1885 | F 14 | Saramaccastraat | 1885-exact-components+street || 2303 | 1837 | F 26 | Saramaccastraat | 1837-exact-components+street || 2304 | 1837 | F 26 | Saramaccastraat | 1837-exact-components+street
1443,F15,Saramaccastraat,renumbered-1885,address,yes,matched,yes,3,1809 | 1885 | F 15 | Saramaccastraat | 1885-exact-components+street || 2794 | 1837 | F 25 | Zwartenhovenbrugstraat | 1837-exact-components || 2795 | 1837 | F 25 | Zwartenhovenbrugstraat | 1837-exact-components
1444,F16,Saramaccastraat,renumbered-1885,address,yes,matched,yes,4,1810 | 1885 | F 16 | Saramaccastraat | 1885-exact-components+street || 2754 | 1837 | F 24 | Zwartenhovenbrugstraat | 1837-exact-components || 2755 | 1837 | F 24 | Zwartenhovenbrugstraat | 1837-exact-components || 2756 | 1837 | F 24 | Zwartenhovenbrugstraat | 1837-exact-components
1445,F17,Saramaccastraat,renumbered-1885,address,yes,matched,yes,5,2391 | 1837 | F 22 | Zwartenhovenbrugstraat | 1837-fallback-core-only || 2392 | 1837 | F 22 | Zwartenhovenbrugstraat | 1837-fallback-core-only || 2393 | 1837 | F 22 | Zwartenhovenbrugstraat | 1837-fallback-core-only || 2394 | 1837 | F 23 | Zwartenhovenbrugstraat | 1837-fallback-core-only || 2537 | 1885 | F 17 | Saramaccastraat | 1885-exact-components+street
1446,F18,Saramaccastraat,renumbered-1885,address,yes,matched,yes,4,2373 | 1837 | F 67 | Zwartenhovenbrugstraat | 1837-fallback-core-only || 2374 | 1837 | F 67 | Zwartenhovenbrugstraat | 1837-fallback-core-only || 2375 | 1837 | F 66 | Zwartenhovenbrugstraat | 1837-fallback-core-only || 2570 | 1885 | F 18 | Saramaccastraat | 1885-exact-components+street
1447,F19,Saramaccastraat,renumbered-1885,address,yes,matched,yes,7,2385 | 1837 | F 65 | Zwartenhovenbrugstraat | 1837-exact-components || 2386 | 1837 | F 65 | Zwartenhovenbrugstraat | 1837-exact-components || 2387 | 1837 | F 65 | Zwartenhovenbrugstraat | 1837-exact-components || 2819 | 1885 | F 19 | Saramaccastraat | 1885-exact-components+street || 2820 | 1885 | F 19 | Saramaccastraat | 1885-exact-components+street || 2821 | 1885 | F 19 | Saramaccastraat | 1885-exact-components+street || 2822 | 1885 | F 19 | Saramaccastraat | 1885-exact-components+street
1448,F20,Saramaccastraat,renumbered-1885,address,yes,matched,yes,8,2463 | 1837 | F 64 | Zwartenhovenbrugstraat | 1837-exact-components || 2464 | 1837 | F 64 | Zwartenhovenbrugstraat | 1837-exact-components || 2465 | 1837 | F 64 | Zwartenhovenbrugstraat | 1837-exact-components || 2620 | 1885 | F 20 | Saramaccastraat | 1885-exact-components+street || 2621 | 1885 | F 20 | Saramaccastraat | 1885-exact-components+street || 2622 | 1885 | F 20 | Saramaccastraat | 1885-exact-components+street || 2623 | 1885 | F 20 | Saramaccastraat | 1885-exact-components+street || 2624 | 1885 | F 20 | Saramaccastraat | 1885-exact-components+street
1449,F21,Saramaccastraat,renumbered-1885,address,yes,matched,yes,3,2376 | 1885 | F 21 | Saramaccastraat | 1885-exact-components+street || 2395 | 1837 | F 63 | Zwartenhovenbrugstraat | 1837-exact-components || 2396 | 1837 | F 63 | Zwartenhovenbrugstraat | 1837-exact-components
1450,F22,Zwartenhovenbrugstraat,renumbered-1885,address,yes,matched,yes,5,2391 | 1885 | F 22 | Zwartenhovenbrugstraat | 1885-exact-components+street || 2392 | 1885 | F 22 | Zwartenhovenbrugstraat | 1885-exact-components+street || 2393 | 1885 | F 22 | Zwartenhovenbrugstraat | 1885-exact-components+street || 2397 | 1837 | F 62 | Zwartenhovenbrugstraat | 1837-exact-components+street || 2398 | 1837 | F 62 | Zwartenhovenbrugstraat | 1837-exact-components+street
1451,F23,Zwartenhovenbrugstraat,renumbered-1885,address,yes,matched,yes,4,2394 | 1885 | F 23 | Zwartenhovenbrugstraat | 1885-exact-components+street || 5330 | 1837 | F 61 | Zwartenhovenbrugstraat | 1837-exact-components+street || 5331 | 1837 | F 61 | Zwartenhovenbrugstraat | 1837-exact-components+street || 5332 | 1837 | F 61 | Zwartenhovenbrugstraat | 1837-exact-components+street
1452,F24,Zwartenhovenbrugstraat,renumbered-1885,address,yes,matched,yes,5,2754 | 1885 | F 24 | Zwartenhovenbrugstraat | 1885-exact-components+street || 2755 | 1885 | F 24 | Zwartenhovenbrugstraat | 1885-exact-components+street || 2756 | 1885 | F 24 | Zwartenhovenbrugstraat | 1885-exact-components+street || 5333 | 1837 | F 60 | Zwartenhovenbrugstraat | 1837-exact-components+street || 5334 | 1837 | F 60 | Zwartenhovenbrugstraat | 1837-exact-components+street
1453,F25,Zwartenhovenbrugstraat,renumbered-1885,address,yes,matched,yes,4,2794 | 1885 | F 25 | Zwartenhovenbrugstraat | 1885-exact-components+street || 2795 | 1885 | F 25 | Zwartenhovenbrugstraat | 1885-exact-components+street || 3665 | 1837 | F 289 | Gemenelandsweg | 1837-exact-components || 3666 | 1837 | F 289 | Gemenelandsweg | 1837-exact-components
1454,F26,Zwartenhovenbrugstraat,renumbered-1885,address,yes,matched,yes,5,2303 | 1885 | F 26 | Saramaccastraat | 1885-exact-components || 2304 | 1885 | F 26 | Saramaccastraat | 1885-exact-components || 3668 | 1837 | F 288 | Gemenelandsweg | 1837-exact-components || 3670 | 1837 | F 288 | Gemenelandsweg | 1837-exact-components || 3672 | 1837 | F 288 | Gemenelandsweg | 1837-exact-components
1455,F27,Zwartenhovenbrugstraat,renumbered-1885,address,yes,matched,yes,4,2750 | 1885 | F 27 | Saramaccastraat | 1885-exact-components || 2751 | 1885 | F 27 | Saramaccastraat | 1885-exact-components || 3674 | 1837 | F 287 | Gemenelandsweg | 1837-exact-components || 3676 | 1837 | F 287 | Gemenelandsweg | 1837-exact-components
1456,F28,Zwartenhovenbrugstraat,renumbered-1885,address,yes,matched,yes,7,2843 | 1885 | F 28 | Saramaccastraat | 1885-exact-components || 2844 | 1885 | F 28 | Saramaccastraat | 1885-exact-components || 2845 | 1885 | F 28 | Saramaccastraat | 1885-exact-components || 2846 | 1885 | F 28 | Saramaccastraat | 1885-exact-components || 2847 | 1885 | F 28 | Saramaccastraat | 1885-exact-components || 3678 | 1837 | F 286 | Gemenelandsweg | 1837-exact-components || 3679 | 1837 | F 286 | Gemenelandsweg | 1837-exact-components
1457,F29,Zwartenhovenbrugstraat,renumbered-1885,address,yes,matched,yes,5,2377 | 1885 | F 29 | Zwartenhovenbrugstraat | 1885-exact-components+street || 2378 | 1885 | F 29 | Zwartenhovenbrugstraat | 1885-exact-components+street || 2379 | 1885 | F 29 | Zwartenhovenbrugstraat | 1885-exact-components+street || 3681 | 1837 | F 285 | Gemenelandsweg | 1837-exact-components || 3682 | 1837 | F 285 | Gemenelandsweg | 1837-exact-components
1458,F30,Zwartenhovenbrugstraat,renumbered-1885,address,yes,matched,yes,4,2380 | 1885 | F 30 | Zwartenhovenbrugstraat | 1885-exact-components+street || 3684 | 1837 | F 284 | Gemenelandsweg | 1837-exact-components || 3686 | 1837 | F 283 | Gemenelandsweg | 1837-fallback-core-only || 3688 | 1837 | F 283 | Gemenelandsweg | 1837-fallback-core-only
1459,F31,Zwartenhovenbrugstraat,renumbered-1885,address,yes,matched,yes,3,2399 | 1885 | F 31 | Zwartenhovenbrugstraat | 1885-exact-components+street || 3690 | 1837 | F 282 | Gemenelandsweg | 1837-exact-components || 3693 | 1837 | F 282 | Gemenelandsweg | 1837-exact-components
1460,F32,Zwartenhovenbrugstraat,renumbered-1885,address,yes,matched,yes,4,2381 | 1885 | F 32 | Zwartenhovenbrugstraat | 1885-exact-components+street || 2382 | 1885 | F 32 | Zwartenhovenbrugstraat | 1885-exact-components+street || 3835 | 1837 | F 206 a | Grote Dwarsstraat | 1837-exact-components || 3837 | 1837 | F 206 b | Grote Dwarsstraat | 1837-exact-components
1461,F33a,Zwartenhovenbrugstraat,renumbered-1885,address,yes,matched,yes,4,2383 | 1885 | F 33 a | Zwartenhovenbrugstraat | 1885-exact-components+street || 2384 | 1885 | F 33 b | Zwartenhovenbrugstraat | 1885-fallback-core-only+street || 3831 | 1837 | F 205 a | Grote Dwarsstraat | 1837-fallback-core-only || 3833 | 1837 | F 205 b | Grote Dwarsstraat | 1837-fallback-core-only
1462,F34,Zwartenhovenbrugstraat,renumbered-1885,address,yes,matched,yes,7,3824 | 1837 | F 204 | Grote Dwarsstraat | 1837-exact-components || 3825 | 1837 | F 204 | Grote Dwarsstraat | 1837-exact-components || 3827 | 1837 | F 204 | Grote Dwarsstraat | 1837-exact-components || 3829 | 1837 | F 204 | Grote Dwarsstraat | 1837-exact-components || 3838 | 1837 | F 206 | Grote Dwarsstraat | 1837-exact-components || 5343 | 1885 | F 34 a | Zwartenhovenbrugstraat | 1885-fallback-core-only+street || 5345 | 1885 | F 34 b | Zwartenhovenbrugstraat | 1885-fallback-core-only+street
1463,F35,Zwartenhovenbrugstraat,renumbered-1885,address,yes,matched,yes,3,3830 | 1837 | F 209 | Grote Dwarsstraat | 1837-exact-components || 5347 | 1885 | F 35 a | Zwartenhovenbrugstraat | 1885-fallback-core-only+street || 5349 | 1885 | F 35 b | Zwartenhovenbrugstraat | 1885-fallback-core-only+street
1464,F36,Zwartenhovenbrugstraat,renumbered-1885,address,yes,matched,yes,4,3832 | 1837 | F 208 | Grote Dwarsstraat | 1837-exact-components || 3834 | 1837 | F 208 | Grote Dwarsstraat | 1837-exact-components || 5351 | 1885 | F 36 | Zwartenhovenbrugstraat | 1885-exact-components+street || 5353 | 1885 | F 36 | Zwartenhovenbrugstraat | 1885-exact-components+street
1465,F37,Zwartenhovenbrugstraat,renumbered-1885,address,yes,matched,yes,5,2388 | 1885 | F 37 a | Zwartenhovenbrugstraat | 1885-fallback-core-only+street || 2389 | 1885 | F 37 | Zwartenhovenbrugstraat | 1885-exact-components+street || 2390 | 1885 | F 37 | Zwartenhovenbrugstraat | 1885-exact-components+street || 3836 | 1837 | F 207 | Grote Dwarsstraat | 1837-exact-components || 3839 | 1837 | F 207 | Grote Dwarsstraat | 1837-exact-components
1466,F38,Zwartenhovenbrugstraat,renumbered-1885,address,yes,matched,yes,5,2404 | 1885 | F 38 | Zwartenhovenbrugstraat | 1885-exact-components+street || 2405 | 1885 | F 38 | Zwartenhovenbrugstraat | 1885-exact-components+street || 2406 | 1885 | F 38 | Zwartenhovenbrugstraat | 1885-exact-components+street || 3695 | 1837 | F 281 | Gemenelandsweg | 1837-exact-components || 3698 | 1837 | F 281 | Gemenelandsweg | 1837-exact-components
1467,F39,Zwartenhovenbrugstraat,renumbered-1885,address,yes,matched,yes,4,2407 | 1885 | F 39 | Zwartenhovenbrugstraat | 1885-exact-components+street || 2408 | 1885 | F 39 | Zwartenhovenbrugstraat | 1885-exact-components+street || 3700 | 1837 | F 280 | Gemenelandsweg | 1837-fallback-core-only || 3702 | 1837 | F 279 | Gemenelandsweg | 1837-fallback-core-only
1468,F40,Limesgracht,renumbered-1885,address,yes,matched,yes,7,2400 | 1885 | F 40 | Zwartenhovenbrugstraat | 1885-exact-components || 2401 | 1885 | F 40 | Zwartenhovenbrugstraat | 1885-exact-components || 2402 | 1885 | F 40 | Zwartenhovenbrugstraat | 1885-exact-components || 2403 | 1885 | F 40 | Zwartenhovenbrugstraat | 1885-exact-components || 2409 | 1885 | F 40 | Zwartenhovenbrugstraat | 1885-exact-components || 3704 | 1837 | F 278 | Gemenelandsweg | 1837-exact-components || 3705 | 1837 | F 278 | Gemenelandsweg | 1837-exact-components
1469,F463,,renumbered-1885,address,yes,matched,yes,2,5362 | 1885 | F 463 | Zwartenhovenbrugstraat | 1885-exact-components || 5363 | 1885 | F 463 | Zwartenhovenbrugstraat | 1885-exact-components
1470,F464,Molenpad,renumbered-1885,address,yes,matched,yes,13,3538 | 1885 | F 464 | Molenpad | 1885-exact-components+street || 3539 | 1885 | F 464 | Molenpad | 1885-exact-components+street || 3660 | 1885 | F 464 | Molenpad | 1885-exact-components+street || 4245 | 1885 | F 464 | Molenpad | 1885-exact-components+street || 4247 | 1885 | F 464 | Molenpad | 1885-exact-components+street || 4248 | 1885 | F 464 | Molenpad | 1885-exact-components+street || 4249 | 1885 | F 464 | Molenpad | 1885-exact-components+street || 4251 | 1885 | F 464 | Molenpad | 1885-exact-components+street
1471,F41,Zwartenhovenbrugstraat,renumbered-1885,address,yes,matched,yes,3,3707 | 1837 | F 277 | Gemenelandsweg | 1837-exact-components || 3709 | 1837 | F 277 | Gemenelandsweg | 1837-exact-components || 5355 | 1885 | F 41 | Zwartenhovenbrugstraat | 1885-exact-components+street
1472,F42,Zwartenhovenbrugstraat,renumbered-1885,address,yes,matched,yes,7,3549 | 1885 | F 42 | Zwartenhovenbrugstraat | 1885-exact-components+street || 3551 | 1885 | F 42 | Zwartenhovenbrugstraat | 1885-exact-components+street || 3711 | 1837 | F 276 | Gemenelandsweg | 1837-exact-components || 5348 | 1885 | F 42 | Zwartenhovenbrugstraat | 1885-exact-components+street || 5350 | 1885 | F 42 | Zwartenhovenbrugstraat | 1885-exact-components+street || 5352 | 1885 | F 42 | Zwartenhovenbrugstraat | 1885-exact-components+street || 5354 | 1885 | F 42 | Zwartenhovenbrugstraat | 1885-exact-components+street
1473,F43,Commissarisstraat,renumbered-1885,address,yes,matched,yes,4,3553 | 1885 | F 43 | Commissarisstraat | 1885-exact-components+street || 3713 | 1837 | F 275 | Gemenelandsweg | 1837-exact-components || 3715 | 1837 | F 274 | Gemenelandsweg | 1837-exact-components || 3717 | 1837 | F 274 | Gemenelandsweg | 1837-exact-components
1474,F44,Commissarisstraat,renumbered-1885,address,yes,matched,yes,3,3555 | 1885 | F 44 | Commissarisstraat | 1885-exact-components+street || 3719 | 1837 | F 273 | Gemenelandsweg | 1837-exact-components || 3721 | 1837 | F 273 | Gemenelandsweg | 1837-exact-components
1475,F45,Commissarisstraat,renumbered-1885,address,yes,matched,yes,3,3557 | 1885 | F 45 | Commissarisstraat | 1885-exact-components+street || 3559 | 1885 | F 45 | Commissarisstraat | 1885-exact-components+street || 3723 | 1837 | F 272 | Gemenelandsweg | 1837-exact-components
1476,F46,Commissarisstraat,renumbered-1885,address,yes,matched,yes,2,3561 | 1885 | F 46 | Commissarisstraat | 1885-exact-components+street || 3922 | 1837 | F 221 | Hofstraat | 1837-exact-components
1477,F47,Commissarisstraat,renumbered-1885,address,yes,matched,yes,4,3563 | 1885 | F 47 | Commissarisstraat | 1885-exact-components+street || 3913 | 1837 | F 219 | Hofstraat | 1837-fallback-core-only || 3915 | 1837 | F 220 | Hofstraat | 1837-fallback-core-only || 3916 | 1837 | F 220 | Hofstraat | 1837-fallback-core-only
1478,F48,Commissarisstraat,renumbered-1885,address,yes,matched,yes,5,3564 | 1885 | F 48 | Commissarisstraat | 1885-exact-components+street || 3565 | 1885 | F 48 | Commissarisstraat | 1885-exact-components+street || 3925 | 1837 | F 224 | Hofstraat | 1837-exact-components || 3926 | 1837 | F 224 | Hofstraat | 1837-exact-components || 3928 | 1837 | F 224 | Hofstraat | 1837-exact-components
1479,F49,Commissarisstraat,renumbered-1885,address,yes,matched,yes,4,3560 | 1885 | F 49 | Commissarisstraat | 1885-exact-components+street || 3562 | 1885 | F 49 | Commissarisstraat | 1885-exact-components+street || 3930 | 1837 | F 223 | Hofstraat | 1837-exact-components || 3932 | 1837 | F 222 | Hofstraat | 1837-fallback-core-only
1480,F50,Commissarisstraat,renumbered-1885,address,yes,matched,yes,3,3558 | 1885 | F 50 | Commissarisstraat | 1885-exact-components+street || 3725 | 1837 | F 271 | Gemenelandsweg | 1837-exact-components || 3727 | 1837 | F 271 | Gemenelandsweg | 1837-exact-components
1481,F51,Commissarisstraat,renumbered-1885,address,yes,matched,yes,3,3556 | 1885 | F 51 | Commissarisstraat | 1885-exact-components+street || 3729 | 1837 | F 270 | Gemenelandsweg | 1837-exact-components || 3732 | 1837 | F 270 | Gemenelandsweg | 1837-exact-components
1482,F52,Commissarisstraat,renumbered-1885,address,yes,matched,yes,2,3554 | 1885 | F 52 | Commissarisstraat | 1885-exact-components+street || 3730 | 1837 | F 270 | Gemenelandsweg | 1837-exact-components
1483,F53,Commissarisstraat,renumbered-1885,address,yes,matched,yes,4,3548 | 1885 | F 53 | Commissarisstraat | 1885-exact-components+street || 3550 | 1885 | F 53 | Commissarisstraat | 1885-exact-components+street || 3552 | 1885 | F 53 | Commissarisstraat | 1885-exact-components+street || 3731 | 1837 | F 270 | Gemenelandsweg | 1837-exact-components
1484,F54a,Commissarisstraat,renumbered-1885,address,yes,matched,yes,5,3735 | 1837 | F 269 | Gemenelandsweg | 1837-fallback-core-only || 3737 | 1837 | F 269 | Gemenelandsweg | 1837-fallback-core-only || 5342 | 1885 | F 54 | Zwartenhovenbrugstraat | 1885-fallback-core-only || 5344 | 1885 | F 54 | Zwartenhovenbrugstraat | 1885-fallback-core-only || 5346 | 1885 | F 54 | Zwartenhovenbrugstraat | 1885-fallback-core-only
1485,F55,Zwartenhovenbrugstraat,renumbered-1885,address,yes,matched,yes,2,3740 | 1837 | F 268 | Gemenelandsweg | 1837-exact-components || 5341 | 1885 | F 55 | Zwartenhovenbrugstraat | 1885-exact-components+street
1486,F56,Zwartenhovenbrugstraat,renumbered-1885,address,yes,matched,yes,3,3742 | 1837 | F 267 | Gemenelandsweg | 1837-exact-components || 5339 | 1885 | F 56 | Zwartenhovenbrugstraat | 1885-exact-components+street || 5340 | 1885 | F 56 | Zwartenhovenbrugstraat | 1885-exact-components+street
1487,F57,Zwartenhovenbrugstraat,renumbered-1885,address,yes,matched,yes,5,3745 | 1837 | F 266 | Gemenelandsweg | 1837-exact-components || 3746 | 1837 | F 266 | Gemenelandsweg | 1837-exact-components || 3748 | 1837 | F 266 | Gemenelandsweg | 1837-exact-components || 3750 | 1837 | F 266 | Gemenelandsweg | 1837-exact-components || 5338 | 1885 | F 57 | Zwartenhovenbrugstraat | 1885-exact-components+street
1488,F58,Zwartenhovenbrugstraat,renumbered-1885,address,yes,matched,yes,2,3752 | 1837 | F 265 | Gemenelandsweg | 1837-exact-components || 5337 | 1885 | F 58 | Zwartenhovenbrugstraat | 1885-exact-components+street
1489,F59,Zwartenhovenbrugstraat,renumbered-1885,address,yes,matched,yes,4,3755 | 1837 | F 264 | Gemenelandsweg | 1837-exact-components || 3757 | 1837 | F 264 | Gemenelandsweg | 1837-exact-components || 5335 | 1885 | F 59 | Zwartenhovenbrugstraat | 1885-exact-components+street || 5336 | 1885 | F 59 | Zwartenhovenbrugstraat | 1885-exact-components+street
1490,F60,Zwartenhovenbrugstraat,renumbered-1885,address,yes,matched,yes,3,4668 | 1837 | F 236 | Rust en Vredestraat | 1837-exact-components || 5333 | 1885 | F 60 | Zwartenhovenbrugstraat | 1885-exact-components+street || 5334 | 1885 | F 60 | Zwartenhovenbrugstraat | 1885-exact-components+street
1491,F61,Zwartenhovenbrugstraat,renumbered-1885,address,yes,matched,yes,6,4662 | 1837 | F 234 | Rust en Vredestraat | 1837-fallback-core-only || 4664 | 1837 | F 234 | Rust en Vredestraat | 1837-fallback-core-only || 4666 | 1837 | F 235 | Rust en Vredestraat | 1837-exact-components || 5330 | 1885 | F 61 | Zwartenhovenbrugstraat | 1885-exact-components+street || 5331 | 1885 | F 61 | Zwartenhovenbrugstraat | 1885-exact-components+street || 5332 | 1885 | F 61 | Zwartenhovenbrugstraat | 1885-exact-components+street
1492,F62,Zwartenhovenbrugstraat,renumbered-1885,address,yes,matched,yes,3,2397 | 1885 | F 62 | Zwartenhovenbrugstraat | 1885-exact-components+street || 2398 | 1885 | F 62 | Zwartenhovenbrugstraat | 1885-exact-components+street || 4651 | 1837 | F 239 | Rust en Vredestraat | 1837-exact-components
1493,F63,Zwartenhovenbrugstraat,renumbered-1885,address,yes,matched,yes,6,2395 | 1885 | F 63 | Zwartenhovenbrugstraat | 1885-exact-components+street || 2396 | 1885 | F 63 | Zwartenhovenbrugstraat | 1885-exact-components+street || 4653 | 1837 | F 238 | Rust en Vredestraat | 1837-exact-components || 4660 | 1837 | F 237 | Rust en Vredestraat | 1837-fallback-core-only || 4661 | 1837 | F 237 | Rust en Vredestraat | 1837-fallback-core-only || 4663 | 1837 | F 237 | Rust en Vredestraat | 1837-fallback-core-only
1494,F67,Zwartenhovenbrugstraat,renumbered-1885,address,yes,matched,yes,25,2373 | 1885 | F 67 | Zwartenhovenbrugstraat | 1885-exact-components+street || 2374 | 1885 | F 67 | Zwartenhovenbrugstraat | 1885-exact-components+street || 3768 | 1837 | F 259 | Gemenelandsweg | 1837-fallback-core-only || 3770 | 1837 | F 259 | Gemenelandsweg | 1837-fallback-core-only || 3772 | 1837 | F 258 | Gemenelandsweg | 1837-fallback-core-only || 3774 | 1837 | F 258 | Gemenelandsweg | 1837-fallback-core-only || 3777 | 1837 | F 257 | Gemenelandsweg | 1837-fallback-core-only || 3780 | 1837 | F 257 | Gemenelandsweg | 1837-fallback-core-only
1495,F66,Zwartenhovenbrugstraat,renumbered-1885,address,yes,matched,yes,3,2375 | 1885 | F 66 | Zwartenhovenbrugstraat | 1885-exact-components+street || 3764 | 1837 | F 261 | Gemenelandsweg | 1837-exact-components || 3766 | 1837 | F 260 | Gemenelandsweg | 1837-fallback-core-only
1496,F64,Zwartenhovenbrugstraat,renumbered-1885,address,yes,matched,yes,4,2463 | 1885 | F 64 | Zwartenhovenbrugstraat | 1885-exact-components+street || 2464 | 1885 | F 64 | Zwartenhovenbrugstraat | 1885-exact-components+street || 2465 | 1885 | F 64 | Zwartenhovenbrugstraat | 1885-exact-components+street || 3759 | 1837 | F 263 | Gemenelandsweg | 1837-exact-components
1497,F65,Zwartenhovenbrugstraat,renumbered-1885,address,yes,matched,yes,5,2385 | 1885 | F 65 | Zwartenhovenbrugstraat | 1885-exact-components+street || 2386 | 1885 | F 65 | Zwartenhovenbrugstraat | 1885-exact-components+street || 2387 | 1885 | F 65 | Zwartenhovenbrugstraat | 1885-exact-components+street || 3761 | 1837 | F 262 | Gemenelandsweg | 1837-exact-components || 3762 | 1837 | F 262 | Gemenelandsweg | 1837-exact-components
1498,F68,Zwartenhovenbrugstraat,renumbered-1885,address,yes,matched,yes,3,2273 | 1885 | F 68 | Zwartenhovenbrugstraat | 1885-exact-components+street || 2274 | 1885 | F 68 | Zwartenhovenbrugstraat | 1885-exact-components+street || 4627 | 1837 | F 249 | Pontewerfstraat | 1837-exact-components
1499,F69,Zwartenhovenbrugstraat,renumbered-1885,address,yes,matched,yes,5,1820 | 1885 | F 69 | Zwartenhovenbrugstraat | 1885-exact-components+street || 1821 | 1885 | F 69 | Zwartenhovenbrugstraat | 1885-exact-components+street || 1822 | 1885 | F 69 | Zwartenhovenbrugstraat | 1885-exact-components+street || 1823 | 1885 | F 69 | Zwartenhovenbrugstraat | 1885-exact-components+street || 4626 | 1837 | F 248 | Pontewerfstraat | 1837-exact-components
1500,F70,Zwartenhovenbrugstraat,renumbered-1885,address,yes,matched,yes,7,1816 | 1885 | F 70 | Zwartenhovenbrugstraat | 1885-exact-components+street || 1817 | 1885 | F 70 | Zwartenhovenbrugstraat | 1885-exact-components+street || 1818 | 1885 | F 70 | Zwartenhovenbrugstraat | 1885-exact-components+street || 1819 | 1885 | F 70 | Zwartenhovenbrugstraat | 1885-exact-components+street || 4623 | 1837 | F 245 | Pontewerfstraat | 1837-fallback-core-only || 4624 | 1837 | F 246 | Pontewerfstraat | 1837-fallback-core-only || 4625 | 1837 | F 247 | Pontewerfstraat | 1837-fallback-core-only
1501,F71a,Zwartenhovenbrugstraat,renumbered-1885,address,yes,matched,yes,3,2587 | 1885 | F 71 | Zwartenhovenbrugstraat | 1885-fallback-core-only+street || 2588 | 1885 | F 71 | Zwartenhovenbrugstraat | 1885-fallback-core-only+street || 4622 | 1837 | F 244 | Pontewerfstraat | 1837-fallback-core-only
1502,F72,Drambrandersgracht,renumbered-1885,address,yes,matched,yes,4,3597 | 1885 | F 72 | Drambrandersgracht | 1885-exact-components+street || 3598 | 1885 | F 72 | Drambrandersgracht | 1885-exact-components+street || 4620 | 1837 | F 243 | Pontewerfstraat | 1837-exact-components || 4621 | 1837 | F 243 | Pontewerfstraat | 1837-exact-components
1503,F73,Drambrandersgracht,renumbered-1885,address,yes,matched,yes,4,3599 | 1885 | F 73 | Drambrandersgracht | 1885-exact-components+street || 3600 | 1885 | F 73 | Drambrandersgracht | 1885-exact-components+street || 3601 | 1885 | F 73 | Drambrandersgracht | 1885-exact-components+street || 4619 | 1837 | F 242 | Pontewerfstraat | 1837-exact-components
1504,F74,Drambrandersgracht,renumbered-1885,address,yes,matched,yes,5,3602 | 1885 | F 74 | Drambrandersgracht | 1885-exact-components+street || 4610 | 1837 | F 240 | Pontewerfstraat | 1837-fallback-core-only || 4615 | 1837 | F 241 | Pontewerfstraat | 1837-fallback-core-only || 4617 | 1837 | F 241 | Pontewerfstraat | 1837-fallback-core-only || 4649 | 1837 | F 240 | Pontewerfstraat | 1837-fallback-core-only
1505,F75,Drambrandersgracht,renumbered-1885,address,yes,matched,yes,2,3603 | 1885 | F 75 | Drambrandersgracht | 1885-exact-components+street || 4607 | 1837 | F 233 | Pontewerfstraat | 1837-exact-components
1506,F76,Drambrandersgracht,renumbered-1885,address,yes,matched,yes,6,3604 | 1885 | F 76 | Drambrandersgracht | 1885-exact-components+street || 4598 | 1837 | F 232 | Pontewerfstraat | 1837-exact-components || 4599 | 1837 | F 232 | Pontewerfstraat | 1837-exact-components || 4601 | 1837 | F 232 | Pontewerfstraat | 1837-exact-components || 4603 | 1837 | F 232 | Pontewerfstraat | 1837-exact-components || 4605 | 1837 | F 232 | Pontewerfstraat | 1837-exact-components
1507,F77,Drambrandersgracht,renumbered-1885,address,yes,matched,yes,2,3605 | 1885 | F 77 | Drambrandersgracht | 1885-exact-components+street || 4596 | 1837 | F 231 | Pontewerfstraat | 1837-exact-components
1508,F78,Drambrandersgracht,renumbered-1885,address,yes,matched,yes,2,3606 | 1885 | F 78 | Drambrandersgracht | 1885-exact-components+street || 4594 | 1837 | F 230 | Pontewerfstraat | 1837-exact-components
1509,F79,Drambrandersgracht,renumbered-1885,address,yes,matched,yes,3,3607 | 1885 | F 79 | Drambrandersgracht | 1885-exact-components+street || 3608 | 1885 | F 79 | Drambrandersgracht | 1885-exact-components+street || 4591 | 1837 | F 229 | Pontewerfstraat | 1837-exact-components
1510,F80,Groote Dwarsstraat,renumbered-1885,address,yes,matched,yes,5,3807 | 1885 | F 80 | Grote Dwarsstraat | 1885-exact-components || 3808 | 1885 | F 80 | Grote Dwarsstraat | 1885-exact-components || 4585 | 1837 | F 228 | Pontewerfstraat | 1837-exact-components || 4587 | 1837 | F 228 | Pontewerfstraat | 1837-exact-components || 4589 | 1837 | F 228 | Pontewerfstraat | 1837-exact-components
1511,F81,Groote Dwarsstraat,renumbered-1885,address,yes,matched,yes,3,3810 | 1885 | F 81 | Grote Dwarsstraat | 1885-exact-components || 3811 | 1885 | F 81 | Grote Dwarsstraat | 1885-exact-components || 4583 | 1837 | F 227 | Pontewerfstraat | 1837-exact-components
1512,F82,Groote Dwarsstraat,renumbered-1885,address,yes,matched,yes,3,3814 | 1885 | F 82 | Grote Dwarsstraat | 1885-exact-components || 4579 | 1837 | F 226 | Pontewerfstraat | 1837-exact-components || 4581 | 1837 | F 226 | Pontewerfstraat | 1837-exact-components
1513,F83,Groote Dwarsstraat,renumbered-1885,address,yes,matched,yes,8,3816 | 1885 | F 83 | Grote Dwarsstraat | 1885-exact-components || 3818 | 1885 | F 83 | Grote Dwarsstraat | 1885-exact-components || 3819 | 1885 | F 83 | Grote Dwarsstraat | 1885-exact-components || 3923 | 1837 | F 225 | Pontewerfstraat | 1837-exact-components || 4573 | 1837 | F 225 | Pontewerfstraat | 1837-exact-components || 4574 | 1837 | F 225 | Pontewerfstraat | 1837-exact-components || 4575 | 1837 | F 225 | Pontewerfstraat | 1837-exact-components || 4576 | 1837 | F 225 | Pontewerfstraat | 1837-exact-components
1514,F84,Groote Dwarsstraat,renumbered-1885,address,yes,matched,yes,4,3820 | 1885 | F 84 | Grote Dwarsstraat | 1885-exact-components || 3821 | 1885 | F 84 | Grote Dwarsstraat | 1885-exact-components || 3823 | 1885 | F 84 | Grote Dwarsstraat | 1885-exact-components || 4571 | 1837 | F 218 | Pontewerfstraat | 1837-exact-components
1515,F85,Groote Dwarsstraat,renumbered-1885,address,yes,matched,yes,3,3817 | 1885 | F 85 | Grote Dwarsstraat | 1885-exact-components || 4567 | 1837 | F 217 | Pontewerfstraat | 1837-exact-components || 4569 | 1837 | F 217 | Pontewerfstraat | 1837-exact-components
1516,F86,Groote Dwarsstraat,renumbered-1885,address,yes,matched,yes,3,3815 | 1885 | F 86 | Grote Dwarsstraat | 1885-exact-components || 4563 | 1837 | F 215 | Pontewerfstraat | 1837-fallback-core-only || 4565 | 1837 | F 216 | Pontewerfstraat | 1837-fallback-core-only
1517,F87,Groote Dwarsstraat,renumbered-1885,address,yes,matched,yes,4,3812 | 1885 | F 87 | Grote Dwarsstraat | 1885-exact-components || 3813 | 1885 | F 87 | Grote Dwarsstraat | 1885-exact-components || 4558 | 1837 | F 214 | Pontewerfstraat | 1837-exact-components || 4561 | 1837 | F 214 | Pontewerfstraat | 1837-exact-components
1518,F88,Drambrandersgracht,renumbered-1885,address,yes,matched,yes,3,3809 | 1885 | F 88 | Grote Dwarsstraat | 1885-exact-components+street || 4554 | 1837 | F 213 | Pontewerfstraat | 1837-exact-components || 4556 | 1837 | F 213 | Pontewerfstraat | 1837-exact-components
1519,F89,Drambrandersgracht,renumbered-1885,address,yes,matched,yes,4,3609 | 1885 | F 89 | Grote Dwarsstraat | 1885-exact-components+street || 3806 | 1885 | F 89 | Grote Dwarsstraat | 1885-exact-components+street || 4550 | 1837 | F 212 | Pontewerfstraat | 1837-exact-components || 4552 | 1837 | F 212 | Pontewerfstraat | 1837-exact-components
1520,F90,Drambrandersgracht,renumbered-1885,address,yes,matched,yes,3,3610 | 1885 | F 90 | Drambrandersgracht | 1885-exact-components+street || 4546 | 1837 | F 211 | Pontewerfstraat | 1837-exact-components || 4548 | 1837 | F 211 | Pontewerfstraat | 1837-exact-components
1521,F91,Drambrandersgracht,renumbered-1885,address,yes,matched,yes,5,3611 | 1885 | F 91 | Drambrandersgracht | 1885-exact-components+street || 3826 | 1837 | F 210 | Pontewerfstraat | 1837-exact-components || 3828 | 1837 | F 210 | Pontewerfstraat | 1837-exact-components || 4543 | 1837 | F 210 | Pontewerfstraat | 1837-exact-components || 4544 | 1837 | F 210 | Pontewerfstraat | 1837-exact-components
1522,F,Drambrandersgracht,renumbered-1885,address,yes,matched,yes,5,3612 | 1885 | F 92 | Drambrandersgracht | 1885-exact-components+street || 3613 | 1885 | F 92 | Drambrandersgracht | 1885-exact-components+street || 3822 | 1837 | F 203 | Grote Dwarsstraat | 1837-exact-components || 4539 | 1837 | F 203 | Pontewerfstraat | 1837-exact-components || 4541 | 1837 | F 203 | Pontewerfstraat | 1837-exact-components
1523,F93,Drambrandersgracht,renumbered-1885,address,yes,matched,yes,3,3614 | 1885 | F 93 | Drambrandersgracht | 1885-exact-components+street || 4535 | 1837 | F 201 | Pontewerfstraat | 1837-fallback-core-only || 4537 | 1837 | F 202 | Pontewerfstraat | 1837-fallback-core-only
1524,F94,Drambrandersgracht,renumbered-1885,address,yes,matched,yes,2,3615 | 1885 | F 94 | Drambrandersgracht | 1885-exact-components+street || 4533 | 1837 | F 200 | Pontewerfstraat | 1837-exact-components
1525,F95,Drambrandersgracht,renumbered-1885,address,yes,matched,yes,2,3616 | 1885 | F 95 | Drambrandersgracht | 1885-exact-components+street || 4531 | 1837 | F 199 | Pontewerfstraat | 1837-exact-components
1526,F96,Drambrandersgracht,renumbered-1885,address,yes,matched,yes,2,3617 | 1885 | F 96 | Drambrandersgracht | 1885-exact-components+street || 4529 | 1837 | F 198 | Pontewerfstraat | 1837-exact-components
1527,F97,Drambrandersgracht,renumbered-1885,address,yes,matched,yes,3,3618 | 1885 | F 97 | Drambrandersgracht | 1885-exact-components+street || 4526 | 1837 | F 197 | Pontewerfstraat | 1837-exact-components || 4527 | 1837 | F 197 | Pontewerfstraat | 1837-exact-components
1528,F98,Drambrandersgracht,renumbered-1885,address,yes,matched,yes,6,3619 | 1885 | F 98 | Drambrandersgracht | 1885-exact-components+street || 3620 | 1885 | F 98 | Drambrandersgracht | 1885-exact-components+street || 3898 | 1885 | F 98 | Drambrandersgracht | 1885-exact-components+street || 4521 | 1837 | F 196 | Pontewerfstraat | 1837-fallback-core-only || 4522 | 1837 | F 196 | Pontewerfstraat | 1837-fallback-core-only || 4524 | 1837 | F 196 | Pontewerfstraat | 1837-fallback-core-only
1529,F99,Hofstraat,renumbered-1885,address,yes,matched,yes,6,3597 | 1837 | F 72 | Drambrandersgracht | 1837-fallback-core-only || 3598 | 1837 | F 72 | Drambrandersgracht | 1837-fallback-core-only || 3599 | 1837 | F 73 | Drambrandersgracht | 1837-fallback-core-only || 3600 | 1837 | F 73 | Drambrandersgracht | 1837-fallback-core-only || 3601 | 1837 | F 73 | Drambrandersgracht | 1837-fallback-core-only || 3899 | 1885 | F 99 | Hofstraat | 1885-exact-components+street
1530,F100,Hofstraat,renumbered-1885,address,yes,matched,yes,2,3602 | 1837 | F 74 | Drambrandersgracht | 1837-exact-components || 3900 | 1885 | F 100 | Hofstraat | 1885-exact-components+street
1531,F101,Hofstraat,renumbered-1885,address,yes,matched,yes,2,3603 | 1837 | F 75 | Drambrandersgracht | 1837-exact-components || 3901 | 1885 | F 101 | Hofstraat | 1885-exact-components+street
1532,F102,Hofstraat,renumbered-1885,address,yes,matched,yes,3,3604 | 1837 | F 76 | Drambrandersgracht | 1837-exact-components || 3903 | 1885 | F 102 | Hofstraat | 1885-exact-components+street || 3906 | 1885 | F 102 | Hofstraat | 1885-exact-components+street
1533,F103,Hofstraat,renumbered-1885,address,yes,matched,yes,4,3605 | 1837 | F 77 | Drambrandersgracht | 1837-exact-components || 3908 | 1885 | F 103 | Hofstraat | 1885-exact-components+street || 3909 | 1885 | F 103 | Hofstraat | 1885-exact-components+street || 3911 | 1885 | F 103 | Hofstraat | 1885-exact-components+street
1534,F104,Hofstraat,renumbered-1885,address,yes,matched,yes,6,3606 | 1837 | F 78 | Drambrandersgracht | 1837-exact-components || 3917 | 1885 | F 104 | Hofstraat | 1885-exact-components+street || 3918 | 1885 | F 104 | Hofstraat | 1885-exact-components+street || 3919 | 1885 | F 104 | Hofstraat | 1885-exact-components+street || 3920 | 1885 | F 104 | Hofstraat | 1885-exact-components+street || 3921 | 1885 | F 104 | Hofstraat | 1885-exact-components+street
1535,F105,Hofstraat,renumbered-1885,address,yes,matched,yes,3,3607 | 1837 | F 79 | Drambrandersgracht | 1837-exact-components || 3608 | 1837 | F 79 | Drambrandersgracht | 1837-exact-components || 3914 | 1885 | F 105 | Hofstraat | 1885-exact-components+street
1536,F106,Hofstraat,renumbered-1885,address,yes,matched,yes,4,3609 | 1837 | F 89 | Grote Dwarsstraat | 1837-fallback-core-only || 3806 | 1837 | F 89 | Grote Dwarsstraat | 1837-fallback-core-only || 3809 | 1837 | F 88 | Grote Dwarsstraat | 1837-fallback-core-only || 3912 | 1885 | F 106 | Hofstraat | 1885-exact-components+street
1537,F107,Hofstraat,renumbered-1885,address,yes,matched,yes,2,3610 | 1837 | F 90 | Drambrandersgracht | 1837-exact-components || 3910 | 1885 | F 107 | Hofstraat | 1885-exact-components+street
1538,F108,Hofstraat,renumbered-1885,address,yes,matched,yes,2,3611 | 1837 | F 91 | Drambrandersgracht | 1837-exact-components || 3907 | 1885 | F 108 | Hofstraat | 1885-exact-components+street
1539,F109,Hofstraat,renumbered-1885,address,yes,matched,yes,4,3612 | 1837 | F 92 | Drambrandersgracht | 1837-exact-components || 3613 | 1837 | F 92 | Drambrandersgracht | 1837-exact-components || 3904 | 1885 | F 109 | Hofstraat | 1885-exact-components+street || 3905 | 1885 | F 109 | Hofstraat | 1885-exact-components+street
1540,F110,Hofstraat,renumbered-1885,address,yes,matched,yes,3,3614 | 1837 | F 93 | Drambrandersgracht | 1837-fallback-core-only || 3615 | 1837 | F 94 | Drambrandersgracht | 1837-fallback-core-only || 3902 | 1885 | F 110 | Hofstraat | 1885-exact-components+street
1541,F111,Drambrandersgracht,renumbered-1885,address,yes,matched,yes,3,3616 | 1837 | F 95 | Drambrandersgracht | 1837-exact-components+street || 3621 | 1885 | F 111 | Drambrandersgracht | 1885-exact-components+street || 3622 | 1885 | F 111 | Drambrandersgracht | 1885-exact-components+street
1542,F112,Drambrandersgracht,renumbered-1885,address,yes,matched,yes,2,3617 | 1837 | F 96 | Drambrandersgracht | 1837-exact-components+street || 3623 | 1885 | F 112 | Drambrandersgracht | 1885-exact-components+street
1543,F113,Drambrandersgracht,renumbered-1885,address,yes,matched,yes,2,3618 | 1837 | F 97 | Drambrandersgracht | 1837-exact-components+street || 3624 | 1885 | F 113 | Drambrandersgracht | 1885-exact-components+street
1544,F114,Drambrandersgracht,renumbered-1885,address,yes,matched,yes,4,3619 | 1837 | F 98 | Drambrandersgracht | 1837-exact-components+street || 3620 | 1837 | F 98 | Drambrandersgracht | 1837-exact-components+street || 3625 | 1885 | F 114 | Drambrandersgracht | 1885-exact-components+street || 3898 | 1837 | F 98 | Drambrandersgracht | 1837-exact-components+street
1545,F115,Drambrandersgracht,renumbered-1885,address,yes,matched,yes,4,3621 | 1837 | F 111 | Drambrandersgracht | 1837-exact-components+street || 3622 | 1837 | F 111 | Drambrandersgracht | 1837-exact-components+street || 3626 | 1885 | F 115 | Drambrandersgracht | 1885-exact-components+street || 3627 | 1885 | F 115 | Drambrandersgracht | 1885-exact-components+street
1546,F116,Drambrandersgracht,renumbered-1885,address,yes,matched,yes,2,3623 | 1837 | F 112 | Drambrandersgracht | 1837-exact-components+street || 3628 | 1885 | F 116 | Drambrandersgracht | 1885-exact-components+street
1547,F117,Drambrandersgracht,renumbered-1885,address,yes,matched,yes,2,3624 | 1837 | F 113 | Drambrandersgracht | 1837-exact-components+street || 3629 | 1885 | F 117 | Drambrandersgracht | 1885-exact-components+street
1548,F118,Drambrandersgracht,renumbered-1885,address,yes,matched,yes,3,3625 | 1837 | F 114 | Drambrandersgracht | 1837-exact-components+street || 3630 | 1885 | F 118 | Drambrandersgracht | 1885-exact-components+street || 3631 | 1885 | F 118 | Drambrandersgracht | 1885-exact-components+street
1549,F119,Drambrandersgracht,renumbered-1885,address,yes,matched,yes,7,3626 | 1837 | F 115 | Drambrandersgracht | 1837-exact-components+street || 3627 | 1837 | F 115 | Drambrandersgracht | 1837-exact-components+street || 4639 | 1885 | F 119 | Drambrandersgracht | 1885-exact-components+street || 4640 | 1885 | F 119 | Drambrandersgracht | 1885-exact-components+street || 4641 | 1885 | F 119 | Drambrandersgracht | 1885-exact-components+street || 4642 | 1885 | F 119 | Drambrandersgracht | 1885-exact-components+street || 4643 | 1885 | F 119 | Drambrandersgracht | 1885-exact-components+street
1550,F120,Rust en Vredestraat,renumbered-1885,address,yes,matched,yes,2,3628 | 1837 | F 116 | Drambrandersgracht | 1837-exact-components || 4644 | 1885 | F 120 | Pontewerfstraat | 1885-exact-components
1551,F121,Rust en Vredestraat,renumbered-1885,address,yes,matched,yes,2,3629 | 1837 | F 117 | Drambrandersgracht | 1837-exact-components || 4645 | 1885 | F 121 | Pontewerfstraat | 1885-exact-components+street
1552,F122,Rust en Vredestraat,renumbered-1885,address,yes,matched,yes,8,3630 | 1837 | F 118 | Drambrandersgracht | 1837-fallback-core-only || 3631 | 1837 | F 118 | Drambrandersgracht | 1837-fallback-core-only || 4639 | 1837 | F 119 | Drambrandersgracht | 1837-fallback-core-only || 4640 | 1837 | F 119 | Drambrandersgracht | 1837-fallback-core-only || 4641 | 1837 | F 119 | Drambrandersgracht | 1837-fallback-core-only || 4642 | 1837 | F 119 | Drambrandersgracht | 1837-fallback-core-only || 4643 | 1837 | F 119 | Drambrandersgracht | 1837-fallback-core-only || 4647 | 1885 | F 122 | Pontewerfstraat | 1885-exact-components
1553,F123,Rust en Vredestraat,renumbered-1885,address,yes,matched,yes,9,3632 | 1837 | F 126 | Drambrandersgracht | 1837-fallback-core-only || 3633 | 1837 | F 126 | Drambrandersgracht | 1837-fallback-core-only || 3634 | 1837 | F 126 | Drambrandersgracht | 1837-fallback-core-only || 3635 | 1837 | F 126 | Drambrandersgracht | 1837-fallback-core-only || 3636 | 1837 | F 126 | Drambrandersgracht | 1837-fallback-core-only || 3637 | 1837 | F 126 | Drambrandersgracht | 1837-fallback-core-only || 3638 | 1837 | F 127 | Drambrandersgracht | 1837-fallback-core-only || 4646 | 1837 | F 126 | Drambrandersgracht | 1837-fallback-core-only
1554,F124,Rust en Vredestraat,renumbered-1885,address,yes,matched,yes,2,3639 | 1837 | F 128 | Drambrandersgracht | 1837-exact-components || 4650 | 1885 | F 124 | Pontewerfstraat | 1885-exact-components
1555,F125,Rust en Vredestraat,renumbered-1885,address,yes,matched,yes,8,3017 | 1837 | F 129 | Drambrandersgracht | 1837-exact-components || 4652 | 1885 | F 125 a | Pontewerfstraat | 1885-fallback-core-only || 4654 | 1885 | F 125 b | Pontewerfstraat | 1885-fallback-core-only || 4655 | 1885 | F 125 | Pontewerfstraat | 1885-exact-components || 4656 | 1885 | F 125 | Pontewerfstraat | 1885-exact-components || 4657 | 1885 | F 125 | Pontewerfstraat | 1885-exact-components || 4658 | 1885 | F 125 | Pontewerfstraat | 1885-exact-components || 4659 | 1885 | F 125 | Pontewerfstraat | 1885-exact-components
1556,F126,,renumbered-1885,address,yes,matched,yes,8,3006 | 1837 | F 130 ab | Drambrandersgracht | 1837-exact-components || 3632 | 1885 | F 126 | Drambrandersgracht | 1885-exact-components || 3633 | 1885 | F 126 | Drambrandersgracht | 1885-exact-components || 3634 | 1885 | F 126 | Drambrandersgracht | 1885-exact-components || 3635 | 1885 | F 126 | Drambrandersgracht | 1885-exact-components || 3636 | 1885 | F 126 | Drambrandersgracht | 1885-exact-components || 3637 | 1885 | F 126 | Drambrandersgracht | 1885-exact-components || 4646 | 1885 | F 126 | Drambrandersgracht | 1885-exact-components
1557,F127,Drambrandersgracht,renumbered-1885,address,yes,matched,yes,2,3003 | 1837 | F 131 | Drambrandersgracht | 1837-exact-components+street || 3638 | 1885 | F 127 | Drambrandersgracht | 1885-exact-components+street
1558,F128a,Drambrandersgracht,renumbered-1885,address,yes,matched,yes,3,2989 | 1837 | F 132 | Drambrandersgracht | 1837-fallback-core-only+street || 2990 | 1837 | F 133 | Drambrandersgracht | 1837-exact-components+street || 3639 | 1885 | F 128 | Drambrandersgracht | 1885-fallback-core-only+street
1559,F129,Drambrandersgracht,renumbered-1885,address,yes,matched,yes,2,3017 | 1885 | F 129 | Drambrandersgracht | 1885-exact-components+street || 3640 | 1837 | F 134 | Drambrandersgracht | 1837-exact-components+street
1560,F130,Drambrandersgracht,renumbered-1885,address,yes,matched,yes,4,3006 | 1885 | F 130 ab | Drambrandersgracht | 1885-fallback-core-only+street || 3641 | 1837 | F 135 | Drambrandersgracht | 1837-exact-components+street || 3642 | 1837 | F 135 | Drambrandersgracht | 1837-exact-components+street || 5187 | 1837 | F 135 | Drambrandersgracht | 1837-exact-components+street
1561,F131,Drambrandersgracht,renumbered-1885,address,yes,matched,yes,3,3003 | 1885 | F 131 | Drambrandersgracht | 1885-exact-components+street || 3441 | 1837 | F 136 | Wanicastraat | 1837-exact-components || 3442 | 1837 | F 136 | Wanicastraat | 1837-exact-components
1562,F132,Drambrandersgracht,renumbered-1885,address,yes,matched,yes,4,2965 | 1837 | F 137 | Wanicastraat | 1837-exact-components || 2966 | 1837 | F 137 | Wanicastraat | 1837-exact-components || 2967 | 1837 | F 137 | Wanicastraat | 1837-exact-components || 2989 | 1885 | F 132 | Drambrandersgracht | 1885-exact-components+street
1563,F133,Drambrandersgracht,renumbered-1885,address,yes,matched,yes,3,2959 | 1837 | F 138 | Wanicastraat | 1837-exact-components || 2960 | 1837 | F 138 | Wanicastraat | 1837-exact-components || 2990 | 1885 | F 133 | Drambrandersgracht | 1885-exact-components+street
1564,F134,Drambrandersgracht,renumbered-1885,address,yes,matched,yes,3,3038 | 1837 | F 139 | Wanicastraat | 1837-exact-components || 3039 | 1837 | F 139 | Wanicastraat | 1837-exact-components || 3640 | 1885 | F 134 | Drambrandersgracht | 1885-exact-components+street
1565,F135,Wanicastraat,renumbered-1885,address,yes,matched,yes,6,3278 | 1837 | F 140 | Nieuwe Domineestraat | 1837-exact-components || 3279 | 1837 | F 140 | Nieuwe Domineestraat | 1837-exact-components || 3280 | 1837 | F 140 | Wanicastraat | 1837-exact-components+street || 3641 | 1885 | F 135 | Drambrandersgracht | 1885-exact-components || 3642 | 1885 | F 135 | Drambrandersgracht | 1885-exact-components || 5187 | 1885 | F 135 | Drambrandersgracht | 1885-exact-components
1566,F136,Wanicastraat,renumbered-1885,address,yes,matched,yes,4,3082 | 1837 | F 141 | Nieuwe Domineestraat | 1837-exact-components || 3087 | 1837 | F 141 | Nieuwe Domineestraat | 1837-exact-components || 3441 | 1885 | F 136 | Wanicastraat | 1885-exact-components+street || 3442 | 1885 | F 136 | Wanicastraat | 1885-exact-components+street
1567,F137,Wanicastraat,renumbered-1885,address,yes,matched,yes,5,2943 | 1837 | F 142 | Nieuwe Domineestraat | 1837-exact-components || 2944 | 1837 | F 142 | Nieuwe Domineestraat | 1837-exact-components || 2965 | 1885 | F 137 | Wanicastraat | 1885-exact-components+street || 2966 | 1885 | F 137 | Wanicastraat | 1885-exact-components+street || 2967 | 1885 | F 137 | Wanicastraat | 1885-exact-components+street
1568,F138,Wanicastraat,renumbered-1885,address,yes,matched,yes,5,2959 | 1885 | F 138 | Wanicastraat | 1885-exact-components+street || 2960 | 1885 | F 138 | Wanicastraat | 1885-exact-components+street || 3000 | 1837 | F 143 | Nieuwe Domineestraat | 1837-exact-components || 3001 | 1837 | F 143 | Nieuwe Domineestraat | 1837-exact-components || 3002 | 1837 | F 143 | Nieuwe Domineestraat | 1837-exact-components
1569,F139,Wanicastraat,renumbered-1885,address,yes,matched,yes,4,2993 | 1837 | F 144 | Nieuwe Domineestraat | 1837-exact-components || 2994 | 1837 | F 144 | Nieuwe Domineestraat | 1837-exact-components || 3038 | 1885 | F 139 | Wanicastraat | 1885-exact-components+street || 3039 | 1885 | F 139 | Wanicastraat | 1885-exact-components+street
1570,F140,Nieuwe Dominéstraat,renumbered-1885,address,yes,matched,yes,5,3278 | 1885 | F 140 | Nieuwe Domineestraat | 1885-exact-components || 3279 | 1885 | F 140 | Nieuwe Domineestraat | 1885-exact-components || 3280 | 1885 | F 140 | Wanicastraat | 1885-exact-components || 3513 | 1837 | F 145 | Nieuwe Domineestraat | 1837-exact-components || 3514 | 1837 | F 145 | Nieuwe Domineestraat | 1837-exact-components
1571,F141,Nieuwe Dominéstraat,renumbered-1885,address,yes,matched,yes,3,3082 | 1885 | F 141 | Nieuwe Domineestraat | 1885-exact-components || 3087 | 1885 | F 141 | Nieuwe Domineestraat | 1885-exact-components || 3430 | 1837 | F 145 | Nieuwe Domineestraat | 1837-exact-components
1572,F142,Nieuwe Dominéstraat,renumbered-1885,address,yes,matched,yes,4,2943 | 1885 | F 142 | Nieuwe Domineestraat | 1885-exact-components || 2944 | 1885 | F 142 | Nieuwe Domineestraat | 1885-exact-components || 3391 | 1837 | F 151 | Nieuwe Domineestraat | 1837-exact-components || 3392 | 1837 | F 151 | Nieuwe Domineestraat | 1837-exact-components
1573,F143,Nieuwe Dominéstraat,renumbered-1885,address,yes,matched,yes,5,3000 | 1885 | F 143 | Nieuwe Domineestraat | 1885-exact-components || 3001 | 1885 | F 143 | Nieuwe Domineestraat | 1885-exact-components || 3002 | 1885 | F 143 | Nieuwe Domineestraat | 1885-exact-components || 3413 | 1837 | F 152 a | Nieuwe Domineestraat | 1837-exact-components || 3414 | 1837 | F 152 b | Nieuwe Domineestraat | 1837-exact-components
1574,F144,Nieuwe Dominéstraat,renumbered-1885,address,yes,matched,yes,4,2932 | 1837 | F 153 | Nieuwe Domineestraat | 1837-fallback-core-only || 2933 | 1837 | F 154 | Nieuwe Domineestraat | 1837-fallback-core-only || 2993 | 1885 | F 144 | Nieuwe Domineestraat | 1885-exact-components || 2994 | 1885 | F 144 | Nieuwe Domineestraat | 1885-exact-components
1575,F145,Nieuwe Dominéstraat,renumbered-1885,address,yes,matched,yes,7,3407 | 1885 | F 145 | Nepveustraat | 1885-exact-components || 3430 | 1885 | F 145 | Nieuwe Domineestraat | 1885-exact-components || 3431 | 1837 | F 155 | Nieuwe Domineestraat | 1837-exact-components || 3432 | 1837 | F 155 | Nieuwe Domineestraat | 1837-exact-components || 3433 | 1837 | F 155 | Nieuwe Domineestraat | 1837-exact-components || 3513 | 1885 | F 145 | Nieuwe Domineestraat | 1885-exact-components || 3514 | 1885 | F 145 | Nieuwe Domineestraat | 1885-exact-components
1576,F146,Pontenwerfstraat,renumbered-1885,address,yes,matched,yes,11,3402 | 1885 | F 146 | Nepveustraat | 1885-exact-components || 3403 | 1885 | F 146 | Nepveustraat | 1885-exact-components || 3404 | 1885 | F 146 | Nepveustraat | 1885-exact-components || 3405 | 1885 | F 146 | Nepveustraat | 1885-exact-components || 3434 | 1837 | F 156 | Nieuwe Domineestraat | 1837-fallback-core-only || 3435 | 1837 | F 156 | Nieuwe Domineestraat | 1837-fallback-core-only || 3436 | 1837 | F 156 | Nieuwe Domineestraat | 1837-fallback-core-only || 3438 | 1837 | F 156 | Nieuwe Domineestraat | 1837-fallback-core-only
1577,F150a,Nepveustraat,renumbered-1885,address,yes,matched,yes,2,3336 | 1837 | F 162 | Pontewerfstraat | 1837-fallback-core-only || 4333 | 1885 | F 150 | Nepveustraat | 1885-fallback-core-only+street
1578,F149,Nepveustraat,renumbered-1885,address,yes,matched,yes,6,3394 | 1885 | F 149 | Nepveustraat | 1885-exact-components+street || 3395 | 1885 | F 149 | Nepveustraat | 1885-exact-components+street || 3416 | 1837 | F 161 | Pontewerfstraat | 1837-exact-components || 3417 | 1837 | F 161 | Pontewerfstraat | 1837-exact-components || 3418 | 1837 | F 161 | Pontewerfstraat | 1837-exact-components || 3419 | 1837 | F 161 | Pontewerfstraat | 1837-exact-components
1579,F148,Nepveustraat,renumbered-1885,address,yes,matched,yes,6,3397 | 1885 | F 148 | Nepveustraat | 1885-exact-components+street || 3398 | 1885 | F 148 | Nepveustraat | 1885-exact-components+street || 3420 | 1837 | F 160 | Pontewerfstraat | 1837-exact-components || 3421 | 1837 | F 160 | Pontewerfstraat | 1837-exact-components || 3422 | 1837 | F 160 | Pontewerfstraat | 1837-exact-components || 3423 | 1837 | F 160 | Pontewerfstraat | 1837-exact-components
1580,F147a,Nepveustraat,renumbered-1885,address,yes,matched,yes,2,3400 | 1885 | F 147 | Nepveustraat | 1885-fallback-core-only+street || 3446 | 1837 | F 159 | Wanicastraat | 1837-fallback-core-only
1581,F151,Nieuwe Dominéstraat,renumbered-1885,address,yes,matched,yes,3,3391 | 1885 | F 151 | Nieuwe Domineestraat | 1885-exact-components || 3392 | 1885 | F 151 | Nieuwe Domineestraat | 1885-exact-components || 3407 | 1837 | F 145 | Nepveustraat | 1837-exact-components
1582,F152,Nieuwe Dominéstraat,renumbered-1885,address,yes,matched,yes,6,3402 | 1837 | F 146 | Nepveustraat | 1837-exact-components || 3403 | 1837 | F 146 | Nepveustraat | 1837-exact-components || 3404 | 1837 | F 146 | Nepveustraat | 1837-exact-components || 3405 | 1837 | F 146 | Nepveustraat | 1837-exact-components || 3413 | 1885 | F 152 a | Nieuwe Domineestraat | 1885-fallback-core-only || 3414 | 1885 | F 152 b | Nieuwe Domineestraat | 1885-fallback-core-only
1583,F153,Nieuwe Dominéstraat,renumbered-1885,address,yes,matched,yes,2,2932 | 1885 | F 153 | Nieuwe Domineestraat | 1885-exact-components || 3400 | 1837 | F 147 | Nepveustraat | 1837-exact-components
1584,F154,Nieuwe Dominéstraat,renumbered-1885,address,yes,matched,yes,3,2933 | 1885 | F 154 | Nieuwe Domineestraat | 1885-exact-components || 3397 | 1837 | F 148 | Nepveustraat | 1837-exact-components || 3398 | 1837 | F 148 | Nepveustraat | 1837-exact-components
1585,F155,Nieuwe Dominéstraat,renumbered-1885,address,yes,matched,yes,5,3394 | 1837 | F 149 | Nepveustraat | 1837-exact-components || 3395 | 1837 | F 149 | Nepveustraat | 1837-exact-components || 3431 | 1885 | F 155 | Nieuwe Domineestraat | 1885-exact-components || 3432 | 1885 | F 155 | Nieuwe Domineestraat | 1885-exact-components || 3433 | 1885 | F 155 | Nieuwe Domineestraat | 1885-exact-components
1586,F156,Nieuwe Dominéstraat,renumbered-1885,address,yes,matched,yes,5,3434 | 1885 | F 156 | Nieuwe Domineestraat | 1885-exact-components || 3435 | 1885 | F 156 | Nieuwe Domineestraat | 1885-exact-components || 3436 | 1885 | F 156 | Nieuwe Domineestraat | 1885-exact-components || 3438 | 1885 | F 156 | Nieuwe Domineestraat | 1885-exact-components || 4333 | 1837 | F 150 | Nepveustraat | 1837-exact-components
1587,F157,Wanicastraat,renumbered-1885,address,yes,matched,yes,3,3439 | 1885 | F 157 | Wanicastraat | 1885-exact-components+street || 3444 | 1885 | F 157 | Wanicastraat | 1885-exact-components+street || 4618 | 1837 | F 163 | Pontewerfstraat | 1837-exact-components
1588,F158,Wanicastraat,renumbered-1885,address,yes,matched,yes,2,3445 | 1885 | F 158 | Wanicastraat | 1885-exact-components+street || 4616 | 1837 | F 164 | Pontewerfstraat | 1837-exact-components
1589,F159,Wanicastraat,renumbered-1885,address,yes,matched,yes,4,3446 | 1885 | F 159 | Wanicastraat | 1885-exact-components+street || 4611 | 1837 | F 165 | Pontewerfstraat | 1837-exact-components || 4613 | 1837 | F 165 | Pontewerfstraat | 1837-exact-components || 4614 | 1837 | F 165 | Pontewerfstraat | 1837-exact-components
1590,F160,Pontenwerfstraat,renumbered-1885,address,yes,matched,yes,5,3420 | 1885 | F 160 | Pontewerfstraat | 1885-exact-components || 3421 | 1885 | F 160 | Pontewerfstraat | 1885-exact-components || 3422 | 1885 | F 160 | Pontewerfstraat | 1885-exact-components || 3423 | 1885 | F 160 | Pontewerfstraat | 1885-exact-components || 4612 | 1837 | F 166 | Pontewerfstraat | 1837-exact-components
1591,F161,Pontenwerfstraat,renumbered-1885,address,yes,matched,yes,5,3416 | 1885 | F 161 | Pontewerfstraat | 1885-exact-components || 3417 | 1885 | F 161 | Pontewerfstraat | 1885-exact-components || 3418 | 1885 | F 161 | Pontewerfstraat | 1885-exact-components || 3419 | 1885 | F 161 | Pontewerfstraat | 1885-exact-components || 4644 | 1837 | F 120 | Pontewerfstraat | 1837-exact-components
1592,F162,Pontenwerfstraat,renumbered-1885,address,yes,matched,yes,2,3336 | 1885 | F 162 | Pontewerfstraat | 1885-exact-components || 4645 | 1837 | F 121 | Pontewerfstraat | 1837-exact-components
1593,F163,Pontenwerfstraat,renumbered-1885,address,yes,matched,yes,2,4618 | 1885 | F 163 | Pontewerfstraat | 1885-exact-components || 4647 | 1837 | F 122 | Pontewerfstraat | 1837-exact-components
1594,F164,Pontenwerfstraat,renumbered-1885,address,yes,matched,yes,2,4616 | 1885 | F 164 | Pontewerfstraat | 1885-exact-components || 4648 | 1837 | F 123 | Pontewerfstraat | 1837-exact-components
1595,F165,Pontenwerfstraat,renumbered-1885,address,yes,matched,yes,4,4611 | 1885 | F 165 | Pontewerfstraat | 1885-exact-components || 4613 | 1885 | F 165 | Pontewerfstraat | 1885-exact-components || 4614 | 1885 | F 165 | Pontewerfstraat | 1885-exact-components || 4650 | 1837 | F 124 | Pontewerfstraat | 1837-exact-components
1596,F166,Pontenwerfstraat,renumbered-1885,address,yes,matched,yes,8,4612 | 1885 | F 166 | Pontewerfstraat | 1885-exact-components || 4652 | 1837 | F 125 a | Pontewerfstraat | 1837-exact-components || 4654 | 1837 | F 125 b | Pontewerfstraat | 1837-exact-components || 4655 | 1837 | F 125 | Pontewerfstraat | 1837-exact-components || 4656 | 1837 | F 125 | Pontewerfstraat | 1837-exact-components || 4657 | 1837 | F 125 | Pontewerfstraat | 1837-exact-components || 4658 | 1837 | F 125 | Pontewerfstraat | 1837-exact-components || 4659 | 1837 | F 125 | Pontewerfstraat | 1837-exact-components
1597,F167,Pontenwerfstraat,renumbered-1885,address,yes,matched,yes,2,4608 | 1885 | F 167 | Pontewerfstraat | 1885-exact-components || 4609 | 1885 | F 167 | Pontewerfstraat | 1885-exact-components
1598,F168,Pontenwerfstraat,renumbered-1885,address,yes,matched,yes,1,4606 | 1885 | F 168 | Pontewerfstraat | 1885-exact-components
1599,F169a,Pontenwerfstraat,renumbered-1885,address,yes,matched,yes,2,4602 | 1885 | F 169 | Pontewerfstraat | 1885-fallback-core-only || 4604 | 1885 | F 169 | Pontewerfstraat | 1885-fallback-core-only
1600,F170,Pontenwerfstraat,renumbered-1885,address,yes,matched,yes,1,4600 | 1885 | F 170 | Pontewerfstraat | 1885-exact-components
1601,F171,Pontenwerfstraat,renumbered-1885,address,yes,matched,yes,1,4597 | 1885 | F 171 | Pontewerfstraat | 1885-exact-components
1602,F172,Pontenwerfstraat,renumbered-1885,address,yes,matched,yes,1,4595 | 1885 | F 172 | Pontewerfstraat | 1885-exact-components
1603,F173,Pontenwerfstraat,renumbered-1885,address,yes,matched,yes,2,4592 | 1885 | F 173 | Pontewerfstraat | 1885-exact-components || 4593 | 1885 | F 173 | Pontewerfstraat | 1885-exact-components
1604,F174,Pontenwerfstraat,renumbered-1885,address,yes,matched,yes,2,4588 | 1885 | F 174 | Pontewerfstraat | 1885-exact-components || 4590 | 1885 | F 174 | Pontewerfstraat | 1885-exact-components
1605,F175,Pontenwerfstraat,renumbered-1885,address,yes,matched,yes,1,4586 | 1885 | F 175 | Pontewerfstraat | 1885-exact-components
1606,F176,Pontenwerfstraat,renumbered-1885,address,yes,matched,yes,9,3914 | 1837 | F 105 | Hofstraat | 1837-fallback-core-only || 3917 | 1837 | F 104 | Hofstraat | 1837-fallback-core-only || 3918 | 1837 | F 104 | Hofstraat | 1837-fallback-core-only || 3919 | 1837 | F 104 | Hofstraat | 1837-fallback-core-only || 3920 | 1837 | F 104 | Hofstraat | 1837-fallback-core-only || 3921 | 1837 | F 104 | Hofstraat | 1837-fallback-core-only || 4580 | 1885 | F 176 | Pontewerfstraat | 1885-exact-components || 4582 | 1885 | F 176 | Pontewerfstraat | 1885-exact-components
1607,F177a,Pontenwerfstraat,renumbered-1885,address,yes,matched,yes,3,3912 | 1837 | F 106 | Hofstraat | 1837-fallback-core-only || 4577 | 1885 | F 177 b | Pontewerfstraat | 1885-fallback-core-only || 4578 | 1885 | F 177 | Pontewerfstraat | 1885-fallback-core-only
1608,F178,Pontenwerfstraat,renumbered-1885,address,yes,matched,yes,3,3910 | 1837 | F 107 | Hofstraat | 1837-exact-components || 4570 | 1885 | F 178 | Pontewerfstraat | 1885-exact-components || 4572 | 1885 | F 178 | Pontewerfstraat | 1885-exact-components
1609,F179,Pontenwerfstraat,renumbered-1885,address,yes,matched,yes,3,3907 | 1837 | F 108 | Hofstraat | 1837-exact-components || 4566 | 1885 | F 179 | Pontewerfstraat | 1885-exact-components || 4568 | 1885 | F 179 | Pontewerfstraat | 1885-exact-components
1610,F180,Pontenwerfstraat,renumbered-1885,address,yes,matched,yes,3,3904 | 1837 | F 109 | Hofstraat | 1837-exact-components || 3905 | 1837 | F 109 | Hofstraat | 1837-exact-components || 4564 | 1885 | F 180 | Pontewerfstraat | 1885-exact-components
1611,F181,Pontenwerfstraat,renumbered-1885,address,yes,matched,yes,3,3902 | 1837 | F 110 | Hofstraat | 1837-exact-components || 4560 | 1885 | F 181 | Pontewerfstraat | 1885-exact-components || 4562 | 1885 | F 181 | Pontewerfstraat | 1885-exact-components
1612,F182,Pontenwerfstraat,renumbered-1885,address,yes,matched,yes,3,3899 | 1837 | F 99 | Hofstraat | 1837-exact-components || 3900 | 1837 | F 100 | Hofstraat | 1837-exact-components || 4559 | 1885 | F 182 | Pontewerfstraat | 1885-exact-components
1613,F183,Pontenwerfstraat,renumbered-1885,address,yes,matched,yes,2,3901 | 1837 | F 101 | Hofstraat | 1837-exact-components || 4557 | 1885 | F 183 | Pontewerfstraat | 1885-exact-components
1614,F184a,Pontenwerfstraat,renumbered-1885,address,yes,matched,yes,4,3903 | 1837 | F 102 | Hofstraat | 1837-fallback-core-only || 3906 | 1837 | F 102 | Hofstraat | 1837-fallback-core-only || 4553 | 1885 | F 184 | Pontewerfstraat | 1885-fallback-core-only || 4555 | 1885 | F 184 | Pontewerfstraat | 1885-fallback-core-only
1615,F185,Pontenwerfstraat,renumbered-1885,address,yes,matched,yes,5,3908 | 1837 | F 103 | Hofstraat | 1837-exact-components || 3909 | 1837 | F 103 | Hofstraat | 1837-exact-components || 3911 | 1837 | F 103 | Hofstraat | 1837-exact-components || 4549 | 1885 | F 185 | Pontewerfstraat | 1885-exact-components || 4551 | 1885 | F 185 | Pontewerfstraat | 1885-exact-components
1616,F186,Pontenwerfstraat,renumbered-1885,address,yes,matched,yes,4,4547 | 1885 | F 186 | Pontewerfstraat | 1885-exact-components || 4580 | 1837 | F 176 | Pontewerfstraat | 1837-exact-components || 4582 | 1837 | F 176 | Pontewerfstraat | 1837-exact-components || 4584 | 1837 | F 176 | Pontewerfstraat | 1837-exact-components
1617,F190,Pontenwerfstraat,renumbered-1885,address,yes,matched,yes,4,4538 | 1885 | F 190 | Pontewerfstraat | 1885-exact-components || 4560 | 1837 | F 181 | Pontewerfstraat | 1837-fallback-core-only || 4562 | 1837 | F 181 | Pontewerfstraat | 1837-fallback-core-only || 4564 | 1837 | F 180 | Pontewerfstraat | 1837-fallback-core-only
1618,F187,Pontenwerfstraat,renumbered-1885,address,yes,matched,yes,3,4545 | 1885 | F 187 | Pontewerfstraat | 1885-exact-components || 4577 | 1837 | F 177 b | Pontewerfstraat | 1837-exact-components || 4578 | 1837 | F 177 | Pontewerfstraat | 1837-exact-components
1619,F188,Pontenwerfstraat,renumbered-1885,address,yes,matched,yes,3,4542 | 1885 | F 188 | Pontewerfstraat | 1885-exact-components || 4570 | 1837 | F 178 | Pontewerfstraat | 1837-exact-components || 4572 | 1837 | F 178 | Pontewerfstraat | 1837-exact-components
1620,F189,Pontenwerfstraat,renumbered-1885,address,yes,matched,yes,3,4540 | 1885 | F 189 | Pontewerfstraat | 1885-exact-components || 4566 | 1837 | F 179 | Pontewerfstraat | 1837-exact-components || 4568 | 1837 | F 179 | Pontewerfstraat | 1837-exact-components
1621,F191,Pontenwerfstraat,renumbered-1885,address,yes,matched,yes,3,4534 | 1885 | F 191 | Pontewerfstraat | 1885-exact-components || 4536 | 1885 | F 191 | Pontewerfstraat | 1885-exact-components || 4559 | 1837 | F 182 | Pontewerfstraat | 1837-exact-components
1622,F192,Pontenwerfstraat,renumbered-1885,address,yes,matched,yes,3,4530 | 1885 | F 192 | Pontewerfstraat | 1885-exact-components || 4532 | 1885 | F 192 | Pontewerfstraat | 1885-exact-components || 4557 | 1837 | F 183 | Pontewerfstraat | 1837-exact-components
1623,F193,Pontenwerfstraat,renumbered-1885,address,yes,matched,yes,4,4525 | 1885 | F 193 | Pontewerfstraat | 1885-exact-components || 4528 | 1885 | F 193 | Pontewerfstraat | 1885-exact-components || 4553 | 1837 | F 184 | Pontewerfstraat | 1837-exact-components || 4555 | 1837 | F 184 | Pontewerfstraat | 1837-exact-components
1624,F194,Pontenwerfstraat,renumbered-1885,address,yes,matched,yes,4,4520 | 1885 | F 194 | Pontewerfstraat | 1885-exact-components || 4523 | 1885 | F 194 | Pontewerfstraat | 1885-exact-components || 4549 | 1837 | F 185 | Pontewerfstraat | 1837-exact-components || 4551 | 1837 | F 185 | Pontewerfstraat | 1837-exact-components
1625,F195,Pontenwerfstraat,renumbered-1885,address,yes,matched,yes,4,3820 | 1837 | F 84 | Grote Dwarsstraat | 1837-exact-components || 3821 | 1837 | F 84 | Grote Dwarsstraat | 1837-exact-components || 3823 | 1837 | F 84 | Grote Dwarsstraat | 1837-exact-components || 4519 | 1885 | F 195 | Pontewerfstraat | 1885-exact-components
1626,F196,Pontenwerfstraat,renumbered-1885,address,yes,matched,yes,4,3817 | 1837 | F 85 | Grote Dwarsstraat | 1837-exact-components || 4521 | 1885 | F 196 | Pontewerfstraat | 1885-exact-components || 4522 | 1885 | F 196 | Pontewerfstraat | 1885-exact-components || 4524 | 1885 | F 196 | Pontewerfstraat | 1885-exact-components
1627,F198,Pontenwerfstraat,renumbered-1885,address,yes,matched,yes,3,3812 | 1837 | F 87 | Grote Dwarsstraat | 1837-exact-components || 3813 | 1837 | F 87 | Grote Dwarsstraat | 1837-exact-components || 4529 | 1885 | F 198 | Pontewerfstraat | 1885-exact-components
1628,F197,Pontenwerfstraat,renumbered-1885,address,yes,matched,yes,3,3815 | 1837 | F 86 | Grote Dwarsstraat | 1837-exact-components || 4526 | 1885 | F 197 | Pontewerfstraat | 1885-exact-components || 4527 | 1885 | F 197 | Pontewerfstraat | 1885-exact-components
1629,F199,Pontenwerfstraat,renumbered-1885,address,yes,matched,yes,3,3807 | 1837 | F 80 | Grote Dwarsstraat | 1837-exact-components || 3808 | 1837 | F 80 | Grote Dwarsstraat | 1837-exact-components || 4531 | 1885 | F 199 | Pontewerfstraat | 1885-exact-components
1630,F200,Pontenwerfstraat,renumbered-1885,address,yes,matched,yes,3,3810 | 1837 | F 81 | Grote Dwarsstraat | 1837-exact-components || 3811 | 1837 | F 81 | Grote Dwarsstraat | 1837-exact-components || 4533 | 1885 | F 200 | Pontewerfstraat | 1885-exact-components
1631,F201,Pontenwerfstraat,renumbered-1885,address,yes,matched,yes,2,3814 | 1837 | F 82 | Grote Dwarsstraat | 1837-exact-components || 4535 | 1885 | F 201 | Pontewerfstraat | 1885-exact-components
1632,F202,Pontenwerfstraat,renumbered-1885,address,yes,matched,yes,4,3816 | 1837 | F 83 | Grote Dwarsstraat | 1837-exact-components || 3818 | 1837 | F 83 | Grote Dwarsstraat | 1837-exact-components || 3819 | 1837 | F 83 | Grote Dwarsstraat | 1837-exact-components || 4537 | 1885 | F 202 | Pontewerfstraat | 1885-exact-components
1633,F203,Pontenwerfstraat,renumbered-1885,address,yes,matched,yes,5,3822 | 1885 | F 203 | Grote Dwarsstraat | 1885-exact-components || 4539 | 1885 | F 203 | Pontewerfstraat | 1885-exact-components || 4541 | 1885 | F 203 | Pontewerfstraat | 1885-exact-components || 4545 | 1837 | F 187 | Pontewerfstraat | 1837-fallback-core-only || 4547 | 1837 | F 186 | Pontewerfstraat | 1837-fallback-core-only
1634,F204,Groote Dwarsstraat,renumbered-1885,address,yes,matched,yes,5,3824 | 1885 | F 204 | Grote Dwarsstraat | 1885-exact-components || 3825 | 1885 | F 204 | Grote Dwarsstraat | 1885-exact-components || 3827 | 1885 | F 204 | Grote Dwarsstraat | 1885-exact-components || 3829 | 1885 | F 204 | Grote Dwarsstraat | 1885-exact-components || 4542 | 1837 | F 188 | Pontewerfstraat | 1837-exact-components
1635,F205,Groote Dwarsstraat,renumbered-1885,address,yes,matched,yes,4,3831 | 1885 | F 205 a | Grote Dwarsstraat | 1885-fallback-core-only || 3833 | 1885 | F 205 b | Grote Dwarsstraat | 1885-fallback-core-only || 4538 | 1837 | F 190 | Pontewerfstraat | 1837-fallback-core-only || 4540 | 1837 | F 189 | Pontewerfstraat | 1837-fallback-core-only
1636,F206a,Groote Dwarsstraat,renumbered-1885,address,yes,matched,yes,5,3835 | 1885 | F 206 a | Grote Dwarsstraat | 1885-exact-components || 3837 | 1885 | F 206 b | Grote Dwarsstraat | 1885-fallback-core-only || 3838 | 1885 | F 206 | Grote Dwarsstraat | 1885-fallback-core-only || 4534 | 1837 | F 191 | Pontewerfstraat | 1837-fallback-core-only || 4536 | 1837 | F 191 | Pontewerfstraat | 1837-fallback-core-only
1637,F207,Groote Dwarsstraat,renumbered-1885,address,yes,matched,yes,4,3836 | 1885 | F 207 | Grote Dwarsstraat | 1885-exact-components || 3839 | 1885 | F 207 | Grote Dwarsstraat | 1885-exact-components || 4530 | 1837 | F 192 | Pontewerfstraat | 1837-exact-components || 4532 | 1837 | F 192 | Pontewerfstraat | 1837-exact-components
1638,F208,Groote Dwarsstraat,renumbered-1885,address,yes,matched,yes,4,3832 | 1885 | F 208 | Grote Dwarsstraat | 1885-exact-components || 3834 | 1885 | F 208 | Grote Dwarsstraat | 1885-exact-components || 4525 | 1837 | F 193 | Pontewerfstraat | 1837-exact-components || 4528 | 1837 | F 193 | Pontewerfstraat | 1837-exact-components
1639,F209,Groote Dwarsstraat,renumbered-1885,address,yes,matched,yes,3,3830 | 1885 | F 209 | Grote Dwarsstraat | 1885-exact-components || 4520 | 1837 | F 194 | Pontewerfstraat | 1837-exact-components || 4523 | 1837 | F 194 | Pontewerfstraat | 1837-exact-components
1640,F210,Pontenwerfstraat,renumbered-1885,address,yes,matched,yes,5,3826 | 1885 | F 210 | Pontewerfstraat | 1885-exact-components || 3828 | 1885 | F 210 | Pontewerfstraat | 1885-exact-components || 4519 | 1837 | F 195 | Pontewerfstraat | 1837-exact-components || 4543 | 1885 | F 210 | Pontewerfstraat | 1885-exact-components || 4544 | 1885 | F 210 | Pontewerfstraat | 1885-exact-components
1641,F211,Pontenwerfstraat,renumbered-1885,address,yes,matched,yes,4,2273 | 1837 | F 68 | Zwartenhovenbrugstraat | 1837-exact-components || 2274 | 1837 | F 68 | Zwartenhovenbrugstraat | 1837-exact-components || 4546 | 1885 | F 211 | Pontewerfstraat | 1885-exact-components || 4548 | 1885 | F 211 | Pontewerfstraat | 1885-exact-components
1642,F212,Pontenwerfstraat,renumbered-1885,address,yes,matched,yes,6,1820 | 1837 | F 69 | Zwartenhovenbrugstraat | 1837-fallback-core-only || 1821 | 1837 | F 69 | Zwartenhovenbrugstraat | 1837-fallback-core-only || 1822 | 1837 | F 69 | Zwartenhovenbrugstraat | 1837-fallback-core-only || 1823 | 1837 | F 69 | Zwartenhovenbrugstraat | 1837-fallback-core-only || 4550 | 1885 | F 212 | Pontewerfstraat | 1885-exact-components || 4552 | 1885 | F 212 | Pontewerfstraat | 1885-exact-components
1643,F213,Pontenwerfstraat,renumbered-1885,address,yes,matched,yes,6,1816 | 1837 | F 70 | Zwartenhovenbrugstraat | 1837-exact-components || 1817 | 1837 | F 70 | Zwartenhovenbrugstraat | 1837-exact-components || 1818 | 1837 | F 70 | Zwartenhovenbrugstraat | 1837-exact-components || 1819 | 1837 | F 70 | Zwartenhovenbrugstraat | 1837-exact-components || 4554 | 1885 | F 213 | Pontewerfstraat | 1885-exact-components || 4556 | 1885 | F 213 | Pontewerfstraat | 1885-exact-components
1644,F214,Pontenwerfstraat,renumbered-1885,address,yes,matched,yes,4,2587 | 1837 | F 71 | Zwartenhovenbrugstraat | 1837-fallback-core-only || 2588 | 1837 | F 71 | Zwartenhovenbrugstraat | 1837-fallback-core-only || 4558 | 1885 | F 214 | Pontewerfstraat | 1885-exact-components || 4561 | 1885 | F 214 | Pontewerfstraat | 1885-exact-components
1645,F215,Pontenwerfstraat,renumbered-1885,address,yes,matched,yes,6,2376 | 1837 | F 21 | Saramaccastraat | 1837-fallback-core-only || 2377 | 1837 | F 29 | Zwartenhovenbrugstraat | 1837-fallback-core-only || 2378 | 1837 | F 29 | Zwartenhovenbrugstraat | 1837-fallback-core-only || 2379 | 1837 | F 29 | Zwartenhovenbrugstraat | 1837-fallback-core-only || 2380 | 1837 | F 30 | Zwartenhovenbrugstraat | 1837-exact-components || 4563 | 1885 | F 215 | Pontewerfstraat | 1885-exact-components
1646,F216,Pontenwerfstraat,renumbered-1885,address,yes,matched,yes,2,2399 | 1837 | F 31 | Zwartenhovenbrugstraat | 1837-exact-components || 4565 | 1885 | F 216 | Pontewerfstraat | 1885-exact-components
1647,F217,Pontenwerfstraat,renumbered-1885,address,yes,matched,yes,4,2381 | 1837 | F 32 | Zwartenhovenbrugstraat | 1837-exact-components || 2382 | 1837 | F 32 | Zwartenhovenbrugstraat | 1837-exact-components || 4567 | 1885 | F 217 | Pontewerfstraat | 1885-exact-components || 4569 | 1885 | F 217 | Pontewerfstraat | 1885-exact-components
1648,F218,Pontenwerfstraat,renumbered-1885,address,yes,matched,yes,3,2383 | 1837 | F 33 a | Zwartenhovenbrugstraat | 1837-exact-components || 2384 | 1837 | F 33 b | Zwartenhovenbrugstraat | 1837-exact-components || 4571 | 1885 | F 218 | Pontewerfstraat | 1885-exact-components
1649,F219,Hofstraat,renumbered-1885,address,yes,matched,yes,3,3913 | 1885 | F 219 | Hofstraat | 1885-exact-components+street || 5343 | 1837 | F 34 a | Zwartenhovenbrugstraat | 1837-exact-components || 5345 | 1837 | F 34 b | Zwartenhovenbrugstraat | 1837-exact-components
1650,F220,Hofstraat,renumbered-1885,address,yes,matched,yes,6,3915 | 1885 | F 220 | Hofstraat | 1885-exact-components+street || 3916 | 1885 | F 220 | Hofstraat | 1885-exact-components+street || 5347 | 1837 | F 35 a | Zwartenhovenbrugstraat | 1837-fallback-core-only || 5349 | 1837 | F 35 b | Zwartenhovenbrugstraat | 1837-fallback-core-only || 5351 | 1837 | F 36 | Zwartenhovenbrugstraat | 1837-exact-components || 5353 | 1837 | F 36 | Zwartenhovenbrugstraat | 1837-exact-components
1651,F221,Hofstraat,renumbered-1885,address,yes,matched,yes,4,2388 | 1837 | F 37 a | Zwartenhovenbrugstraat | 1837-exact-components || 2389 | 1837 | F 37 | Zwartenhovenbrugstraat | 1837-exact-components || 2390 | 1837 | F 37 | Zwartenhovenbrugstraat | 1837-exact-components || 3922 | 1885 | F 221 | Hofstraat | 1885-exact-components+street
1652,F222,Hofstraat,renumbered-1885,address,yes,matched,yes,11,2400 | 1837 | F 40 | Zwartenhovenbrugstraat | 1837-fallback-core-only || 2401 | 1837 | F 40 | Zwartenhovenbrugstraat | 1837-fallback-core-only || 2402 | 1837 | F 40 | Zwartenhovenbrugstraat | 1837-fallback-core-only || 2403 | 1837 | F 40 | Zwartenhovenbrugstraat | 1837-fallback-core-only || 2404 | 1837 | F 38 | Zwartenhovenbrugstraat | 1837-fallback-core-only || 2405 | 1837 | F 38 | Zwartenhovenbrugstraat | 1837-fallback-core-only || 2406 | 1837 | F 38 | Zwartenhovenbrugstraat | 1837-fallback-core-only || 2407 | 1837 | F 39 | Zwartenhovenbrugstraat | 1837-fallback-core-only
1653,F223,Hofstraat,renumbered-1885,address,yes,matched,yes,3,3930 | 1885 | F 223 | Hofstraat | 1885-exact-components+street || 5362 | 1837 | F 463 | Zwartenhovenbrugstraat | 1837-exact-components || 5363 | 1837 | F 463 | Zwartenhovenbrugstraat | 1837-exact-components
1654,F224,Hofstraat,renumbered-1885,address,yes,matched,yes,21,3925 | 1885 | F 224 | Hofstraat | 1885-exact-components+street || 3926 | 1885 | F 224 | Hofstraat | 1885-exact-components+street || 3928 | 1885 | F 224 | Hofstraat | 1885-exact-components+street || 4193 | 1837 | F 462 | Zwartenhovenbrugstraat | 1837-fallback-core-only || 4194 | 1837 | F 462 | Zwartenhovenbrugstraat | 1837-fallback-core-only || 4195 | 1837 | F 462 | Zwartenhovenbrugstraat | 1837-fallback-core-only || 4196 | 1837 | F 462 | Zwartenhovenbrugstraat | 1837-fallback-core-only || 4197 | 1837 | F 462 | Zwartenhovenbrugstraat | 1837-fallback-core-only
1655,F225,Pontenwerfstraat,renumbered-1885,address,yes,matched,yes,13,3549 | 1837 | F 42 | Zwartenhovenbrugstraat | 1837-fallback-core-only || 3551 | 1837 | F 42 | Zwartenhovenbrugstraat | 1837-fallback-core-only || 3553 | 1837 | F 43 | Commissarisstraat | 1837-fallback-core-only || 3923 | 1885 | F 225 | Pontewerfstraat | 1885-exact-components || 4573 | 1885 | F 225 | Pontewerfstraat | 1885-exact-components || 4574 | 1885 | F 225 | Pontewerfstraat | 1885-exact-components || 4575 | 1885 | F 225 | Pontewerfstraat | 1885-exact-components || 4576 | 1885 | F 225 | Pontewerfstraat | 1885-exact-components
1656,F226,Pontenwerfstraat,renumbered-1885,address,yes,matched,yes,3,3555 | 1837 | F 44 | Commissarisstraat | 1837-exact-components || 4579 | 1885 | F 226 | Pontewerfstraat | 1885-exact-components || 4581 | 1885 | F 226 | Pontewerfstraat | 1885-exact-components
1657,F227,Pontenwerfstraat,renumbered-1885,address,yes,matched,yes,3,3557 | 1837 | F 45 | Commissarisstraat | 1837-exact-components || 3559 | 1837 | F 45 | Commissarisstraat | 1837-exact-components || 4583 | 1885 | F 227 | Pontewerfstraat | 1885-exact-components
1658,F228,Pontenwerfstraat,renumbered-1885,address,yes,matched,yes,5,3561 | 1837 | F 46 | Commissarisstraat | 1837-exact-components || 3563 | 1837 | F 47 | Commissarisstraat | 1837-fallback-core-only || 4585 | 1885 | F 228 | Pontewerfstraat | 1885-exact-components || 4587 | 1885 | F 228 | Pontewerfstraat | 1885-exact-components || 4589 | 1885 | F 228 | Pontewerfstraat | 1885-exact-components
1659,F229,Pontenwerfstraat,renumbered-1885,address,yes,matched,yes,3,3564 | 1837 | F 48 | Commissarisstraat | 1837-fallback-core-only || 3565 | 1837 | F 48 | Commissarisstraat | 1837-fallback-core-only || 4591 | 1885 | F 229 | Pontewerfstraat | 1885-exact-components
1660,F230,Pontenwerfstraat,renumbered-1885,address,yes,matched,yes,3,3560 | 1837 | F 49 | Commissarisstraat | 1837-exact-components || 3562 | 1837 | F 49 | Commissarisstraat | 1837-exact-components || 4594 | 1885 | F 230 | Pontewerfstraat | 1885-exact-components
1661,F231,Pontenwerfstraat,renumbered-1885,address,yes,matched,yes,2,3558 | 1837 | F 50 | Commissarisstraat | 1837-exact-components || 4596 | 1885 | F 231 | Pontewerfstraat | 1885-exact-components
1662,F232,Pontenwerfstraat,renumbered-1885,address,yes,matched,yes,6,3556 | 1837 | F 51 | Commissarisstraat | 1837-exact-components || 4598 | 1885 | F 232 | Pontewerfstraat | 1885-exact-components || 4599 | 1885 | F 232 | Pontewerfstraat | 1885-exact-components || 4601 | 1885 | F 232 | Pontewerfstraat | 1885-exact-components || 4603 | 1885 | F 232 | Pontewerfstraat | 1885-exact-components || 4605 | 1885 | F 232 | Pontewerfstraat | 1885-exact-components
1663,F233,Pontenwerfstraat,renumbered-1885,address,yes,matched,yes,2,3554 | 1837 | F 52 | Commissarisstraat | 1837-exact-components || 4607 | 1885 | F 233 | Pontewerfstraat | 1885-exact-components
1664,F234,Rust en Vredestraat,renumbered-1885,address,yes,matched,yes,8,3548 | 1837 | F 53 | Commissarisstraat | 1837-fallback-core-only || 3550 | 1837 | F 53 | Commissarisstraat | 1837-fallback-core-only || 3552 | 1837 | F 53 | Commissarisstraat | 1837-fallback-core-only || 4662 | 1885 | F 234 | Rust en Vredestraat | 1885-exact-components+street || 4664 | 1885 | F 234 | Rust en Vredestraat | 1885-exact-components+street || 5342 | 1837 | F 54 | Zwartenhovenbrugstraat | 1837-exact-components || 5344 | 1837 | F 54 | Zwartenhovenbrugstraat | 1837-exact-components || 5346 | 1837 | F 54 | Zwartenhovenbrugstraat | 1837-exact-components
1665,F235,Rust en Vredestraat,renumbered-1885,address,yes,matched,yes,2,4666 | 1885 | F 235 | Rust en Vredestraat | 1885-exact-components+street || 5341 | 1837 | F 55 | Zwartenhovenbrugstraat | 1837-exact-components
1666,F236,Rust en Vredestraat,renumbered-1885,address,yes,matched,yes,3,4668 | 1885 | F 236 | Rust en Vredestraat | 1885-exact-components+street || 5339 | 1837 | F 56 | Zwartenhovenbrugstraat | 1837-exact-components || 5340 | 1837 | F 56 | Zwartenhovenbrugstraat | 1837-exact-components
1667,F237,Rust en Vredestraat,renumbered-1885,address,yes,matched,yes,4,4660 | 1885 | F 237 | Rust en Vredestraat | 1885-exact-components+street || 4661 | 1885 | F 237 | Rust en Vredestraat | 1885-exact-components+street || 4663 | 1885 | F 237 | Rust en Vredestraat | 1885-exact-components+street || 5338 | 1837 | F 57 | Zwartenhovenbrugstraat | 1837-exact-components
1668,F238,Rust en Vredestraat,renumbered-1885,address,yes,matched,yes,2,4653 | 1885 | F 238 | Rust en Vredestraat | 1885-exact-components+street || 5337 | 1837 | F 58 | Zwartenhovenbrugstraat | 1837-exact-components
1669,F239,Rust en Vredestraat,renumbered-1885,address,yes,matched,yes,3,4651 | 1885 | F 239 | Rust en Vredestraat | 1885-exact-components+street || 5335 | 1837 | F 59 | Zwartenhovenbrugstraat | 1837-exact-components || 5336 | 1837 | F 59 | Zwartenhovenbrugstraat | 1837-exact-components
1670,F240,Pontenwerfstraat,renumbered-1885,address,yes,matched,yes,3,3664 | 1837 | F 290 | Gemenelandsweg | 1837-exact-components || 4610 | 1885 | F 240 | Pontewerfstraat | 1885-exact-components || 4649 | 1885 | F 240 | Pontewerfstraat | 1885-exact-components
1671,F241,Pontenwerfstraat,renumbered-1885,address,yes,matched,yes,3,3667 | 1837 | F 291 | Gemenelandsweg | 1837-exact-components || 4615 | 1885 | F 241 | Pontewerfstraat | 1885-exact-components || 4617 | 1885 | F 241 | Pontewerfstraat | 1885-exact-components
1672,F242,Pontenwerfstraat,renumbered-1885,address,yes,matched,yes,3,3669 | 1837 | F 292 | Gemenelandsweg | 1837-exact-components || 3671 | 1837 | F 292 | Gemenelandsweg | 1837-exact-components || 4619 | 1885 | F 242 | Pontewerfstraat | 1885-exact-components
1673,F243,Pontenwerfstraat,renumbered-1885,address,yes,matched,yes,4,3673 | 1837 | F 293 a | Gemenelandsweg | 1837-exact-components || 3675 | 1837 | F 293 b | Gemenelandsweg | 1837-exact-components || 4620 | 1885 | F 243 | Pontewerfstraat | 1885-exact-components || 4621 | 1885 | F 243 | Pontewerfstraat | 1885-exact-components
1674,F244,Pontenwerfstraat,renumbered-1885,address,yes,matched,yes,2,3677 | 1837 | F 294 | Gemenelandsweg | 1837-exact-components || 4622 | 1885 | F 244 | Pontewerfstraat | 1885-exact-components
1675,F245,Pontenwerfstraat,renumbered-1885,address,yes,matched,yes,2,3680 | 1837 | F 295 | Gemenelandsweg | 1837-exact-components || 4623 | 1885 | F 245 | Pontewerfstraat | 1885-exact-components
1676,F246,Pontenwerfstraat,renumbered-1885,address,yes,matched,yes,3,3683 | 1837 | F 296 | Gemenelandsweg | 1837-exact-components || 3685 | 1837 | F 296 | Gemenelandsweg | 1837-exact-components || 4624 | 1885 | F 246 | Pontewerfstraat | 1885-exact-components
1677,F247,Pontenwerfstraat,renumbered-1885,address,yes,matched,yes,5,3643 | 1837 | F 297 | Gemenelandsweg | 1837-exact-components || 3644 | 1837 | F 297 | Gemenelandsweg | 1837-exact-components || 3687 | 1837 | F 297 | Gemenelandsweg | 1837-exact-components || 3689 | 1837 | F 297 | Gemenelandsweg | 1837-exact-components || 4625 | 1885 | F 247 | Pontewerfstraat | 1885-exact-components
1678,F248,Pontenwerfstraat,renumbered-1885,address,yes,matched,yes,2,3840 | 1837 | F 298 | Grote Dwarsstraat | 1837-exact-components || 4626 | 1885 | F 248 | Pontewerfstraat | 1885-exact-components
1679,F249,Pontenwerfstraat,renumbered-1885,address,yes,matched,yes,2,3842 | 1837 | F 299 | Grote Dwarsstraat | 1837-exact-components || 4627 | 1885 | F 249 | Pontewerfstraat | 1885-exact-components
1680,F250,Nepveustraat,renumbered-1885,address,yes,matched,yes,3,3844 | 1837 | F 300 | Grote Dwarsstraat | 1837-exact-components || 4332 | 1885 | F 250 | Nepveustraat | 1885-exact-components+street || 4334 | 1885 | F 250 | Nepveustraat | 1885-exact-components+street
1681,F251,Nepveustraat,renumbered-1885,address,yes,matched,yes,30,3691 | 1837 | F 315 | Gemenelandsweg | 1837-fallback-core-only || 3692 | 1837 | F 315 | Gemenelandsweg | 1837-fallback-core-only || 3694 | 1837 | F 316 | Gemenelandsweg | 1837-fallback-core-only || 3696 | 1837 | F 317 | Gemenelandsweg | 1837-fallback-core-only || 3697 | 1837 | F 317 | Gemenelandsweg | 1837-fallback-core-only || 3699 | 1837 | F 318 | Gemenelandsweg | 1837-exact-components || 3701 | 1837 | F 318 | Gemenelandsweg | 1837-exact-components || 3703 | 1837 | F 318 | Gemenelandsweg | 1837-exact-components
1682,F252,Nepveustraat,renumbered-1885,address,yes,matched,yes,3,3714 | 1837 | F 322 | Gemenelandsweg | 1837-fallback-core-only || 3716 | 1837 | F 323 | Gemenelandsweg | 1837-fallback-core-only || 4336 | 1885 | F 252 | Gemenelandsweg | 1885-exact-components
1683,F253,Nepveustraat,renumbered-1885,address,yes,matched,yes,3,3718 | 1837 | F 324 | Gemenelandsweg | 1837-exact-components || 3720 | 1837 | F 324 | Gemenelandsweg | 1837-exact-components || 4337 | 1885 | F 253 | Gemenelandsweg | 1885-exact-components
1684,F254,Nepveustraat,renumbered-1885,address,yes,matched,yes,2,3924 | 1837 | F 325 | Hofstraat | 1837-exact-components || 4338 | 1885 | F 254 | Nepveustraat | 1885-exact-components+street
1685,F255,Nepveustraat,renumbered-1885,address,yes,matched,yes,2,3927 | 1837 | F 326 | Hofstraat | 1837-exact-components || 4339 | 1885 | F 255 | Nepveustraat | 1885-exact-components+street
1686,F256,Nepveustraat,renumbered-1885,address,yes,matched,yes,10,3786 | 1885 | F 256 | Gemenelandsweg | 1885-exact-components || 3929 | 1837 | F 327 a | Hofstraat | 1837-exact-components || 3931 | 1837 | F 327 b | Hofstraat | 1837-exact-components || 4628 | 1885 | F 256 a | Gemenelandsweg | 1885-fallback-core-only || 4629 | 1885 | F 256 | Gemenelandsweg | 1885-exact-components || 4630 | 1885 | F 256 | Gemenelandsweg | 1885-exact-components || 5202 | 1885 | F 256 | Gemenelandsweg | 1885-exact-components || 5204 | 1885 | F 256 | Gemenelandsweg | 1885-exact-components
1687,F257,Gemeenelandsweg,renumbered-1885,address,yes,matched,yes,5,3777 | 1885 | F 257 | Gemenelandsweg | 1885-exact-components || 3780 | 1885 | F 257 | Gemenelandsweg | 1885-exact-components || 3782 | 1885 | F 257 | Gemenelandsweg | 1885-exact-components || 3784 | 1885 | F 257 | Gemenelandsweg | 1885-exact-components || 3933 | 1837 | F 328 | Hofstraat | 1837-exact-components
1688,F258,Gemeenelandsweg,renumbered-1885,address,yes,matched,yes,4,3772 | 1885 | F 258 | Gemenelandsweg | 1885-exact-components || 3774 | 1885 | F 258 | Gemenelandsweg | 1885-exact-components || 3935 | 1837 | F 329 | Hofstraat | 1837-exact-components || 3937 | 1837 | F 329 | Hofstraat | 1837-exact-components
1689,F259,Gemeenelandsweg,renumbered-1885,address,yes,matched,yes,3,3768 | 1885 | F 259 | Gemenelandsweg | 1885-exact-components || 3770 | 1885 | F 259 | Gemenelandsweg | 1885-exact-components || 3939 | 1837 | F 330 | Hofstraat | 1837-exact-components
1690,F260,Gemeenelandsweg,renumbered-1885,address,yes,matched,yes,2,3766 | 1885 | F 260 | Gemenelandsweg | 1885-exact-components || 3941 | 1837 | F 331 | Hofstraat | 1837-exact-components
1691,F261,Gemeenelandsweg,renumbered-1885,address,yes,matched,yes,2,3764 | 1885 | F 261 | Gemenelandsweg | 1885-exact-components || 3943 | 1837 | F 332 | Hofstraat | 1837-exact-components
1692,F262,Gemeenelandsweg,renumbered-1885,address,yes,matched,yes,3,3761 | 1885 | F 262 | Gemenelandsweg | 1885-exact-components || 3762 | 1885 | F 262 | Gemenelandsweg | 1885-exact-components || 3948 | 1837 | F 333 | Hofstraat | 1837-exact-components
1693,F263,Gemeenelandsweg,renumbered-1885,address,yes,matched,yes,2,3759 | 1885 | F 263 | Gemenelandsweg | 1885-exact-components || 3947 | 1837 | F 334 | Hofstraat | 1837-exact-components
1694,F264,Gemeenelandsweg,renumbered-1885,address,yes,matched,yes,3,3755 | 1885 | F 264 | Gemenelandsweg | 1885-exact-components || 3757 | 1885 | F 264 | Gemenelandsweg | 1885-exact-components || 3946 | 1837 | F 335 | Hofstraat | 1837-exact-components
1695,F265,Gemeenelandsweg,renumbered-1885,address,yes,matched,yes,2,3752 | 1885 | F 265 | Gemenelandsweg | 1885-exact-components || 3945 | 1837 | F 336 | Hofstraat | 1837-exact-components
1696,F266,Gemeenelandsweg,renumbered-1885,address,yes,matched,yes,5,3745 | 1885 | F 266 | Gemenelandsweg | 1885-exact-components || 3746 | 1885 | F 266 | Gemenelandsweg | 1885-exact-components || 3748 | 1885 | F 266 | Gemenelandsweg | 1885-exact-components || 3750 | 1885 | F 266 | Gemenelandsweg | 1885-exact-components || 3944 | 1837 | F 337 | Hofstraat | 1837-exact-components
1697,F267,Gemeenelandsweg,renumbered-1885,address,yes,matched,yes,2,3742 | 1885 | F 267 | Gemenelandsweg | 1885-exact-components || 3942 | 1837 | F 338 | Hofstraat | 1837-exact-components
1698,F268,Gemeenelandsweg,renumbered-1885,address,yes,matched,yes,2,3740 | 1885 | F 268 | Gemenelandsweg | 1885-exact-components || 3940 | 1837 | F 339 | Hofstraat | 1837-exact-components
1699,F269,Gemeenelandsweg,renumbered-1885,address,yes,matched,yes,4,3735 | 1885 | F 269 | Gemenelandsweg | 1885-exact-components || 3737 | 1885 | F 269 | Gemenelandsweg | 1885-exact-components || 3936 | 1837 | F 340 | Hofstraat | 1837-exact-components || 3938 | 1837 | F 340 | Hofstraat | 1837-exact-components
1700,F270,Gemeenelandsweg,renumbered-1885,address,yes,matched,yes,7,3722 | 1837 | F 341 | Gemenelandsweg | 1837-exact-components || 3724 | 1837 | F 341 | Gemenelandsweg | 1837-exact-components || 3729 | 1885 | F 270 | Gemenelandsweg | 1885-exact-components || 3730 | 1885 | F 270 | Gemenelandsweg | 1885-exact-components || 3731 | 1885 | F 270 | Gemenelandsweg | 1885-exact-components || 3732 | 1885 | F 270 | Gemenelandsweg | 1885-exact-components || 3934 | 1837 | F 341 | Gemenelandsweg | 1837-exact-components
1701,F271,Gemeenelandsweg,renumbered-1885,address,yes,matched,yes,3,3725 | 1885 | F 271 | Gemenelandsweg | 1885-exact-components || 3726 | 1837 | F 342 | Gemenelandsweg | 1837-exact-components || 3727 | 1885 | F 271 | Gemenelandsweg | 1885-exact-components
1702,F272,Gemeenelandsweg,renumbered-1885,address,yes,matched,yes,2,3723 | 1885 | F 272 | Gemenelandsweg | 1885-exact-components || 3728 | 1837 | F 343 | Gemenelandsweg | 1837-exact-components
1703,F273,Gemeenelandsweg,renumbered-1885,address,yes,matched,yes,4,3719 | 1885 | F 273 | Gemenelandsweg | 1885-exact-components || 3721 | 1885 | F 273 | Gemenelandsweg | 1885-exact-components || 3733 | 1837 | F 344 | Gemenelandsweg | 1837-exact-components || 3734 | 1837 | F 344 | Gemenelandsweg | 1837-exact-components
1704,F274,Gemeenelandsweg,renumbered-1885,address,yes,matched,yes,4,3715 | 1885 | F 274 | Gemenelandsweg | 1885-exact-components || 3717 | 1885 | F 274 | Gemenelandsweg | 1885-exact-components || 3736 | 1837 | F 345 | Gemenelandsweg | 1837-fallback-core-only || 3738 | 1837 | F 346 | Gemenelandsweg | 1837-fallback-core-only
1705,F275,Gemeenelandsweg,renumbered-1885,address,yes,matched,yes,2,3713 | 1885 | F 275 | Gemenelandsweg | 1885-exact-components || 3739 | 1837 | F 347 | Gemenelandsweg | 1837-exact-components
1706,F276,Gemeenelandsweg,renumbered-1885,address,yes,matched,yes,2,3711 | 1885 | F 276 | Gemenelandsweg | 1885-exact-components || 3741 | 1837 | F 348 | Gemenelandsweg | 1837-exact-components
1707,F277,Gemeenelandsweg,renumbered-1885,address,yes,matched,yes,3,3707 | 1885 | F 277 | Gemenelandsweg | 1885-exact-components || 3709 | 1885 | F 277 | Gemenelandsweg | 1885-exact-components || 3743 | 1837 | F 349 | Gemenelandsweg | 1837-exact-components
1708,F278,Gemeenelandsweg,renumbered-1885,address,yes,matched,yes,3,3704 | 1885 | F 278 | Gemenelandsweg | 1885-exact-components || 3705 | 1885 | F 278 | Gemenelandsweg | 1885-exact-components || 3744 | 1837 | F 349 | Gemenelandsweg | 1837-exact-components
1709,F279,Gemeenelandsweg,renumbered-1885,address,yes,matched,yes,2,3702 | 1885 | F 279 | Gemenelandsweg | 1885-exact-components || 4670 | 1837 | F 350 | Rust en Vredestraat | 1837-exact-components
1710,F280,Gemeenelandsweg,renumbered-1885,address,yes,matched,yes,2,3700 | 1885 | F 280 | Gemenelandsweg | 1885-exact-components || 4672 | 1837 | F 351 | Rust en Vredestraat | 1837-exact-components
1711,F281,Gemeenelandsweg,renumbered-1885,address,yes,matched,yes,3,3695 | 1885 | F 281 | Gemenelandsweg | 1885-exact-components || 3698 | 1885 | F 281 | Gemenelandsweg | 1885-exact-components || 4674 | 1837 | F 352 | Rust en Vredestraat | 1837-exact-components
1712,F282,Gemeenelandsweg,renumbered-1885,address,yes,matched,yes,3,3690 | 1885 | F 282 | Gemenelandsweg | 1885-exact-components || 3693 | 1885 | F 282 | Gemenelandsweg | 1885-exact-components || 4677 | 1837 | F 353 | Rust en Vredestraat | 1837-exact-components
1713,F283,Gemeenelandsweg,renumbered-1885,address,yes,matched,yes,3,3686 | 1885 | F 283 | Gemenelandsweg | 1885-exact-components || 3688 | 1885 | F 283 | Gemenelandsweg | 1885-exact-components || 4679 | 1837 | F 354 | Rust en Vredestraat | 1837-exact-components
1714,F284,Gemeenelandsweg,renumbered-1885,address,yes,matched,yes,2,3684 | 1885 | F 284 | Gemenelandsweg | 1885-exact-components || 4681 | 1837 | F 355 | Rust en Vredestraat | 1837-exact-components
1715,F285,Gemeenelandsweg,renumbered-1885,address,yes,matched,yes,4,3681 | 1885 | F 285 | Gemenelandsweg | 1885-exact-components || 3682 | 1885 | F 285 | Gemenelandsweg | 1885-exact-components || 4683 | 1837 | F 356 | Rust en Vredestraat | 1837-exact-components || 4685 | 1837 | F 356 | Rust en Vredestraat | 1837-exact-components
1716,F286,Gemeenelandsweg,renumbered-1885,address,yes,matched,yes,3,3678 | 1885 | F 286 | Gemenelandsweg | 1885-exact-components || 3679 | 1885 | F 286 | Gemenelandsweg | 1885-exact-components || 4687 | 1837 | F 357 | Rust en Vredestraat | 1837-exact-components
1717,F287,Gemeenelandsweg,renumbered-1885,address,yes,matched,yes,3,3674 | 1885 | F 287 | Gemenelandsweg | 1885-exact-components || 3676 | 1885 | F 287 | Gemenelandsweg | 1885-exact-components || 4688 | 1837 | F 358 | Rust en Vredestraat | 1837-exact-components
1718,F288,Gemeenelandsweg,renumbered-1885,address,yes,matched,yes,4,3668 | 1885 | F 288 | Gemenelandsweg | 1885-exact-components || 3670 | 1885 | F 288 | Gemenelandsweg | 1885-exact-components || 3672 | 1885 | F 288 | Gemenelandsweg | 1885-exact-components || 4686 | 1837 | F 359 | Rust en Vredestraat | 1837-exact-components
1719,F289,Gemeenelandsweg,renumbered-1885,address,yes,matched,yes,3,3665 | 1885 | F 289 | Gemenelandsweg | 1885-exact-components || 3666 | 1885 | F 289 | Gemenelandsweg | 1885-exact-components || 4684 | 1837 | F 360 | Rust en Vredestraat | 1837-exact-components
1720,F290,Gemeenelandsweg,renumbered-1885,address,yes,matched,yes,2,3664 | 1885 | F 290 | Gemenelandsweg | 1885-exact-components || 4682 | 1837 | F 361 | Rust en Vredestraat | 1837-exact-components
1721,F291,Gemeenelandsweg,renumbered-1885,address,yes,matched,yes,2,3667 | 1885 | F 291 | Gemenelandsweg | 1885-exact-components || 4680 | 1837 | F 362 | Rust en Vredestraat | 1837-exact-components
1722,F292,Gemeenelandsweg,renumbered-1885,address,yes,matched,yes,3,3669 | 1885 | F 292 | Gemenelandsweg | 1885-exact-components || 3671 | 1885 | F 292 | Gemenelandsweg | 1885-exact-components || 4678 | 1837 | F 363 | Rust en Vredestraat | 1837-exact-components
1723,F293,Gemeenelandsweg,renumbered-1885,address,yes,matched,yes,4,3673 | 1885 | F 293 a | Gemenelandsweg | 1885-fallback-core-only || 3675 | 1885 | F 293 b | Gemenelandsweg | 1885-fallback-core-only || 4675 | 1837 | F 364 | Rust en Vredestraat | 1837-exact-components || 4676 | 1837 | F 364 | Rust en Vredestraat | 1837-exact-components
1724,F294,Gemeenelandsweg,renumbered-1885,address,yes,matched,yes,8,3677 | 1885 | F 294 | Gemenelandsweg | 1885-exact-components || 3747 | 1837 | F 365 | Gemenelandsweg | 1837-fallback-core-only || 3749 | 1837 | F 366 | Gemenelandsweg | 1837-fallback-core-only || 4665 | 1837 | F 365 | Gemenelandsweg | 1837-fallback-core-only || 4667 | 1837 | F 365 | Gemenelandsweg | 1837-fallback-core-only || 4669 | 1837 | F 365 | Gemenelandsweg | 1837-fallback-core-only || 4671 | 1837 | F 365 | Gemenelandsweg | 1837-fallback-core-only || 4673 | 1837 | F 365 | Gemenelandsweg | 1837-fallback-core-only
1725,F295,Gemeenelandsweg,renumbered-1885,address,yes,matched,yes,4,3680 | 1885 | F 295 | Gemenelandsweg | 1885-exact-components || 3751 | 1837 | F 367 | Gemenelandsweg | 1837-exact-components || 3753 | 1837 | F 367 | Gemenelandsweg | 1837-exact-components || 3754 | 1837 | F 367 | Gemenelandsweg | 1837-exact-components
1726,F296,Gemeenelandsweg,renumbered-1885,address,yes,matched,yes,3,3683 | 1885 | F 296 | Gemenelandsweg | 1885-exact-components || 3685 | 1885 | F 296 | Gemenelandsweg | 1885-exact-components || 3756 | 1837 | F 368 | Gemenelandsweg | 1837-exact-components
1727,F297,Gemeenelandsweg,renumbered-1885,address,yes,matched,yes,5,3643 | 1885 | F 297 | Gemenelandsweg | 1885-exact-components || 3644 | 1885 | F 297 | Gemenelandsweg | 1885-exact-components || 3687 | 1885 | F 297 | Gemenelandsweg | 1885-exact-components || 3689 | 1885 | F 297 | Gemenelandsweg | 1885-exact-components || 3758 | 1837 | F 369 | Gemenelandsweg | 1837-exact-components
1728,F298,Groote Dwarsstraat,renumbered-1885,address,yes,matched,yes,2,3760 | 1837 | F 370 | Gemenelandsweg | 1837-exact-components || 3840 | 1885 | F 298 | Grote Dwarsstraat | 1885-exact-components
1729,F299,Groote Dwarsstraat,renumbered-1885,address,yes,matched,yes,2,3763 | 1837 | F 371 | Gemenelandsweg | 1837-exact-components || 3842 | 1885 | F 299 | Grote Dwarsstraat | 1885-exact-components
1730,F300,Groote Dwarsstraat,renumbered-1885,address,yes,matched,yes,3,3765 | 1837 | F 372 | Gemenelandsweg | 1837-exact-components || 3767 | 1837 | F 372 | Gemenelandsweg | 1837-exact-components || 3844 | 1885 | F 300 | Grote Dwarsstraat | 1885-exact-components
1731,F301,Groote Dwarsstraat,renumbered-1885,address,yes,matched,yes,3,3769 | 1837 | F 373 | Gemenelandsweg | 1837-exact-components || 3771 | 1837 | F 373 | Gemenelandsweg | 1837-exact-components || 3857 | 1885 | F 301 | Grote Dwarsstraat | 1885-exact-components
1732,F302,Groote Dwarsstraat,renumbered-1885,address,yes,matched,yes,3,3773 | 1837 | F 374 | Gemenelandsweg | 1837-exact-components || 3856 | 1885 | F 302 | Grote Dwarsstraat | 1885-exact-components || 4350 | 1837 | F 374 | Gemenelandsweg | 1837-exact-components
1733,F303,Groote Dwarsstraat,renumbered-1885,address,yes,matched,yes,2,3855 | 1885 | F 303 | Grote Dwarsstraat | 1885-exact-components || 4355 | 1837 | F 375 | Nepveustraat | 1837-exact-components
1734,F304,Groote Dwarsstraat,renumbered-1885,address,yes,matched,yes,2,3854 | 1885 | F 304 | Grote Dwarsstraat | 1885-exact-components || 4356 | 1837 | F 376 | Nepveustraat | 1837-exact-components
1735,F305,Groote Dwarsstraat,renumbered-1885,address,yes,matched,yes,3,3853 | 1885 | F 305 | Grote Dwarsstraat | 1885-exact-components || 4357 | 1837 | F 377 | Nepveustraat | 1837-exact-components || 4358 | 1837 | F 377 | Nepveustraat | 1837-exact-components
1736,F306,Groote Dwarsstraat,renumbered-1885,address,yes,matched,yes,2,3852 | 1885 | F 306 | Grote Dwarsstraat | 1885-exact-components || 4359 | 1837 | F 378 | Nepveustraat | 1837-exact-components
1737,F307,Groote Dwarsstraat,renumbered-1885,address,yes,matched,yes,2,3851 | 1885 | F 307 | Grote Dwarsstraat | 1885-exact-components || 4360 | 1837 | F 379 | Nepveustraat | 1837-exact-components
1738,F308,Groote Dwarsstraat,renumbered-1885,address,yes,matched,yes,3,3849 | 1885 | F 308 | Grote Dwarsstraat | 1885-exact-components || 4361 | 1837 | F 380 | Nepveustraat | 1837-exact-components || 4362 | 1837 | F 380 | Nepveustraat | 1837-exact-components
1739,F309,Groote Dwarsstraat,renumbered-1885,address,yes,matched,yes,3,3850 | 1885 | F 309 | Grote Dwarsstraat | 1885-exact-components || 4363 | 1837 | F 381 | Nepveustraat | 1837-exact-components || 4364 | 1837 | F 381 | Nepveustraat | 1837-exact-components
1740,F310,Groote Dwarsstraat,renumbered-1885,address,yes,matched,yes,5,3848 | 1885 | F 310 | Grote Dwarsstraat | 1885-exact-components || 4351 | 1837 | F 382 | Nepveustraat | 1837-exact-components || 4352 | 1837 | F 382 | Nepveustraat | 1837-exact-components || 4353 | 1837 | F 382 | Nepveustraat | 1837-exact-components || 4354 | 1837 | F 382 | Nepveustraat | 1837-exact-components
1741,F311,Groote Dwarsstraat,renumbered-1885,address,yes,matched,yes,3,3847 | 1885 | F 311 | Grote Dwarsstraat | 1885-exact-components || 4348 | 1837 | F 383 | Nepveustraat | 1837-exact-components || 4349 | 1837 | F 383 | Nepveustraat | 1837-exact-components
1742,F312,Groote Dwarsstraat,renumbered-1885,address,yes,matched,yes,2,3846 | 1885 | F 312 | Grote Dwarsstraat | 1885-exact-components || 4347 | 1837 | F 384 | Nepveustraat | 1837-exact-components
1743,F313,Groote Dwarsstraat,renumbered-1885,address,yes,matched,yes,2,3845 | 1885 | F 313 | Grote Dwarsstraat | 1885-exact-components || 4345 | 1837 | F 385 | Nepveustraat | 1837-exact-components
1744,F314,Groote Dwarsstraat,renumbered-1885,address,yes,matched,yes,3,3841 | 1885 | F 314 | Grote Dwarsstraat | 1885-exact-components || 3843 | 1885 | F 314 | Grote Dwarsstraat | 1885-exact-components || 4344 | 1837 | F 386 | Nepveustraat | 1837-exact-components
1745,F315,Gemeenelandsweg,renumbered-1885,address,yes,matched,yes,4,3691 | 1885 | F 315 | Gemenelandsweg | 1885-exact-components || 3692 | 1885 | F 315 | Gemenelandsweg | 1885-exact-components || 4342 | 1837 | F 388 | Nepveustraat | 1837-fallback-core-only || 4343 | 1837 | F 387 | Nepveustraat | 1837-fallback-core-only
1746,F316,Gemeenelandsweg,renumbered-1885,address,yes,matched,yes,2,3694 | 1885 | F 316 | Gemenelandsweg | 1885-exact-components || 4341 | 1837 | F 389 | Nepveustraat | 1837-exact-components
1747,F317,Gemeenelandsweg,renumbered-1885,address,yes,matched,yes,5,3696 | 1885 | F 317 | Gemenelandsweg | 1885-exact-components || 3697 | 1885 | F 317 | Gemenelandsweg | 1885-exact-components || 3775 | 1837 | F 390 | Gemenelandsweg | 1837-exact-components || 3776 | 1837 | F 390 | Gemenelandsweg | 1837-exact-components || 4340 | 1837 | F 390 | Gemenelandsweg | 1837-exact-components
1748,F318a,Gemeenelandsweg,renumbered-1885,address,yes,matched,yes,7,3699 | 1885 | F 318 | Gemenelandsweg | 1885-fallback-core-only || 3701 | 1885 | F 318 | Gemenelandsweg | 1885-fallback-core-only || 3703 | 1885 | F 318 | Gemenelandsweg | 1885-fallback-core-only || 3778 | 1837 | F 391 | Gemenelandsweg | 1837-fallback-core-only || 3779 | 1837 | F 391 | Gemenelandsweg | 1837-fallback-core-only || 4184 | 1885 | F 318 | Gemenelandsweg | 1885-fallback-core-only || 4185 | 1885 | F 318 | Gemenelandsweg | 1885-fallback-core-only
1749,F319,Gemeenelandsweg,renumbered-1885,address,yes,matched,yes,3,3706 | 1885 | F 319 | Gemenelandsweg | 1885-exact-components || 3708 | 1885 | F 319 | Gemenelandsweg | 1885-exact-components || 3781 | 1837 | F 392 | Gemenelandsweg | 1837-exact-components
1750,F320,Gemeenelandsweg,renumbered-1885,address,yes,matched,yes,2,3710 | 1885 | F 320 | Gemenelandsweg | 1885-exact-components || 3783 | 1837 | F 393 | Gemenelandsweg | 1837-exact-components
1751,F321,Gemeenelandsweg,renumbered-1885,address,yes,matched,yes,2,3712 | 1885 | F 321 | Gemenelandsweg | 1885-exact-components || 3785 | 1837 | F 394 | Gemenelandsweg | 1837-exact-components
1752,F322,Gemeenelandsweg,renumbered-1885,address,yes,matched,yes,2,3714 | 1885 | F 322 | Gemenelandsweg | 1885-exact-components || 3787 | 1837 | F 395 | Gemenelandsweg | 1837-exact-components
1753,F323,Gemeenelandsweg,renumbered-1885,address,yes,matched,yes,2,3716 | 1885 | F 323 | Gemenelandsweg | 1885-exact-components || 3788 | 1837 | F 396 | Gemenelandsweg | 1837-exact-components
1754,F324,Gemeenelandsweg,renumbered-1885,address,yes,matched,yes,3,3718 | 1885 | F 324 | Gemenelandsweg | 1885-exact-components || 3720 | 1885 | F 324 | Gemenelandsweg | 1885-exact-components || 3789 | 1837 | F 397 | Gemenelandsweg | 1837-exact-components
1755,F325,Hofstraat,renumbered-1885,address,yes,matched,yes,4,3790 | 1837 | F 398 | Gemenelandsweg | 1837-exact-components || 3791 | 1837 | F 398 | Gemenelandsweg | 1837-exact-components || 3792 | 1837 | F 398 | Gemenelandsweg | 1837-exact-components || 3924 | 1885 | F 325 | Hofstraat | 1885-exact-components+street
1756,F326,Hofstraat,renumbered-1885,address,yes,matched,yes,3,3793 | 1837 | F 399 | Gemenelandsweg | 1837-fallback-core-only || 3795 | 1837 | F 400 | Gemenelandsweg | 1837-fallback-core-only || 3927 | 1885 | F 326 | Hofstraat | 1885-exact-components+street
1757,F327,Hofstraat,renumbered-1885,address,yes,matched,yes,4,3794 | 1837 | F 399 | Gemenelandsweg | 1837-fallback-core-only || 3796 | 1837 | F 400 | Gemenelandsweg | 1837-fallback-core-only || 3929 | 1885 | F 327 a | Hofstraat | 1885-fallback-core-only+street || 3931 | 1885 | F 327 b | Hofstraat | 1885-fallback-core-only+street
1758,F328,Hofstraat,renumbered-1885,address,yes,matched,yes,2,3933 | 1885 | F 328 | Hofstraat | 1885-exact-components+street || 5210 | 1837 | F 401 | Wanicastraat | 1837-exact-components
1759,F329,Hofstraat,renumbered-1885,address,yes,matched,yes,3,3935 | 1885 | F 329 | Hofstraat | 1885-exact-components+street || 3937 | 1885 | F 329 | Hofstraat | 1885-exact-components+street || 5212 | 1837 | F 402 | Wanicastraat | 1837-exact-components
1760,F330,Hofstraat,renumbered-1885,address,yes,matched,yes,2,3939 | 1885 | F 330 | Hofstraat | 1885-exact-components+street || 5215 | 1837 | F 403 | Wanicastraat | 1837-exact-components
1761,F331,Hofstraat,renumbered-1885,address,yes,matched,yes,2,3941 | 1885 | F 331 | Hofstraat | 1885-exact-components+street || 5218 | 1837 | F 404 | Wanicastraat | 1837-exact-components
1762,F332,Hofstraat,renumbered-1885,address,yes,matched,yes,2,3943 | 1885 | F 332 | Hofstraat | 1885-exact-components+street || 5220 | 1837 | F 405 | Wanicastraat | 1837-exact-components
1763,F333,Hofstraat,renumbered-1885,address,yes,matched,yes,2,3948 | 1885 | F 333 | Hofstraat | 1885-exact-components+street || 5221 | 1837 | F 406 | Wanicastraat | 1837-exact-components
1764,F334,Hofstraat,renumbered-1885,address,yes,matched,yes,3,3947 | 1885 | F 334 | Hofstraat | 1885-exact-components+street || 5223 | 1837 | F 407 | Wanicastraat | 1837-exact-components || 5225 | 1837 | F 407 | Wanicastraat | 1837-exact-components
1765,F335,Hofstraat,renumbered-1885,address,yes,matched,yes,2,3946 | 1885 | F 335 | Hofstraat | 1885-exact-components+street || 5226 | 1837 | F 408 | Wanicastraat | 1837-exact-components
1766,F336,Hofstraat,renumbered-1885,address,yes,matched,yes,2,3945 | 1885 | F 336 | Hofstraat | 1885-exact-components+street || 5227 | 1837 | F 409 | Wanicastraat | 1837-exact-components
1767,F337,Hofstraat,renumbered-1885,address,yes,matched,yes,4,3944 | 1885 | F 337 | Hofstraat | 1885-exact-components+street || 5229 | 1837 | F 410 | Wanicastraat | 1837-fallback-core-only || 5230 | 1837 | F 411 | Wanicastraat | 1837-fallback-core-only || 5231 | 1837 | F 411 | Wanicastraat | 1837-fallback-core-only
1768,F338,Hofstraat,renumbered-1885,address,yes,matched,yes,2,3942 | 1885 | F 338 | Hofstraat | 1885-exact-components+street || 5232 | 1837 | F 412 | Wanicastraat | 1837-exact-components
1769,F339,Hofstraat,renumbered-1885,address,yes,matched,yes,2,3940 | 1885 | F 339 | Hofstraat | 1885-exact-components+street || 5233 | 1837 | F 413 | Wanicastraat | 1837-exact-components
1770,F340,Hofstraat,renumbered-1885,address,yes,matched,yes,3,3936 | 1885 | F 340 | Hofstraat | 1885-exact-components+street || 3938 | 1885 | F 340 | Hofstraat | 1885-exact-components+street || 5234 | 1837 | F 414 | Wanicastraat | 1837-exact-components
1771,F341,Gemeenelandsweg,renumbered-1885,address,yes,matched,yes,4,3722 | 1885 | F 341 | Gemenelandsweg | 1885-exact-components || 3724 | 1885 | F 341 | Gemenelandsweg | 1885-exact-components || 3934 | 1885 | F 341 | Gemenelandsweg | 1885-exact-components || 5235 | 1837 | F 415 | Wanicastraat | 1837-exact-components
1772,F342,Gemeenelandsweg,renumbered-1885,address,yes,matched,yes,3,3726 | 1885 | F 342 | Gemenelandsweg | 1885-exact-components || 4328 | 1837 | F 416 | Wanicastraat | 1837-exact-components || 5236 | 1837 | F 416 | Wanicastraat | 1837-exact-components
1773,F343,Gemeenelandsweg,renumbered-1885,address,yes,matched,yes,5,3728 | 1885 | F 343 | Gemenelandsweg | 1885-exact-components || 4325 | 1837 | F 417 | Molenpad | 1837-exact-components || 4326 | 1837 | F 417 | Molenpad | 1837-exact-components || 4327 | 1837 | F 417 | Molenpad | 1837-exact-components || 5237 | 1837 | F 417 | Molenpad | 1837-exact-components
1774,F344,Gemeenelandsweg,renumbered-1885,address,yes,matched,yes,3,3733 | 1885 | F 344 | Gemenelandsweg | 1885-exact-components || 3734 | 1885 | F 344 | Gemenelandsweg | 1885-exact-components || 4324 | 1837 | F 418 | Molenpad | 1837-exact-components
1775,F345,Gemeenelandsweg,renumbered-1885,address,yes,matched,yes,3,3736 | 1885 | F 345 | Gemenelandsweg | 1885-exact-components || 4322 | 1837 | F 419 | Molenpad | 1837-exact-components || 4323 | 1837 | F 419 | Molenpad | 1837-exact-components
1776,F346,Gemeenelandsweg,renumbered-1885,address,yes,matched,yes,3,3738 | 1885 | F 346 | Gemenelandsweg | 1885-exact-components || 4027 | 1837 | F 420 | Koningstraat | 1837-exact-components || 4028 | 1837 | F 420 | Koningstraat | 1837-exact-components
1777,F347,Gemeenelandsweg,renumbered-1885,address,yes,matched,yes,2,3739 | 1885 | F 347 | Gemenelandsweg | 1885-exact-components || 4026 | 1837 | F 421 | Koningstraat | 1837-exact-components
1778,F348,Gemeenelandsweg,renumbered-1885,address,yes,matched,yes,2,3741 | 1885 | F 348 | Gemenelandsweg | 1885-exact-components || 4024 | 1837 | F 422 | Koningstraat | 1837-exact-components
1779,F349,Gemeenelandsweg,renumbered-1885,address,yes,matched,yes,3,3743 | 1885 | F 349 | Gemenelandsweg | 1885-exact-components || 3744 | 1885 | F 349 | Gemenelandsweg | 1885-exact-components || 4025 | 1837 | F 423 | Limesgracht | 1837-exact-components
1780,F350,Rust en Vredestraat,renumbered-1885,address,yes,matched,yes,2,4214 | 1837 | F 424 | Limesgracht | 1837-exact-components || 4670 | 1885 | F 350 | Rust en Vredestraat | 1885-exact-components+street
1781,F351,Rust en Vredestraat,renumbered-1885,address,yes,matched,yes,3,4192 | 1837 | F 425 a | Limesgracht | 1837-exact-components || 4331 | 1837 | F 425 b | Limesgracht | 1837-exact-components || 4672 | 1885 | F 351 | Rust en Vredestraat | 1885-exact-components+street
1782,F352,Rust en Vredestraat,renumbered-1885,address,yes,matched,yes,2,4321 | 1837 | F 426 | Molenpad | 1837-exact-components || 4674 | 1885 | F 352 | Rust en Vredestraat | 1885-exact-components+street
1783,F353,Rust en Vredestraat,renumbered-1885,address,yes,matched,yes,4,4318 | 1837 | F 427 | Molenpad | 1837-exact-components || 4319 | 1837 | F 427 | Molenpad | 1837-exact-components || 4320 | 1837 | F 427 | Molenpad | 1837-exact-components || 4677 | 1885 | F 353 | Rust en Vredestraat | 1885-exact-components+street
1784,F354,Rust en Vredestraat,renumbered-1885,address,yes,matched,yes,2,4317 | 1837 | F 428 | Molenpad | 1837-exact-components || 4679 | 1885 | F 354 | Rust en Vredestraat | 1885-exact-components+street
1785,F355,Rust en Vredestraat,renumbered-1885,address,yes,matched,yes,11,4191 | 1837 | F 437 | Limesgracht | 1837-fallback-core-only || 4213 | 1837 | F 438 | Limesgracht | 1837-fallback-core-only || 4310 | 1837 | F 432 | Molenpad | 1837-fallback-core-only || 4311 | 1837 | F 432 | Molenpad | 1837-fallback-core-only || 4312 | 1837 | F 432 | Molenpad | 1837-fallback-core-only || 4313 | 1837 | F 431 | Molenpad | 1837-fallback-core-only || 4314 | 1837 | F 430 | Molenpad | 1837-fallback-core-only || 4315 | 1837 | F 430 | Molenpad | 1837-fallback-core-only
1786,F356,Rust en Vredestraat,renumbered-1885,address,yes,matched,yes,3,4309 | 1837 | F 433 | Molenpad | 1837-exact-components || 4683 | 1885 | F 356 | Rust en Vredestraat | 1885-exact-components+street || 4685 | 1885 | F 356 | Rust en Vredestraat | 1885-exact-components+street
1787,F357,Rust en Vredestraat,renumbered-1885,address,yes,matched,yes,4,4306 | 1837 | F 435 | Molenpad | 1837-fallback-core-only || 4307 | 1837 | F 434 | Molenpad | 1837-fallback-core-only || 4308 | 1837 | F 434 | Molenpad | 1837-fallback-core-only || 4687 | 1885 | F 357 | Rust en Vredestraat | 1885-exact-components+street
1788,F358,Rust en Vredestraat,renumbered-1885,address,yes,matched,yes,6,4211 | 1837 | F 440 | Limesgracht | 1837-exact-components || 4212 | 1837 | F 439 | Limesgracht | 1837-fallback-core-only || 4688 | 1885 | F 358 | Rust en Vredestraat | 1885-exact-components+street || 4690 | 1837 | F 440 | Limesgracht | 1837-exact-components || 4692 | 1837 | F 440 | Limesgracht | 1837-exact-components || 4694 | 1837 | F 440 | Limesgracht | 1837-exact-components
1789,F359,Rust en Vredestraat,renumbered-1885,address,yes,matched,yes,5,4209 | 1837 | F 442 | Limesgracht | 1837-fallback-core-only || 4210 | 1837 | F 441 | Limesgracht | 1837-fallback-core-only || 4686 | 1885 | F 359 | Rust en Vredestraat | 1885-exact-components+street || 4689 | 1837 | F 441 a | Limesgracht | 1837-fallback-core-only || 4691 | 1837 | F 441 b | Limesgracht | 1837-fallback-core-only
1790,F360,Rust en Vredestraat,renumbered-1885,address,yes,matched,yes,6,4302 | 1837 | F 447 | Molenpad | 1837-exact-components || 4304 | 1837 | F 447 b2 | Molenpad | 1837-exact-components || 4684 | 1885 | F 360 | Rust en Vredestraat | 1885-exact-components+street || 4693 | 1837 | F 447 | Molenpad | 1837-exact-components || 4695 | 1837 | F 447 | Molenpad | 1837-exact-components || 4696 | 1837 | F 447 | Molenpad | 1837-exact-components
1791,F361,Rust en Vredestraat,renumbered-1885,address,yes,matched,yes,4,4299 | 1837 | F 448 a | Molenpad | 1837-exact-components || 4300 | 1837 | F 448 | Molenpad | 1837-exact-components || 4303 | 1837 | F 448 | Molenpad | 1837-exact-components || 4682 | 1885 | F 361 | Rust en Vredestraat | 1885-exact-components+street
1792,F362,Rust en Vredestraat,renumbered-1885,address,yes,matched,yes,2,4297 | 1837 | F 449 | Molenpad | 1837-exact-components || 4680 | 1885 | F 362 | Rust en Vredestraat | 1885-exact-components+street
1793,F363,Rust en Vredestraat,renumbered-1885,address,yes,matched,yes,3,4293 | 1837 | F 450 | Molenpad | 1837-exact-components || 4295 | 1837 | F 450 | Molenpad | 1837-exact-components || 4678 | 1885 | F 363 | Rust en Vredestraat | 1885-exact-components+street
1794,F364,Rust en Vredestraat,renumbered-1885,address,yes,matched,yes,3,4291 | 1837 | F 451 | Molenpad | 1837-exact-components || 4675 | 1885 | F 364 | Rust en Vredestraat | 1885-exact-components+street || 4676 | 1885 | F 364 | Rust en Vredestraat | 1885-exact-components+street
1795,F365,Gemeenelandsweg,renumbered-1885,address,yes,matched,yes,7,3747 | 1885 | F 365 | Gemenelandsweg | 1885-exact-components || 4290 | 1837 | F 452 | Molenpad | 1837-exact-components || 4665 | 1885 | F 365 | Gemenelandsweg | 1885-exact-components || 4667 | 1885 | F 365 | Gemenelandsweg | 1885-exact-components || 4669 | 1885 | F 365 | Gemenelandsweg | 1885-exact-components || 4671 | 1885 | F 365 | Gemenelandsweg | 1885-exact-components || 4673 | 1885 | F 365 | Gemenelandsweg | 1885-exact-components
1796,F366,Gemeenelandsweg,renumbered-1885,address,yes,matched,yes,6,3749 | 1885 | F 366 | Gemenelandsweg | 1885-exact-components || 4285 | 1837 | F 453 fd | Molenpad | 1837-exact-components || 4286 | 1837 | F 453 | Molenpad | 1837-exact-components || 4287 | 1837 | F 453 | Molenpad | 1837-exact-components || 4288 | 1837 | F 453 | Molenpad | 1837-exact-components || 4289 | 1837 | F 453 | Molenpad | 1837-exact-components
1797,F367,Gemeenelandsweg,renumbered-1885,address,yes,matched,yes,5,3751 | 1885 | F 367 | Gemenelandsweg | 1885-exact-components || 3753 | 1885 | F 367 | Gemenelandsweg | 1885-exact-components || 3754 | 1885 | F 367 | Gemenelandsweg | 1885-exact-components || 4201 | 1837 | F 446 | Limesgracht | 1837-exact-components || 4202 | 1837 | F 446 | Limesgracht | 1837-exact-components
1798,F368,Gemeenelandsweg,renumbered-1885,address,yes,matched,yes,3,3756 | 1885 | F 368 | Gemenelandsweg | 1885-exact-components || 4203 | 1837 | F 445 b | Limesgracht | 1837-exact-components || 4204 | 1837 | F 445 a | Limesgracht | 1837-exact-components
1799,F369,Gemeenelandsweg,renumbered-1885,address,yes,matched,yes,3,3758 | 1885 | F 369 | Gemenelandsweg | 1885-exact-components || 4205 | 1837 | F 444 b | Limesgracht | 1837-exact-components || 4206 | 1837 | F 444 | Limesgracht | 1837-exact-components
1800,F370,Gemeenelandsweg,renumbered-1885,address,yes,matched,yes,3,3760 | 1885 | F 370 | Gemenelandsweg | 1885-exact-components || 4207 | 1837 | F 443 b | Limesgracht | 1837-exact-components || 4208 | 1837 | F 443 | Limesgracht | 1837-exact-components
1801,F371,Gemeenelandsweg,renumbered-1885,address,yes,matched,yes,16,3763 | 1885 | F 371 | Gemenelandsweg | 1885-exact-components || 4262 | 1837 | F 455 | Molenpad | 1837-fallback-core-only || 4265 | 1837 | F 454 a | Molenpad | 1837-exact-components || 4267 | 1837 | F 454 b | Molenpad | 1837-exact-components || 4269 | 1837 | F 454 c | Molenpad | 1837-exact-components || 4271 | 1837 | F 454 c | Molenpad | 1837-exact-components || 4273 | 1837 | F 454 | Molenpad | 1837-exact-components || 4275 | 1837 | F 454 aa | Molenpad | 1837-exact-components
1802,F372,Gemeenelandsweg,renumbered-1885,address,yes,matched,yes,15,3538 | 1837 | F 464 | Molenpad | 1837-exact-components || 3539 | 1837 | F 464 | Molenpad | 1837-exact-components || 3660 | 1837 | F 464 | Molenpad | 1837-exact-components || 3765 | 1885 | F 372 | Gemenelandsweg | 1885-exact-components || 3767 | 1885 | F 372 | Gemenelandsweg | 1885-exact-components || 4245 | 1837 | F 464 | Molenpad | 1837-exact-components || 4247 | 1837 | F 464 | Molenpad | 1837-exact-components || 4248 | 1837 | F 464 | Molenpad | 1837-exact-components
1803,F373,Gemeenelandsweg,renumbered-1885,address,yes,matched,yes,88,3566 | 1837 | F 473 | Molenpad | 1837-fallback-core-only || 3567 | 1837 | F 473 | Molenpad | 1837-fallback-core-only || 3769 | 1885 | F 373 | Gemenelandsweg | 1885-exact-components || 3771 | 1885 | F 373 | Gemenelandsweg | 1885-exact-components || 3885 | 1837 | F 473 | Molenpad | 1837-fallback-core-only || 3886 | 1837 | F 473 | Molenpad | 1837-fallback-core-only || 4031 | 1837 | F 477 | Koningstraat | 1837-fallback-core-only || 4036 | 1837 | F 478 | Koningstraat | 1837-fallback-core-only
1804,F374,Gemeenelandsweg,renumbered-1885,address,yes,matched,yes,5,3773 | 1885 | F 374 | Gemenelandsweg | 1885-exact-components || 4029 | 1837 | F 520 | Koningstraat | 1837-exact-components || 4030 | 1837 | F 520 | Koningstraat | 1837-exact-components || 4301 | 1837 | F 520 | Koningstraat | 1837-exact-components || 4350 | 1885 | F 374 | Gemenelandsweg | 1885-exact-components
1805,F375,Nepveustraat,renumbered-1885,address,yes,matched,yes,3,4032 | 1837 | F 519 | Koningstraat | 1837-exact-components || 4033 | 1837 | F 519 | Koningstraat | 1837-exact-components || 4355 | 1885 | F 375 | Nepveustraat | 1885-exact-components+street
1806,F376,Nepveustraat,renumbered-1885,address,yes,matched,yes,2,4034 | 1837 | F 518 | Koningstraat | 1837-exact-components || 4356 | 1885 | F 376 | Nepveustraat | 1885-exact-components+street
1807,F377,Nepveustraat,renumbered-1885,address,yes,matched,yes,3,4035 | 1837 | F 517 | Koningstraat | 1837-exact-components || 4357 | 1885 | F 377 | Nepveustraat | 1885-exact-components+street || 4358 | 1885 | F 377 | Nepveustraat | 1885-exact-components+street
1808,F378,Nepveustraat,renumbered-1885,address,yes,matched,yes,2,4037 | 1837 | F 516 | Koningstraat | 1837-exact-components || 4359 | 1885 | F 378 | Nepveustraat | 1885-exact-components+street
1809,F379,Nepveustraat,renumbered-1885,address,yes,matched,yes,3,4038 | 1837 | F 515 | Koningstraat | 1837-exact-components || 4039 | 1837 | F 515 | Koningstraat | 1837-exact-components || 4360 | 1885 | F 379 | Nepveustraat | 1885-exact-components+street
1810,F380,Nepveustraat,renumbered-1885,address,yes,matched,yes,3,4040 | 1837 | F 514 | Koningstraat | 1837-exact-components || 4361 | 1885 | F 380 | Nepveustraat | 1885-exact-components+street || 4362 | 1885 | F 380 | Nepveustraat | 1885-exact-components+street
1811,F381,Nepveustraat,renumbered-1885,address,yes,matched,yes,4,4041 | 1837 | F 513 | Koningstraat | 1837-exact-components || 4042 | 1837 | F 513 | Koningstraat | 1837-exact-components || 4363 | 1885 | F 381 | Nepveustraat | 1885-exact-components+street || 4364 | 1885 | F 381 | Nepveustraat | 1885-exact-components+street
1812,F382,Nepveustraat,renumbered-1885,address,yes,matched,yes,6,4044 | 1837 | F 512 | Koningstraat | 1837-exact-components || 4045 | 1837 | F 512 | Koningstraat | 1837-exact-components || 4351 | 1885 | F 382 | Nepveustraat | 1885-exact-components+street || 4352 | 1885 | F 382 | Nepveustraat | 1885-exact-components+street || 4353 | 1885 | F 382 | Nepveustraat | 1885-exact-components+street || 4354 | 1885 | F 382 | Nepveustraat | 1885-exact-components+street
1813,F383,Nepveustraat,renumbered-1885,address,yes,matched,yes,5,4046 | 1837 | F 511 | Koningstraat | 1837-exact-components || 4047 | 1837 | F 511 | Koningstraat | 1837-exact-components || 4048 | 1837 | F 511 | Koningstraat | 1837-exact-components || 4348 | 1885 | F 383 | Nepveustraat | 1885-exact-components+street || 4349 | 1885 | F 383 | Nepveustraat | 1885-exact-components+street
1814,F384,Nepveustraat,renumbered-1885,address,yes,matched,yes,2,4049 | 1837 | F 510 | Koningstraat | 1837-exact-components || 4347 | 1885 | F 384 | Nepveustraat | 1885-exact-components+street
1815,F385,Nepveustraat,renumbered-1885,address,yes,matched,yes,4,4051 | 1837 | F 509 | Koningstraat | 1837-exact-components || 4053 | 1837 | F 509 | Koningstraat | 1837-exact-components || 4055 | 1837 | F 509 | Koningstraat | 1837-exact-components || 4345 | 1885 | F 385 | Nepveustraat | 1885-exact-components+street
1816,F386,Nepveustraat,renumbered-1885,address,yes,matched,yes,4,3657 | 1837 | F 508 | Koningstraat | 1837-exact-components || 4057 | 1837 | F 508 | Koningstraat | 1837-exact-components || 4059 | 1837 | F 508 | Koningstraat | 1837-exact-components || 4344 | 1885 | F 386 | Nepveustraat | 1885-exact-components+street
1817,F387,Nepveustraat,renumbered-1885,address,yes,matched,yes,3,4061 | 1837 | F 507 | Koningstraat | 1837-exact-components || 4062 | 1837 | F 507 | Koningstraat | 1837-exact-components || 4343 | 1885 | F 387 | Nepveustraat | 1885-exact-components+street
1818,F388,Nepveustraat,renumbered-1885,address,yes,matched,yes,3,4064 | 1837 | F 506 | Koningstraat | 1837-exact-components || 4066 | 1837 | F 506 | Koningstraat | 1837-exact-components || 4342 | 1885 | F 388 | Nepveustraat | 1885-exact-components+street
1819,F389,Nepveustraat,renumbered-1885,address,yes,matched,yes,2,4068 | 1837 | F 505 | Koningstraat | 1837-exact-components || 4341 | 1885 | F 389 | Nepveustraat | 1885-exact-components+street
1820,F390,Gemeenelandsweg,renumbered-1885,address,yes,matched,yes,6,3775 | 1885 | F 390 | Gemenelandsweg | 1885-exact-components || 3776 | 1885 | F 390 | Gemenelandsweg | 1885-exact-components || 4070 | 1837 | F 504 | Koningstraat | 1837-exact-components || 4072 | 1837 | F 504 | Koningstraat | 1837-exact-components || 4073 | 1837 | F 504 | Koningstraat | 1837-exact-components || 4340 | 1885 | F 390 | Gemenelandsweg | 1885-exact-components
1821,F391,Gemeenelandsweg,renumbered-1885,address,yes,matched,yes,8,3778 | 1885 | F 391 | Gemenelandsweg | 1885-exact-components || 3779 | 1885 | F 391 | Gemenelandsweg | 1885-exact-components || 4075 | 1837 | F 503 | Koningstraat | 1837-exact-components || 4077 | 1837 | F 503 | Koningstraat | 1837-exact-components || 4079 | 1837 | F 502 | Koningstraat | 1837-fallback-core-only || 5316 | 1837 | F 502 | Koningstraat | 1837-fallback-core-only || 5318 | 1837 | F 502 | Koningstraat | 1837-fallback-core-only || 5320 | 1837 | F 502 | Koningstraat | 1837-fallback-core-only
1822,F392,Gemeenelandsweg,renumbered-1885,address,yes,matched,yes,14,3781 | 1885 | F 392 | Gemenelandsweg | 1885-exact-components || 4081 | 1837 | F 541 | Wanicastraat | 1837-fallback-core-only || 5270 | 1837 | F 539 | Wanicastraat | 1837-exact-components || 5271 | 1837 | F 540 | Wanicastraat | 1837-fallback-core-only || 5315 | 1837 | F 541 | Wanicastraat | 1837-fallback-core-only || 5317 | 1837 | F 541 | Wanicastraat | 1837-fallback-core-only || 5319 | 1837 | F 542 | Wanicastraat | 1837-fallback-core-only || 5321 | 1837 | F 542 | Wanicastraat | 1837-fallback-core-only
1823,F393,Gemeenelandsweg,renumbered-1885,address,yes,matched,yes,2,3783 | 1885 | F 393 | Gemenelandsweg | 1885-exact-components || 5269 | 1837 | F 538 | Wanicastraat | 1837-exact-components
1824,F394,Gemeenelandsweg,renumbered-1885,address,yes,matched,yes,2,3785 | 1885 | F 394 | Gemenelandsweg | 1885-exact-components || 5268 | 1837 | F 537 | Wanicastraat | 1837-exact-components
1825,F395,Gemeenelandsweg,renumbered-1885,address,yes,matched,yes,3,3787 | 1885 | F 395 | Gemenelandsweg | 1885-exact-components || 5264 | 1837 | F 535 | Wanicastraat | 1837-fallback-core-only || 5266 | 1837 | F 536 | Wanicastraat | 1837-fallback-core-only
1826,F396,Gemeenelandsweg,renumbered-1885,address,yes,matched,yes,3,3788 | 1885 | F 396 | Gemenelandsweg | 1885-exact-components || 5261 | 1837 | F 534 | Wanicastraat | 1837-exact-components || 5262 | 1837 | F 534 | Wanicastraat | 1837-exact-components
1827,F397,Gemeenelandsweg,renumbered-1885,address,yes,matched,yes,4,3658 | 1837 | F 533 | Wanicastraat | 1837-exact-components || 3789 | 1885 | F 397 | Gemenelandsweg | 1885-exact-components || 5257 | 1837 | F 533 | Wanicastraat | 1837-exact-components || 5259 | 1837 | F 533 | Wanicastraat | 1837-exact-components
1828,F398,Gemeenelandsweg,renumbered-1885,address,yes,matched,yes,5,3790 | 1885 | F 398 | Gemenelandsweg | 1885-exact-components || 3791 | 1885 | F 398 | Gemenelandsweg | 1885-exact-components || 3792 | 1885 | F 398 | Gemenelandsweg | 1885-exact-components || 5252 | 1837 | F 532 | Wanicastraat | 1837-exact-components || 5255 | 1837 | F 532 | Wanicastraat | 1837-exact-components
1829,F399,Gemeenelandsweg,renumbered-1885,address,yes,matched,yes,3,3793 | 1885 | F 399 | Gemenelandsweg | 1885-exact-components || 3794 | 1885 | F 399 | Gemenelandsweg | 1885-exact-components || 5251 | 1837 | F 531 | Wanicastraat | 1837-exact-components
1830,F400,Gemeenelandsweg,renumbered-1885,address,yes,matched,yes,3,3795 | 1885 | F 400 | Gemenelandsweg | 1885-exact-components || 3796 | 1885 | F 400 | Gemenelandsweg | 1885-exact-components || 5250 | 1837 | F 530 | Wanicastraat | 1837-exact-components
1831,F401,Wanicastraat,renumbered-1885,address,yes,matched,yes,3,5210 | 1885 | F 401 | Wanicastraat | 1885-exact-components+street || 5248 | 1837 | F 529 | Wanicastraat | 1837-exact-components+street || 5249 | 1837 | F 529 | Wanicastraat | 1837-exact-components+street
1832,F402,Wanicastraat,renumbered-1885,address,yes,matched,yes,2,5212 | 1885 | F 402 | Wanicastraat | 1885-exact-components+street || 5246 | 1837 | F 528 | Wanicastraat | 1837-exact-components+street
1833,F403,Wanicastraat,renumbered-1885,address,yes,matched,yes,2,5215 | 1885 | F 403 | Wanicastraat | 1885-exact-components+street || 5245 | 1837 | F 527 | Wanicastraat | 1837-exact-components+street
1834,F404,Wanicastraat,renumbered-1885,address,yes,matched,yes,3,5218 | 1885 | F 404 | Wanicastraat | 1885-exact-components+street || 5243 | 1837 | F 526 | Wanicastraat | 1837-exact-components+street || 5244 | 1837 | F 526 | Wanicastraat | 1837-exact-components+street
1835,F405,Wanicastraat,renumbered-1885,address,yes,matched,yes,3,5220 | 1885 | F 405 | Wanicastraat | 1885-exact-components+street || 5241 | 1837 | F 525 | Wanicastraat | 1837-exact-components+street || 5242 | 1837 | F 525 | Wanicastraat | 1837-exact-components+street
1836,F406,Wanicastraat,renumbered-1885,address,yes,matched,yes,2,5221 | 1885 | F 406 | Wanicastraat | 1885-exact-components+street || 5240 | 1837 | F 524 | Wanicastraat | 1837-exact-components+street
1837,F407,Wanicastraat,renumbered-1885,address,yes,matched,yes,3,5223 | 1885 | F 407 | Wanicastraat | 1885-exact-components+street || 5225 | 1885 | F 407 | Wanicastraat | 1885-exact-components+street || 5239 | 1837 | F 523 | Wanicastraat | 1837-exact-components+street
1838,F408,Wanicastraat,renumbered-1885,address,yes,matched,yes,2,5226 | 1885 | F 408 | Wanicastraat | 1885-exact-components+street || 5238 | 1837 | F 522 | Wanicastraat | 1837-exact-components+street
1839,F409,Wanicastraat,renumbered-1885,address,yes,matched,yes,2,4305 | 1837 | F 521 | Wanicastraat | 1837-exact-components+street || 5227 | 1885 | F 409 | Wanicastraat | 1885-exact-components+street
1840,F410,Wanicastraat,renumbered-1885,address,yes,matched,yes,1,5229 | 1885 | F 410 | Wanicastraat | 1885-exact-components+street
1841,F411,Wanicastraat,renumbered-1885,address,yes,matched,yes,2,5230 | 1885 | F 411 | Wanicastraat | 1885-exact-components+street || 5231 | 1885 | F 411 | Wanicastraat | 1885-exact-components+street
1842,F412,Wanicastraat,renumbered-1885,address,yes,matched,yes,1,5232 | 1885 | F 412 | Wanicastraat | 1885-exact-components+street
1843,F413,Wanicastraat,renumbered-1885,address,yes,matched,yes,1,5233 | 1885 | F 413 | Wanicastraat | 1885-exact-components+street
1844,F414,Wanicastraat,renumbered-1885,address,yes,matched,yes,1,5234 | 1885 | F 414 | Wanicastraat | 1885-exact-components+street
1845,F415,Wanicastraat,renumbered-1885,address,yes,matched,yes,1,5235 | 1885 | F 415 | Wanicastraat | 1885-exact-components+street
1846,F416,Wanicastraat,renumbered-1885,address,yes,matched,yes,2,4328 | 1885 | F 416 | Wanicastraat | 1885-exact-components+street || 5236 | 1885 | F 416 | Wanicastraat | 1885-exact-components+street
1847,F417,Molenpad,renumbered-1885,address,yes,matched,yes,4,4325 | 1885 | F 417 | Molenpad | 1885-exact-components+street || 4326 | 1885 | F 417 | Molenpad | 1885-exact-components+street || 4327 | 1885 | F 417 | Molenpad | 1885-exact-components+street || 5237 | 1885 | F 417 | Molenpad | 1885-exact-components+street
1848,F418,Molenpad,renumbered-1885,address,yes,matched,yes,1,4324 | 1885 | F 418 | Molenpad | 1885-exact-components+street
1849,F419,Molenpad,renumbered-1885,address,yes,matched,yes,2,4322 | 1885 | F 419 | Molenpad | 1885-exact-components+street || 4323 | 1885 | F 419 | Molenpad | 1885-exact-components+street
1850,F420,Koningsstraat,renumbered-1885,address,yes,matched,yes,2,4027 | 1885 | F 420 | Koningstraat | 1885-exact-components || 4028 | 1885 | F 420 | Koningstraat | 1885-exact-components
1851,F421,Koningsstraat,renumbered-1885,address,yes,matched,yes,1,4026 | 1885 | F 421 | Koningstraat | 1885-exact-components
1852,F422,Koningsstraat,renumbered-1885,address,yes,matched,yes,1,4024 | 1885 | F 422 | Koningstraat | 1885-exact-components
1853,F423,Limesgracht,renumbered-1885,address,yes,matched,yes,1,4025 | 1885 | F 423 | Limesgracht | 1885-exact-components+street
1854,F424,Limesgracht,renumbered-1885,address,yes,matched,yes,1,4214 | 1885 | F 424 | Limesgracht | 1885-exact-components+street
1855,F425,Limesgracht,renumbered-1885,address,yes,matched,yes,2,4192 | 1885 | F 425 a | Limesgracht | 1885-fallback-core-only+street || 4331 | 1885 | F 425 b | Limesgracht | 1885-fallback-core-only+street
1856,F426,Molenpad,renumbered-1885,address,yes,matched,yes,1,4321 | 1885 | F 426 | Molenpad | 1885-exact-components+street
1857,F427,Molenpad,renumbered-1885,address,yes,matched,yes,3,4318 | 1885 | F 427 | Molenpad | 1885-exact-components+street || 4319 | 1885 | F 427 | Molenpad | 1885-exact-components+street || 4320 | 1885 | F 427 | Molenpad | 1885-exact-components+street
1858,F428,Molenpad,renumbered-1885,address,yes,matched,yes,1,4317 | 1885 | F 428 | Molenpad | 1885-exact-components+street
1859,F429,Molenpad,renumbered-1885,address,yes,matched,yes,1,4316 | 1885 | F 429 | Molenpad | 1885-exact-components+street
1860,F430,Molenpad,renumbered-1885,address,yes,matched,yes,2,4314 | 1885 | F 430 | Molenpad | 1885-exact-components+street || 4315 | 1885 | F 430 | Molenpad | 1885-exact-components+street
1861,F431,Molenpad,renumbered-1885,address,yes,matched,yes,1,4313 | 1885 | F 431 | Molenpad | 1885-exact-components+street
1862,F432,Molenpad,renumbered-1885,address,yes,matched,yes,3,4310 | 1885 | F 432 | Molenpad | 1885-exact-components+street || 4311 | 1885 | F 432 | Molenpad | 1885-exact-components+street || 4312 | 1885 | F 432 | Molenpad | 1885-exact-components+street
1863,F433a,Molenpad,renumbered-1885,address,yes,matched,yes,1,4309 | 1885 | F 433 | Molenpad | 1885-fallback-core-only+street
1864,F434,Molenpad,renumbered-1885,address,yes,matched,yes,2,4307 | 1885 | F 434 | Molenpad | 1885-exact-components+street || 4308 | 1885 | F 434 | Molenpad | 1885-exact-components+street
1865,F435,Molenpad,renumbered-1885,address,yes,matched,yes,1,4306 | 1885 | F 435 | Molenpad | 1885-exact-components+street
1866,F436,Limesgracht,renumbered-1885,address,yes,matched,yes,1,4346 | 1885 | F 436 | Limesgracht | 1885-exact-components+street
1867,F437,Limesgracht,renumbered-1885,address,yes,matched,yes,1,4191 | 1885 | F 437 | Limesgracht | 1885-exact-components+street
1868,F438,Limesgracht,renumbered-1885,address,yes,matched,yes,1,4213 | 1885 | F 438 | Limesgracht | 1885-exact-components+street
1869,F439,Limesgracht,renumbered-1885,address,yes,matched,yes,1,4212 | 1885 | F 439 | Limesgracht | 1885-exact-components+street
1870,F440,Limesgracht,renumbered-1885,address,yes,matched,yes,4,4211 | 1885 | F 440 | Limesgracht | 1885-exact-components+street || 4690 | 1885 | F 440 | Limesgracht | 1885-exact-components+street || 4692 | 1885 | F 440 | Limesgracht | 1885-exact-components+street || 4694 | 1885 | F 440 | Limesgracht | 1885-exact-components+street
1871,F441,Limesgracht,renumbered-1885,address,yes,matched,yes,3,4210 | 1885 | F 441 | Limesgracht | 1885-exact-components+street || 4689 | 1885 | F 441 a | Limesgracht | 1885-fallback-core-only+street || 4691 | 1885 | F 441 b | Limesgracht | 1885-fallback-core-only+street
1872,F442,Limesgracht,renumbered-1885,address,yes,matched,yes,1,4209 | 1885 | F 442 | Limesgracht | 1885-exact-components+street
1873,F443,Limesgracht,renumbered-1885,address,yes,matched,yes,2,4207 | 1885 | F 443 b | Limesgracht | 1885-fallback-core-only+street || 4208 | 1885 | F 443 | Limesgracht | 1885-exact-components+street
1874,F444,Limesgracht,renumbered-1885,address,yes,matched,yes,2,4205 | 1885 | F 444 b | Limesgracht | 1885-fallback-core-only+street || 4206 | 1885 | F 444 | Limesgracht | 1885-exact-components+street
1875,F445,Limesgracht,renumbered-1885,address,yes,matched,yes,2,4203 | 1885 | F 445 b | Limesgracht | 1885-fallback-core-only+street || 4204 | 1885 | F 445 a | Limesgracht | 1885-fallback-core-only+street
1876,F446,Limesgracht,renumbered-1885,address,yes,matched,yes,2,4201 | 1885 | F 446 | Limesgracht | 1885-exact-components+street || 4202 | 1885 | F 446 | Limesgracht | 1885-exact-components+street
1877,F447a,Molenpad,renumbered-1885,address,yes,matched,yes,5,4302 | 1885 | F 447 | Molenpad | 1885-fallback-core-only+street || 4304 | 1885 | F 447 b2 | Molenpad | 1885-fallback-core-only+street || 4693 | 1885 | F 447 | Molenpad | 1885-fallback-core-only+street || 4695 | 1885 | F 447 | Molenpad | 1885-fallback-core-only+street || 4696 | 1885 | F 447 | Molenpad | 1885-fallback-core-only+street
1878,F448,Molenpad,renumbered-1885,address,yes,matched,yes,3,4299 | 1885 | F 448 a | Molenpad | 1885-fallback-core-only+street || 4300 | 1885 | F 448 | Molenpad | 1885-exact-components+street || 4303 | 1885 | F 448 | Molenpad | 1885-exact-components+street
1879,F449,Molenpad,renumbered-1885,address,yes,matched,yes,1,4297 | 1885 | F 449 | Molenpad | 1885-exact-components+street
1880,F450,Molenpad,renumbered-1885,address,yes,matched,yes,2,4293 | 1885 | F 450 | Molenpad | 1885-exact-components+street || 4295 | 1885 | F 450 | Molenpad | 1885-exact-components+street
1881,F451,Molenpad,renumbered-1885,address,yes,matched,yes,1,4291 | 1885 | F 451 | Molenpad | 1885-exact-components+street
1882,F452,Molenpad,renumbered-1885,address,yes,matched,yes,1,4290 | 1885 | F 452 | Molenpad | 1885-exact-components+street
1883,F453,Molenpad,renumbered-1885,address,yes,matched,yes,5,4285 | 1885 | F 453 fd | Molenpad | 1885-fallback-core-only+street || 4286 | 1885 | F 453 | Molenpad | 1885-exact-components+street || 4287 | 1885 | F 453 | Molenpad | 1885-exact-components+street || 4288 | 1885 | F 453 | Molenpad | 1885-exact-components+street || 4289 | 1885 | F 453 | Molenpad | 1885-exact-components+street
1884,F454a,Molenpad,renumbered-1885,address,yes,matched,yes,14,4265 | 1885 | F 454 a | Molenpad | 1885-exact-components+street || 4267 | 1885 | F 454 b | Molenpad | 1885-fallback-core-only+street || 4269 | 1885 | F 454 c | Molenpad | 1885-fallback-core-only+street || 4271 | 1885 | F 454 c | Molenpad | 1885-fallback-core-only+street || 4273 | 1885 | F 454 | Molenpad | 1885-fallback-core-only+street || 4275 | 1885 | F 454 aa | Molenpad | 1885-fallback-core-only+street || 4277 | 1885 | F 454 dd | Molenpad | 1885-fallback-core-only+street || 4278 | 1885 | F 454 | Molenpad | 1885-fallback-core-only+street
1885,F455,Molenpad,renumbered-1885,address,yes,matched,yes,1,4262 | 1885 | F 455 | Molenpad | 1885-exact-components+street
1886,F456,Limesgracht,renumbered-1885,address,yes,matched,yes,1,4200 | 1885 | F 456 | Molenpad | 1885-exact-components
1887,F457b,Molenpad,renumbered-1885,address,yes,matched,yes,1,4259 | 1885 | F 457 | Molenpad | 1885-fallback-core-only+street
1888,F458,Molenpad,renumbered-1885,address,yes,matched,yes,2,4255 | 1885 | F 458 | Molenpad | 1885-exact-components+street || 4257 | 1885 | F 458 | Molenpad | 1885-exact-components+street
1889,F459,Molenpad,renumbered-1885,address,yes,matched,yes,1,4253 | 1885 | F 459 | Molenpad | 1885-exact-components+street
1890,F460,Molenpad,renumbered-1885,address,yes,matched,yes,1,4250 | 1885 | F 460 | Molenpad | 1885-exact-components+street
1891,F461,Molenpad,renumbered-1885,address,yes,matched,yes,2,4246 | 1885 | F 461 | Molenpad | 1885-exact-components+street || 5361 | 1885 | F 461 | Molenpad | 1885-exact-components+street
1892,F462,Zwartenhovenbrugstraat,renumbered-1885,address,yes,matched,yes,10,4193 | 1885 | F 462 | Zwartenhovenbrugstraat | 1885-exact-components+street || 4194 | 1885 | F 462 | Zwartenhovenbrugstraat | 1885-exact-components+street || 4195 | 1885 | F 462 | Zwartenhovenbrugstraat | 1885-exact-components+street || 4196 | 1885 | F 462 | Zwartenhovenbrugstraat | 1885-exact-components+street || 4197 | 1885 | F 462 | Zwartenhovenbrugstraat | 1885-exact-components+street || 5356 | 1885 | F 462 | Zwartenhovenbrugstraat | 1885-exact-components+street || 5357 | 1885 | F 462 | Zwartenhovenbrugstraat | 1885-exact-components+street || 5358 | 1885 | F 462 | Zwartenhovenbrugstraat | 1885-exact-components+street
1893,F465,,renumbered-1885,address,yes,matched,yes,7,4215 | 1885 | F 465 | Molenpad | 1885-exact-components || 4216 | 1885 | F 465 | Molenpad | 1885-exact-components || 4258 | 1885 | F 465 | Molenpad | 1885-exact-components || 4260 | 1885 | F 465 | Molenpad | 1885-exact-components || 4261 | 1885 | F 465 | Molenpad | 1885-exact-components || 4781 | 1885 | F 465 | Molenpad | 1885-exact-components || 4782 | 1885 | F 465 | Molenpad | 1885-exact-components
1894,F466,Molenpad,renumbered-1885,address,yes,matched,yes,9,4263 | 1885 | F 466 | Molenpad | 1885-exact-components+street || 4264 | 1885 | F 466 | Molenpad | 1885-exact-components+street || 4266 | 1885 | F 466 | Molenpad | 1885-exact-components+street || 4268 | 1885 | F 466 | Molenpad | 1885-exact-components+street || 4270 | 1885 | F 466 | Molenpad | 1885-exact-components+street || 4272 | 1885 | F 466 | Molenpad | 1885-exact-components+street || 4274 | 1885 | F 466 | Molenpad | 1885-exact-components+street || 5134 | 1885 | F 466 | Molenpad | 1885-exact-components+street
1895,F467,Korte Dwarsstraat,renumbered-1885,address,yes,matched,yes,5,4198 | 1885 | F 467 | Korte Dwarsstraat | 1885-exact-components+street || 4199 | 1885 | F 467 | Korte Dwarsstraat | 1885-exact-components+street || 5048 | 1885 | F 467 | Korte Dwarsstraat | 1885-exact-components+street || 5050 | 1885 | F 467 | Korte Dwarsstraat | 1885-exact-components+street || 5051 | 1885 | F 467 | Korte Dwarsstraat | 1885-exact-components+street
1896,F468,Korte Dwarsstraat,renumbered-1885,address,yes,matched,yes,3,5052 | 1885 | F 468 | Korte Dwarsstraat | 1885-exact-components+street || 5053 | 1885 | F 468 | Korte Dwarsstraat | 1885-exact-components+street || 5054 | 1885 | F 468 | Korte Dwarsstraat | 1885-exact-components+street
1897,F469,Korte Dwarsstraat,renumbered-1885,address,yes,matched,yes,3,5055 | 1885 | F 469 | Korte Dwarsstraat | 1885-exact-components+street || 5056 | 1885 | F 469 | Korte Dwarsstraat | 1885-exact-components+street || 5057 | 1885 | F 469 | Korte Dwarsstraat | 1885-exact-components+street
1898,F470,Korte Dwarsstraat,renumbered-1885,address,yes,matched,yes,3,5058 | 1885 | F 470 | Korte Dwarsstraat | 1885-exact-components+street || 5059 | 1885 | F 470 | Korte Dwarsstraat | 1885-exact-components+street || 5060 | 1885 | F 470 | Korte Dwarsstraat | 1885-exact-components+street
1899,F471,Korte Dwarsstraat,renumbered-1885,address,yes,matched,yes,2,5061 | 1885 | F 471 | Korte Dwarsstraat | 1885-exact-components+street || 5062 | 1885 | F 471 | Korte Dwarsstraat | 1885-exact-components+street
1900,F472,Korte Dwarsstraat,renumbered-1885,address,yes,matched,yes,1,5063 | 1885 | F 472 | Korte Dwarsstraat | 1885-exact-components+street
1901,F473,Korte Dwarsstraat,renumbered-1885,address,yes,matched,yes,6,3566 | 1885 | F 473 | Molenpad | 1885-exact-components || 3567 | 1885 | F 473 | Molenpad | 1885-exact-components || 3885 | 1885 | F 473 | Molenpad | 1885-exact-components || 3886 | 1885 | F 473 | Molenpad | 1885-exact-components || 4276 | 1885 | F 473 | Molenpad | 1885-exact-components || 5049 | 1885 | F 473 | Molenpad | 1885-exact-components
1902,F474,Molenpad,renumbered-1885,address,yes,matched,yes,1,4292 | 1885 | F 474 | Molenpad | 1885-exact-components+street
1903,F475,Molenpad,renumbered-1885,address,yes,matched,yes,1,4294 | 1885 | F 475 | Molenpad | 1885-exact-components+street
1904,F476,Molenpad,renumbered-1885,address,yes,matched,yes,2,4296 | 1885 | F 476 | Molenpad | 1885-exact-components+street || 4298 | 1885 | F 476 | Molenpad | 1885-exact-components+street
1905,F477,Koningsstraat,renumbered-1885,address,yes,matched,yes,1,4031 | 1885 | F 477 | Koningstraat | 1885-exact-components
1906,F478,Koningsstraat,renumbered-1885,address,yes,matched,yes,1,4036 | 1885 | F 478 | Koningstraat | 1885-exact-components
1907,F479,Koningsstraat,renumbered-1885,address,yes,matched,yes,1,4043 | 1885 | F 479 | Koningstraat | 1885-exact-components
1908,F480,Koningsstraat,renumbered-1885,address,yes,matched,yes,3,4050 | 1885 | F 480 | Koningstraat | 1885-exact-components || 4052 | 1885 | F 480 | Koningstraat | 1885-exact-components || 4054 | 1885 | F 480 | Koningstraat | 1885-exact-components
1909,F481,Koningsstraat,renumbered-1885,address,yes,matched,yes,2,4056 | 1885 | F 481 | Koningstraat | 1885-exact-components || 4058 | 1885 | F 481 | Koningstraat | 1885-exact-components
1910,F482,Koningsstraat,renumbered-1885,address,yes,matched,yes,2,4060 | 1885 | F 482 | Koningstraat | 1885-exact-components || 4063 | 1885 | F 482 | Koningstraat | 1885-exact-components
1911,F483,Koningsstraat,renumbered-1885,address,yes,matched,yes,2,4065 | 1885 | F 483 | Koningstraat | 1885-exact-components || 4067 | 1885 | F 483 | Koningstraat | 1885-exact-components
1912,F484,Koningsstraat,renumbered-1885,address,yes,matched,yes,2,4069 | 1885 | F 484 | Koningstraat | 1885-exact-components || 4071 | 1885 | F 484 | Koningstraat | 1885-exact-components
1913,F485,Koningsstraat,renumbered-1885,address,yes,matched,yes,2,4074 | 1885 | F 485 | Koningstraat | 1885-exact-components || 4076 | 1885 | F 485 | Koningstraat | 1885-exact-components
1914,F486,Koningsstraat,renumbered-1885,address,yes,matched,yes,3,4078 | 1885 | F 486 | Koningstraat | 1885-exact-components || 4080 | 1885 | F 486 | Koningstraat | 1885-exact-components || 4082 | 1885 | F 486 | Koningstraat | 1885-exact-components
1915,F487,Koningsstraat,renumbered-1885,address,yes,matched,yes,2,4083 | 1885 | F 487 | Koningstraat | 1885-exact-components || 4084 | 1885 | F 487 | Koningstraat | 1885-exact-components
1916,F488,Koningsstraat,renumbered-1885,address,yes,matched,yes,1,4085 | 1885 | F 488 | Koningstraat | 1885-exact-components
1917,F489,Koningsstraat,renumbered-1885,address,yes,matched,yes,1,4087 | 1885 | F 489 | Koningstraat | 1885-exact-components
1918,F490,Koningsstraat,renumbered-1885,address,yes,matched,yes,3,4088 | 1885 | F 490 | Koningstraat | 1885-exact-components || 4089 | 1885 | F 490 | Koningstraat | 1885-exact-components || 4090 | 1885 | F 490 | Koningstraat | 1885-exact-components
1919,F491,Koningsstraat,renumbered-1885,address,yes,matched,yes,2,4091 | 1885 | F 491 | Koningstraat | 1885-exact-components || 4092 | 1885 | F 491 | Koningstraat | 1885-exact-components
1920,F492,Koningsstraat,renumbered-1885,address,yes,matched,yes,1,4093 | 1885 | F 492 | Koningstraat | 1885-exact-components
1921,F493,Koningsstraat,renumbered-1885,address,yes,matched,yes,1,4094 | 1885 | F 493 | Koningstraat | 1885-exact-components
1922,F494,Koningsstraat,renumbered-1885,address,yes,matched,yes,2,4095 | 1885 | F 494 | Koningstraat | 1885-exact-components || 4096 | 1885 | F 494 | Koningstraat | 1885-exact-components
1923,F495,Koningsstraat,renumbered-1885,address,yes,matched,yes,2,4097 | 1885 | F 495 | Koningstraat | 1885-exact-components || 4098 | 1885 | F 495 | Koningstraat | 1885-exact-components
1924,F496,Koningsstraat,renumbered-1885,address,yes,matched,yes,2,4099 | 1885 | F 496 | Koningstraat | 1885-exact-components || 4100 | 1885 | F 496 | Koningstraat | 1885-exact-components
1925,F497,Koningsstraat,renumbered-1885,address,yes,matched,yes,2,4101 | 1885 | F 497 | Koningstraat | 1885-exact-components || 4102 | 1885 | F 497 | Koningstraat | 1885-exact-components
1926,F498,Koningsstraat,renumbered-1885,address,yes,matched,yes,1,4103 | 1885 | F 498 | Koningstraat | 1885-exact-components
1927,F499,Koningsstraat,renumbered-1885,address,yes,matched,yes,1,4104 | 1885 | F 499 | Koningstraat | 1885-exact-components
1928,F500,Koningsstraat,renumbered-1885,address,yes,matched,yes,2,4105 | 1885 | F 500 | Koningstraat | 1885-exact-components || 4106 | 1885 | F 500 | Koningstraat | 1885-exact-components
1929,F501,Koningsstraat,renumbered-1885,address,yes,matched,yes,1,4107 | 1885 | F 501 | Koningstraat | 1885-exact-components
1930,F502,Koningsstraat,renumbered-1885,address,yes,matched,yes,4,4079 | 1885 | F 502 | Koningstraat | 1885-exact-components || 5316 | 1885 | F 502 | Koningstraat | 1885-exact-components || 5318 | 1885 | F 502 | Koningstraat | 1885-exact-components || 5320 | 1885 | F 502 | Koningstraat | 1885-exact-components
1931,F503,Koningsstraat,renumbered-1885,address,yes,matched,yes,2,4075 | 1885 | F 503 | Koningstraat | 1885-exact-components || 4077 | 1885 | F 503 | Koningstraat | 1885-exact-components
1932,F504,Koningsstraat,renumbered-1885,address,yes,matched,yes,3,4070 | 1885 | F 504 | Koningstraat | 1885-exact-components || 4072 | 1885 | F 504 | Koningstraat | 1885-exact-components || 4073 | 1885 | F 504 | Koningstraat | 1885-exact-components
1933,F505,Koningsstraat,renumbered-1885,address,yes,matched,yes,1,4068 | 1885 | F 505 | Koningstraat | 1885-exact-components
1934,F506,Koningsstraat,renumbered-1885,address,yes,matched,yes,2,4064 | 1885 | F 506 | Koningstraat | 1885-exact-components || 4066 | 1885 | F 506 | Koningstraat | 1885-exact-components
1935,F507,Koningsstraat,renumbered-1885,address,yes,matched,yes,2,4061 | 1885 | F 507 | Koningstraat | 1885-exact-components || 4062 | 1885 | F 507 | Koningstraat | 1885-exact-components
1936,F508,Koningsstraat,renumbered-1885,address,yes,matched,yes,3,3657 | 1885 | F 508 | Koningstraat | 1885-exact-components || 4057 | 1885 | F 508 | Koningstraat | 1885-exact-components || 4059 | 1885 | F 508 | Koningstraat | 1885-exact-components
1937,F509,Koningsstraat,renumbered-1885,address,yes,matched,yes,3,4051 | 1885 | F 509 | Koningstraat | 1885-exact-components || 4053 | 1885 | F 509 | Koningstraat | 1885-exact-components || 4055 | 1885 | F 509 | Koningstraat | 1885-exact-components
1938,F510,Koningsstraat,renumbered-1885,address,yes,matched,yes,1,4049 | 1885 | F 510 | Koningstraat | 1885-exact-components
1939,F511,Koningsstraat,renumbered-1885,address,yes,matched,yes,3,4046 | 1885 | F 511 | Koningstraat | 1885-exact-components || 4047 | 1885 | F 511 | Koningstraat | 1885-exact-components || 4048 | 1885 | F 511 | Koningstraat | 1885-exact-components
1940,F512,Koningsstraat,renumbered-1885,address,yes,matched,yes,2,4044 | 1885 | F 512 | Koningstraat | 1885-exact-components || 4045 | 1885 | F 512 | Koningstraat | 1885-exact-components
1941,F513,Koningsstraat,renumbered-1885,address,yes,matched,yes,2,4041 | 1885 | F 513 | Koningstraat | 1885-exact-components || 4042 | 1885 | F 513 | Koningstraat | 1885-exact-components
1942,F514,Koningsstraat,renumbered-1885,address,yes,matched,yes,1,4040 | 1885 | F 514 | Koningstraat | 1885-exact-components
1943,F515,Koningsstraat,renumbered-1885,address,yes,matched,yes,2,4038 | 1885 | F 515 | Koningstraat | 1885-exact-components || 4039 | 1885 | F 515 | Koningstraat | 1885-exact-components
1944,F516,Koningsstraat,renumbered-1885,address,yes,matched,yes,1,4037 | 1885 | F 516 | Koningstraat | 1885-exact-components
1945,F517,Koningsstraat,renumbered-1885,address,yes,matched,yes,1,4035 | 1885 | F 517 | Koningstraat | 1885-exact-components
1946,F518,Koningsstraat,renumbered-1885,address,yes,matched,yes,1,4034 | 1885 | F 518 | Koningstraat | 1885-exact-components
1947,F519,Koningsstraat,renumbered-1885,address,yes,matched,yes,2,4032 | 1885 | F 519 | Koningstraat | 1885-exact-components || 4033 | 1885 | F 519 | Koningstraat | 1885-exact-components
1948,F520,Koningsstraat,renumbered-1885,address,yes,matched,yes,3,4029 | 1885 | F 520 | Koningstraat | 1885-exact-components || 4030 | 1885 | F 520 | Koningstraat | 1885-exact-components || 4301 | 1885 | F 520 | Koningstraat | 1885-exact-components
1949,F521,Wanicastraat,renumbered-1885,address,yes,matched,yes,1,4305 | 1885 | F 521 | Wanicastraat | 1885-exact-components+street
1950,F522,Wanicastraat,renumbered-1885,address,yes,matched,yes,1,5238 | 1885 | F 522 | Wanicastraat | 1885-exact-components+street
1951,F523,Wanicastraat,renumbered-1885,address,yes,matched,yes,1,5239 | 1885 | F 523 | Wanicastraat | 1885-exact-components+street
1952,F524,Wanicastraat,renumbered-1885,address,yes,matched,yes,1,5240 | 1885 | F 524 | Wanicastraat | 1885-exact-components+street
1953,F525,Wanicastraat,renumbered-1885,address,yes,matched,yes,2,5241 | 1885 | F 525 | Wanicastraat | 1885-exact-components+street || 5242 | 1885 | F 525 | Wanicastraat | 1885-exact-components+street
1954,F526,Wanicastraat,renumbered-1885,address,yes,matched,yes,2,5243 | 1885 | F 526 | Wanicastraat | 1885-exact-components+street || 5244 | 1885 | F 526 | Wanicastraat | 1885-exact-components+street
1955,F527,Wanicastraat,renumbered-1885,address,yes,matched,yes,1,5245 | 1885 | F 527 | Wanicastraat | 1885-exact-components+street
1956,F528,Wanicastraat,renumbered-1885,address,yes,matched,yes,1,5246 | 1885 | F 528 | Wanicastraat | 1885-exact-components+street
1957,F529,Wanicastraat,renumbered-1885,address,yes,matched,yes,2,5248 | 1885 | F 529 | Wanicastraat | 1885-exact-components+street || 5249 | 1885 | F 529 | Wanicastraat | 1885-exact-components+street
1958,F530,Wanicastraat,renumbered-1885,address,yes,matched,yes,1,5250 | 1885 | F 530 | Wanicastraat | 1885-exact-components+street
1959,F531,Wanicastraat,renumbered-1885,address,yes,matched,yes,1,5251 | 1885 | F 531 | Wanicastraat | 1885-exact-components+street
1960,F532,Wanicastraat,renumbered-1885,address,yes,matched,yes,2,5252 | 1885 | F 532 | Wanicastraat | 1885-exact-components+street || 5255 | 1885 | F 532 | Wanicastraat | 1885-exact-components+street
1961,F533,Wanicastraat,renumbered-1885,address,yes,matched,yes,3,3658 | 1885 | F 533 | Wanicastraat | 1885-exact-components+street || 5257 | 1885 | F 533 | Wanicastraat | 1885-exact-components+street || 5259 | 1885 | F 533 | Wanicastraat | 1885-exact-components+street
1962,F534,Wanicastraat,renumbered-1885,address,yes,matched,yes,2,5261 | 1885 | F 534 | Wanicastraat | 1885-exact-components+street || 5262 | 1885 | F 534 | Wanicastraat | 1885-exact-components+street
1963,F535,Wanicastraat,renumbered-1885,address,yes,matched,yes,1,5264 | 1885 | F 535 | Wanicastraat | 1885-exact-components+street
1964,F536,Wanicastraat,renumbered-1885,address,yes,matched,yes,1,5266 | 1885 | F 536 | Wanicastraat | 1885-exact-components+street
1965,F537,Wanicastraat,renumbered-1885,address,yes,matched,yes,1,5268 | 1885 | F 537 | Wanicastraat | 1885-exact-components+street
1966,F538,Wanicastraat,renumbered-1885,address,yes,matched,yes,1,5269 | 1885 | F 538 | Wanicastraat | 1885-exact-components+street
1967,F539,Wanicastraat,renumbered-1885,address,yes,matched,yes,1,5270 | 1885 | F 539 | Wanicastraat | 1885-exact-components+street
1968,F540,Wanicastraat,renumbered-1885,address,yes,matched,yes,2,5271 | 1885 | F 540 | Wanicastraat | 1885-exact-components+street || 5322 | 1885 | F 540 | Wanicastraat | 1885-exact-components+street
1969,F541,Willemstraat,renumbered-1885,address,yes,matched,yes,3,4081 | 1885 | F 541 | Wanicastraat | 1885-exact-components || 5315 | 1885 | F 541 | Wanicastraat | 1885-exact-components || 5317 | 1885 | F 541 | Wanicastraat | 1885-exact-components
1970,F542,Willemstraat,renumbered-1885,address,yes,matched,yes,2,5319 | 1885 | F 542 | Wanicastraat | 1885-exact-components || 5321 | 1885 | F 542 | Wanicastraat | 1885-exact-components
1971,F543,Willemstraat,renumbered-1885,address,yes,matched,yes,2,5323 | 1885 | F 543 | Wanicastraat | 1885-exact-components || 5324 | 1885 | F 543 | Wanicastraat | 1885-exact-components
1972,F544,Willemstraat,renumbered-1885,address,yes,matched,yes,3,5325 | 1885 | F 544 | Wanicastraat | 1885-exact-components || 5326 | 1885 | F 544 | Wanicastraat | 1885-exact-components || 5327 | 1885 | F 544 | Wanicastraat | 1885-exact-components
1973,F545,Wanicastraat,renumbered-1885,address,yes,matched,yes,2,4086 | 1885 | F 545 | Wanicastraat | 1885-exact-components+street || 5272 | 1885 | F 545 | Wanicastraat | 1885-exact-components+street
1974,F,Wanicastraat,renumbered-1885,non-address-annotation,no,ignored-non-address-annotation,yes,0,
1975,F,Wanicastraat,renumbered-1885,non-address-annotation,no,ignored-non-address-annotation,yes,0,
1976,F,Gemeenelandsweg,renumbered-1885,non-address-annotation,no,ignored-non-address-annotation,yes,0,
1977,,Saramaccastraat,renumbered-1885,non-address-annotation,no,ignored-non-address-annotation,yes,0,
1978,F,Saramaccastraat,renumbered-1885,non-address-annotation,no,ignored-non-address-annotation,yes,0,
1979,F,Saramaccastraat,renumbered-1885,non-address-annotation,no,ignored-non-address-annotation,yes,0,
1980,F,,renumbered-1885,non-address-annotation,no,ignored-non-address-annotation,yes,0,
1981,F,,renumbered-1885,non-address-annotation,no,ignored-non-address-annotation,yes,0,
1982,F,,renumbered-1885,non-address-annotation,no,ignored-non-address-annotation,yes,0,
1983,,Molenpad,renumbered-1885,non-address-annotation,no,ignored-non-address-annotation,yes,0,
1984,,Wanicastraat,renumbered-1885,non-address-annotation,no,ignored-non-address-annotation,yes,0,
1985,,,renumbered-1885,non-address-annotation,no,ignored-non-address-annotation,yes,0,
1986,,,renumbered-1885,non-address-annotation,no,ignored-non-address-annotation,yes,0,
1987,,Poelepantjebrug,renumbered-1885,non-address-annotation,no,ignored-non-address-annotation,yes,0,
1988,,,renumbered-1885,non-address-annotation,no,ignored-non-address-annotation,yes,0,
1989,,Nieuwe Dominéstraat,renumbered-1885,non-address-annotation,no,ignored-non-address-annotation,yes,0,
1990,,,older-regime,non-address-annotation,no,ignored-non-address-annotation,yes,0,
1991,EBW1,Groote Combéweg,renumbered-1885,address,yes,matched,yes,2,3803 | 1885 | 1e BW 1 a | Grote Combeweg | 1885-fallback-core-only || 3804 | 1885 | 1e BW 1 b | Grote Combeweg | 1885-fallback-core-only
1992,EBW2,Groote Combéweg,renumbered-1885,address,yes,matched,yes,1,2931 | 1885 | 1e BW 2 | Grote Combeweg | 1885-exact-components
1993,EBW3,Groote Combéweg,renumbered-1885,address,yes,matched,yes,1,2942 | 1885 | 1e BW 3 | Grote Combeweg | 1885-exact-components
1994,EBW4,Groote Combéweg,renumbered-1885,address,yes,matched,yes,2,2952 | 1885 | 1e BW 4 | Grote Combeweg | 1885-exact-components || 2953 | 1885 | 1e BW 4 | Grote Combeweg | 1885-exact-components
1995,EBW5,Groote Combéweg,renumbered-1885,address,yes,matched,yes,1,2954 | 1885 | 1e BW 5 | Grote Combeweg | 1885-exact-components
1996,EBW6,Groote Combéweg,renumbered-1885,address,yes,matched,yes,3,3075 | 1885 | 1e BW 6 | Grote Combeweg | 1885-exact-components || 3076 | 1885 | 1e BW 6 a | Grote Combeweg | 1885-fallback-core-only || 3077 | 1885 | 1e BW 6 b | Grote Combeweg | 1885-fallback-core-only
1997,EBW7,Groote Combéweg,renumbered-1885,address,yes,matched,yes,3,3111 | 1885 | 1e BW 7 | Grote Combeweg | 1885-exact-components || 3112 | 1885 | 1e BW 7 | Grote Combeweg | 1885-exact-components || 3113 | 1885 | 1e BW 7 | Grote Combeweg | 1885-exact-components
1998,EBW8,Groote Combéweg,renumbered-1885,address,yes,matched,yes,3,2956 | 1885 | 1e BW 8 | Grote Combeweg | 1885-exact-components || 2957 | 1885 | 1e BW 8 | Grote Combeweg | 1885-exact-components || 2958 | 1885 | 1e BW 8 | Grote Combeweg | 1885-exact-components
1999,EBW9,Groote Combéweg,renumbered-1885,address,yes,matched,yes,1,3080 | 1885 | 1e BW 9 | Grote Combeweg | 1885-exact-components
2000,EBW10,Groote Combéweg,renumbered-1885,address,yes,matched,yes,1,2964 | 1885 | 1e BW 10 | Grote Combeweg | 1885-exact-components
2001,EBW11,Groote Combéweg,renumbered-1885,address,yes,matched,yes,2,2978 | 1885 | 1e BW 11 | Grote Combeweg | 1885-exact-components || 2979 | 1885 | 1e BW 11 | Grote Combeweg | 1885-exact-components
2002,EBW12,Groote Combéweg,renumbered-1885,address,yes,matched,yes,1,2992 | 1885 | 1e BW 12 | Grote Combeweg | 1885-exact-components
2003,EBW13,Groote Combéweg,renumbered-1885,address,yes,matched,yes,1,3083 | 1885 | 1e BW 13 | Grote Combeweg | 1885-exact-components
2004,EBW14,Groote Combéweg,renumbered-1885,address,yes,matched,yes,2,3117 | 1885 | 1e BW 14 a | Grote Combeweg | 1885-fallback-core-only || 3118 | 1885 | 1e BW 14 | Grote Combeweg | 1885-exact-components
2005,EBW24a,Groote Combéweg,renumbered-1885,address,yes,matched,yes,6,3035 | 1885 | 1e BW 24 a | Grote Combeweg | 1885-exact-components || 3036 | 1885 | 1e BW 24 a | Grote Combeweg | 1885-exact-components || 3037 | 1885 | 1e BW 24 a | Grote Combeweg | 1885-exact-components || 3041 | 1885 | 1e BW 24 b | Grote Combeweg | 1885-fallback-core-only || 3042 | 1885 | 1e BW 24 b | Grote Combeweg | 1885-fallback-core-only || 3043 | 1885 | 1e BW 24 b | Grote Combeweg | 1885-fallback-core-only
2006,EBW19,Groote Combéweg,renumbered-1885,address,yes,matched,yes,3,3013 | 1885 | 1e BW 19 | Grote Combeweg | 1885-exact-components || 3014 | 1885 | 1e BW 19 | Grote Combeweg | 1885-exact-components || 3015 | 1885 | 1e BW 19 | Grote Combeweg | 1885-exact-components
2007,EBW22,Groote Combéweg,renumbered-1885,address,yes,matched,yes,2,3028 | 1885 | 1e BW 22 | Grote Combeweg | 1885-exact-components || 3029 | 1885 | 1e BW 22 | Grote Combeweg | 1885-exact-components
2008,EBW23,Groote Combéweg,renumbered-1885,address,yes,matched,yes,3,3105 | 1885 | 1e BW 23 | Grote Combeweg | 1885-exact-components || 3106 | 1885 | 1e BW 23 | Grote Combeweg | 1885-exact-components || 3107 | 1885 | 1e BW 23 | Grote Combeweg | 1885-exact-components
2009,EBW20,Groote Combéweg,renumbered-1885,address,yes,matched,yes,2,3092 | 1885 | 1e BW 20 | Grote Combeweg | 1885-exact-components || 3093 | 1885 | 1e BW 20 | Grote Combeweg | 1885-exact-components
2010,EBW21,Groote Combéweg,renumbered-1885,address,yes,matched,yes,1,3019 | 1885 | 1e BW 21 | Grote Combeweg | 1885-exact-components
2011,EBW17,Groote Combéweg,renumbered-1885,address,yes,matched,yes,2,3008 | 1885 | 1e BW 17 | Grote Combeweg | 1885-exact-components || 3009 | 1885 | 1e BW 17 | Grote Combeweg | 1885-exact-components
2012,EBW16,Groote Combéweg,renumbered-1885,address,yes,matched,yes,1,3005 | 1885 | 1e BW 16 | Grote Combeweg | 1885-exact-components
2013,EBW15,Groote Combéweg,renumbered-1885,address,yes,matched,yes,2,2998 | 1885 | 1e BW 15 | Grote Combeweg | 1885-exact-components || 2999 | 1885 | 1e BW 15 | Grote Combeweg | 1885-exact-components
2014,EBW18,Groote Combéweg,renumbered-1885,address,yes,matched,yes,1,3102 | 1885 | 1e BW 18 | Grote Combeweg | 1885-exact-components
2015,EBW25,Groote Combéweg,renumbered-1885,address,yes,matched,yes,2,3044 | 1885 | 1e BW 25 | Grote Combeweg | 1885-exact-components || 3045 | 1885 | 1e BW 25 | Grote Combeweg | 1885-exact-components
2016,EBW26,Groote Combéweg,renumbered-1885,address,yes,matched,yes,2,3049 | 1885 | 1e BW 26 | Grote Combeweg | 1885-exact-components || 3050 | 1885 | 1e BW 26 | Grote Combeweg | 1885-exact-components
2017,EBW27,Groote Combéweg,renumbered-1885,address,yes,matched,yes,1,3055 | 1885 | 1e BW 27 | Grote Combeweg | 1885-exact-components
2018,EBW28,Groote Combéweg,renumbered-1885,address,yes,matched,yes,2,3068 | 1885 | 1e BW 28 | Grote Combeweg | 1885-exact-components || 3069 | 1885 | 1e BW 28 | Grote Combeweg | 1885-exact-components
2019,EBW29,Groote Combéweg,renumbered-1885,address,yes,matched,yes,4,3100 | 1837 | 1e BW 30 | Grote Combeweg | 1837-exact-components || 3101 | 1885 | 1e BW 29 | Grote Combeweg | 1885-exact-components || 3103 | 1885 | 1e BW 29 | Grote Combeweg | 1885-exact-components || 3104 | 1885 | 1e BW 29 | Grote Combeweg | 1885-exact-components
2020,EBW30,Groote Combéweg,renumbered-1885,address,yes,matched,yes,3,3090 | 1837 | 1e BW 32 | Grote Combeweg | 1837-exact-components || 3091 | 1837 | 1e BW 32 | Grote Combeweg | 1837-exact-components || 3100 | 1885 | 1e BW 30 | Grote Combeweg | 1885-exact-components
2021,EBW31,Groote Combéweg,renumbered-1885,address,yes,matched,yes,3,3084 | 1885 | 1e BW 31 | Grote Combeweg | 1885-exact-components || 3085 | 1885 | 1e BW 31 | Grote Combeweg | 1885-exact-components || 3086 | 1885 | 1e BW 31 | Grote Combeweg | 1885-exact-components
2022,EBW32,Groote Combéweg,renumbered-1885,address,yes,matched,yes,3,3081 | 1837 | 1e BW 33 | Grote Combeweg | 1837-exact-components || 3090 | 1885 | 1e BW 32 | Grote Combeweg | 1885-exact-components || 3091 | 1885 | 1e BW 32 | Grote Combeweg | 1885-exact-components
2023,EBW33,Groote Combéweg,renumbered-1885,address,yes,matched,yes,3,3078 | 1837 | 1e BW 34 | Grote Combeweg | 1837-exact-components || 3079 | 1837 | 1e BW 34 | Grote Combeweg | 1837-exact-components || 3081 | 1885 | 1e BW 33 | Grote Combeweg | 1885-exact-components
2024,EBW34,Groote Combéweg,renumbered-1885,address,yes,matched,yes,3,3034 | 1837 | 1e BW 36 | Grote Combeweg | 1837-exact-components || 3078 | 1885 | 1e BW 34 | Grote Combeweg | 1885-exact-components || 3079 | 1885 | 1e BW 34 | Grote Combeweg | 1885-exact-components
2025,EBW35,Groote Combéweg,renumbered-1885,address,yes,matched,yes,11,3027 | 1837 | 1e BW 37 | Grote Combeweg | 1837-exact-components || 3054 | 1837 | 1e BW 37 | Grote Combeweg | 1837-exact-components || 3060 | 1885 | 1e BW 35 | Grote Combeweg | 1885-exact-components || 3061 | 1885 | 1e BW 35 | Grote Combeweg | 1885-exact-components || 3062 | 1885 | 1e BW 35 | Grote Combeweg | 1885-exact-components || 3063 | 1885 | 1e BW 35 | Grote Combeweg | 1885-exact-components || 3064 | 1885 | 1e BW 35 | Grote Combeweg | 1885-exact-components || 3065 | 1885 | 1e BW 35 | Grote Combeweg | 1885-exact-components
2026,EBW36a,Groote Combéweg,renumbered-1885,address,yes,matched,yes,5,3018 | 1837 | 1e BW 38 | Grote Combeweg | 1837-exact-components || 3020 | 1837 | 1e BW 116 | Wichersstraat | 1837-fallback-core-only || 3021 | 1837 | 1e BW 117 | Tweede Dwarsstraat | 1837-fallback-core-only || 3022 | 1837 | 1e BW 118 | Tweede Dwarsstraat | 1837-fallback-core-only || 3034 | 1885 | 1e BW 36 | Grote Combeweg | 1885-fallback-core-only
2027,EBW37a,Groote Combéweg,renumbered-1885,address,yes,matched,yes,3,3012 | 1837 | 1e BW 39 | Grote Combeweg | 1837-fallback-core-only || 3027 | 1885 | 1e BW 37 | Grote Combeweg | 1885-fallback-core-only || 3054 | 1885 | 1e BW 37 | Grote Combeweg | 1885-fallback-core-only
2028,EBW38,Groote Combéweg,renumbered-1885,address,yes,matched,yes,3,3004 | 1837 | 1e BW 40 | Grote Combeweg | 1837-exact-components || 3007 | 1837 | 1e BW 40 | Grote Combeweg | 1837-exact-components || 3018 | 1885 | 1e BW 38 | Grote Combeweg | 1885-exact-components
2029,EBW39,Groote Combéweg,renumbered-1885,address,yes,matched,yes,2,2997 | 1837 | 1e BW 41 | Grote Combeweg | 1837-exact-components || 3012 | 1885 | 1e BW 39 | Grote Combeweg | 1885-exact-components
2030,EBW40,Groote Combéweg,renumbered-1885,address,yes,matched,yes,4,2991 | 1837 | 1e BW 42 | Grote Combeweg | 1837-fallback-core-only || 2996 | 1837 | 1e BW 114 | Eerste Dwarsstraat | 1837-fallback-core-only || 3004 | 1885 | 1e BW 40 | Grote Combeweg | 1885-exact-components || 3007 | 1885 | 1e BW 40 | Grote Combeweg | 1885-exact-components
2031,EBW41,Groote Combéweg,renumbered-1885,address,yes,matched,yes,5,2976 | 1837 | 1e BW 43 | Grote Combeweg | 1837-fallback-core-only || 2977 | 1837 | 1e BW 43 | Grote Combeweg | 1837-fallback-core-only || 2981 | 1837 | 1e BW 113 | Eerste Dwarsstraat | 1837-fallback-core-only || 2982 | 1837 | 1e BW 43 | Grote Combeweg | 1837-fallback-core-only || 2997 | 1885 | 1e BW 41 | Grote Combeweg | 1885-exact-components
2032,EBW42,Groote Combéweg,renumbered-1885,address,yes,matched,yes,3,2962 | 1837 | 1e BW 44 | Grote Combeweg | 1837-exact-components || 2963 | 1837 | 1e BW 44 | Grote Combeweg | 1837-exact-components || 2991 | 1885 | 1e BW 42 | Grote Combeweg | 1885-exact-components
2033,EBW43,Groote Combéweg,renumbered-1885,address,yes,matched,yes,4,2955 | 1837 | 1e BW 45 | Grote Combeweg | 1837-exact-components || 2976 | 1885 | 1e BW 43 | Grote Combeweg | 1885-exact-components || 2977 | 1885 | 1e BW 43 | Grote Combeweg | 1885-exact-components || 2982 | 1885 | 1e BW 43 | Grote Combeweg | 1885-exact-components
2034,EBW44,Groote Combéweg,renumbered-1885,address,yes,matched,yes,4,2950 | 1837 | 1e BW 46 | Grote Combeweg | 1837-exact-components || 2951 | 1837 | 1e BW 46 | Grote Combeweg | 1837-exact-components || 2962 | 1885 | 1e BW 44 | Grote Combeweg | 1885-exact-components || 2963 | 1885 | 1e BW 44 | Grote Combeweg | 1885-exact-components
2035,EBW45,Groote Combéweg,renumbered-1885,address,yes,matched,yes,2,2941 | 1837 | 1e BW 47 | Grote Combeweg | 1837-exact-components || 2955 | 1885 | 1e BW 45 | Grote Combeweg | 1885-exact-components
2036,EBW46,Groote Combéweg,renumbered-1885,address,yes,matched,yes,5,2929 | 1837 | 1e BW 48 | Grote Combeweg | 1837-exact-components || 2930 | 1837 | 1e BW 48 | Grote Combeweg | 1837-exact-components || 2934 | 1837 | 1e BW 48 | Grote Combeweg | 1837-exact-components || 2950 | 1885 | 1e BW 46 | Grote Combeweg | 1885-exact-components || 2951 | 1885 | 1e BW 46 | Grote Combeweg | 1885-exact-components
2037,EBW47,Groote Combéweg,renumbered-1885,address,yes,matched,yes,3,2941 | 1885 | 1e BW 47 | Grote Combeweg | 1885-exact-components || 3531 | 1837 | 1e BW 49 | Grote Combeweg | 1837-exact-components || 3537 | 1837 | 1e BW 49 | Grote Combeweg | 1837-exact-components
2038,EBW48,Groote Combéweg,renumbered-1885,address,yes,matched,yes,8,2929 | 1885 | 1e BW 48 | Grote Combeweg | 1885-exact-components || 2930 | 1885 | 1e BW 48 | Grote Combeweg | 1885-exact-components || 2934 | 1885 | 1e BW 48 | Grote Combeweg | 1885-exact-components || 3532 | 1837 | 1e BW 51 | Sommelsdijkstraat | 1837-fallback-core-only || 3533 | 1837 | 1e BW 50 | Sommelsdijkstraat | 1837-fallback-core-only || 3534 | 1837 | 1e BW 50 | Sommelsdijkstraat | 1837-fallback-core-only || 3535 | 1837 | 1e BW 51 | Sommelsdijkstraat | 1837-fallback-core-only || 3536 | 1837 | 1e BW 50 | Sommelsdijkstraat | 1837-fallback-core-only
2039,EBW49,Groote Combéweg,renumbered-1885,address,yes,matched,yes,14,2909 | 1837 | 1e BW 52 | Sommelsdijkstraat | 1837-exact-components || 2910 | 1837 | 1e BW 52 | Sommelsdijkstraat | 1837-exact-components || 2911 | 1837 | 1e BW 52 | Sommelsdijkstraat | 1837-exact-components || 2912 | 1837 | 1e BW 52 | Sommelsdijkstraat | 1837-exact-components || 2913 | 1837 | 1e BW 52 | Sommelsdijkstraat | 1837-exact-components || 2914 | 1837 | 1e BW 56 | Sommelsdijkstraat | 1837-exact-components || 2915 | 1837 | 1e BW 55 | Sommelsdijkstraat | 1837-exact-components || 2916 | 1837 | 1e BW 55 | Sommelsdijkstraat | 1837-exact-components
2040,EBW50,Sommelsdijkschestraat (Palmenlaan),renumbered-1885,address,yes,matched,yes,6,3533 | 1885 | 1e BW 50 | Sommelsdijkstraat | 1885-exact-components || 3534 | 1885 | 1e BW 50 | Sommelsdijkstraat | 1885-exact-components || 3536 | 1885 | 1e BW 50 | Sommelsdijkstraat | 1885-exact-components || 4715 | 1837 | 1e BW 103 | Sommelsdijkstraat | 1837-exact-components || 4716 | 1837 | 1e BW 103 | Sommelsdijkstraat | 1837-exact-components || 4717 | 1837 | 1e BW 103 | Sommelsdijkstraat | 1837-exact-components
2041,EBW51,Sommelsdijkschestraat (Palmenlaan),renumbered-1885,address,yes,matched,yes,5,2921 | 1837 | 1e BW 105 | Sommelsdijkstraat | 1837-fallback-core-only || 2922 | 1837 | 1e BW 104 | Sommelsdijkstraat | 1837-fallback-core-only || 2923 | 1837 | 1e BW 104 | Sommelsdijkstraat | 1837-fallback-core-only || 3532 | 1885 | 1e BW 51 | Sommelsdijkstraat | 1885-exact-components || 3535 | 1885 | 1e BW 51 | Sommelsdijkstraat | 1885-exact-components
2042,EBW52,Sommelsdijkschestraat (Palmenlaan),renumbered-1885,address,yes,matched,yes,7,2909 | 1885 | 1e BW 52 | Sommelsdijkstraat | 1885-exact-components || 2910 | 1885 | 1e BW 52 | Sommelsdijkstraat | 1885-exact-components || 2911 | 1885 | 1e BW 52 | Sommelsdijkstraat | 1885-exact-components || 2912 | 1885 | 1e BW 52 | Sommelsdijkstraat | 1885-exact-components || 2913 | 1885 | 1e BW 52 | Sommelsdijkstraat | 1885-exact-components || 2920 | 1885 | 1e BW 52 | Sommelsdijkstraat | 1885-exact-components || 2924 | 1837 | 1e BW 106 | Sommelsdijkstraat | 1837-exact-components
2043,EBW53,Sommelsdijksche kreek,renumbered-1885,address,yes,matched,yes,4,2919 | 1885 | 1e BW 53 | Sommelsdijkstraat | 1885-exact-components || 2925 | 1837 | 1e BW 149 | Sommelsdijkstraat | 1837-fallback-core-only || 2926 | 1837 | 1e BW 148 | Sommelsdijkstraat | 1837-fallback-core-only || 2927 | 1837 | 1e BW 147 | Wichersstraat | 1837-fallback-core-only
2044,EBW54,Sommelsdijksche kreek,renumbered-1885,address,yes,matched,yes,3,2917 | 1885 | 1e BW 54 | Sommelsdijkstraat | 1885-exact-components || 2918 | 1885 | 1e BW 54 | Sommelsdijkstraat | 1885-exact-components || 3243 | 1837 | 1e BW 150 | Sommelsdijkstraat | 1837-exact-components
2045,EBW55,Sommelsdijksche kreek,renumbered-1885,address,yes,matched,yes,4,2915 | 1885 | 1e BW 55 | Sommelsdijkstraat | 1885-exact-components || 2916 | 1885 | 1e BW 55 | Sommelsdijkstraat | 1885-exact-components || 3238 | 1837 | 1e BW 151 | Sommelsdijkstraat | 1837-exact-components || 3242 | 1837 | 1e BW 151 | Sommelsdijkstraat | 1837-exact-components
2046,EBW56,Sommelsdijksche kreek,renumbered-1885,address,yes,matched,yes,3,2914 | 1885 | 1e BW 56 | Sommelsdijkstraat | 1885-exact-components || 2948 | 1837 | 1e BW 107 | Wichersstraat | 1837-fallback-core-only || 2949 | 1837 | 1e BW 108 | Wichersstraat | 1837-fallback-core-only
2047,EBW57,Kleine Combéweg,renumbered-1885,address,yes,matched,yes,8,2961 | 1837 | 1e BW 110 | Wichersstraat | 1837-exact-components || 3659 | 1885 | 1e BW 57 a | Kleine Combeweg | 1885-fallback-core-only+street || 3801 | 1885 | 1e BW 57 b | Kleine Combeweg | 1885-fallback-core-only+street || 3802 | 1885 | 1e BW 57 | Kleine Combeweg | 1885-exact-components+street || 3974 | 1885 | 1e BW 57 a | Kleine Combeweg | 1885-fallback-core-only+street || 3975 | 1885 | 1e BW 57 a | Kleine Combeweg | 1885-fallback-core-only+street || 3977 | 1885 | 1e BW 57 | Kleine Combeweg | 1885-exact-components+street || 3979 | 1885 | 1e BW 57 | Kleine Combeweg | 1885-exact-components+street
2048,EBW58,Kleine Combéweg,renumbered-1885,address,yes,matched,yes,3,2968 | 1837 | 1e BW 111 | Wichersstraat | 1837-exact-components || 2969 | 1837 | 1e BW 111 | Wichersstraat | 1837-exact-components || 3976 | 1885 | 1e BW 58 | Kleine Combeweg | 1885-exact-components+street
2049,EBW59,Kleine Combéweg,renumbered-1885,address,yes,matched,yes,12,2970 | 1837 | 1e BW 112 | Wichersstraat | 1837-exact-components || 2971 | 1837 | 1e BW 112 | Wichersstraat | 1837-exact-components || 2972 | 1837 | 1e BW 112 | Wichersstraat | 1837-exact-components || 2973 | 1837 | 1e BW 112 | Wichersstraat | 1837-exact-components || 2974 | 1837 | 1e BW 112 | Wichersstraat | 1837-exact-components || 2975 | 1837 | 1e BW 112 | Wichersstraat | 1837-exact-components || 2980 | 1837 | 1e BW 112 | Wichersstraat | 1837-exact-components || 2984 | 1837 | 1e BW 112 | Wichersstraat | 1837-exact-components
2050,EBW60,Kleine Combéweg,renumbered-1885,address,yes,matched,yes,2,2995 | 1837 | 1e BW 115 | Eerste Dwarsstraat | 1837-exact-components || 3980 | 1885 | 1e BW 60 | Kleine Combeweg | 1885-exact-components+street
2051,EBW61,Kleine Combéweg,renumbered-1885,address,yes,matched,yes,5,3030 | 1837 | 1e BW 119 | Wichersstraat | 1837-exact-components || 3031 | 1837 | 1e BW 119 | Wichersstraat | 1837-exact-components || 3032 | 1837 | 1e BW 119 | Wichersstraat | 1837-exact-components || 3033 | 1837 | 1e BW 119 | Wichersstraat | 1837-exact-components || 3981 | 1885 | 1e BW 61 | Kleine Combeweg | 1885-exact-components+street
2052,EBW62,Kleine Combéweg,renumbered-1885,address,yes,matched,yes,3,3046 | 1837 | 1e BW 120 | Wichersstraat | 1837-fallback-core-only || 3047 | 1837 | 1e BW 120 | Wichersstraat | 1837-fallback-core-only || 3982 | 1885 | 1e BW 62 | Kleine Combeweg | 1885-exact-components+street
2053,EBW63,Kleine Combéweg,renumbered-1885,address,yes,matched,yes,3,3051 | 1837 | 1e BW 121 a | Wichersstraat | 1837-exact-components || 3052 | 1837 | 1e BW 121 | Wichersstraat | 1837-exact-components || 3983 | 1885 | 1e BW 63 | Kleine Combeweg | 1885-exact-components+street
2054,EBW64,Kleine Combéweg,renumbered-1885,address,yes,matched,yes,12,3056 | 1837 | 1e BW 122 | Wichersstraat | 1837-fallback-core-only || 3057 | 1837 | 1e BW 122 | Wichersstraat | 1837-fallback-core-only || 3060 | 1837 | 1e BW 35 | Grote Combeweg | 1837-fallback-core-only || 3061 | 1837 | 1e BW 35 | Grote Combeweg | 1837-fallback-core-only || 3062 | 1837 | 1e BW 35 | Grote Combeweg | 1837-fallback-core-only || 3063 | 1837 | 1e BW 35 | Grote Combeweg | 1837-fallback-core-only || 3064 | 1837 | 1e BW 35 | Grote Combeweg | 1837-fallback-core-only || 3065 | 1837 | 1e BW 35 | Grote Combeweg | 1837-fallback-core-only
2055,EBW65,Kleine Combéweg,renumbered-1885,address,yes,matched,yes,2,2894 | 1837 | 1e BW 123 | Derde Dwarsstraat | 1837-exact-components || 3985 | 1885 | 1e BW 65 | Kleine Combeweg | 1885-exact-components+street
2056,EBW66,Kleine Combéweg,renumbered-1885,address,yes,matched,yes,5,2898 | 1837 | 1e BW 124 | Wichersstraat | 1837-exact-components || 2899 | 1837 | 1e BW 124 | Wichersstraat | 1837-exact-components || 2900 | 1837 | 1e BW 124 | Wichersstraat | 1837-exact-components || 2901 | 1837 | 1e BW 124 | Wichersstraat | 1837-exact-components || 3986 | 1885 | 1e BW 66 | Kleine Combeweg | 1885-exact-components+street
2057,EBW67,Kleine Dwarsstraat,renumbered-1885,address,yes,matched,yes,2,2896 | 1837 | 1e BW 125 | Wichersstraat | 1837-exact-components || 4007 | 1885 | 1e BW 67 | Kleine Dwarsstraat | 1885-exact-components+street
2058,EBW68,Kleine Dwarsstraat,renumbered-1885,address,yes,matched,yes,2,2902 | 1837 | 1e BW 126 | Wichersstraat | 1837-exact-components || 3988 | 1885 | 1e BW 68 | Kleine Dwarsstraat | 1885-exact-components+street
2059,EBW69,Kleine Dwarsstraat,renumbered-1885,address,yes,matched,yes,6,3094 | 1837 | 1e BW 127 | Wichersstraat | 1837-exact-components || 3095 | 1837 | 1e BW 127 | Wichersstraat | 1837-exact-components || 3096 | 1837 | 1e BW 127 | Wichersstraat | 1837-exact-components || 3097 | 1837 | 1e BW 127 | Wichersstraat | 1837-exact-components || 3098 | 1837 | 1e BW 127 | Wichersstraat | 1837-exact-components || 4835 | 1885 | 1e BW 69 | Kleine Dwarsstraat | 1885-exact-components+street
2060,EBW70,Kleine Dwarsstraat,renumbered-1885,address,yes,matched,yes,3,3116 | 1837 | 1e BW 128 | Wichersstraat | 1837-exact-components || 3990 | 1885 | 1e BW 70 a | Kleine Dwarsstraat | 1885-fallback-core-only+street || 3992 | 1885 | 1e BW 70 b | Kleine Dwarsstraat | 1885-fallback-core-only+street
2061,EBW71,Kleine Dwarsstraat,renumbered-1885,address,yes,matched,yes,2,3122 | 1837 | 1e BW | Wichersstraat | 1837-exact-components || 3994 | 1885 | 1e BW 71 | Kleine Dwarsstraat | 1885-exact-components+street
2062,EBW72,Kleine Dwarsstraat,renumbered-1885,address,yes,matched,yes,6,3127 | 1837 | 1e BW 129 | Wichersstraat | 1837-fallback-core-only || 3128 | 1837 | 1e BW 131 | Wichersstraat | 1837-fallback-core-only || 3129 | 1837 | 1e BW 130 | Wichersstraat | 1837-fallback-core-only || 3130 | 1837 | 1e BW 129 a | Wichersstraat | 1837-fallback-core-only || 3996 | 1885 | 1e BW 72 | Kleine Dwarsstraat | 1885-exact-components+street || 3998 | 1885 | 1e BW 72 | Kleine Dwarsstraat | 1885-exact-components+street
2063,EBW73,Kleine Dwarsstraat,renumbered-1885,address,yes,matched,yes,4,3133 | 1837 | 1e BW 132 | Wichersstraat | 1837-exact-components || 3136 | 1837 | 1e BW 133 | Wichersstraat | 1837-exact-components || 3137 | 1837 | 1e BW 133 | Wichersstraat | 1837-exact-components || 4000 | 1885 | 1e BW 73 | Kleine Dwarsstraat | 1885-exact-components+street
2064,EBW74,Kleine Dwarsstraat,renumbered-1885,address,yes,matched,yes,3,3141 | 1837 | 1e BW 134 a | Wichersstraat | 1837-exact-components || 3142 | 1837 | 1e BW 134 b | Derde Dwarsstraat | 1837-exact-components || 4002 | 1885 | 1e BW 74 | Kleine Dwarsstraat | 1885-exact-components+street
2065,EBW75b,Kleine Dwarsstraat,renumbered-1885,address,yes,matched,yes,22,3143 | 1837 | 1e BW 169 | Tweede Dwarsstraat | 1837-fallback-core-only || 3144 | 1837 | 1e BW 170 | Crommelinstraat | 1837-fallback-core-only || 3145 | 1837 | 1e BW 170 | Crommelinstraat | 1837-fallback-core-only || 3148 | 1837 | 1e BW 169 abc | Tweede Dwarsstraat | 1837-fallback-core-only || 3149 | 1837 | 1e BW 169 abc | Tweede Dwarsstraat | 1837-fallback-core-only || 3150 | 1837 | 1e BW 169 abc | Tweede Dwarsstraat | 1837-fallback-core-only || 3151 | 1837 | 1e BW 169 abc | Tweede Dwarsstraat | 1837-fallback-core-only || 3152 | 1837 | 1e BW 168 | Tweede Dwarsstraat | 1837-fallback-core-only
2066,EBW76,Sommelsdijkschestraat (Palmenlaan),renumbered-1885,address,yes,matched,yes,4,3180 | 1837 | 1e BW 139 a | Wichersstraat | 1837-exact-components || 3181 | 1837 | 1e BW 139 b | Wichersstraat | 1837-exact-components || 3182 | 1837 | 1e BW 138 | Wichersstraat | 1837-exact-components || 4713 | 1885 | 1e BW 76 | Kleine Dwarsstraat | 1885-exact-components
2067,EBW77,Kleine Dwarsstraat,renumbered-1885,address,yes,matched,yes,6,3187 | 1837 | 1e BW 158 | Eerste Dwarsstraat | 1837-fallback-core-only || 3188 | 1837 | 1e BW 157 | Eerste Dwarsstraat | 1837-fallback-core-only || 3189 | 1837 | 1e BW 141 | Wichersstraat | 1837-fallback-core-only || 3192 | 1837 | 1e BW 141 | Wichersstraat | 1837-fallback-core-only || 3193 | 1837 | 1e BW 140 | Wichersstraat | 1837-fallback-core-only || 4712 | 1885 | 1e BW 77 | Kleine Dwarsstraat | 1885-exact-components+street
2068,EBW78,Kleine Dwarsstraat,renumbered-1885,address,yes,matched,yes,5,3235 | 1837 | 1e BW 142 | Wichersstraat | 1837-exact-components || 3236 | 1837 | 1e BW 142 | Wichersstraat | 1837-exact-components || 3237 | 1837 | 1e BW 142 | Wichersstraat | 1837-exact-components || 4005 | 1885 | 1e BW 78 | Kleine Dwarsstraat | 1885-exact-components+street || 4711 | 1885 | 1e BW 78 | Kleine Dwarsstraat | 1885-exact-components+street
2069,EBW79,Sommelsdijkschestraat (Palmenlaan),renumbered-1885,address,yes,matched,yes,6,3208 | 1837 | 1e BW 145 | Wichersstraat | 1837-fallback-core-only || 3209 | 1837 | 1e BW 145 | Wichersstraat | 1837-fallback-core-only || 3210 | 1837 | 1e BW 145 | Wichersstraat | 1837-fallback-core-only || 3211 | 1837 | 1e BW 144 | Wichersstraat | 1837-fallback-core-only || 3212 | 1837 | 1e BW 144 | Wichersstraat | 1837-fallback-core-only || 4003 | 1885 | 1e BW 79 | Kleine Dwarsstraat | 1885-exact-components
2070,EBW102,Leemsteeg,renumbered-1885,address,yes,matched,yes,2,3364 | 1837 | 1e BW | Fredericistraat | 1837-exact-components || 4710 | 1885 | 1e BW 102 | Sommelsdijkstraat | 1885-exact-components
2071,EBW80,Kleine Dwarsstraat,renumbered-1885,address,yes,matched,yes,5,3218 | 1837 | 1e BW 152 | Crommelinstraat | 1837-fallback-core-only || 3220 | 1837 | 1e BW 146 | Wichersstraat | 1837-fallback-core-only || 3221 | 1837 | 1e BW 146 | Wichersstraat | 1837-fallback-core-only || 3222 | 1837 | 1e BW 146 | Wichersstraat | 1837-fallback-core-only || 4001 | 1885 | 1e BW 80 | Kleine Dwarsstraat | 1885-exact-components+street
2072,EBW81,Kleine Dwarsstraat,renumbered-1885,address,yes,matched,yes,4,3223 | 1837 | 1e BW 153 | Crommelinstraat | 1837-fallback-core-only || 3224 | 1837 | 1e BW 154 | Crommelinstraat | 1837-fallback-core-only || 3225 | 1837 | 1e BW 154 | Crommelinstraat | 1837-fallback-core-only || 3999 | 1885 | 1e BW 81 | Kleine Dwarsstraat | 1885-exact-components+street
2073,EBW82,Kleine Dwarsstraat,renumbered-1885,address,yes,matched,yes,4,3213 | 1837 | 1e BW 155 | Crommelinstraat | 1837-fallback-core-only || 3216 | 1837 | 1e BW 143 | Wichersstraat | 1837-fallback-core-only || 3217 | 1837 | 1e BW 143 | Wichersstraat | 1837-fallback-core-only || 3997 | 1885 | 1e BW 82 | Kleine Dwarsstraat | 1885-exact-components+street
2074,EBW83,Kleine Dwarsstraat,renumbered-1885,address,yes,matched,yes,4,3204 | 1837 | 1e BW 156 | Crommelinstraat | 1837-exact-components || 3207 | 1837 | 1e BW 156 | Crommelinstraat | 1837-exact-components || 3993 | 1885 | 1e BW 83 | Kleine Dwarsstraat | 1885-exact-components+street || 3995 | 1885 | 1e BW 83 | Kleine Dwarsstraat | 1885-exact-components+street
2075,EBW84,Kleine Dwarsstraat,renumbered-1885,address,yes,matched,yes,3,3194 | 1837 | 1e BW 160 | Eerste Dwarsstraat | 1837-fallback-core-only || 3199 | 1837 | 1e BW 159 | Eerste Dwarsstraat | 1837-fallback-core-only || 3991 | 1885 | 1e BW 84 | Kleine Dwarsstraat | 1885-exact-components+street
2076,EBW85,Kleine Dwarsstraat,renumbered-1885,address,yes,matched,yes,6,3195 | 1837 | 1e BW 161 | Crommelinstraat | 1837-exact-components || 3196 | 1837 | 1e BW 161 | Crommelinstraat | 1837-exact-components || 3197 | 1837 | 1e BW 161 | Crommelinstraat | 1837-exact-components || 3198 | 1837 | 1e BW 161 | Crommelinstraat | 1837-exact-components || 3987 | 1885 | 1e BW 85 | Kleine Dwarsstraat | 1885-exact-components+street || 3989 | 1885 | 1e BW 85 | Kleine Dwarsstraat | 1885-exact-components+street
2077,EBW86,Kleine Dwarsstraat,renumbered-1885,address,yes,matched,yes,5,3165 | 1837 | 1e BW 171 | Derde Dwarsstraat | 1837-exact-components || 3170 | 1837 | 1e BW 171 | Derde Dwarsstraat | 1837-exact-components || 3171 | 1837 | 1e BW 172 | Derde Dwarsstraat | 1837-exact-components || 4008 | 1885 | 1e BW 86 | Kleine Waterstraat | 1885-exact-components || 4010 | 1885 | 1e BW 86 | Kleine Waterstraat | 1885-exact-components
2078,EBW87,Kleine Waterstraat,renumbered-1885,address,yes,matched,yes,7,3244 | 1837 | 1e BW 180 | Crommelinstraat | 1837-exact-components || 3249 | 1837 | 1e BW 180 | Crommelinstraat | 1837-exact-components || 3252 | 1837 | 1e BW 180 | Crommelinstraat | 1837-exact-components || 3257 | 1837 | 1e BW 180 | Crommelinstraat | 1837-exact-components || 3264 | 1837 | 1e BW 180 | Crommelinstraat | 1837-exact-components || 3266 | 1837 | 1e BW 180 | Crommelinstraat | 1837-exact-components || 4012 | 1885 | 1e BW 87 | Kleine Waterstraat | 1885-exact-components+street
2079,EBW88,Kleine Waterstraat,renumbered-1885,address,yes,matched,yes,3,3270 | 1837 | 1e BW 179 | Crommelinstraat | 1837-exact-components || 4013 | 1885 | 1e BW 88 | Kleine Waterstraat | 1885-exact-components+street || 4014 | 1885 | 1e BW 88 | Kleine Waterstraat | 1885-exact-components+street
2080,EBW89,Kleine Waterstraat,renumbered-1885,address,yes,matched,yes,14,3283 | 1837 | 1e BW 181 | Crommelinstraat | 1837-fallback-core-only || 3284 | 1837 | 1e BW 181 | Crommelinstraat | 1837-fallback-core-only || 3285 | 1837 | 1e BW 181 | Crommelinstraat | 1837-fallback-core-only || 3288 | 1837 | 1e BW 201 | Tweede Dwarsstraat | 1837-fallback-core-only || 3289 | 1837 | 1e BW 200 | Tweede Dwarsstraat | 1837-fallback-core-only || 3290 | 1837 | 1e BW 199 | Tweede Dwarsstraat | 1837-fallback-core-only || 3291 | 1837 | 1e BW 199 | Tweede Dwarsstraat | 1837-fallback-core-only || 3292 | 1837 | 1e BW 199 | Tweede Dwarsstraat | 1837-fallback-core-only
2081,EBW90,Kleine Waterstraat,renumbered-1885,address,yes,matched,yes,5,3303 | 1837 | 1e BW 182 | Crommelinstraat | 1837-exact-components || 3306 | 1837 | 1e BW 182 | Crommelinstraat | 1837-exact-components || 3307 | 1837 | 1e BW 182 | Crommelinstraat | 1837-exact-components || 3308 | 1837 | 1e BW 182 | Crommelinstraat | 1837-exact-components || 4017 | 1885 | 1e BW 90 | Kleine Waterstraat | 1885-exact-components+street
2082,EBW91,Kleine Waterstraat,renumbered-1885,address,yes,matched,yes,4,3304 | 1837 | 1e BW 198 | Tweede Dwarsstraat | 1837-exact-components || 3305 | 1837 | 1e BW 198 | Tweede Dwarsstraat | 1837-exact-components || 4018 | 1885 | 1e BW 91 | Kleine Waterstraat | 1885-exact-components+street || 4019 | 1885 | 1e BW 91 | Kleine Waterstraat | 1885-exact-components+street
2083,EBW92,Nepveugracht,renumbered-1885,address,yes,matched,yes,2,3298 | 1837 | 1e BW 197 | Tweede Dwarsstraat | 1837-exact-components || 5289 | 1885 | 1e BW 92 | Nepveugracht | 1885-exact-components+street
2084,EBW93,Nepveugracht,renumbered-1885,address,yes,matched,yes,7,3349 | 1837 | 1e BW 189 | Nepveugracht | 1837-exact-components+street || 3352 | 1837 | 1e BW 189 | Nepveugracht | 1837-exact-components+street || 3355 | 1837 | 1e BW 189 | Nepveugracht | 1837-exact-components+street || 3357 | 1837 | 1e BW 189 | Nepveugracht | 1837-exact-components+street || 3361 | 1837 | 1e BW 189 | Nepveugracht | 1837-exact-components+street || 5291 | 1885 | 1e BW 93 | Nepveugracht | 1885-exact-components+street || 5292 | 1885 | 1e BW 93 | Nepveugracht | 1885-exact-components+street
2085,EBW94,Nepveugracht,renumbered-1885,address,yes,matched,yes,8,3340 | 1837 | 1e BW 183 | Crommelinstraat | 1837-fallback-core-only || 3342 | 1837 | 1e BW 192 | Nepveugracht | 1837-fallback-core-only+street || 3343 | 1837 | 1e BW 192 | Nepveugracht | 1837-fallback-core-only+street || 3344 | 1837 | 1e BW 183 | Crommelinstraat | 1837-fallback-core-only || 3345 | 1837 | 1e BW 191 | Nepveugracht | 1837-fallback-core-only+street || 3346 | 1837 | 1e BW 192 | Nepveugracht | 1837-fallback-core-only+street || 5293 | 1885 | 1e BW 94 | Nepveugracht | 1885-exact-components+street || 5294 | 1885 | 1e BW 94 | Nepveugracht | 1885-exact-components+street
2086,EBW95,Nepveugracht,renumbered-1885,address,yes,matched,yes,13,3320 | 1837 | 1e BW 193 | Nepveugracht | 1837-fallback-core-only+street || 3321 | 1837 | 1e BW 193 | Nepveugracht | 1837-fallback-core-only+street || 3322 | 1837 | 1e BW 193 | Nepveugracht | 1837-fallback-core-only+street || 3323 | 1837 | 1e BW 193 | Nepveugracht | 1837-fallback-core-only+street || 3324 | 1837 | 1e BW 193 | Nepveugracht | 1837-fallback-core-only+street || 3328 | 1837 | 1e BW 193 | Nepveugracht | 1837-fallback-core-only+street || 3329 | 1837 | 1e BW 193 | Nepveugracht | 1837-fallback-core-only+street || 3330 | 1837 | 1e BW 194 | Nepveugracht | 1837-fallback-core-only+street
2087,EBW96,Sommelsdijkschestraat (Palmenlaan),renumbered-1885,address,yes,matched,yes,3,3313 | 1837 | 1e BW 195 | Nepveugracht | 1837-exact-components || 3319 | 1837 | 1e BW 195 | Nepveugracht | 1837-exact-components || 4702 | 1885 | 1e BW 96 | Sommelsdijkstraat | 1885-exact-components
2088,EBW97,Sommelsdijkschestraat (Palmenlaan),renumbered-1885,address,yes,matched,yes,2,3297 | 1837 | 1e BW 196 | Nepveugracht | 1837-exact-components || 4705 | 1885 | 1e BW 97 | Sommelsdijkstraat | 1885-exact-components
2089,EBW98,Sommelsdijkschestraat (Palmenlaan),renumbered-1885,address,yes,matched,yes,2,3517 | 1837 | 1e BW 210 | Nepveugracht | 1837-exact-components || 4706 | 1885 | 1e BW 98 | Sommelsdijkstraat | 1885-exact-components
2090,EBW99,Sommelsdijkschestraat (Palmenlaan),renumbered-1885,address,yes,matched,yes,3,3281 | 1837 | 1e BW 203 | Nepveugracht | 1837-exact-components || 3282 | 1837 | 1e BW 203 | Nepveugracht | 1837-exact-components || 4707 | 1885 | 1e BW 99 | Sommelsdijkstraat | 1885-exact-components
2091,EBW100,Sommelsdijkschestraat (Palmenlaan),renumbered-1885,address,yes,matched,yes,3,3276 | 1837 | 1e BW 204 | Nepveugracht | 1837-exact-components || 3277 | 1837 | 1e BW 204 | Nepveugracht | 1837-exact-components || 4708 | 1885 | 1e BW 100 | Sommelsdijkstraat | 1885-exact-components
2092,EBW101,Sommelsdijkschestraat (Palmenlaan),renumbered-1885,address,yes,matched,yes,3,3274 | 1837 | 1e BW 205 | Nepveugracht | 1837-exact-components || 4187 | 1885 | 1e BW 101 | Sommelsdijkstraat | 1885-exact-components || 4709 | 1885 | 1e BW 101 | Sommelsdijkstraat | 1885-exact-components
2093,EBW103,Sommelsdijkschestraat (Palmenlaan),renumbered-1885,address,yes,matched,yes,4,3393 | 1837 | 1e BW | Fredericistraat | 1837-exact-components || 4715 | 1885 | 1e BW 103 | Sommelsdijkstraat | 1885-exact-components || 4716 | 1885 | 1e BW 103 | Sommelsdijkstraat | 1885-exact-components || 4717 | 1885 | 1e BW 103 | Sommelsdijkstraat | 1885-exact-components
2094,EBW104,Sommelsdijkschestraat (Palmenlaan),renumbered-1885,address,yes,matched,yes,3,2922 | 1885 | 1e BW 104 | Sommelsdijkstraat | 1885-exact-components || 2923 | 1885 | 1e BW 104 | Sommelsdijkstraat | 1885-exact-components || 3396 | 1837 | 1e BW | Fredericistraat | 1837-exact-components
2095,EBW105,Sommelsdijkschestraat (Palmenlaan),renumbered-1885,address,yes,matched,yes,2,2921 | 1885 | 1e BW 105 | Sommelsdijkstraat | 1885-exact-components || 3366 | 1837 | 1e BW | Fredericistraat | 1837-exact-components
2096,EBW106,Sommelsdijkschestraat (Palmenlaan),renumbered-1885,address,yes,matched,yes,2,2924 | 1885 | 1e BW 106 | Sommelsdijkstraat | 1885-exact-components || 3369 | 1837 | 1e BW | Fredericistraat | 1837-exact-components
2097,EBW107,Wichersstraat,renumbered-1885,address,yes,matched,yes,2,2948 | 1885 | 1e BW 107 | Wichersstraat | 1885-exact-components+street || 3372 | 1837 | 1e BW | Fredericistraat | 1837-exact-components
2098,EBW108,Wichersstraat,renumbered-1885,address,yes,matched,yes,2,2949 | 1885 | 1e BW 108 | Wichersstraat | 1885-exact-components+street || 3375 | 1837 | 1e BW | Fredericistraat | 1837-exact-components
2099,EBW109,Wichersstraat,renumbered-1885,address,yes,matched,yes,3,3379 | 1837 | 1e BW | Fredericistraat | 1837-exact-components || 5287 | 1885 | 1e BW 109 | Wichersstraat | 1885-exact-components+street || 5288 | 1885 | 1e BW 109 | Wichersstraat | 1885-exact-components+street
2100,EBW110,Wichersstraat,renumbered-1885,address,yes,matched,yes,10,2961 | 1885 | 1e BW 110 | Wichersstraat | 1885-exact-components+street || 3380 | 1837 | 1e BW 207 | Nepveugracht | 1837-exact-components || 3381 | 1837 | 1e BW 207 | Nepveugracht | 1837-exact-components || 3382 | 1837 | 1e BW 207 | Nepveugracht | 1837-exact-components || 3385 | 1837 | 1e BW 207 | Nepveugracht | 1837-exact-components || 3386 | 1837 | 1e BW 207 | Nepveugracht | 1837-exact-components || 3387 | 1837 | 1e BW 207 | Nepveugracht | 1837-exact-components || 3388 | 1837 | 1e BW 206 b | Nepveugracht | 1837-exact-components
2101,EBW111,Wichersstraat,renumbered-1885,address,yes,matched,yes,3,2968 | 1885 | 1e BW 111 | Wichersstraat | 1885-exact-components+street || 2969 | 1885 | 1e BW 111 | Wichersstraat | 1885-exact-components+street || 3412 | 1837 | 1e BW 214 | Tweede Dwarsstraat | 1837-exact-components
2102,EBW112a,Wichersstraat,renumbered-1885,address,yes,matched,yes,12,2970 | 1885 | 1e BW 112 | Wichersstraat | 1885-fallback-core-only+street || 2971 | 1885 | 1e BW 112 | Wichersstraat | 1885-fallback-core-only+street || 2972 | 1885 | 1e BW 112 | Wichersstraat | 1885-fallback-core-only+street || 2973 | 1885 | 1e BW 112 | Wichersstraat | 1885-fallback-core-only+street || 2974 | 1885 | 1e BW 112 | Wichersstraat | 1885-fallback-core-only+street || 2975 | 1885 | 1e BW 112 | Wichersstraat | 1885-fallback-core-only+street || 2980 | 1885 | 1e BW 112 | Wichersstraat | 1885-fallback-core-only+street || 2984 | 1885 | 1e BW 112 | Wichersstraat | 1885-fallback-core-only+street
2103,EBW113,Eerste dwarsstraat,renumbered-1885,address,yes,matched,yes,3,2981 | 1885 | 1e BW 113 | Eerste Dwarsstraat | 1885-exact-components+street || 3889 | 1837 | 1e BW 216 | Tweede Dwarsstraat | 1837-fallback-core-only || 3890 | 1837 | 1e BW 215 | Tweede Dwarsstraat | 1837-fallback-core-only
2104,EBW114,Eerste dwarsstraat,renumbered-1885,address,yes,matched,yes,2,2996 | 1885 | 1e BW 114 | Eerste Dwarsstraat | 1885-exact-components+street || 3415 | 1837 | 1e BW 217 | Tweede Dwarsstraat | 1837-exact-components
2105,EBW115,Eerste dwarsstraat,renumbered-1885,address,yes,matched,yes,7,2995 | 1885 | 1e BW 115 | Eerste Dwarsstraat | 1885-exact-components+street || 3424 | 1837 | 1e BW 219 | Tweede Dwarsstraat | 1837-fallback-core-only || 3425 | 1837 | 1e BW 219 | Tweede Dwarsstraat | 1837-fallback-core-only || 3426 | 1837 | 1e BW 218 | Tweede Dwarsstraat | 1837-fallback-core-only || 3427 | 1837 | 1e BW 219 | Tweede Dwarsstraat | 1837-fallback-core-only || 3428 | 1837 | 1e BW 219 | Tweede Dwarsstraat | 1837-fallback-core-only || 3429 | 1837 | 1e BW 219 | Tweede Dwarsstraat | 1837-fallback-core-only
2106,EBW116,Wichersstraat,renumbered-1885,address,yes,matched,yes,11,3020 | 1885 | 1e BW 116 | Wichersstraat | 1885-exact-components+street || 3505 | 1837 | 1e BW 212 ca | Grote Waterstraat | 1837-exact-components || 3511 | 1837 | 1e BW 212 ca | Grote Waterstraat | 1837-exact-components || 3512 | 1837 | 1e BW 212 ca | Grote Waterstraat | 1837-exact-components || 3515 | 1837 | 1e BW 212 b1 | Grote Waterstraat | 1837-exact-components || 3516 | 1837 | 1e BW 212 | Grote Waterstraat | 1837-exact-components || 3518 | 1837 | 1e BW 212 | Grote Waterstraat | 1837-exact-components || 3519 | 1837 | 1e BW 212 | Grote Waterstraat | 1837-exact-components
2107,EBW117,Tweede Dwarsstraat,renumbered-1885,address,yes,matched,yes,7,3021 | 1885 | 1e BW 117 | Tweede Dwarsstraat | 1885-exact-components+street || 3523 | 1837 | 1e BW 213 | Grote Waterstraat | 1837-exact-components || 3524 | 1837 | 1e BW 213 | Grote Waterstraat | 1837-exact-components || 3526 | 1837 | 1e BW 208 | Nepveugracht | 1837-fallback-core-only || 3527 | 1837 | 1e BW 208 | Nepveugracht | 1837-fallback-core-only || 3528 | 1837 | 1e BW 209 | Nepveugracht | 1837-fallback-core-only || 3529 | 1837 | 1e BW 208 | Nepveugracht | 1837-fallback-core-only
2108,EBW118,Tweede Dwarsstraat,renumbered-1885,address,yes,matched,yes,3,3022 | 1885 | 1e BW 118 | Tweede Dwarsstraat | 1885-exact-components+street || 3443 | 1837 | 1e BW | Fredericistraat | 1837-exact-components || 3447 | 1837 | 1e BW | Fredericistraat | 1837-exact-components
2109,EBW119,Wichersstraat,renumbered-1885,address,yes,matched,yes,5,2928 | 1837 | 1e BW | Fredericistraat | 1837-exact-components || 3030 | 1885 | 1e BW 119 | Wichersstraat | 1885-exact-components+street || 3031 | 1885 | 1e BW 119 | Wichersstraat | 1885-exact-components+street || 3032 | 1885 | 1e BW 119 | Wichersstraat | 1885-exact-components+street || 3033 | 1885 | 1e BW 119 | Wichersstraat | 1885-exact-components+street
2110,EBW120,Wichersstraat,renumbered-1885,address,yes,matched,yes,3,3046 | 1885 | 1e BW 120 | Wichersstraat | 1885-exact-components+street || 3047 | 1885 | 1e BW 120 | Wichersstraat | 1885-exact-components+street || 3410 | 1837 | 1e BW | Fredericistraat | 1837-exact-components
2111,EBW121,Wichersstraat,renumbered-1885,address,yes,matched,yes,3,3051 | 1885 | 1e BW 121 a | Wichersstraat | 1885-fallback-core-only+street || 3052 | 1885 | 1e BW 121 | Wichersstraat | 1885-exact-components+street || 3409 | 1837 | 1e BW | Fredericistraat | 1837-exact-components
2112,EBW122,Wichersstraat,renumbered-1885,address,yes,matched,yes,3,3056 | 1885 | 1e BW 122 | Wichersstraat | 1885-exact-components+street || 3057 | 1885 | 1e BW 122 | Wichersstraat | 1885-exact-components+street || 3399 | 1837 | 1e BW | Fredericistraat | 1837-exact-components
2113,EBW123,Derde Dwarsstraat,renumbered-1885,address,yes,matched,yes,2,2894 | 1885 | 1e BW 123 | Derde Dwarsstraat | 1885-exact-components+street || 3437 | 1837 | 1e BW | Fredericistraat | 1837-exact-components
2114,EBW124,Wichersstraat,renumbered-1885,address,yes,matched,yes,5,2898 | 1885 | 1e BW 124 | Wichersstraat | 1885-exact-components+street || 2899 | 1885 | 1e BW 124 | Wichersstraat | 1885-exact-components+street || 2900 | 1885 | 1e BW 124 | Wichersstraat | 1885-exact-components+street || 2901 | 1885 | 1e BW 124 | Wichersstraat | 1885-exact-components+street || 3401 | 1837 | 1e BW | Fredericistraat | 1837-exact-components
2115,EBW125,Wichersstraat,renumbered-1885,address,yes,matched,yes,2,2896 | 1885 | 1e BW 125 | Wichersstraat | 1885-exact-components+street || 3440 | 1837 | 1e BW | Fredericistraat | 1837-exact-components
2116,EBW126,Wichersstraat,renumbered-1885,address,yes,matched,yes,2,2902 | 1885 | 1e BW 126 | Wichersstraat | 1885-exact-components+street || 3406 | 1837 | 1e BW | Fredericistraat | 1837-exact-components
2117,EBW127,Wichersstraat,renumbered-1885,address,yes,matched,yes,6,3094 | 1885 | 1e BW 127 | Wichersstraat | 1885-exact-components+street || 3095 | 1885 | 1e BW 127 | Wichersstraat | 1885-exact-components+street || 3096 | 1885 | 1e BW 127 | Wichersstraat | 1885-exact-components+street || 3097 | 1885 | 1e BW 127 | Wichersstraat | 1885-exact-components+street || 3098 | 1885 | 1e BW 127 | Wichersstraat | 1885-exact-components+street || 3408 | 1837 | 1e BW | Fredericistraat | 1837-exact-components
2118,EBW128,Wichersstraat,renumbered-1885,address,yes,matched,yes,10,3116 | 1885 | 1e BW 128 | Wichersstraat | 1885-exact-components+street || 3448 | 1837 | 1e BW 229 | Grote Waterstraat | 1837-fallback-core-only || 3449 | 1837 | 1e BW 230 | Grote Waterstraat | 1837-fallback-core-only || 3450 | 1837 | 1e BW 230 | Grote Waterstraat | 1837-fallback-core-only || 3451 | 1837 | 1e BW 230 | Grote Waterstraat | 1837-fallback-core-only || 3454 | 1837 | 1e BW 230 | Grote Waterstraat | 1837-fallback-core-only || 3455 | 1837 | 1e BW 244 | Grote Waterstraat | 1837-fallback-core-only || 3458 | 1837 | 1e BW 244 | Grote Waterstraat | 1837-fallback-core-only
2119,EBW129,Wichersstraat,renumbered-1885,address,yes,matched,yes,7,3127 | 1885 | 1e BW 129 | Wichersstraat | 1885-exact-components+street || 3130 | 1885 | 1e BW 129 a | Wichersstraat | 1885-fallback-core-only+street || 3467 | 1837 | 1e BW 231 | Grote Waterstraat | 1837-exact-components || 3468 | 1837 | 1e BW 231 a | Grote Waterstraat | 1837-exact-components || 3469 | 1837 | 1e BW 243 | Grote Waterstraat | 1837-exact-components || 3470 | 1837 | 1e BW 243 | Grote Waterstraat | 1837-exact-components || 3471 | 1837 | 1e BW 231 b | Grote Waterstraat | 1837-exact-components
2120,EBW130,Wichersstraat,renumbered-1885,address,yes,matched,yes,32,3129 | 1885 | 1e BW 130 | Wichersstraat | 1885-exact-components+street || 3473 | 1837 | 1e BW 242 | Grote Waterstraat | 1837-exact-components || 3474 | 1837 | 1e BW 241 | Grote Waterstraat | 1837-fallback-core-only || 3475 | 1837 | 1e BW 242 | Grote Waterstraat | 1837-exact-components || 3476 | 1837 | 1e BW 240 a | Grote Waterstraat | 1837-fallback-core-only || 3477 | 1837 | 1e BW 240 b | Grote Waterstraat | 1837-fallback-core-only || 3478 | 1837 | 1e BW 239 | Grote Waterstraat | 1837-fallback-core-only || 3479 | 1837 | 1e BW 239 | Grote Waterstraat | 1837-fallback-core-only
2121,EBW131,Wichersstraat,renumbered-1885,address,yes,matched,yes,4,2878 | 1837 | 1e BW 238 | Grote Waterstraat | 1837-exact-components || 2879 | 1837 | 1e BW 237 | Grote Waterstraat | 1837-fallback-core-only || 2880 | 1837 | 1e BW 237 | Grote Waterstraat | 1837-fallback-core-only || 3128 | 1885 | 1e BW 131 | Wichersstraat | 1885-exact-components+street
2122,EBW132,Wichersstraat,renumbered-1885,address,yes,matched,yes,5,2905 | 1837 | 1e BW 245 | Grote Waterstraat | 1837-exact-components || 2906 | 1837 | 1e BW 245 b1 | Grote Waterstraat | 1837-exact-components || 2907 | 1837 | 1e BW 245 | Grote Waterstraat | 1837-exact-components || 2908 | 1837 | 1e BW 245 | Grote Waterstraat | 1837-exact-components || 3133 | 1885 | 1e BW 132 | Wichersstraat | 1885-exact-components+street
2123,EBW133,Wichersstraat,renumbered-1885,address,yes,matched,yes,3,2904 | 1837 | 1e BW 246 | Grote Waterstraat | 1837-exact-components || 3136 | 1885 | 1e BW 133 | Wichersstraat | 1885-exact-components+street || 3137 | 1885 | 1e BW 133 | Wichersstraat | 1885-exact-components+street
2124,EBW134,Wichersstraat,renumbered-1885,address,yes,matched,yes,4,3141 | 1885 | 1e BW 134 a | Wichersstraat | 1885-fallback-core-only+street || 3142 | 1885 | 1e BW 134 b | Derde Dwarsstraat | 1885-fallback-core-only+street || 3874 | 1837 | 1e BW 247 a | Grote Waterstraat | 1837-exact-components || 3875 | 1837 | 1e BW 247 b | Grote Waterstraat | 1837-exact-components
2125,EBW135,Wichersstraat,renumbered-1885,address,yes,matched,yes,5,3157 | 1885 | 1e BW 135 | Wichersstraat | 1885-exact-components+street || 3158 | 1885 | 1e BW 135 | Wichersstraat | 1885-exact-components+street || 3163 | 1885 | 1e BW 135 | Wichersstraat | 1885-exact-components+street || 3164 | 1885 | 1e BW 135 | Wichersstraat | 1885-exact-components+street || 3873 | 1837 | 1e BW 248 | Grote Waterstraat | 1837-exact-components
2126,EBW136,Wichersstraat,renumbered-1885,address,yes,matched,yes,7,3161 | 1885 | 1e BW 136 | Wichersstraat | 1885-exact-components+street || 3162 | 1885 | 1e BW 136 | Wichersstraat | 1885-exact-components+street || 3863 | 1837 | 1e BW 249 | Grote Waterstraat | 1837-exact-components || 3865 | 1837 | 1e BW 249 | Grote Waterstraat | 1837-exact-components || 3867 | 1837 | 1e BW 249 | Grote Waterstraat | 1837-exact-components || 3869 | 1837 | 1e BW 249 | Grote Waterstraat | 1837-exact-components || 3871 | 1837 | 1e BW 249 | Grote Waterstraat | 1837-exact-components
2127,EBW137,Wichersstraat,renumbered-1885,address,yes,matched,yes,10,3159 | 1885 | 1e BW 137 | Wichersstraat | 1885-exact-components+street || 3160 | 1885 | 1e BW 137 | Wichersstraat | 1885-exact-components+street || 3858 | 1837 | 1e BW 211 | Grote Waterstraat | 1837-exact-components || 3862 | 1837 | 1e BW 211 | Grote Waterstraat | 1837-exact-components || 3864 | 1837 | 1e BW 211 aa | Grote Waterstraat | 1837-exact-components || 3866 | 1837 | 1e BW 211 ab | Grote Waterstraat | 1837-exact-components || 3868 | 1837 | 1e BW 211 ac | Grote Waterstraat | 1837-exact-components || 3870 | 1837 | 1e BW 211 a | Grote Waterstraat | 1837-exact-components
2128,EBW138,Wichersstraat,renumbered-1885,address,yes,matched,yes,3,3182 | 1885 | 1e BW 138 | Wichersstraat | 1885-exact-components+street || 3879 | 1837 | 1e BW 228 | Grote Waterstraat | 1837-exact-components || 3880 | 1837 | 1e BW 228 | Grote Waterstraat | 1837-exact-components
2129,EBW139,Wichersstraat,renumbered-1885,address,yes,matched,yes,4,3180 | 1885 | 1e BW 139 a | Wichersstraat | 1885-fallback-core-only+street || 3181 | 1885 | 1e BW 139 b | Wichersstraat | 1885-fallback-core-only+street || 3877 | 1837 | 1e BW 227 a | Grote Waterstraat | 1837-exact-components || 3878 | 1837 | 1e BW 227 b | Grote Waterstraat | 1837-exact-components
2130,EBW140,Wichersstraat,renumbered-1885,address,yes,matched,yes,2,3193 | 1885 | 1e BW 140 | Wichersstraat | 1885-exact-components+street || 3876 | 1837 | 1e BW 226 | Grote Waterstraat | 1837-exact-components
2131,EBW141,Wichersstraat,renumbered-1885,address,yes,matched,yes,2,3189 | 1885 | 1e BW 141 | Wichersstraat | 1885-exact-components+street || 3192 | 1885 | 1e BW 141 | Wichersstraat | 1885-exact-components+street
2132,EBW142,Wichersstraat,renumbered-1885,address,yes,matched,yes,3,3235 | 1885 | 1e BW 142 | Wichersstraat | 1885-exact-components+street || 3236 | 1885 | 1e BW 142 | Wichersstraat | 1885-exact-components+street || 3237 | 1885 | 1e BW 142 | Wichersstraat | 1885-exact-components+street
2133,EBW143,Wichersstraat,renumbered-1885,address,yes,matched,yes,2,3216 | 1885 | 1e BW 143 | Wichersstraat | 1885-exact-components+street || 3217 | 1885 | 1e BW 143 | Wichersstraat | 1885-exact-components+street
2134,EBW144a,Wichersstraat,renumbered-1885,address,yes,matched,yes,4,3211 | 1885 | 1e BW 144 | Wichersstraat | 1885-fallback-core-only+street || 3212 | 1885 | 1e BW 144 | Wichersstraat | 1885-fallback-core-only+street || 5287 | 1837 | 1e BW 109 | Wichersstraat | 1837-fallback-core-only+street || 5288 | 1837 | 1e BW 109 | Wichersstraat | 1837-fallback-core-only+street
2135,EBW145,Wichersstraat,renumbered-1885,address,yes,matched,yes,3,3208 | 1885 | 1e BW 145 | Wichersstraat | 1885-exact-components+street || 3209 | 1885 | 1e BW 145 | Wichersstraat | 1885-exact-components+street || 3210 | 1885 | 1e BW 145 | Wichersstraat | 1885-exact-components+street
2136,EBW146,Wichersstraat,renumbered-1885,address,yes,matched,yes,3,3220 | 1885 | 1e BW 146 | Wichersstraat | 1885-exact-components+street || 3221 | 1885 | 1e BW 146 | Wichersstraat | 1885-exact-components+street || 3222 | 1885 | 1e BW 146 | Wichersstraat | 1885-exact-components+street
2137,EBW147a,Wichersstraat,renumbered-1885,address,yes,matched,yes,1,2927 | 1885 | 1e BW 147 | Wichersstraat | 1885-fallback-core-only+street
2138,EBW148,Sommelsdijkschestraat (Palmenlaan),renumbered-1885,address,yes,matched,yes,1,2926 | 1885 | 1e BW 148 | Sommelsdijkstraat | 1885-exact-components
2139,EBW149,Sommelsdijkschestraat (Palmenlaan),renumbered-1885,address,yes,matched,yes,1,2925 | 1885 | 1e BW 149 | Sommelsdijkstraat | 1885-exact-components
2140,EBW150,Sommelsdijkschestraat (Palmenlaan),renumbered-1885,address,yes,matched,yes,1,3243 | 1885 | 1e BW 150 | Sommelsdijkstraat | 1885-exact-components
2141,EBW151,Sommelsdijkschestraat (Palmenlaan),renumbered-1885,address,yes,matched,yes,2,3238 | 1885 | 1e BW 151 | Sommelsdijkstraat | 1885-exact-components || 3242 | 1885 | 1e BW 151 | Sommelsdijkstraat | 1885-exact-components
2142,EBW152,Crommelinstraat,renumbered-1885,address,yes,matched,yes,1,3218 | 1885 | 1e BW 152 | Crommelinstraat | 1885-exact-components+street
2143,EBW153,Crommelinstraat,renumbered-1885,address,yes,matched,yes,1,3223 | 1885 | 1e BW 153 | Crommelinstraat | 1885-exact-components+street
2144,EBW154,Crommelinstraat,renumbered-1885,address,yes,matched,yes,2,3224 | 1885 | 1e BW 154 | Crommelinstraat | 1885-exact-components+street || 3225 | 1885 | 1e BW 154 | Crommelinstraat | 1885-exact-components+street
2145,EBW155,Crommelinstraat,renumbered-1885,address,yes,matched,yes,1,3213 | 1885 | 1e BW 155 | Crommelinstraat | 1885-exact-components+street
2146,EBW156,Crommelinstraat,renumbered-1885,address,yes,matched,yes,2,3204 | 1885 | 1e BW 156 | Crommelinstraat | 1885-exact-components+street || 3207 | 1885 | 1e BW 156 | Crommelinstraat | 1885-exact-components+street
2147,EBW157,Eerste dwarsstraat,renumbered-1885,address,yes,matched,yes,1,3188 | 1885 | 1e BW 157 | Eerste Dwarsstraat | 1885-exact-components+street
2148,EBW158,Eerste dwarsstraat,renumbered-1885,address,yes,matched,yes,1,3187 | 1885 | 1e BW 158 | Eerste Dwarsstraat | 1885-exact-components+street
2149,EBW159,Eerste dwarsstraat,renumbered-1885,address,yes,matched,yes,1,3199 | 1885 | 1e BW 159 | Eerste Dwarsstraat | 1885-exact-components+street
2150,EBW160,Eerste dwarsstraat,renumbered-1885,address,yes,matched,yes,1,3194 | 1885 | 1e BW 160 | Eerste Dwarsstraat | 1885-exact-components+street
2151,EBW161,Crommelinstraat,renumbered-1885,address,yes,matched,yes,4,3195 | 1885 | 1e BW 161 | Crommelinstraat | 1885-exact-components+street || 3196 | 1885 | 1e BW 161 | Crommelinstraat | 1885-exact-components+street || 3197 | 1885 | 1e BW 161 | Crommelinstraat | 1885-exact-components+street || 3198 | 1885 | 1e BW 161 | Crommelinstraat | 1885-exact-components+street
2152,EBW162,Tweede dwarsstraat,renumbered-1885,address,yes,matched,yes,2,3575 | 1885 | 1e BW 162 | Tweede Dwarsstraat | 1885-exact-components+street || 3891 | 1885 | 1e BW 162 | Tweede Dwarsstraat | 1885-exact-components+street
2153,EBW163,Tweede dwarsstraat,renumbered-1885,address,yes,matched,yes,1,3892 | 1885 | 1e BW 163 | Tweede Dwarsstraat | 1885-exact-components+street
2154,EBW164,Tweede dwarsstraat,renumbered-1885,address,yes,matched,yes,2,3893 | 1885 | 1e BW 164 | Tweede Dwarsstraat | 1885-exact-components+street || 3894 | 1885 | 1e BW 164 | Tweede Dwarsstraat | 1885-exact-components+street
2155,EBW165,Tweede dwarsstraat,renumbered-1885,address,yes,matched,yes,2,3895 | 1885 | 1e BW 165 | Tweede Dwarsstraat | 1885-exact-components+street || 3896 | 1885 | 1e BW 165 | Tweede Dwarsstraat | 1885-exact-components+street
2156,EBW166,Tweede dwarsstraat,renumbered-1885,address,yes,matched,yes,1,3897 | 1885 | 1e BW 166 | Tweede Dwarsstraat | 1885-exact-components+street
2157,EBW167,Tweede dwarsstraat,renumbered-1885,address,yes,matched,yes,3,3153 | 1885 | 1e BW 167 | Tweede Dwarsstraat | 1885-exact-components+street || 3154 | 1885 | 1e BW 167 | Tweede Dwarsstraat | 1885-exact-components+street || 3155 | 1885 | 1e BW 167 | Tweede Dwarsstraat | 1885-exact-components+street
2158,EBW168,Tweede dwarsstraat,renumbered-1885,address,yes,matched,yes,1,3152 | 1885 | 1e BW 168 | Tweede Dwarsstraat | 1885-exact-components+street
2159,EBW169,Tweede dwarsstraat,renumbered-1885,address,yes,matched,yes,5,3143 | 1885 | 1e BW 169 | Tweede Dwarsstraat | 1885-exact-components+street || 3148 | 1885 | 1e BW 169 abc | Tweede Dwarsstraat | 1885-fallback-core-only+street || 3149 | 1885 | 1e BW 169 abc | Tweede Dwarsstraat | 1885-fallback-core-only+street || 3150 | 1885 | 1e BW 169 abc | Tweede Dwarsstraat | 1885-fallback-core-only+street || 3151 | 1885 | 1e BW 169 abc | Tweede Dwarsstraat | 1885-fallback-core-only+street
2160,EBW170,Crommelinstraat,renumbered-1885,address,yes,matched,yes,2,3144 | 1885 | 1e BW 170 | Crommelinstraat | 1885-exact-components+street || 3145 | 1885 | 1e BW 170 | Crommelinstraat | 1885-exact-components+street
2161,EBW171,Derde Dwarsstraat,renumbered-1885,address,yes,matched,yes,2,3165 | 1885 | 1e BW 171 | Derde Dwarsstraat | 1885-exact-components+street || 3170 | 1885 | 1e BW 171 | Derde Dwarsstraat | 1885-exact-components+street
2162,EBW172,Derde Dwarsstraat,renumbered-1885,address,yes,matched,yes,1,3171 | 1885 | 1e BW 172 | Derde Dwarsstraat | 1885-exact-components+street
2163,EBW173,Crommelinstraat,renumbered-1885,address,yes,matched,yes,2,4219 | 1885 | 1e BW 173 | Crommelinstraat | 1885-exact-components+street || 5314 | 1885 | 1e BW 173 | Crommelinstraat | 1885-exact-components+street
2164,EBW174,Crommelinstraat,renumbered-1885,address,yes,matched,yes,3,3581 | 1885 | 1e BW 174 | Crommelinstraat | 1885-exact-components+street || 5312 | 1885 | 1e BW 174 | Crommelinstraat | 1885-exact-components+street || 5313 | 1885 | 1e BW 174 | Crommelinstraat | 1885-exact-components+street
2165,EBW175,Crommelinstraat,renumbered-1885,address,yes,matched,yes,2,3580 | 1885 | 1e BW 175 | Crommelinstraat | 1885-exact-components+street || 5311 | 1885 | 1e BW 175 | Crommelinstraat | 1885-exact-components+street
2166,EBW176,Crommelinstraat,renumbered-1885,address,yes,matched,yes,5,3578 | 1885 | 1e BW 176 b | Crommelinstraat | 1885-fallback-core-only+street || 3579 | 1885 | 1e BW 176 a | Crommelinstraat | 1885-fallback-core-only+street || 5308 | 1885 | 1e BW 176 | Crommelinstraat | 1885-exact-components+street || 5309 | 1885 | 1e BW 176 | Crommelinstraat | 1885-exact-components+street || 5310 | 1885 | 1e BW 176 | Crommelinstraat | 1885-exact-components+street
2167,EBW177,Crommelinstraat,renumbered-1885,address,yes,matched,yes,2,3577 | 1885 | 1e BW 177 | Crommelinstraat | 1885-exact-components+street || 5306 | 1885 | 1e BW 177 a | Crommelinstraat | 1885-fallback-core-only+street
2168,EBW178,Crommelinstraat,renumbered-1885,address,yes,matched,yes,2,3576 | 1885 | 1e BW 178 | Crommelinstraat | 1885-exact-components+street || 5304 | 1885 | 1e BW 178 | Crommelinstraat | 1885-exact-components+street
2169,EBW179,Crommelinstraat,renumbered-1885,address,yes,matched,yes,1,3270 | 1885 | 1e BW 179 | Crommelinstraat | 1885-exact-components+street
2170,EBW180,Crommelinstraat,renumbered-1885,address,yes,matched,yes,6,3244 | 1885 | 1e BW 180 | Crommelinstraat | 1885-exact-components+street || 3249 | 1885 | 1e BW 180 | Crommelinstraat | 1885-exact-components+street || 3252 | 1885 | 1e BW 180 | Crommelinstraat | 1885-exact-components+street || 3257 | 1885 | 1e BW 180 | Crommelinstraat | 1885-exact-components+street || 3264 | 1885 | 1e BW 180 | Crommelinstraat | 1885-exact-components+street || 3266 | 1885 | 1e BW 180 | Crommelinstraat | 1885-exact-components+street
2171,EBW181,Crommelinstraat,renumbered-1885,address,yes,matched,yes,3,3283 | 1885 | 1e BW 181 | Crommelinstraat | 1885-exact-components+street || 3284 | 1885 | 1e BW 181 | Crommelinstraat | 1885-exact-components+street || 3285 | 1885 | 1e BW 181 | Crommelinstraat | 1885-exact-components+street
2172,EBW182,Crommelinstraat,renumbered-1885,address,yes,matched,yes,4,3303 | 1885 | 1e BW 182 | Crommelinstraat | 1885-exact-components+street || 3306 | 1885 | 1e BW 182 | Crommelinstraat | 1885-exact-components+street || 3307 | 1885 | 1e BW 182 | Crommelinstraat | 1885-exact-components+street || 3308 | 1885 | 1e BW 182 | Crommelinstraat | 1885-exact-components+street
2173,EBW183,Crommelinstraat,renumbered-1885,address,yes,matched,yes,2,3340 | 1885 | 1e BW 183 | Crommelinstraat | 1885-exact-components+street || 3344 | 1885 | 1e BW 183 | Crommelinstraat | 1885-exact-components+street
2174,EBW184,Crommelinstraat,renumbered-1885,address,yes,matched,yes,3,3572 | 1885 | 1e BW 184 ab | Crommelinstraat | 1885-fallback-core-only+street || 3573 | 1885 | 1e BW 184 ab | Crommelinstraat | 1885-fallback-core-only+street || 3574 | 1885 | 1e BW 184 ab | Crommelinstraat | 1885-fallback-core-only+street
2175,EBW185,Crommelinstraat,renumbered-1885,address,yes,matched,yes,1,3571 | 1885 | 1e BW 185 | Crommelinstraat | 1885-exact-components+street
2176,EBW186,Crommelinstraat,renumbered-1885,address,yes,matched,yes,1,3570 | 1885 | 1e BW 186 | Crommelinstraat | 1885-exact-components+street
2177,EBW187,Crommelinstraat,renumbered-1885,address,yes,matched,yes,1,3568 | 1885 | 1e BW 187 | Crommelinstraat | 1885-exact-components+street
2178,EBW188,Crommelinstraat,renumbered-1885,address,yes,matched,yes,3,3569 | 1885 | 1e BW 188 | Crommelinstraat | 1885-exact-components+street || 4703 | 1885 | 1e BW 188 a | Crommelinstraat | 1885-fallback-core-only+street || 4704 | 1885 | 1e BW 188 b | Crommelinstraat | 1885-fallback-core-only+street
2179,EBW189,Nepveugracht,renumbered-1885,address,yes,matched,yes,5,3349 | 1885 | 1e BW 189 | Nepveugracht | 1885-exact-components+street || 3352 | 1885 | 1e BW 189 | Nepveugracht | 1885-exact-components+street || 3355 | 1885 | 1e BW 189 | Nepveugracht | 1885-exact-components+street || 3357 | 1885 | 1e BW 189 | Nepveugracht | 1885-exact-components+street || 3361 | 1885 | 1e BW 189 | Nepveugracht | 1885-exact-components+street
2180,EBW190,Nepveugracht,renumbered-1885,address,yes,matched,yes,1,5296 | 1885 | 1e BW 190 | Nepveugracht | 1885-exact-components+street
2181,EBW192,Nepveugracht,renumbered-1885,address,yes,matched,yes,3,3342 | 1885 | 1e BW 192 | Nepveugracht | 1885-exact-components+street || 3343 | 1885 | 1e BW 192 | Nepveugracht | 1885-exact-components+street || 3346 | 1885 | 1e BW 192 | Nepveugracht | 1885-exact-components+street
2182,EBW191,Nepveugracht,renumbered-1885,address,yes,matched,yes,1,3345 | 1885 | 1e BW 191 | Nepveugracht | 1885-exact-components+street
2183,EBW193,Nepveugracht,renumbered-1885,address,yes,matched,yes,7,3320 | 1885 | 1e BW 193 | Nepveugracht | 1885-exact-components+street || 3321 | 1885 | 1e BW 193 | Nepveugracht | 1885-exact-components+street || 3322 | 1885 | 1e BW 193 | Nepveugracht | 1885-exact-components+street || 3323 | 1885 | 1e BW 193 | Nepveugracht | 1885-exact-components+street || 3324 | 1885 | 1e BW 193 | Nepveugracht | 1885-exact-components+street || 3328 | 1885 | 1e BW 193 | Nepveugracht | 1885-exact-components+street || 3329 | 1885 | 1e BW 193 | Nepveugracht | 1885-exact-components+street
2184,EBW194,Nepveugracht,renumbered-1885,address,yes,matched,yes,4,3330 | 1885 | 1e BW 194 | Nepveugracht | 1885-exact-components+street || 3337 | 1885 | 1e BW 194 | Nepveugracht | 1885-exact-components+street || 3338 | 1885 | 1e BW 194 | Nepveugracht | 1885-exact-components+street || 3339 | 1885 | 1e BW 194 | Nepveugracht | 1885-exact-components+street
2185,EBW195,Nepveugracht,renumbered-1885,address,yes,matched,yes,2,3313 | 1885 | 1e BW 195 | Nepveugracht | 1885-exact-components+street || 3319 | 1885 | 1e BW 195 | Nepveugracht | 1885-exact-components+street
2186,EBW196,Nepveugracht,renumbered-1885,address,yes,matched,yes,1,3297 | 1885 | 1e BW 196 | Nepveugracht | 1885-exact-components+street
2187,EBW197,Tweede Dwarsstraat,renumbered-1885,address,yes,matched,yes,1,3298 | 1885 | 1e BW 197 | Tweede Dwarsstraat | 1885-exact-components+street
2188,EBW198,Tweede Dwarsstraat,renumbered-1885,address,yes,matched,yes,2,3304 | 1885 | 1e BW 198 | Tweede Dwarsstraat | 1885-exact-components+street || 3305 | 1885 | 1e BW 198 | Tweede Dwarsstraat | 1885-exact-components+street
2189,EBW199,Tweede Dwarsstraat,renumbered-1885,address,yes,matched,yes,4,3290 | 1885 | 1e BW 199 | Tweede Dwarsstraat | 1885-exact-components+street || 3291 | 1885 | 1e BW 199 | Tweede Dwarsstraat | 1885-exact-components+street || 3292 | 1885 | 1e BW 199 | Tweede Dwarsstraat | 1885-exact-components+street || 3293 | 1885 | 1e BW 199 | Tweede Dwarsstraat | 1885-exact-components+street
2190,EBW200,Tweede Dwarsstraat,renumbered-1885,address,yes,matched,yes,1,3289 | 1885 | 1e BW 200 | Tweede Dwarsstraat | 1885-exact-components+street
2191,EBW201,Tweede Dwarsstraat,renumbered-1885,address,yes,matched,yes,1,3288 | 1885 | 1e BW 201 | Tweede Dwarsstraat | 1885-exact-components+street
2192,EBW202,Tweede Dwarsstraat,renumbered-1885,address,yes,matched,yes,3,3294 | 1885 | 1e BW 202 | Tweede Dwarsstraat | 1885-exact-components+street || 3295 | 1885 | 1e BW 202 | Tweede Dwarsstraat | 1885-exact-components+street || 3296 | 1885 | 1e BW 202 | Tweede Dwarsstraat | 1885-exact-components+street
2193,EBW203,Nepveugracht,renumbered-1885,address,yes,matched,yes,2,3281 | 1885 | 1e BW 203 | Nepveugracht | 1885-exact-components+street || 3282 | 1885 | 1e BW 203 | Nepveugracht | 1885-exact-components+street
2194,EBW204,Nepveugracht,renumbered-1885,address,yes,matched,yes,2,3276 | 1885 | 1e BW 204 | Nepveugracht | 1885-exact-components+street || 3277 | 1885 | 1e BW 204 | Nepveugracht | 1885-exact-components+street
2195,EBW205,Nepveugracht,renumbered-1885,address,yes,matched,yes,1,3274 | 1885 | 1e BW 205 | Nepveugracht | 1885-exact-components+street
2196,EBW207,Nepveugracht,renumbered-1885,address,yes,matched,yes,6,3380 | 1885 | 1e BW 207 | Nepveugracht | 1885-exact-components+street || 3381 | 1885 | 1e BW 207 | Nepveugracht | 1885-exact-components+street || 3382 | 1885 | 1e BW 207 | Nepveugracht | 1885-exact-components+street || 3385 | 1885 | 1e BW 207 | Nepveugracht | 1885-exact-components+street || 3386 | 1885 | 1e BW 207 | Nepveugracht | 1885-exact-components+street || 3387 | 1885 | 1e BW 207 | Nepveugracht | 1885-exact-components+street
2197,EBW206,Nepveugracht,renumbered-1885,address,yes,matched,yes,3,3388 | 1885 | 1e BW 206 b | Nepveugracht | 1885-fallback-core-only+street || 3389 | 1885 | 1e BW 206 a | Nepveugracht | 1885-fallback-core-only+street || 3390 | 1885 | 1e BW 206 a | Nepveugracht | 1885-fallback-core-only+street
2198,EBW208,Nepveugracht,renumbered-1885,address,yes,matched,yes,3,3526 | 1885 | 1e BW 208 | Nepveugracht | 1885-exact-components+street || 3527 | 1885 | 1e BW 208 | Nepveugracht | 1885-exact-components+street || 3529 | 1885 | 1e BW 208 | Nepveugracht | 1885-exact-components+street
2199,EBW209,Nepveugracht,renumbered-1885,address,yes,matched,yes,1,3528 | 1885 | 1e BW 209 | Nepveugracht | 1885-exact-components+street
2200,EBW210,Nepveugracht,renumbered-1885,address,yes,matched,yes,1,3517 | 1885 | 1e BW 210 | Nepveugracht | 1885-exact-components+street
2201,EBW211a,Grote Waterstraat,renumbered-1885,address,yes,matched,yes,8,3858 | 1885 | 1e BW 211 | Grote Waterstraat | 1885-fallback-core-only+street || 3862 | 1885 | 1e BW 211 | Grote Waterstraat | 1885-fallback-core-only+street || 3864 | 1885 | 1e BW 211 aa | Grote Waterstraat | 1885-fallback-core-only+street || 3866 | 1885 | 1e BW 211 ab | Grote Waterstraat | 1885-fallback-core-only+street || 3868 | 1885 | 1e BW 211 ac | Grote Waterstraat | 1885-fallback-core-only+street || 3870 | 1885 | 1e BW 211 a | Grote Waterstraat | 1885-exact-components+street || 3872 | 1885 | 1e BW 211 ab | Grote Waterstraat | 1885-fallback-core-only+street || 5290 | 1885 | 1e BW 211 | Grote Waterstraat | 1885-fallback-core-only+street
2202,EBW212,Grote Waterstraat,renumbered-1885,address,yes,matched,yes,10,3505 | 1885 | 1e BW 212 ca | Grote Waterstraat | 1885-fallback-core-only+street || 3511 | 1885 | 1e BW 212 ca | Grote Waterstraat | 1885-fallback-core-only+street || 3512 | 1885 | 1e BW 212 ca | Grote Waterstraat | 1885-fallback-core-only+street || 3515 | 1885 | 1e BW 212 b1 | Grote Waterstraat | 1885-fallback-core-only+street || 3516 | 1885 | 1e BW 212 | Grote Waterstraat | 1885-exact-components+street || 3518 | 1885 | 1e BW 212 | Grote Waterstraat | 1885-exact-components+street || 3519 | 1885 | 1e BW 212 | Grote Waterstraat | 1885-exact-components+street || 3520 | 1885 | 1e BW 212 d2 | Grote Waterstraat | 1885-fallback-core-only+street
2203,EBW213aa,Grote Waterstraat,renumbered-1885,address,yes,matched,yes,2,3523 | 1885 | 1e BW 213 | Grote Waterstraat | 1885-fallback-core-only+street || 3524 | 1885 | 1e BW 213 | Grote Waterstraat | 1885-fallback-core-only+street
2204,EBW214a,Tweede Dwarsstraat,renumbered-1885,address,yes,matched,yes,2,3411 | 1885 | 1e BW 214 | Tweede Dwarsstraat | 1885-fallback-core-only+street || 3412 | 1885 | 1e BW 214 | Tweede Dwarsstraat | 1885-fallback-core-only+street
2205,EBW215,Tweede Dwarsstraat,renumbered-1885,address,yes,matched,yes,1,3890 | 1885 | 1e BW 215 | Tweede Dwarsstraat | 1885-exact-components+street
2206,EBW216,Tweede Dwarsstraat,renumbered-1885,address,yes,matched,yes,1,3889 | 1885 | 1e BW 216 | Tweede Dwarsstraat | 1885-exact-components+street
2207,EBW217,Tweede Dwarsstraat,renumbered-1885,address,yes,matched,yes,1,3415 | 1885 | 1e BW 217 | Tweede Dwarsstraat | 1885-exact-components+street
2208,EBW218,Tweede Dwarsstraat,renumbered-1885,address,yes,matched,yes,1,3426 | 1885 | 1e BW 218 | Tweede Dwarsstraat | 1885-exact-components+street
2209,EBW219,Tweede Dwarsstraat,renumbered-1885,address,yes,matched,yes,5,3424 | 1885 | 1e BW 219 | Tweede Dwarsstraat | 1885-exact-components+street || 3425 | 1885 | 1e BW 219 | Tweede Dwarsstraat | 1885-exact-components+street || 3427 | 1885 | 1e BW 219 | Tweede Dwarsstraat | 1885-exact-components+street || 3428 | 1885 | 1e BW 219 | Tweede Dwarsstraat | 1885-exact-components+street || 3429 | 1885 | 1e BW 219 | Tweede Dwarsstraat | 1885-exact-components+street
2210,EBW220a,Mauriciusstraat,renumbered-1885,address,yes,matched,yes,2,4231 | 1885 | 1e BW 220 | Mauriciusstraat | 1885-fallback-core-only+street || 4232 | 1885 | 1e BW 220 | Mauriciusstraat | 1885-fallback-core-only+street
2211,EBW221a,Mauriciusstraat,renumbered-1885,address,yes,matched,yes,8,4233 | 1885 | 1e BW 221 | Mauriciusstraat | 1885-fallback-core-only+street || 4234 | 1885 | 1e BW 221 | Mauriciusstraat | 1885-fallback-core-only+street || 4235 | 1885 | 1e BW 221 | Mauriciusstraat | 1885-fallback-core-only+street || 4236 | 1885 | 1e BW 221 | Mauriciusstraat | 1885-fallback-core-only+street || 5297 | 1885 | 1e BW 221 | Mauriciusstraat | 1885-fallback-core-only+street || 5298 | 1885 | 1e BW 221 | Mauriciusstraat | 1885-fallback-core-only+street || 5299 | 1885 | 1e BW 221 | Mauriciusstraat | 1885-fallback-core-only+street || 5300 | 1885 | 1e BW 221 | Mauriciusstraat | 1885-fallback-core-only+street
2212,EBW222a,Mauriciusstraat,renumbered-1885,address,yes,matched,yes,7,4237 | 1885 | 1e BW 222 a | Mauriciusstraat | 1885-exact-components+street || 4238 | 1885 | 1e BW 222 b | Mauriciusstraat | 1885-fallback-core-only+street || 5301 | 1885 | 1e BW 222 | Mauriciusstraat | 1885-fallback-core-only+street || 5302 | 1885 | 1e BW 222 | Mauriciusstraat | 1885-fallback-core-only+street || 5303 | 1885 | 1e BW 222 | Mauriciusstraat | 1885-fallback-core-only+street || 5305 | 1885 | 1e BW 222 | Mauriciusstraat | 1885-fallback-core-only+street || 5307 | 1885 | 1e BW 222 | Mauriciusstraat | 1885-fallback-core-only+street
2213,EBW223a,Mauriciusstraat,renumbered-1885,address,yes,matched,yes,3,4239 | 1885 | 1e BW 223 | Mauriciusstraat | 1885-fallback-core-only+street || 4240 | 1885 | 1e BW 223 | Mauriciusstraat | 1885-fallback-core-only+street || 4241 | 1885 | 1e BW 223 | Mauriciusstraat | 1885-fallback-core-only+street
2214,EBW224a,Vierde dwarsstraat of Bamboeslaan,renumbered-1885,address,yes,matched,yes,1,4218 | 1885 | 1e BW 224 | Mauriciusstraat | 1885-fallback-core-only
2215,EBW225,Mauriciusstraat,renumbered-1885,address,yes,matched,yes,1,4230 | 1885 | 1e BW 225 | Mauriciusstraat | 1885-exact-components+street
2216,EBW226,Grote Waterstraat,renumbered-1885,address,yes,matched,yes,1,3876 | 1885 | 1e BW 226 | Grote Waterstraat | 1885-exact-components+street
2217,EBW227,Grote Waterstraat,renumbered-1885,address,yes,matched,yes,2,3877 | 1885 | 1e BW 227 a | Grote Waterstraat | 1885-fallback-core-only+street || 3878 | 1885 | 1e BW 227 b | Grote Waterstraat | 1885-fallback-core-only+street
2218,EBW228,Grote Waterstraat,renumbered-1885,address,yes,matched,yes,2,3879 | 1885 | 1e BW 228 | Grote Waterstraat | 1885-exact-components+street || 3880 | 1885 | 1e BW 228 | Grote Waterstraat | 1885-exact-components+street
2219,EBW229,Grote Waterstraat,renumbered-1885,address,yes,matched,yes,1,3448 | 1885 | 1e BW 229 | Grote Waterstraat | 1885-exact-components+street
2220,EBW230,Grote Waterstraat,renumbered-1885,address,yes,matched,yes,4,3449 | 1885 | 1e BW 230 | Grote Waterstraat | 1885-exact-components+street || 3450 | 1885 | 1e BW 230 | Grote Waterstraat | 1885-exact-components+street || 3451 | 1885 | 1e BW 230 | Grote Waterstraat | 1885-exact-components+street || 3454 | 1885 | 1e BW 230 | Grote Waterstraat | 1885-exact-components+street
2221,EBW231a,Grote Waterstraat,renumbered-1885,address,yes,matched,yes,3,3467 | 1885 | 1e BW 231 | Grote Waterstraat | 1885-fallback-core-only+street || 3468 | 1885 | 1e BW 231 a | Grote Waterstraat | 1885-exact-components+street || 3471 | 1885 | 1e BW 231 b | Grote Waterstraat | 1885-fallback-core-only+street
2222,EBW232,Grote Waterstraat,renumbered-1885,address,yes,matched,yes,2,3483 | 1885 | 1e BW 232 | Grote Waterstraat | 1885-exact-components+street || 3484 | 1885 | 1e BW 232 | Grote Waterstraat | 1885-exact-components+street
2223,EBW233,Grote Waterstraat,renumbered-1885,address,yes,matched,yes,10,3485 | 1885 | 1e BW 233 | Grote Waterstraat | 1885-exact-components+street || 3486 | 1885 | 1e BW 233 | Grote Waterstraat | 1885-exact-components+street || 3487 | 1885 | 1e BW 233 | Grote Waterstraat | 1885-exact-components+street || 3488 | 1885 | 1e BW 233 | Grote Waterstraat | 1885-exact-components+street || 3489 | 1885 | 1e BW 233 | Grote Waterstraat | 1885-exact-components+street || 3490 | 1885 | 1e BW 233 | Grote Waterstraat | 1885-exact-components+street || 3497 | 1885 | 1e BW 233 | Grote Waterstraat | 1885-exact-components+street || 3498 | 1885 | 1e BW 233 | Grote Waterstraat | 1885-exact-components+street
2224,EBW234,Grote Waterstraat,renumbered-1885,address,yes,matched,yes,2,3491 | 1885 | 1e BW 234 | Grote Waterstraat | 1885-exact-components+street || 3502 | 1885 | 1e BW 234 | Grote Waterstraat | 1885-exact-components+street
2225,EBW235a,Grote Waterstraat,renumbered-1885,address,yes,matched,yes,4,3492 | 1885 | 1e BW 235 a | Grote Waterstraat | 1885-exact-components+street || 3493 | 1885 | 1e BW 235 a | Grote Waterstraat | 1885-exact-components+street || 3494 | 1885 | 1e BW 235 b | Grote Waterstraat | 1885-fallback-core-only+street || 3501 | 1885 | 1e BW 235 a | Grote Waterstraat | 1885-exact-components+street
2226,EBW236,Grote Waterstraat,renumbered-1885,address,yes,matched,yes,3,3495 | 1885 | 1e BW 236 | Grote Waterstraat | 1885-exact-components+street || 3496 | 1885 | 1e BW 236 | Grote Waterstraat | 1885-exact-components+street || 3500 | 1885 | 1e BW 236 | Grote Waterstraat | 1885-exact-components+street
2227,EBW237,Grote Waterstraat,renumbered-1885,address,yes,matched,yes,2,2879 | 1885 | 1e BW 237 | Grote Waterstraat | 1885-exact-components+street || 2880 | 1885 | 1e BW 237 | Grote Waterstraat | 1885-exact-components+street
2228,EBW238,Grote Waterstraat,renumbered-1885,address,yes,matched,yes,1,2878 | 1885 | 1e BW 238 | Grote Waterstraat | 1885-exact-components+street
2229,EBW239,Grote Waterstraat,renumbered-1885,address,yes,matched,yes,5,3478 | 1885 | 1e BW 239 | Grote Waterstraat | 1885-exact-components+street || 3479 | 1885 | 1e BW 239 | Grote Waterstraat | 1885-exact-components+street || 3480 | 1885 | 1e BW 239 | Grote Waterstraat | 1885-exact-components+street || 3481 | 1885 | 1e BW 239 | Grote Waterstraat | 1885-exact-components+street || 3482 | 1885 | 1e BW 239 | Grote Waterstraat | 1885-exact-components+street
2230,EBW240a,Grote Waterstraat,renumbered-1885,address,yes,matched,yes,2,3476 | 1885 | 1e BW 240 a | Grote Waterstraat | 1885-exact-components+street || 3477 | 1885 | 1e BW 240 b | Grote Waterstraat | 1885-fallback-core-only+street
2231,EBW241,Grote Waterstraat,renumbered-1885,address,yes,matched,yes,1,3474 | 1885 | 1e BW 241 | Grote Waterstraat | 1885-exact-components+street
2232,EBW242,Grote Waterstraat,renumbered-1885,address,yes,matched,yes,2,3473 | 1885 | 1e BW 242 | Grote Waterstraat | 1885-exact-components+street || 3475 | 1885 | 1e BW 242 | Grote Waterstraat | 1885-exact-components+street
2233,EBW243,Grote Waterstraat,renumbered-1885,address,yes,matched,yes,2,3469 | 1885 | 1e BW 243 | Grote Waterstraat | 1885-exact-components+street || 3470 | 1885 | 1e BW 243 | Grote Waterstraat | 1885-exact-components+street
2234,EBW244,Grote Waterstraat,renumbered-1885,address,yes,matched,yes,4,3455 | 1885 | 1e BW 244 | Grote Waterstraat | 1885-exact-components+street || 3458 | 1885 | 1e BW 244 | Grote Waterstraat | 1885-exact-components+street || 3459 | 1885 | 1e BW 244 | Grote Waterstraat | 1885-exact-components+street || 3460 | 1885 | 1e BW 244 | Grote Waterstraat | 1885-exact-components+street
2235,EBW250,Grote Waterstraat,renumbered-1885,address,yes,matched,yes,1,3859 | 1885 | 1e BW 250 | Grote Waterstraat | 1885-exact-components+street
2236,EBW251,Grote Waterstraat,renumbered-1885,address,yes,matched,yes,1,3860 | 1885 | 1e BW 251 | Grote Waterstraat | 1885-exact-components+street
2237,EBW248,Grote Waterstraat,renumbered-1885,address,yes,matched,yes,1,3873 | 1885 | 1e BW 248 | Grote Waterstraat | 1885-exact-components+street
2238,EBW247,Grote Waterstraat,renumbered-1885,address,yes,matched,yes,2,3874 | 1885 | 1e BW 247 a | Grote Waterstraat | 1885-fallback-core-only+street || 3875 | 1885 | 1e BW 247 b | Grote Waterstraat | 1885-fallback-core-only+street
2239,EBW246,Grote Waterstraat,renumbered-1885,address,yes,matched,yes,1,2904 | 1885 | 1e BW 246 | Grote Waterstraat | 1885-exact-components+street
2240,EBW245,Grote Waterstraat,renumbered-1885,address,yes,matched,yes,4,2905 | 1885 | 1e BW 245 | Grote Waterstraat | 1885-exact-components+street || 2906 | 1885 | 1e BW 245 b1 | Grote Waterstraat | 1885-fallback-core-only+street || 2907 | 1885 | 1e BW 245 | Grote Waterstraat | 1885-exact-components+street || 2908 | 1885 | 1e BW 245 | Grote Waterstraat | 1885-exact-components+street
2241,EBW253,Kleine Waterstraat,renumbered-1885,address,yes,matched,yes,1,4009 | 1885 | 1e BW 253 | Kleine Waterstraat | 1885-exact-components+street
2242,EBW252,Kleine Waterstraat,renumbered-1885,address,yes,matched,yes,1,3861 | 1885 | 1e BW 252 | Grote Waterstraat | 1885-exact-components
2243,EBW,Kleine Waterstraat,renumbered-1885,non-address-annotation,no,ignored-non-address-annotation,yes,0,
2244,EBW,,renumbered-1885,non-address-annotation,no,ignored-non-address-annotation,yes,0,
2245,EBW,,renumbered-1885,non-address-annotation,no,ignored-non-address-annotation,yes,0,
2246,,,unknown,insufficient-address-components,no,ignored-non-address-annotation,yes,0,
2247,TBW2,Weg van Charlesburg,renumbered-1885,address,yes,matched,yes,18,3544 | 1837 | 2e BW 11 | Oude laan van Charlesburg | 1837-exact-components || 3545 | 1837 | 2e BW 11 | Oude laan van Charlesburg | 1837-exact-components || 4376 | 1837 | 2e BW 16 | Oude laan van Charlesburg | 1837-fallback-core-only || 4378 | 1837 | 2e BW 15 | Oude laan van Charlesburg | 1837-fallback-core-only || 4380 | 1837 | 2e BW 14 | Oude laan van Charlesburg | 1837-fallback-core-only || 4382 | 1837 | 2e BW 14 | Oude laan van Charlesburg | 1837-fallback-core-only || 4384 | 1837 | 2e BW 13 | Oude laan van Charlesburg | 1837-fallback-core-only || 4386 | 1837 | 2e BW 12 | Oude laan van Charlesburg | 1837-fallback-core-only
2248,TBW3,Weg van Charlesburg,renumbered-1885,address,yes,matched,yes,17,4120 | 1837 | 2e BW 17 | Rijweg naar Kwatta | 1837-exact-components || 4122 | 1837 | 2e BW 17 | Rijweg naar Kwatta | 1837-exact-components || 4366 | 1837 | 2e BW 17 a | Rijweg naar Kwatta | 1837-exact-components || 4367 | 1837 | 2e BW 17 | Rijweg naar Kwatta | 1837-exact-components || 4368 | 1837 | 2e BW 17 | Rijweg naar Kwatta | 1837-exact-components || 4369 | 1837 | 2e BW 17 | Rijweg naar Kwatta | 1837-exact-components || 4373 | 1885 | 2e BW 3 | Weg van Charlesburg | 1885-exact-components+street || 4396 | 1837 | 2e BW 17 b | Rijweg naar Kwatta | 1837-exact-components
2249,TBW4,Weg van Charlesburg,renumbered-1885,address,yes,matched,yes,10,4124 | 1837 | 2e BW 18 | Rijweg naar Kwatta | 1837-exact-components || 4370 | 1837 | 2e BW 18 | Rijweg naar Kwatta | 1837-exact-components || 4371 | 1837 | 2e BW 18 | Rijweg naar Kwatta | 1837-exact-components || 4372 | 1837 | 2e BW 18 | Rijweg naar Kwatta | 1837-exact-components || 4374 | 1837 | 2e BW 18 | Rijweg naar Kwatta | 1837-exact-components || 4375 | 1885 | 2e BW 4 | Weg van Charlesburg | 1885-exact-components+street || 4404 | 1837 | 2e BW 18 | Rijweg naar Kwatta | 1837-exact-components || 4406 | 1885 | 2e BW 4 | Weg van Charlesburg | 1885-exact-components+street
2250,TBW10,Weg naar Zee,renumbered-1885,address,yes,matched,yes,24,4144 | 1837 | 2e BW 24 | Rijweg naar Kwatta | 1837-fallback-core-only || 4146 | 1837 | 2e BW 25 | Rijweg naar Kwatta | 1837-fallback-core-only || 4148 | 1837 | 2e BW 25 | Rijweg naar Kwatta | 1837-fallback-core-only || 4151 | 1837 | 2e BW 26 | Rijweg naar Kwatta | 1837-exact-components || 4158 | 1837 | 2e BW 27 | Rijweg naar Kwatta | 1837-fallback-core-only || 4160 | 1837 | 2e BW 27 | Rijweg naar Kwatta | 1837-fallback-core-only || 4161 | 1837 | 2e BW 27 | Rijweg naar Kwatta | 1837-fallback-core-only || 4162 | 1837 | 2e BW 28 | Rijweg naar Kwatta | 1837-fallback-core-only
2251,TBW9,Weg naar Zee,renumbered-1885,address,yes,matched,yes,6,4142 | 1837 | 2e BW 23 | Rijweg naar Kwatta | 1837-exact-components || 4387 | 1885 | 2e BW 9 | Weg naar Zee | 1885-exact-components+street || 4413 | 1885 | 2e BW 9 | Weg naar Zee | 1885-exact-components+street || 4415 | 1885 | 2e BW 9 a | Weg naar Zee | 1885-fallback-core-only+street || 4417 | 1885 | 2e BW 9 b | Weg naar Zee | 1885-fallback-core-only+street || 4419 | 1885 | 2e BW 9 | Weg naar Zee | 1885-exact-components+street
2252,TBW7,Weg naar Zee,renumbered-1885,address,yes,matched,yes,15,4135 | 1837 | 2e BW 21 | Rijweg naar Kwatta | 1837-exact-components || 4136 | 1837 | 2e BW 21 | Rijweg naar Kwatta | 1837-exact-components || 4385 | 1885 | 2e BW 7 | Weg naar Zee | 1885-exact-components+street || 4422 | 1885 | 2e BW 7 | Weg naar Zee | 1885-exact-components+street || 4423 | 1885 | 2e BW 7 | Weg naar Zee | 1885-exact-components+street || 4424 | 1885 | 2e BW 7 | Weg naar Zee | 1885-exact-components+street || 4425 | 1885 | 2e BW 7 | Weg naar Zee | 1885-exact-components+street || 4426 | 1885 | 2e BW 7 | Weg naar Zee | 1885-exact-components+street
2253,TBW8a,Weg naar Zee,renumbered-1885,address,yes,matched,yes,18,4138 | 1837 | 2e BW 22 a | Rijweg naar Kwatta | 1837-fallback-core-only || 4140 | 1837 | 2e BW 22 b | Rijweg naar Kwatta | 1837-fallback-core-only || 4421 | 1885 | 2e BW 8 a | Weg naar Zee | 1885-exact-components+street || 4427 | 1885 | 2e BW 8 a | Weg naar Zee | 1885-exact-components+street || 4429 | 1885 | 2e BW 8 | Weg naar Zee | 1885-fallback-core-only+street || 4430 | 1885 | 2e BW 8 | Weg naar Zee | 1885-fallback-core-only+street || 4431 | 1885 | 2e BW 8 | Weg naar Zee | 1885-fallback-core-only+street || 4433 | 1885 | 2e BW 8 | Weg naar Zee | 1885-fallback-core-only+street
2254,TBW11a,Oude laan van Charlesburg,renumbered-1885,address,yes,matched,yes,7,3544 | 1885 | 2e BW 11 | Oude laan van Charlesburg | 1885-fallback-core-only+street || 3545 | 1885 | 2e BW 11 | Oude laan van Charlesburg | 1885-fallback-core-only+street || 4167 | 1837 | 2e BW 32 | Rijweg naar Kwatta | 1837-fallback-core-only || 4388 | 1885 | 2e BW 11 | Oude laan van Charlesburg | 1885-fallback-core-only+street || 4389 | 1885 | 2e BW 11 ab | Oude laan van Charlesburg | 1885-fallback-core-only+street || 4390 | 1885 | 2e BW 11 | Oude laan van Charlesburg | 1885-fallback-core-only+street || 4509 | 1885 | 2e BW 11 | Oude laan van Charlesburg | 1885-fallback-core-only+street
2255,TBW12,Oude laan van Charlesburg,renumbered-1885,address,yes,matched,yes,6,4180 | 1837 | 2e BW 33 | Rijweg naar Kwatta | 1837-exact-components || 4190 | 1837 | 2e BW 33 | Rijweg naar Kwatta | 1837-exact-components || 4228 | 1837 | 2e BW 33 | Rijweg naar Kwatta | 1837-exact-components || 4229 | 1837 | 2e BW 33 | Rijweg naar Kwatta | 1837-exact-components || 4386 | 1885 | 2e BW 12 | Oude laan van Charlesburg | 1885-exact-components+street || 4495 | 1885 | 2e BW 12 | Oude laan van Charlesburg | 1885-exact-components+street
2256,TBW13,Oude laan van Charlesburg,renumbered-1885,address,yes,matched,yes,3,4108 | 1837 | 2e BW 34 | Rijweg naar Kwatta | 1837-exact-components || 4384 | 1885 | 2e BW 13 | Oude laan van Charlesburg | 1885-exact-components+street || 4506 | 1885 | 2e BW 13 | Oude laan van Charlesburg | 1885-exact-components+street
2257,TBW14,Oude laan van Charlesburg,renumbered-1885,address,yes,matched,yes,4,4109 | 1837 | 2e BW 34 | Rijweg naar Kwatta | 1837-exact-components || 4380 | 1885 | 2e BW 14 | Oude laan van Charlesburg | 1885-exact-components+street || 4382 | 1885 | 2e BW 14 | Oude laan van Charlesburg | 1885-exact-components+street || 4504 | 1885 | 2e BW 14 | Oude laan van Charlesburg | 1885-exact-components+street
2258,TBW15,Oude laan van Charlesburg,renumbered-1885,address,yes,matched,yes,4,4110 | 1837 | 2e BW 36 | Rijweg naar Kwatta | 1837-exact-components || 4378 | 1885 | 2e BW 15 | Oude laan van Charlesburg | 1885-exact-components+street || 4503 | 1885 | 2e BW 15 | Oude laan van Charlesburg | 1885-exact-components+street || 4788 | 1837 | 2e BW 35 | Tweede Rijweg | 1837-exact-components
2259,TBW16,Oude laan van Charlesburg,renumbered-1885,address,yes,matched,yes,3,4111 | 1837 | 2e BW 37 | Rijweg naar Kwatta | 1837-exact-components || 4376 | 1885 | 2e BW 16 | Oude laan van Charlesburg | 1885-exact-components+street || 4501 | 1885 | 2e BW 16 | Oude laan van Charlesburg | 1885-exact-components+street
2260,TBW17a,Oude laan van Charlesburg,renumbered-1885,address,yes,matched,yes,15,4112 | 1837 | 2e BW 38 | Rijweg naar Kwatta | 1837-fallback-core-only || 4113 | 1837 | 2e BW 38 | Rijweg naar Kwatta | 1837-fallback-core-only || 4120 | 1885 | 2e BW 17 | Rijweg naar Kwatta | 1885-fallback-core-only || 4122 | 1885 | 2e BW 17 | Rijweg naar Kwatta | 1885-fallback-core-only || 4366 | 1885 | 2e BW 17 a | Rijweg naar Kwatta | 1885-exact-components || 4367 | 1885 | 2e BW 17 | Rijweg naar Kwatta | 1885-fallback-core-only || 4368 | 1885 | 2e BW 17 | Rijweg naar Kwatta | 1885-fallback-core-only || 4369 | 1885 | 2e BW 17 | Rijweg naar Kwatta | 1885-fallback-core-only
2261,TBW18a,Rijweg naar Kwatta,renumbered-1885,address,yes,matched,yes,8,4114 | 1837 | 2e BW 39 | Rijweg naar Kwatta | 1837-fallback-core-only+street || 4115 | 1837 | 2e BW 39 | Rijweg naar Kwatta | 1837-fallback-core-only+street || 4124 | 1885 | 2e BW 18 | Rijweg naar Kwatta | 1885-fallback-core-only+street || 4370 | 1885 | 2e BW 18 | Rijweg naar Kwatta | 1885-fallback-core-only+street || 4371 | 1885 | 2e BW 18 | Rijweg naar Kwatta | 1885-fallback-core-only+street || 4372 | 1885 | 2e BW 18 | Rijweg naar Kwatta | 1885-fallback-core-only+street || 4374 | 1885 | 2e BW 18 | Rijweg naar Kwatta | 1885-fallback-core-only+street || 4404 | 1885 | 2e BW 18 | Rijweg naar Kwatta | 1885-fallback-core-only+street
2262,TBW19b,Rijweg naar Kwatta,renumbered-1885,address,yes,matched,yes,2,4116 | 1837 | 2e BW 40 | Rijweg naar Kwatta | 1837-fallback-core-only+street || 4126 | 1885 | 2e BW 19 | Rijweg naar Kwatta | 1885-fallback-core-only+street
2263,TBW20,Rijweg naar Kwatta,renumbered-1885,address,yes,matched,yes,5,3647 | 1837 | 2e BW 41 | Rijweg naar Kwatta | 1837-exact-components+street || 3951 | 1885 | 2e BW 20 | Rijweg naar Kwatta | 1885-exact-components+street || 4117 | 1837 | 2e BW 41 | Rijweg naar Kwatta | 1837-exact-components+street || 4128 | 1885 | 2e BW 20 | Rijweg naar Kwatta | 1885-exact-components+street || 4365 | 1885 | 2e BW 20 | Rijweg naar Kwatta | 1885-exact-components+street
2264,TBW21,Rijweg naar Kwatta,renumbered-1885,address,yes,matched,yes,6,3645 | 1837 | 2e BW 52 | Rijweg naar Kwatta | 1837-exact-components+street || 3646 | 1837 | 2e BW 51 | Rijweg naar Kwatta | 1837-fallback-core-only+street || 4118 | 1837 | 2e BW 52 | Rijweg naar Kwatta | 1837-exact-components+street || 4135 | 1885 | 2e BW 21 | Rijweg naar Kwatta | 1885-exact-components+street || 4136 | 1885 | 2e BW 21 | Rijweg naar Kwatta | 1885-exact-components+street || 4183 | 1837 | 2e BW 52 | Rijweg naar Kwatta | 1837-exact-components+street
2265,TBW22,Rijweg naar Kwatta,renumbered-1885,address,yes,matched,yes,9,3592 | 1837 | 2e BW 53 | Rijweg naar Kwatta | 1837-exact-components+street || 3593 | 1837 | 2e BW 53 | Rijweg naar Kwatta | 1837-exact-components+street || 4138 | 1885 | 2e BW 22 a | Rijweg naar Kwatta | 1885-fallback-core-only+street || 4140 | 1885 | 2e BW 22 b | Rijweg naar Kwatta | 1885-fallback-core-only+street || 4794 | 1837 | 2e BW 53 | Rijweg naar Kwatta | 1837-exact-components+street || 4796 | 1837 | 2e BW 53 | Rijweg naar Kwatta | 1837-exact-components+street || 4798 | 1837 | 2e BW 53 | Rijweg naar Kwatta | 1837-exact-components+street || 5021 | 1837 | 2e BW 53 | Rijweg naar Kwatta | 1837-exact-components+street
2266,TBW23,Rijweg naar Kwatta,renumbered-1885,address,yes,matched,yes,23,4142 | 1885 | 2e BW 23 | Rijweg naar Kwatta | 1885-exact-components+street || 4171 | 1837 | 2e BW 58 a | Rijweg naar Kwatta | 1837-fallback-core-only+street || 4172 | 1837 | 2e BW 58 b | Rijweg naar Kwatta | 1837-fallback-core-only+street || 4173 | 1837 | 2e BW 57 | Rijweg naar Kwatta | 1837-fallback-core-only+street || 4174 | 1837 | 2e BW 57 | Rijweg naar Kwatta | 1837-fallback-core-only+street || 4175 | 1837 | 2e BW 56 | Rijweg naar Kwatta | 1837-fallback-core-only+street || 4176 | 1837 | 2e BW 55 | Rijweg naar Kwatta | 1837-fallback-core-only+street || 4177 | 1837 | 2e BW 54 | Rijweg naar Kwatta | 1837-fallback-core-only+street
2267,TBW24,Rijweg naar Kwatta,renumbered-1885,address,yes,matched,yes,4,4144 | 1885 | 2e BW 24 | Rijweg naar Kwatta | 1885-exact-components+street || 4168 | 1837 | 2e BW 59 b | Rijweg naar Kwatta | 1837-exact-components+street || 4169 | 1837 | 2e BW 59 a | Rijweg naar Kwatta | 1837-exact-components+street || 4170 | 1837 | 2e BW 59 | Rijweg naar Kwatta | 1837-exact-components+street
2268,TBW25,Rijweg naar Kwatta,renumbered-1885,address,yes,matched,yes,3,4146 | 1885 | 2e BW 25 | Rijweg naar Kwatta | 1885-exact-components+street || 4148 | 1885 | 2e BW 25 | Rijweg naar Kwatta | 1885-exact-components+street || 4163 | 1837 | 2e BW 60 | Rijweg naar Kwatta | 1837-exact-components+street
2269,TBW26a,Rijweg naar Kwatta,renumbered-1885,address,yes,matched,yes,8,4151 | 1885 | 2e BW 26 | Rijweg naar Kwatta | 1885-fallback-core-only+street || 4154 | 1837 | 2e BW 62 | Rijweg naar Kwatta | 1837-fallback-core-only+street || 4155 | 1837 | 2e BW 62 | Rijweg naar Kwatta | 1837-fallback-core-only+street || 4156 | 1837 | 2e BW 61 | Rijweg naar Kwatta | 1837-exact-components+street || 4157 | 1837 | 2e BW 61 | Rijweg naar Kwatta | 1837-exact-components+street || 4159 | 1837 | 2e BW 61 | Rijweg naar Kwatta | 1837-exact-components+street || 4697 | 1885 | 2e BW 26 | Rijweg naar Kwatta | 1885-fallback-core-only+street || 4698 | 1885 | 2e BW 26 | Rijweg naar Kwatta | 1885-fallback-core-only+street
2270,TBW27,Rijweg naar Kwatta,renumbered-1885,address,yes,matched,yes,7,4149 | 1837 | 2e BW 63 a | Rijweg naar Kwatta | 1837-exact-components+street || 4150 | 1837 | 2e BW 63 b | Rijweg naar Kwatta | 1837-exact-components+street || 4152 | 1837 | 2e BW 63 b | Rijweg naar Kwatta | 1837-exact-components+street || 4153 | 1837 | 2e BW 63 b | Rijweg naar Kwatta | 1837-exact-components+street || 4158 | 1885 | 2e BW 27 | Rijweg naar Kwatta | 1885-exact-components+street || 4160 | 1885 | 2e BW 27 | Rijweg naar Kwatta | 1885-exact-components+street || 4161 | 1885 | 2e BW 27 | Rijweg naar Kwatta | 1885-exact-components+street
2271,TBW28,Rijweg naar Kwatta,renumbered-1885,address,yes,matched,yes,7,4137 | 1837 | 2e BW 66 a | Rijweg naar Kwatta | 1837-fallback-core-only+street || 4139 | 1837 | 2e BW 66 b | Rijweg naar Kwatta | 1837-fallback-core-only+street || 4141 | 1837 | 2e BW 66 | Rijweg naar Kwatta | 1837-fallback-core-only+street || 4143 | 1837 | 2e BW 65 | Rijweg naar Kwatta | 1837-fallback-core-only+street || 4145 | 1837 | 2e BW 65 | Rijweg naar Kwatta | 1837-fallback-core-only+street || 4147 | 1837 | 2e BW 64 | Rijweg naar Kwatta | 1837-fallback-core-only+street || 4162 | 1885 | 2e BW 28 | Rijweg naar Kwatta | 1885-exact-components+street
2272,TBW29,Rijweg naar Kwatta,renumbered-1885,address,yes,matched,yes,4,4132 | 1837 | 2e BW 67 | Rijweg naar Kwatta | 1837-exact-components+street || 4133 | 1837 | 2e BW 67 a | Rijweg naar Kwatta | 1837-exact-components+street || 4134 | 1837 | 2e BW 67 b | Rijweg naar Kwatta | 1837-exact-components+street || 4164 | 1885 | 2e BW 29 | Rijweg naar Kwatta | 1885-exact-components+street
2273,TBW30,Rijweg naar Kwatta,renumbered-1885,address,yes,matched,yes,13,4119 | 1837 | 2e BW 70 | Rijweg naar Kwatta | 1837-fallback-core-only+street || 4121 | 1837 | 2e BW 70 | Rijweg naar Kwatta | 1837-fallback-core-only+street || 4123 | 1837 | 2e BW 70 | Rijweg naar Kwatta | 1837-fallback-core-only+street || 4125 | 1837 | 2e BW 69 | Rijweg naar Kwatta | 1837-fallback-core-only+street || 4127 | 1837 | 2e BW 69 | Rijweg naar Kwatta | 1837-fallback-core-only+street || 4129 | 1837 | 2e BW 69 | Rijweg naar Kwatta | 1837-fallback-core-only+street || 4130 | 1837 | 2e BW 68 | Rijweg naar Kwatta | 1837-fallback-core-only+street || 4131 | 1837 | 2e BW 68 | Rijweg naar Kwatta | 1837-fallback-core-only+street
2274,TBW31,Rijweg naar Kwatta,renumbered-1885,address,yes,matched,yes,7,4166 | 1885 | 2e BW 31 | Rijweg naar Kwatta | 1885-exact-components+street || 5141 | 1837 | 2e BW 72 a | Wanicastraat | 1837-exact-components || 5142 | 1837 | 2e BW 72 b | Wanicastraat | 1837-exact-components || 5143 | 1837 | 2e BW 72 c | Wanicastraat | 1837-exact-components || 5144 | 1837 | 2e BW 72 d | Wanicastraat | 1837-exact-components || 5145 | 1837 | 2e BW 72 e | Wanicastraat | 1837-exact-components || 5146 | 1837 | 2e BW 72 | Wanicastraat | 1837-exact-components
2275,TBW32,Rijweg naar Kwatta,renumbered-1885,address,yes,matched,yes,32,4167 | 1885 | 2e BW 32 | Rijweg naar Kwatta | 1885-exact-components+street || 4942 | 1837 | 2e BW 73 ab | Wanicastraat | 1837-fallback-core-only || 4944 | 1837 | 2e BW 73 | Wanicastraat | 1837-fallback-core-only || 4947 | 1837 | 2e BW 73 | Wanicastraat | 1837-fallback-core-only || 4949 | 1837 | 2e BW 73 | Wanicastraat | 1837-fallback-core-only || 4951 | 1837 | 2e BW 73 | Wanicastraat | 1837-fallback-core-only || 4954 | 1837 | 2e BW 73 | Wanicastraat | 1837-fallback-core-only || 4956 | 1837 | 2e BW 73 | Wanicastraat | 1837-fallback-core-only
2276,TBW33,Rijweg naar Kwatta,renumbered-1885,address,yes,matched,yes,5,4180 | 1885 | 2e BW 33 | Rijweg naar Kwatta | 1885-exact-components+street || 4190 | 1885 | 2e BW 33 | Rijweg naar Kwatta | 1885-exact-components+street || 4228 | 1885 | 2e BW 33 | Rijweg naar Kwatta | 1885-exact-components+street || 4229 | 1885 | 2e BW 33 | Rijweg naar Kwatta | 1885-exact-components+street || 4938 | 1837 | 2e BW | Koningstraat | 1837-exact-components
2277,TBW34,Tweede Rijweg,renumbered-1885,address,yes,matched,yes,4,4108 | 1885 | 2e BW 34 | Rijweg naar Kwatta | 1885-exact-components || 4109 | 1885 | 2e BW 34 | Rijweg naar Kwatta | 1885-exact-components || 4787 | 1885 | 2e BW 34 | Tweede Rijweg | 1885-exact-components+street || 4939 | 1837 | 2e BW | Koningstraat | 1837-exact-components
2278,TBW35,Tweede Rijweg,renumbered-1885,address,yes,matched,yes,2,4788 | 1885 | 2e BW 35 | Tweede Rijweg | 1885-exact-components+street || 4940 | 1837 | 2e BW | Koningstraat | 1837-exact-components
2279,TBW36,Rijweg naar Kwatta,renumbered-1885,address,yes,matched,yes,16,3540 | 1837 | 2e BW 166 | Nassaustraat | 1837-exact-components || 4110 | 1885 | 2e BW 36 | Rijweg naar Kwatta | 1885-exact-components+street || 4492 | 1837 | 2e BW 166 | Nassaustraat | 1837-exact-components || 4995 | 1837 | 2e BW 105 | Koningstraat | 1837-fallback-core-only || 4997 | 1837 | 2e BW 104 | Koningstraat | 1837-fallback-core-only || 4999 | 1837 | 2e BW 104 | Koningstraat | 1837-fallback-core-only || 5001 | 1837 | 2e BW 104 | Koningstraat | 1837-fallback-core-only || 5003 | 1837 | 2e BW 104 | Koningstraat | 1837-fallback-core-only
2280,TBW37,Rijweg naar Kwatta,renumbered-1885,address,yes,matched,yes,1,4111 | 1885 | 2e BW 37 | Rijweg naar Kwatta | 1885-exact-components+street
2281,TBW39a,Rijweg naar Kwatta,renumbered-1885,address,yes,matched,yes,2,4114 | 1885 | 2e BW 39 | Rijweg naar Kwatta | 1885-fallback-core-only+street || 4115 | 1885 | 2e BW 39 | Rijweg naar Kwatta | 1885-fallback-core-only+street
2282,TBW40,Rijweg naar Kwatta,renumbered-1885,address,yes,matched,yes,4,4116 | 1885 | 2e BW 40 | Rijweg naar Kwatta | 1885-exact-components+street || 4494 | 1837 | 2e BW 165 | Nassaustraat | 1837-exact-components || 4797 | 1837 | 2e BW 175 b | Van Idsingastraat | 1837-fallback-core-only || 4799 | 1837 | 2e BW 175 | Van Idsingastraat | 1837-fallback-core-only
2283,TBW41,Rijweg naar Kwatta,renumbered-1885,address,yes,matched,yes,10,3647 | 1885 | 2e BW 41 | Rijweg naar Kwatta | 1885-exact-components+street || 4117 | 1885 | 2e BW 41 | Rijweg naar Kwatta | 1885-exact-components+street || 4730 | 1837 | 2e BW 171 a | Sophialaan | 1837-exact-components || 4732 | 1837 | 2e BW 171 b | Sophialaan | 1837-exact-components || 4733 | 1837 | 2e BW 172 | Sophialaan | 1837-fallback-core-only || 4734 | 1837 | 2e BW 173 | Sophialaan | 1837-fallback-core-only || 4735 | 1837 | 2e BW 173 | Sophialaan | 1837-fallback-core-only || 4736 | 1837 | 2e BW 174 | Sophialaan | 1837-fallback-core-only
2284,TBW45,Eerste Rijweg,renumbered-1885,address,yes,matched,yes,6,3651 | 1885 | 2e BW 45 | Eerste Rijweg | 1885-exact-components+street || 4485 | 1837 | 2e BW 167 | Sophialaan | 1837-exact-components || 4487 | 1837 | 2e BW 167 a | Sophialaan | 1837-exact-components || 4489 | 1837 | 2e BW 167 b | Sophialaan | 1837-exact-components || 4491 | 1837 | 2e BW 167 c | Sophialaan | 1837-exact-components || 4718 | 1837 | 2e BW 167 | Sophialaan | 1837-exact-components
2285,TBW47,Eerste Rijweg,renumbered-1885,address,yes,matched,yes,17,3653 | 1885 | 2e BW 47 | Eerste Rijweg | 1885-exact-components+street || 4739 | 1837 | 2e BW 229 | Wanicastraat | 1837-fallback-core-only || 5172 | 1837 | 2e BW 228 | Wanicastraat | 1837-fallback-core-only || 5173 | 1837 | 2e BW 228 | Wanicastraat | 1837-fallback-core-only || 5174 | 1837 | 2e BW 228 | Wanicastraat | 1837-fallback-core-only || 5175 | 1837 | 2e BW 228 | Wanicastraat | 1837-fallback-core-only || 5176 | 1837 | 2e BW 228 | Wanicastraat | 1837-fallback-core-only || 5177 | 1837 | 2e BW 229 | Wanicastraat | 1837-fallback-core-only
2286,TBW46,Eerste Rijweg,renumbered-1885,address,yes,matched,yes,1,3652 | 1885 | 2e BW 46 | Eerste Rijweg | 1885-exact-components+street
2287,TBW44,Eerste Rijweg,renumbered-1885,address,yes,matched,yes,2,3650 | 1885 | 2e BW 44 | Eerste Rijweg | 1885-exact-components+street || 4720 | 1837 | 2e BW 168 | Sophialaan | 1837-exact-components
2288,TBW43,Eerste Rijweg,renumbered-1885,address,yes,matched,yes,3,3649 | 1885 | 2e BW 43 | Eerste Rijweg | 1885-exact-components+street || 4722 | 1837 | 2e BW 169 | Sophialaan | 1837-exact-components || 4724 | 1837 | 2e BW 169 a | Sophialaan | 1837-exact-components
2289,TBW42,Eerste Rijweg,renumbered-1885,address,yes,matched,yes,3,3648 | 1885 | 2e BW 42 | Eerste Rijweg | 1885-exact-components+street || 4726 | 1837 | 2e BW 170 a | Sophialaan | 1837-exact-components || 4728 | 1837 | 2e BW 170 | Sophialaan | 1837-exact-components
2290,TBW48,Eerste Rijweg,renumbered-1885,address,yes,matched,yes,2,3654 | 1885 | 2e BW 48 | Eerste Rijweg | 1885-exact-components+street || 4746 | 1837 | 2e BW 230 | Steenbakkersgracht | 1837-fallback-core-only
2291,TBW49,Eerste Rijweg,renumbered-1885,address,yes,matched,yes,22,3655 | 1885 | 2e BW 49 | Eerste Rijweg | 1885-exact-components+street || 4450 | 1837 | 2e BW 198 | Nassaulaan | 1837-fallback-core-only || 4451 | 1837 | 2e BW 199 | Nassaulaan | 1837-fallback-core-only || 4453 | 1837 | 2e BW 200 | Nassaulaan | 1837-fallback-core-only || 4455 | 1837 | 2e BW 201 | Nassaulaan | 1837-fallback-core-only || 4457 | 1837 | 2e BW 202 | Nassaulaan | 1837-fallback-core-only || 4459 | 1837 | 2e BW 202 | Nassaulaan | 1837-fallback-core-only || 4460 | 1837 | 2e BW 202 | Nassaulaan | 1837-fallback-core-only
2292,TBW50,Eerste Rijweg,renumbered-1885,address,yes,matched,yes,2,3656 | 1885 | 2e BW 50 | Eerste Rijweg | 1885-exact-components+street || 5365 | 1837 | 2e BW |  | 1837-exact-components
2293,TBW51,Eerste Rijweg,renumbered-1885,address,yes,matched,yes,13,3646 | 1885 | 2e BW 51 | Rijweg naar Kwatta | 1885-exact-components || 4721 | 1837 | 2e BW 183 | Sophialaan | 1837-fallback-core-only || 4723 | 1837 | 2e BW 183 | Sophialaan | 1837-fallback-core-only || 4725 | 1837 | 2e BW 182 | Sophialaan | 1837-fallback-core-only || 4727 | 1837 | 2e BW 181 | Sophialaan | 1837-fallback-core-only || 4729 | 1837 | 2e BW 181 | Sophialaan | 1837-fallback-core-only || 4753 | 1837 | 2e BW 232 | Steenbakkersgracht | 1837-fallback-core-only || 4755 | 1837 | 2e BW 233 | Steenbakkersgracht | 1837-fallback-core-only
2294,TBW52,Rijweg naar Kwatta,renumbered-1885,address,yes,matched,yes,20,3541 | 1837 | 2e BW 176 | Van Idsingastraat | 1837-fallback-core-only || 3645 | 1885 | 2e BW 52 | Rijweg naar Kwatta | 1885-exact-components+street || 4118 | 1885 | 2e BW 52 | Rijweg naar Kwatta | 1885-exact-components+street || 4183 | 1885 | 2e BW 52 | Rijweg naar Kwatta | 1885-exact-components+street || 4186 | 1837 | 2e BW 176 | Van Idsingastraat | 1837-fallback-core-only || 4731 | 1837 | 2e BW 180 | Sophialaan | 1837-fallback-core-only || 4758 | 1837 | 2e BW 234 | Steenbakkersgracht | 1837-exact-components || 4760 | 1837 | 2e BW 235 | Steenbakkersgracht | 1837-fallback-core-only
2295,TBW53,Rijweg naar Kwatta,renumbered-1885,address,yes,matched,yes,12,3592 | 1885 | 2e BW 53 | Rijweg naar Kwatta | 1885-exact-components+street || 3593 | 1885 | 2e BW 53 | Rijweg naar Kwatta | 1885-exact-components+street || 4764 | 1837 | 2e BW 236 | Steenbakkersgracht | 1837-exact-components || 4770 | 1837 | 2e BW 237 | Steenbakkersgracht | 1837-fallback-core-only || 4794 | 1885 | 2e BW 53 | Rijweg naar Kwatta | 1885-exact-components+street || 4796 | 1885 | 2e BW 53 | Rijweg naar Kwatta | 1885-exact-components+street || 4798 | 1885 | 2e BW 53 | Rijweg naar Kwatta | 1885-exact-components+street || 4836 | 1837 | 2e BW 236 | Steenbakkersgracht | 1837-exact-components
2296,TBW54,Rijweg naar Kwatta,renumbered-1885,address,yes,matched,yes,24,3594 | 1837 | 2e BW 238 | Steenbakkersgracht | 1837-fallback-core-only || 3595 | 1837 | 2e BW 240 | Steenbakkersgracht | 1837-fallback-core-only || 3596 | 1837 | 2e BW 240 | Steenbakkersgracht | 1837-fallback-core-only || 3972 | 1837 | 2e BW 238 | Steenbakkersgracht | 1837-fallback-core-only || 4177 | 1885 | 2e BW 54 | Rijweg naar Kwatta | 1885-exact-components+street || 4178 | 1885 | 2e BW 54 | Rijweg naar Kwatta | 1885-exact-components+street || 4179 | 1837 | 2e BW 238 | Steenbakkersgracht | 1837-fallback-core-only || 4181 | 1837 | 2e BW 239 | Steenbakkersgracht | 1837-fallback-core-only
2297,TBW55,Rijweg naar Kwatta,renumbered-1885,address,yes,matched,yes,2,4176 | 1885 | 2e BW 55 | Rijweg naar Kwatta | 1885-exact-components+street || 4777 | 1837 | 2e BW 241 | Steenbakkersgracht | 1837-exact-components
2298,TBW56,Rijweg naar Kwatta,renumbered-1885,address,yes,matched,yes,2,4175 | 1885 | 2e BW 56 | Rijweg naar Kwatta | 1885-exact-components+street || 4778 | 1837 | 2e BW 242 | Steenbakkersgracht | 1837-exact-components
2299,TBW57,Rijweg naar Kwatta,renumbered-1885,address,yes,matched,yes,3,4173 | 1885 | 2e BW 57 | Rijweg naar Kwatta | 1885-exact-components+street || 4174 | 1885 | 2e BW 57 | Rijweg naar Kwatta | 1885-exact-components+street || 4779 | 1837 | 2e BW 243 | Steenbakkersgracht | 1837-exact-components
2300,TBW58,Rijweg naar Kwatta,renumbered-1885,address,yes,matched,yes,3,4171 | 1885 | 2e BW 58 a | Rijweg naar Kwatta | 1885-fallback-core-only+street || 4172 | 1885 | 2e BW 58 b | Rijweg naar Kwatta | 1885-fallback-core-only+street || 4780 | 1837 | 2e BW 244 | Steenbakkersgracht | 1837-exact-components
2301,TBW59a,Rijweg naar Kwatta,renumbered-1885,address,yes,matched,yes,5,4168 | 1885 | 2e BW 59 b | Rijweg naar Kwatta | 1885-fallback-core-only+street || 4169 | 1885 | 2e BW 59 a | Rijweg naar Kwatta | 1885-exact-components+street || 4170 | 1885 | 2e BW 59 | Rijweg naar Kwatta | 1885-fallback-core-only+street || 4511 | 1837 | 2e BW 245 | Picorniestraat | 1837-fallback-core-only || 4636 | 1837 | 2e BW 245 | Picorniestraat | 1837-fallback-core-only
2302,TBW60aa,Rijweg naar Kwatta,renumbered-1885,address,yes,matched,yes,2,4163 | 1885 | 2e BW 60 | Rijweg naar Kwatta | 1885-fallback-core-only+street || 4512 | 1837 | 2e BW 245 | Picorniestraat | 1837-fallback-core-only
2303,TBW61,Rijweg naar Kwatta,renumbered-1885,address,yes,matched,yes,4,4156 | 1885 | 2e BW 61 | Rijweg naar Kwatta | 1885-exact-components+street || 4157 | 1885 | 2e BW 61 | Rijweg naar Kwatta | 1885-exact-components+street || 4159 | 1885 | 2e BW 61 | Rijweg naar Kwatta | 1885-exact-components+street || 4513 | 1837 | 2e BW 245 | Picorniestraat | 1837-exact-components
2304,TBW62,Rijweg naar Kwatta,renumbered-1885,address,yes,matched,yes,3,4154 | 1885 | 2e BW 62 | Rijweg naar Kwatta | 1885-exact-components+street || 4155 | 1885 | 2e BW 62 | Rijweg naar Kwatta | 1885-exact-components+street || 4514 | 1837 | 2e BW 245 | Picorniestraat | 1837-exact-components
2305,TBW63,Rijweg naar Kwatta,renumbered-1885,address,yes,matched,yes,5,4149 | 1885 | 2e BW 63 a | Rijweg naar Kwatta | 1885-fallback-core-only+street || 4150 | 1885 | 2e BW 63 b | Rijweg naar Kwatta | 1885-fallback-core-only+street || 4152 | 1885 | 2e BW 63 b | Rijweg naar Kwatta | 1885-fallback-core-only+street || 4153 | 1885 | 2e BW 63 b | Rijweg naar Kwatta | 1885-fallback-core-only+street || 4515 | 1837 | 2e BW 245 | Picorniestraat | 1837-exact-components
2306,TBW64,Rijweg naar Kwatta,renumbered-1885,address,yes,matched,yes,2,4147 | 1885 | 2e BW 64 | Rijweg naar Kwatta | 1885-exact-components+street || 4516 | 1837 | 2e BW 245 | Picorniestraat | 1837-exact-components
2307,TBW65,Rijweg naar Kwatta,renumbered-1885,address,yes,matched,yes,3,4143 | 1885 | 2e BW 65 | Rijweg naar Kwatta | 1885-exact-components+street || 4145 | 1885 | 2e BW 65 | Rijweg naar Kwatta | 1885-exact-components+street || 4517 | 1837 | 2e BW 245 | Picorniestraat | 1837-exact-components
2308,TBW66,Rijweg naar Kwatta,renumbered-1885,address,yes,matched,yes,4,4137 | 1885 | 2e BW 66 a | Rijweg naar Kwatta | 1885-fallback-core-only+street || 4139 | 1885 | 2e BW 66 b | Rijweg naar Kwatta | 1885-fallback-core-only+street || 4141 | 1885 | 2e BW 66 | Rijweg naar Kwatta | 1885-exact-components+street || 4518 | 1837 | 2e BW 245 | Picorniestraat | 1837-exact-components
2309,TBW67,Rijweg naar Kwatta,renumbered-1885,address,yes,matched,yes,14,3546 | 1837 | 2e BW 247 | Steenbakkersgracht | 1837-fallback-core-only || 3547 | 1837 | 2e BW 247 | Steenbakkersgracht | 1837-fallback-core-only || 4132 | 1885 | 2e BW 67 | Rijweg naar Kwatta | 1885-exact-components+street || 4133 | 1885 | 2e BW 67 a | Rijweg naar Kwatta | 1885-fallback-core-only+street || 4134 | 1885 | 2e BW 67 b | Rijweg naar Kwatta | 1885-fallback-core-only+street || 4242 | 1837 | 2e BW 247 | Steenbakkersgracht | 1837-fallback-core-only || 4243 | 1837 | 2e BW 247 | Steenbakkersgracht | 1837-fallback-core-only || 4769 | 1837 | 2e BW 247 | Steenbakkersgracht | 1837-fallback-core-only
2310,TBW68,Rijweg naar Kwatta,renumbered-1885,address,yes,matched,yes,10,4130 | 1885 | 2e BW 68 | Rijweg naar Kwatta | 1885-exact-components+street || 4131 | 1885 | 2e BW 68 | Rijweg naar Kwatta | 1885-exact-components+street || 4761 | 1837 | 2e BW 250 | Steenbakkersgracht | 1837-fallback-core-only || 4762 | 1837 | 2e BW 249 | Steenbakkersgracht | 1837-fallback-core-only || 4763 | 1837 | 2e BW 249 | Steenbakkersgracht | 1837-fallback-core-only || 4765 | 1837 | 2e BW 248 | Steenbakkersgracht | 1837-fallback-core-only || 4766 | 1837 | 2e BW 248 | Steenbakkersgracht | 1837-fallback-core-only || 4767 | 1837 | 2e BW 248 | Steenbakkersgracht | 1837-fallback-core-only
2311,TBW69,Rijweg naar Kwatta,renumbered-1885,address,yes,matched,yes,4,4125 | 1885 | 2e BW 69 | Rijweg naar Kwatta | 1885-exact-components+street || 4127 | 1885 | 2e BW 69 | Rijweg naar Kwatta | 1885-exact-components+street || 4129 | 1885 | 2e BW 69 | Rijweg naar Kwatta | 1885-exact-components+street || 4759 | 1837 | 2e BW 251 | Steenbakkersgracht | 1837-exact-components
2312,TBW70a,Rijweg naar Kwatta,renumbered-1885,address,yes,matched,yes,10,3957 | 1837 | 2e BW 252 a | Steenbakkersgracht | 1837-fallback-core-only || 3958 | 1837 | 2e BW 252 b | Steenbakkersgracht | 1837-fallback-core-only || 3960 | 1837 | 2e BW 252 | Steenbakkersgracht | 1837-fallback-core-only || 4119 | 1885 | 2e BW 70 | Rijweg naar Kwatta | 1885-fallback-core-only+street || 4121 | 1885 | 2e BW 70 | Rijweg naar Kwatta | 1885-fallback-core-only+street || 4123 | 1885 | 2e BW 70 | Rijweg naar Kwatta | 1885-fallback-core-only+street || 4754 | 1837 | 2e BW 252 | Steenbakkersgracht | 1837-fallback-core-only || 4756 | 1837 | 2e BW 252 | Steenbakkersgracht | 1837-fallback-core-only
2313,TBW71,Wanicastraat,renumbered-1885,address,yes,matched,yes,5,3962 | 1837 | 2e BW 253 a | Van Lansbergestraat | 1837-exact-components || 3964 | 1837 | 2e BW 253 b | Van Lansbergestraat | 1837-exact-components || 3966 | 1837 | 2e BW 253 | Van Lansbergestraat | 1837-exact-components || 5139 | 1885 | 2e BW 71 | Wanicastraat | 1885-exact-components+street || 5140 | 1885 | 2e BW 71 | Wanicastraat | 1885-exact-components+street
2314,TBW72,Wanicastraat,renumbered-1885,address,yes,matched,yes,10,3961 | 1837 | 2e BW 254 a | Van Lansbergestraat | 1837-exact-components || 3963 | 1837 | 2e BW 254 | Van Lansbergestraat | 1837-exact-components || 3965 | 1837 | 2e BW 254 b | Van Lansbergestraat | 1837-exact-components || 3968 | 1837 | 2e BW 254 | Van Lansbergestraat | 1837-exact-components || 5141 | 1885 | 2e BW 72 a | Wanicastraat | 1885-fallback-core-only+street || 5142 | 1885 | 2e BW 72 b | Wanicastraat | 1885-fallback-core-only+street || 5143 | 1885 | 2e BW 72 c | Wanicastraat | 1885-fallback-core-only+street || 5144 | 1885 | 2e BW 72 d | Wanicastraat | 1885-fallback-core-only+street
2315,TBW73b,Wanicastraat,renumbered-1885,address,yes,matched,yes,24,3955 | 1837 | 2e BW 255 | Van Lansbergestraat | 1837-fallback-core-only || 3956 | 1837 | 2e BW 255 | Van Lansbergestraat | 1837-fallback-core-only || 3959 | 1837 | 2e BW 255 | Van Lansbergestraat | 1837-fallback-core-only || 4745 | 1837 | 2e BW 257 | Steenbakkersgracht | 1837-fallback-core-only || 4747 | 1837 | 2e BW 256 | Steenbakkersgracht | 1837-exact-components || 4749 | 1837 | 2e BW 255 | Van Lansbergestraat | 1837-fallback-core-only || 4942 | 1885 | 2e BW 73 ab | Wanicastraat | 1885-fallback-core-only+street || 4944 | 1885 | 2e BW 73 | Wanicastraat | 1885-fallback-core-only+street
2316,TBW74,Koningsstraat,renumbered-1885,address,yes,matched,yes,13,4740 | 1837 | 2e BW 259 | Steenbakkersgracht | 1837-fallback-core-only || 4741 | 1837 | 2e BW 259 | Steenbakkersgracht | 1837-fallback-core-only || 4742 | 1837 | 2e BW 259 | Steenbakkersgracht | 1837-fallback-core-only || 4743 | 1837 | 2e BW 258 b | Steenbakkersgracht | 1837-fallback-core-only || 4744 | 1837 | 2e BW 258 a | Steenbakkersgracht | 1837-fallback-core-only || 4965 | 1885 | 2e BW 74 | Koningstraat | 1885-exact-components || 5188 | 1837 | 2e BW 259 bb | Wanicastraat | 1837-fallback-core-only || 5189 | 1837 | 2e BW 259 | Wanicastraat | 1837-fallback-core-only
2317,TBW75,Koningsstraat,renumbered-1885,address,yes,matched,yes,6,4967 | 1885 | 2e BW 75 a | Koningstraat | 1885-fallback-core-only || 4969 | 1885 | 2e BW 75 | Koningstraat | 1885-exact-components || 5195 | 1837 | 2e BW 260 a | Wanicastraat | 1837-exact-components || 5196 | 1837 | 2e BW 260 | Wanicastraat | 1837-exact-components || 5197 | 1837 | 2e BW 260 | Wanicastraat | 1837-exact-components || 5198 | 1837 | 2e BW 260 b2a | Wanicastraat | 1837-exact-components
2318,TBW76,Koningsstraat,renumbered-1885,address,yes,matched,yes,3,4893 | 1837 | 2e BW 261 a | Wanicastraat | 1837-exact-components || 4971 | 1885 | 2e BW 76 ab | Koningstraat | 1885-fallback-core-only || 5199 | 1837 | 2e BW 261 | Wanicastraat | 1837-exact-components
2319,TBW77,Koningsstraat,renumbered-1885,address,yes,matched,yes,4,4896 | 1837 | 2e BW 262 | Hoogestraat | 1837-exact-components || 4973 | 1885 | 2e BW 77 a | Koningstraat | 1885-fallback-core-only || 4974 | 1885 | 2e BW 77 | Koningstraat | 1885-exact-components || 4976 | 1885 | 2e BW 77 b1 | Koningstraat | 1885-fallback-core-only
2320,TBW78,Koningsstraat,renumbered-1885,address,yes,matched,yes,2,4898 | 1837 | 2e BW 263 | Hoogestraat | 1837-exact-components || 4978 | 1885 | 2e BW 78 | Koningstraat | 1885-exact-components
2321,TBW79,Koningsstraat,renumbered-1885,address,yes,matched,yes,2,4904 | 1837 | 2e BW 264 | Hoogestraat | 1837-exact-components || 4980 | 1885 | 2e BW 79 | Koningstraat | 1885-exact-components
2322,TBW80,Koningsstraat,renumbered-1885,address,yes,matched,yes,5,4910 | 1837 | 2e BW 265 | Hoogestraat | 1837-fallback-core-only || 4915 | 1837 | 2e BW 266 | Hoogestraat | 1837-fallback-core-only || 4917 | 1837 | 2e BW 266 | Hoogestraat | 1837-fallback-core-only || 4918 | 1837 | 2e BW 266 | Hoogestraat | 1837-fallback-core-only || 4982 | 1885 | 2e BW 80 a | Koningstraat | 1885-fallback-core-only
2323,TBW81,Koningsstraat,renumbered-1885,address,yes,matched,yes,6,4920 | 1837 | 2e BW 267 | Hoogestraat | 1837-exact-components || 4921 | 1837 | 2e BW 267 | Hoogestraat | 1837-exact-components || 4923 | 1837 | 2e BW 267 | Hoogestraat | 1837-exact-components || 4984 | 1885 | 2e BW 81 | Koningstraat | 1885-exact-components || 4986 | 1885 | 2e BW 81 a | Koningstraat | 1885-fallback-core-only || 4988 | 1885 | 2e BW 81 b | Koningstraat | 1885-fallback-core-only
2324,TBW82,Koningsstraat,renumbered-1885,address,yes,matched,yes,5,4925 | 1837 | 2e BW 268 | Hoogestraat | 1837-exact-components || 4990 | 1885 | 2e BW 82 a | Koningstraat | 1885-fallback-core-only || 4992 | 1885 | 2e BW 82 | Koningstraat | 1885-exact-components || 4994 | 1885 | 2e BW 82 b | Koningstraat | 1885-fallback-core-only || 4996 | 1885 | 2e BW 82 | Koningstraat | 1885-exact-components
2325,TBW83,Koningsstraat,renumbered-1885,address,yes,matched,yes,3,4814 | 1837 | 2e BW 281 | Achtersteeg | 1837-exact-components || 4998 | 1885 | 2e BW 83 | Koningstraat | 1885-exact-components || 5000 | 1885 | 2e BW 83 | Koningstraat | 1885-exact-components
2326,TBW84,Koningsstraat,renumbered-1885,address,yes,matched,yes,3,4895 | 1837 | 2e BW 282 | Achtersteeg | 1837-exact-components || 5002 | 1885 | 2e BW 84 a | Koningstraat | 1885-fallback-core-only || 5004 | 1885 | 2e BW 84 b | Koningstraat | 1885-fallback-core-only
2327,TBW85,Koningsstraat,renumbered-1885,address,yes,matched,yes,2,4936 | 1837 | 2e BW 269 | Hoogestraat | 1837-exact-components || 5006 | 1885 | 2e BW 85 | Koningstraat | 1885-exact-components
2328,TBW86,Koningsstraat,renumbered-1885,address,yes,matched,yes,4,4934 | 1837 | 2e BW 270 | Hoogestraat | 1837-exact-components || 4935 | 1837 | 2e BW 270 | Hoogestraat | 1837-exact-components || 5008 | 1885 | 2e BW 86 | Koningstraat | 1885-exact-components || 5010 | 1885 | 2e BW 86 | Koningstraat | 1885-exact-components
2329,TBW87,Koningsstraat,renumbered-1885,address,yes,matched,yes,5,4929 | 1837 | 2e BW 271 | Hoogestraat | 1837-exact-components || 4930 | 1837 | 2e BW 271 | Hoogestraat | 1837-exact-components || 4931 | 1837 | 2e BW 271 | Hoogestraat | 1837-exact-components || 4932 | 1837 | 2e BW 271 | Hoogestraat | 1837-exact-components || 5013 | 1885 | 2e BW 87 | Koningstraat | 1885-exact-components
2330,TBW88,Koningsstraat,renumbered-1885,address,yes,matched,yes,4,4926 | 1837 | 2e BW 273 | Hoogestraat | 1837-fallback-core-only || 4927 | 1837 | 2e BW 273 | Hoogestraat | 1837-fallback-core-only || 4928 | 1837 | 2e BW 272 | Hoogestraat | 1837-fallback-core-only || 5015 | 1885 | 2e BW 88 | Koningstraat | 1885-exact-components
2331,TBW89,Koningsstraat,renumbered-1885,address,yes,matched,yes,6,4922 | 1837 | 2e BW 275 | Hoogestraat | 1837-fallback-core-only || 4924 | 1837 | 2e BW 274 | Hoogestraat | 1837-fallback-core-only || 5017 | 1885 | 2e BW 89 ac | Koningstraat | 1885-fallback-core-only || 5018 | 1885 | 2e BW 89 | Koningstraat | 1885-exact-components || 5020 | 1885 | 2e BW 89 b | Koningstraat | 1885-fallback-core-only || 5022 | 1885 | 2e BW 89 | Koningstraat | 1885-exact-components
2332,TBW90a,Koningsstraat,renumbered-1885,address,yes,matched,yes,4,4916 | 1837 | 2e BW 276 | Hoogestraat | 1837-fallback-core-only || 4919 | 1837 | 2e BW 276 | Hoogestraat | 1837-fallback-core-only || 5023 | 1885 | 2e BW 90 | Koningstraat | 1885-fallback-core-only || 5024 | 1885 | 2e BW 90 | Koningstraat | 1885-fallback-core-only
2333,TBW91,Koningsstraat,renumbered-1885,address,yes,matched,yes,3,4913 | 1837 | 2e BW 277 | Hoogestraat | 1837-exact-components || 4914 | 1837 | 2e BW 277 | Hoogestraat | 1837-exact-components || 5025 | 1885 | 2e BW 91 | Koningstraat | 1885-exact-components
2334,TBW92,Koningsstraat,renumbered-1885,address,yes,matched,yes,4,4909 | 1837 | 2e BW 279 | Hoogestraat | 1837-fallback-core-only || 4911 | 1837 | 2e BW 278 | Hoogestraat | 1837-fallback-core-only || 4912 | 1837 | 2e BW 278 | Hoogestraat | 1837-fallback-core-only || 5026 | 1885 | 2e BW 92 | Koningstraat | 1885-exact-components
2335,TBW93,Koningsstraat,renumbered-1885,address,yes,matched,yes,4,4907 | 1837 | 2e BW 280 | Hoogestraat | 1837-exact-components || 4908 | 1837 | 2e BW 280 | Hoogestraat | 1837-exact-components || 5027 | 1885 | 2e BW 93 | Koningstraat | 1885-exact-components || 5028 | 1885 | 2e BW 93 | Koningstraat | 1885-exact-components
2336,TBW94,Koningsstraat,renumbered-1885,address,yes,matched,yes,2,4891 | 1837 | 2e BW 283 | Achtersteeg | 1837-exact-components || 5029 | 1885 | 2e BW 94 | Koningstraat | 1885-exact-components
2337,TBW95,Koningsstraat,renumbered-1885,address,yes,matched,yes,2,3967 | 1837 | 2e BW 283 | Achtersteeg | 1837-exact-components || 5030 | 1885 | 2e BW 95 | Koningstraat | 1885-exact-components
2338,TBW96,Koningsstraat,renumbered-1885,address,yes,matched,yes,2,4906 | 1837 | 2e BW 284 | Hoogestraat | 1837-exact-components || 5031 | 1885 | 2e BW 96 | Koningstraat | 1885-exact-components
2339,TBW97a,Koningsstraat,renumbered-1885,address,yes,matched,yes,4,4902 | 1837 | 2e BW 285 | Hoogestraat | 1837-fallback-core-only || 4903 | 1837 | 2e BW 285 | Hoogestraat | 1837-fallback-core-only || 4905 | 1837 | 2e BW 285 | Hoogestraat | 1837-fallback-core-only || 5032 | 1885 | 2e BW 97 | Koningstraat | 1885-fallback-core-only
2340,TBW98,Koningsstraat,renumbered-1885,address,yes,matched,yes,4,4795 | 1885 | 2e BW 98 | Koningstraat | 1885-exact-components || 4901 | 1837 | 2e BW 286 | Hoogestraat | 1837-exact-components || 5033 | 1885 | 2e BW 98 | Koningstraat | 1885-exact-components || 5034 | 1885 | 2e BW 98 | Koningstraat | 1885-exact-components
2341,TBW99a,Koningsstraat,renumbered-1885,address,yes,matched,yes,3,4900 | 1837 | 2e BW 287 | Hoogestraat | 1837-fallback-core-only || 5016 | 1885 | 2e BW 99 | Koningstraat | 1885-fallback-core-only || 5019 | 1885 | 2e BW 99 | Koningstraat | 1885-fallback-core-only
2342,TBW100,Koningsstraat,renumbered-1885,address,yes,matched,yes,3,4897 | 1837 | 2e BW 288 | Hoogestraat | 1837-exact-components || 4899 | 1837 | 2e BW 288 | Hoogestraat | 1837-exact-components || 5014 | 1885 | 2e BW 100 | Koningstraat | 1885-exact-components
2343,TBW101,Koningsstraat,renumbered-1885,address,yes,matched,yes,6,4892 | 1837 | 2e BW 289 | Wanicastraat | 1837-exact-components || 4894 | 1837 | 2e BW 289 | Wanicastraat | 1837-exact-components || 5012 | 1885 | 2e BW 101 | Koningstraat | 1885-exact-components || 5200 | 1837 | 2e BW 289 | Wanicastraat | 1837-exact-components || 5201 | 1837 | 2e BW 289 | Wanicastraat | 1837-exact-components || 5203 | 1837 | 2e BW 289 | Wanicastraat | 1837-exact-components
2344,TBW104b,Koningsstraat,renumbered-1885,address,yes,matched,yes,7,4997 | 1885 | 2e BW 104 | Koningstraat | 1885-fallback-core-only || 4999 | 1885 | 2e BW 104 | Koningstraat | 1885-fallback-core-only || 5001 | 1885 | 2e BW 104 | Koningstraat | 1885-fallback-core-only || 5003 | 1885 | 2e BW 104 | Koningstraat | 1885-fallback-core-only || 5005 | 1885 | 2e BW 104 | Koningstraat | 1885-fallback-core-only || 5209 | 1837 | 2e BW 292 | Wanicastraat | 1837-fallback-core-only || 5211 | 1837 | 2e BW 293 | Wanicastraat | 1837-exact-components
2345,TBW102,Koningsstraat,renumbered-1885,address,yes,matched,yes,3,5009 | 1885 | 2e BW 102 | Koningstraat | 1885-exact-components || 5011 | 1885 | 2e BW 102 | Koningstraat | 1885-exact-components || 5205 | 1837 | 2e BW 290 | Wanicastraat | 1837-exact-components
2346,TBW103,Koningsstraat,renumbered-1885,address,yes,matched,yes,2,5007 | 1885 | 2e BW 103 | Koningstraat | 1885-exact-components || 5207 | 1837 | 2e BW 291 | Wanicastraat | 1837-exact-components
2347,TBW105,Koningsstraat,renumbered-1885,address,yes,matched,yes,3,4995 | 1885 | 2e BW 105 | Koningstraat | 1885-exact-components || 5213 | 1837 | 2e BW 294 | Wanicastraat | 1837-exact-components || 5214 | 1837 | 2e BW 294 | Wanicastraat | 1837-exact-components
2348,TBW106,Koningsstraat,renumbered-1885,address,yes,matched,yes,3,4993 | 1885 | 2e BW 106 | Koningstraat | 1885-exact-components || 5216 | 1837 | 2e BW 295 | Wanicastraat | 1837-exact-components || 5217 | 1837 | 2e BW 295 | Wanicastraat | 1837-exact-components
2349,TBW107,Koningsstraat,renumbered-1885,address,yes,matched,yes,4,4991 | 1885 | 2e BW 107 | Koningstraat | 1885-exact-components || 5219 | 1837 | 2e BW 296 | Wanicastraat | 1837-exact-components || 5222 | 1837 | 2e BW 296 | Wanicastraat | 1837-exact-components || 5224 | 1837 | 2e BW 296 | Wanicastraat | 1837-exact-components
2350,TBW108,Koningsstraat,renumbered-1885,address,yes,matched,yes,5,4870 | 1837 | 2e BW 302 | Verlengde Gemenelandsweg | 1837-fallback-core-only || 4871 | 1837 | 2e BW 302 | Verlengde Gemenelandsweg | 1837-fallback-core-only || 4987 | 1885 | 2e BW 108 | Koningstraat | 1885-exact-components || 4989 | 1885 | 2e BW 108 | Koningstraat | 1885-exact-components || 5228 | 1837 | 2e BW 297 | Wanicastraat | 1837-fallback-core-only
2351,TBW109,Koningsstraat,renumbered-1885,address,yes,matched,yes,4,4861 | 1837 | 2e BW 299 b | Wanicastraat | 1837-exact-components || 4983 | 1885 | 2e BW 109 | Koningstraat | 1885-exact-components || 4985 | 1885 | 2e BW 109 | Koningstraat | 1885-exact-components || 5247 | 1837 | 2e BW 298 | Wanicastraat | 1837-exact-components
2352,TBW110,Koningsstraat,renumbered-1885,address,yes,matched,yes,5,4863 | 1837 | 2e BW 300 b | Verlengde Gemenelandsweg | 1837-fallback-core-only || 4865 | 1837 | 2e BW 300 a | Verlengde Gemenelandsweg | 1837-fallback-core-only || 4867 | 1837 | 2e BW 301 | Verlengde Gemenelandsweg | 1837-fallback-core-only || 4868 | 1837 | 2e BW 301 | Verlengde Gemenelandsweg | 1837-fallback-core-only || 4981 | 1885 | 2e BW 110 | Koningstraat | 1885-exact-components
2353,TBW111a,Koningsstraat,renumbered-1885,address,yes,matched,yes,3,4874 | 1837 | 2e BW 303 | Verlengde Gemenelandsweg | 1837-fallback-core-only || 4977 | 1885 | 2e BW 111 | Koningstraat | 1885-fallback-core-only || 4979 | 1885 | 2e BW 111 | Koningstraat | 1885-fallback-core-only
2354,TBW112,Van Radersstraat,renumbered-1885,address,yes,matched,yes,4,4876 | 1837 | 2e BW 304 | Verlengde Gemenelandsweg | 1837-fallback-core-only || 4878 | 1837 | 2e BW 305 | Verlengde Gemenelandsweg | 1837-fallback-core-only || 4879 | 1837 | 2e BW 305 | Verlengde Gemenelandsweg | 1837-fallback-core-only || 4975 | 1885 | 2e BW 112 | Van Radersstraat | 1885-exact-components+street
2355,TBW113,Van Radersstraat,renumbered-1885,address,yes,matched,yes,5,3654 | 1837 | 2e BW 48 | Eerste Rijweg | 1837-exact-components || 4815 | 1885 | 2e BW 113 | Van Radersstraat | 1885-exact-components+street || 4817 | 1885 | 2e BW 113 a | Van Radersstraat | 1885-fallback-core-only+street || 4819 | 1885 | 2e BW 113 | Van Radersstraat | 1885-exact-components+street || 4822 | 1885 | 2e BW 113 | Van Radersstraat | 1885-exact-components+street
2356,TBW114,Van Radersstraat,renumbered-1885,address,yes,matched,yes,3,3655 | 1837 | 2e BW 49 | Eerste Rijweg | 1837-exact-components || 4824 | 1885 | 2e BW 114 a | Van Radersstraat | 1885-fallback-core-only+street || 4826 | 1885 | 2e BW 114 b | Van Radersstraat | 1885-fallback-core-only+street
2357,TBW115a,Van Radersstraat,renumbered-1885,address,yes,matched,yes,3,3656 | 1837 | 2e BW 50 | Eerste Rijweg | 1837-fallback-core-only || 4828 | 1885 | 2e BW 115 a | Van Radersstraat | 1885-exact-components+street || 4830 | 1885 | 2e BW 115 b | Van Radersstraat | 1885-fallback-core-only+street
2358,TBW116,Van Radersstraat,renumbered-1885,address,yes,matched,yes,3,3648 | 1837 | 2e BW 42 | Eerste Rijweg | 1837-fallback-core-only || 3649 | 1837 | 2e BW 43 | Eerste Rijweg | 1837-fallback-core-only || 4831 | 1885 | 2e BW 116 | Van Radersstraat | 1885-exact-components+street
2359,TBW117,Van Radersstraat,renumbered-1885,address,yes,matched,yes,2,3650 | 1837 | 2e BW 44 | Eerste Rijweg | 1837-exact-components || 4832 | 1885 | 2e BW 117 | Van Radersstraat | 1885-exact-components+street
2360,TBW118,Van Radersstraat,renumbered-1885,address,yes,matched,yes,3,3651 | 1837 | 2e BW 45 | Eerste Rijweg | 1837-exact-components || 4833 | 1885 | 2e BW 118 | Van Radersstraat | 1885-exact-components+street || 4834 | 1885 | 2e BW 118 | Van Radersstraat | 1885-exact-components+street
2361,TBW119a,Van Radersstraat,renumbered-1885,address,yes,matched,yes,4,3652 | 1837 | 2e BW 46 | Eerste Rijweg | 1837-exact-components || 3653 | 1837 | 2e BW 47 | Eerste Rijweg | 1837-fallback-core-only || 4827 | 1885 | 2e BW 119 | Van Radersstraat | 1885-fallback-core-only+street || 4829 | 1885 | 2e BW 119 | Van Radersstraat | 1885-fallback-core-only+street
2362,TBW120,Van Radersstraat,renumbered-1885,address,yes,matched,yes,2,4825 | 1885 | 2e BW 120 | Van Radersstraat | 1885-exact-components+street || 4850 | 1837 | 2e BW 306 | Verlengde Gemenelandsweg | 1837-exact-components
2363,TBW121,Van Radersstraat,renumbered-1885,address,yes,matched,yes,6,4818 | 1885 | 2e BW 121 | Van Radersstraat | 1885-exact-components+street || 4820 | 1885 | 2e BW 121 | Van Radersstraat | 1885-exact-components+street || 4821 | 1885 | 2e BW 121 | Van Radersstraat | 1885-exact-components+street || 4823 | 1885 | 2e BW 121 | Van Radersstraat | 1885-exact-components+street || 4851 | 1837 | 2e BW 307 | Verlengde Gemenelandsweg | 1837-exact-components || 4852 | 1837 | 2e BW 308 | Verlengde Gemenelandsweg | 1837-exact-components
2364,TBW122,Van Radersstraat,renumbered-1885,address,yes,matched,yes,2,4816 | 1885 | 2e BW 122 | Van Radersstraat | 1885-exact-components+street || 4853 | 1837 | 2e BW 309 | Verlengde Gemenelandsweg | 1837-exact-components
2365,TBW123,Koningsstraat,renumbered-1885,address,yes,matched,yes,3,4854 | 1837 | 2e BW 310 | Verlengde Gemenelandsweg | 1837-exact-components || 4970 | 1885 | 2e BW 123 | Koningstraat | 1885-exact-components || 4972 | 1885 | 2e BW 123 | Koningstraat | 1885-exact-components
2366,TBW124,Koningsstraat,renumbered-1885,address,yes,matched,yes,2,4855 | 1837 | 2e BW 311 | Verlengde Gemenelandsweg | 1837-exact-components || 4968 | 1885 | 2e BW 124 | Koningstraat | 1885-exact-components
2367,TBW125,Koningsstraat,renumbered-1885,address,yes,matched,yes,3,4787 | 1837 | 2e BW 34 | Tweede Rijweg | 1837-fallback-core-only || 4964 | 1885 | 2e BW 125 | Koningstraat | 1885-exact-components || 4966 | 1885 | 2e BW 125 | Koningstraat | 1885-exact-components
2368,TBW126,Koningsstraat,renumbered-1885,address,yes,matched,yes,5,4856 | 1837 | 2e BW 312 | Verlengde Gemenelandsweg | 1837-fallback-core-only || 4857 | 1837 | 2e BW 313 | Verlengde Gemenelandsweg | 1837-fallback-core-only || 4858 | 1837 | 2e BW 314 | Verlengde Gemenelandsweg | 1837-fallback-core-only || 4859 | 1837 | 2e BW 315 | Verlengde Gemenelandsweg | 1837-fallback-core-only || 4961 | 1885 | 2e BW 126 | Koningstraat | 1885-exact-components
2369,TBW127,Koningsstraat,renumbered-1885,address,yes,matched,yes,2,4890 | 1837 | 2e BW 316 | Verlengde Gemenelandsweg | 1837-exact-components || 4959 | 1885 | 2e BW 127 | Koningstraat | 1885-exact-components
2370,TBW128,Koningsstraat,renumbered-1885,address,yes,matched,yes,3,4888 | 1837 | 2e BW 317 | Verlengde Gemenelandsweg | 1837-exact-components || 4889 | 1837 | 2e BW 317 | Verlengde Gemenelandsweg | 1837-exact-components || 4957 | 1885 | 2e BW 128 | Koningstraat | 1885-exact-components
2371,TBW129,Koningsstraat,renumbered-1885,address,yes,matched,yes,4,4885 | 1837 | 2e BW 318 | Verlengde Gemenelandsweg | 1837-exact-components || 4886 | 1837 | 2e BW 318 ab | Verlengde Gemenelandsweg | 1837-exact-components || 4887 | 1837 | 2e BW 318 | Verlengde Gemenelandsweg | 1837-exact-components || 4955 | 1885 | 2e BW 129 | Koningstraat | 1885-exact-components
2372,TBW130a,Koningsstraat,renumbered-1885,address,yes,matched,yes,21,4860 | 1837 | 2e BW 328 | Verlengde Gemenelandsweg | 1837-fallback-core-only || 4862 | 1837 | 2e BW 327 | Verlengde Gemenelandsweg | 1837-fallback-core-only || 4864 | 1837 | 2e BW 327 a | Verlengde Gemenelandsweg | 1837-fallback-core-only || 4866 | 1837 | 2e BW 327 b | Verlengde Gemenelandsweg | 1837-fallback-core-only || 4869 | 1837 | 2e BW 326 | Verlengde Gemenelandsweg | 1837-fallback-core-only || 4872 | 1837 | 2e BW 326 | Verlengde Gemenelandsweg | 1837-fallback-core-only || 4873 | 1837 | 2e BW 325 | Verlengde Gemenelandsweg | 1837-fallback-core-only || 4875 | 1837 | 2e BW 324 b | Verlengde Gemenelandsweg | 1837-fallback-core-only
2373,TBW131,Koningsstraat,renumbered-1885,address,yes,matched,yes,3,4948 | 1885 | 2e BW 131 | Koningstraat | 1885-exact-components || 5260 | 1837 | 2e BW 331 | Wanicastraat | 1837-exact-components || 5263 | 1837 | 2e BW 332 | Wanicastraat | 1837-fallback-core-only
2374,TBW132,Koningsstraat,renumbered-1885,address,yes,matched,yes,5,4700 | 1837 | 2e BW 334 | Wanicastraat | 1837-fallback-core-only || 4945 | 1885 | 2e BW 132 | Koningstraat | 1885-exact-components || 4946 | 1885 | 2e BW 132 | Koningstraat | 1885-exact-components || 5265 | 1837 | 2e BW 333 | Wanicastraat | 1837-fallback-core-only || 5267 | 1837 | 2e BW 334 | Wanicastraat | 1837-fallback-core-only
2375,TBW133,Wanicastraat,renumbered-1885,address,yes,matched,yes,7,4699 | 1837 | 2e BW 335 | Wanicastraat | 1837-exact-components+street || 4941 | 1885 | 2e BW 133 | Wanicastraat | 1885-exact-components+street || 4943 | 1885 | 2e BW 133 | Wanicastraat | 1885-exact-components+street || 5038 | 1837 | 2e BW 335 | Wanicastraat | 1837-exact-components+street || 5154 | 1885 | 2e BW 133 | Wanicastraat | 1885-exact-components+street || 5155 | 1885 | 2e BW 133 | Wanicastraat | 1885-exact-components+street || 5273 | 1837 | 2e BW 335 | Wanicastraat | 1837-exact-components+street
2376,TBW134,Wanicastraat,renumbered-1885,address,yes,matched,yes,5,5039 | 1837 | 2e BW 336 | Molenpad | 1837-fallback-core-only || 5041 | 1837 | 2e BW 337 | Molenpad | 1837-fallback-core-only || 5044 | 1837 | 2e BW 338 | Molenpad | 1837-fallback-core-only || 5045 | 1837 | 2e BW 339 | Molenpad | 1837-fallback-core-only || 5156 | 1885 | 2e BW 134 | Wanicastraat | 1885-exact-components+street
2377,TBW135,Wanicastraat,renumbered-1885,address,yes,matched,yes,6,3952 | 1837 | 2e BW 342 | Molenpad | 1837-fallback-core-only || 3953 | 1837 | 2e BW 342 | Molenpad | 1837-fallback-core-only || 5036 | 1837 | 2e BW 341 | Molenpad | 1837-fallback-core-only || 5046 | 1837 | 2e BW 342 | Molenpad | 1837-fallback-core-only || 5047 | 1837 | 2e BW 340 | Molenpad | 1837-fallback-core-only || 5157 | 1885 | 2e BW 135 | Wanicastraat | 1885-exact-components+street
2378,TBW136,Wanicastraat,renumbered-1885,address,yes,matched,yes,4,4188 | 1837 | 2e BW 343 | Molenpad | 1837-exact-components || 4189 | 1837 | 2e BW 343 | Molenpad | 1837-exact-components || 5043 | 1837 | 2e BW 343 | Molenpad | 1837-exact-components || 5158 | 1885 | 2e BW 136 | Wanicastraat | 1885-exact-components+street
2379,TBW137,Wanicastraat,renumbered-1885,address,yes,matched,yes,3,5042 | 1837 | 2e BW 344 | Molenpad | 1837-exact-components || 5159 | 1885 | 2e BW 137 | Wanicastraat | 1885-exact-components+street || 5160 | 1885 | 2e BW 137 | Wanicastraat | 1885-exact-components+street
2380,TBW138,Wanicastraat,renumbered-1885,address,yes,matched,yes,6,3542 | 1837 | 2e BW 345 | Molenpad | 1837-exact-components || 3800 | 1837 | 2e BW 345 | Molenpad | 1837-exact-components || 4635 | 1837 | 2e BW 345 | Molenpad | 1837-exact-components || 5040 | 1837 | 2e BW 345 | Molenpad | 1837-exact-components || 5161 | 1885 | 2e BW 138 a | Wanicastraat | 1885-fallback-core-only+street || 5162 | 1885 | 2e BW 138 b | Wanicastraat | 1885-fallback-core-only+street
2381,TBW139,Wanicastraat,renumbered-1885,address,yes,matched,yes,4,5037 | 1837 | 2e BW 346 | Molenpad | 1837-exact-components || 5163 | 1885 | 2e BW 139 a | Wanicastraat | 1885-fallback-core-only+street || 5164 | 1885 | 2e BW 139 b | Wanicastraat | 1885-fallback-core-only+street || 5274 | 1837 | 2e BW 346 | Molenpad | 1837-exact-components
2382,TBW140,Wanicastraat,renumbered-1885,address,yes,matched,yes,3,5165 | 1885 | 2e BW 140 | Wanicastraat | 1885-exact-components+street || 5166 | 1885 | 2e BW 140 | Wanicastraat | 1885-exact-components+street || 5275 | 1837 | 2e BW 347 | Wanicastraat | 1837-exact-components+street
2383,TBW141a,Wanicastraat,renumbered-1885,address,yes,matched,yes,7,5065 | 1885 | 2e BW 141 b | Wanicastraat | 1885-fallback-core-only+street || 5067 | 1885 | 2e BW 141 c | Wanicastraat | 1885-fallback-core-only+street || 5069 | 1885 | 2e BW 141 | Wanicastraat | 1885-fallback-core-only+street || 5073 | 1885 | 2e BW 141 b | Wanicastraat | 1885-fallback-core-only+street || 5167 | 1885 | 2e BW 141 a | Wanicastraat | 1885-exact-components+street || 5168 | 1885 | 2e BW 141 b | Wanicastraat | 1885-fallback-core-only+street || 5276 | 1837 | 2e BW 348 | Wanicastraat | 1837-fallback-core-only+street
2384,TBW142,Verlengde Weidestraat,renumbered-1885,address,yes,matched,yes,6,5071 | 1885 | 2e BW 142 a | Willemstraat | 1885-fallback-core-only || 5277 | 1837 | 2e BW 349 | Wanicastraat | 1837-fallback-core-only || 5278 | 1837 | 2e BW 349 | Wanicastraat | 1837-fallback-core-only || 5279 | 1837 | 2e BW 350 | Wanicastraat | 1837-fallback-core-only || 5280 | 1837 | 2e BW 350 | Wanicastraat | 1837-fallback-core-only || 5281 | 1837 | 2e BW 350 | Wanicastraat | 1837-fallback-core-only
2385,TBW143a,Verlengde Weidestraat,renumbered-1885,address,yes,matched,yes,4,5075 | 1885 | 2e BW 143 a | Willemstraat | 1885-exact-components || 5077 | 1885 | 2e BW 143 | Willemstraat | 1885-fallback-core-only || 5282 | 1837 | 2e BW 351 | Wanicastraat | 1837-fallback-core-only || 5283 | 1837 | 2e BW 351 | Wanicastraat | 1837-fallback-core-only
2386,TBW144,Verlengde Weidestraat,renumbered-1885,address,yes,matched,yes,1,5079 | 1885 | 2e BW 144 | Willemstraat | 1885-exact-components
2387,TBW145,Verlengde Weidestraat,renumbered-1885,address,yes,matched,yes,1,5081 | 1885 | 2e BW 145 | Willemstraat | 1885-exact-components
2388,TBW146,Verlengde Weidestraat,renumbered-1885,address,yes,matched,yes,1,5083 | 1885 | 2e BW 146 | Willemstraat | 1885-exact-components
2389,TBW147,Verlengde Weidestraat,renumbered-1885,address,yes,matched,yes,1,5085 | 1885 | 2e BW 147 | Willemstraat | 1885-exact-components
2390,TBW148,Verlengde Weidestraat,renumbered-1885,address,yes,matched,yes,1,5087 | 1885 | 2e BW 148 | Willemstraat | 1885-exact-components
2391,TBW149,Verlengde Weidestraat,renumbered-1885,address,yes,matched,yes,1,5089 | 1885 | 2e BW 149 | Willemstraat | 1885-exact-components
2392,TBW150,Verlengde Weidestraat,renumbered-1885,address,yes,matched,yes,1,5091 | 1885 | 2e BW 150 | Willemstraat | 1885-exact-components
2393,TBW151,Verlengde Weidestraat,renumbered-1885,address,yes,matched,yes,2,5093 | 1885 | 2e BW 151 a | Willemstraat | 1885-fallback-core-only || 5095 | 1885 | 2e BW 151 b | Willemstraat | 1885-fallback-core-only
2394,TBW152,Verlengde Weidestraat,renumbered-1885,address,yes,matched,yes,2,5097 | 1885 | 2e BW 152 a | Willemstraat | 1885-fallback-core-only || 5099 | 1885 | 2e BW 152 b | Willemstraat | 1885-fallback-core-only
2395,TBW153,Verlengde Weidestraat,renumbered-1885,address,yes,matched,yes,2,5101 | 1885 | 2e BW 153 a | Willemstraat | 1885-fallback-core-only || 5103 | 1885 | 2e BW 153 b | Willemstraat | 1885-fallback-core-only
2396,TBW154,Verlengde Weidestraat,renumbered-1885,address,yes,matched,yes,2,5105 | 1885 | 2e BW 154 | Willemstraat | 1885-exact-components || 5107 | 1885 | 2e BW 154 | Willemstraat | 1885-exact-components
2397,TBW155,Verlengde Weidestraat,renumbered-1885,address,yes,matched,yes,1,5110 | 1885 | 2e BW 155 | Willemstraat | 1885-exact-components
2398,TBW156,Verlengde Weidestraat,renumbered-1885,address,yes,matched,yes,3,5112 | 1885 | 2e BW 156 a | Willemstraat | 1885-fallback-core-only || 5113 | 1885 | 2e BW 156 b | Willemstraat | 1885-fallback-core-only || 5115 | 1885 | 2e BW 156 | Willemstraat | 1885-exact-components
2399,TBW157,Verlengde Weidestraat,renumbered-1885,address,yes,matched,yes,1,5117 | 1885 | 2e BW 157 | Willemstraat | 1885-exact-components
2400,TBW158,Verlengde Weidestraat,renumbered-1885,address,yes,matched,yes,1,5119 | 1885 | 2e BW 158 | Willemstraat | 1885-exact-components
2401,TBW159,Verlengde Weidestraat,renumbered-1885,address,yes,matched,yes,1,5121 | 1885 | 2e BW 159 | Willemstraat | 1885-exact-components
2402,TBW160,Verlengde Weidestraat,renumbered-1885,address,yes,matched,yes,1,5123 | 1885 | 2e BW 160 | Willemstraat | 1885-exact-components
2403,TBW161,Verlengde Weidestraat,renumbered-1885,address,yes,matched,yes,1,5125 | 1885 | 2e BW 161 | Willemstraat | 1885-exact-components
2404,TBW162,Verlengde Weidestraat,renumbered-1885,address,yes,matched,yes,2,5127 | 1885 | 2e BW 162 | Willemstraat | 1885-exact-components || 5128 | 1885 | 2e BW 162 | Willemstraat | 1885-exact-components
2405,TBW163,Verlengde Weidestraat,renumbered-1885,address,yes,matched,yes,2,5130 | 1885 | 2e BW 163 a | Willemstraat | 1885-fallback-core-only || 5132 | 1885 | 2e BW 163 | Willemstraat | 1885-exact-components
2406,TBW164,Verlengde Weidestraat,renumbered-1885,address,yes,matched,yes,3,4486 | 1885 | 2e BW 164 | Willemstraat | 1885-exact-components || 4488 | 1885 | 2e BW 164 | Willemstraat | 1885-exact-components || 4490 | 1885 | 2e BW 164 | Willemstraat | 1885-exact-components
2407,TBW175,Van Idsingastraat,renumbered-1885,address,yes,matched,yes,2,4797 | 1885 | 2e BW 175 b | Van Idsingastraat | 1885-fallback-core-only+street || 4799 | 1885 | 2e BW 175 | Van Idsingastraat | 1885-exact-components+street
2408,TBW166,Nassaustraat,renumbered-1885,address,yes,matched,yes,3,3540 | 1885 | 2e BW 166 | Nassaustraat | 1885-exact-components+street || 4492 | 1885 | 2e BW 166 | Nassaustraat | 1885-exact-components+street || 4493 | 1885 | 2e BW 166 | Nassaustraat | 1885-exact-components+street
2409,TBW167a,Sophialaan,renumbered-1885,address,yes,matched,yes,5,4485 | 1885 | 2e BW 167 | Sophialaan | 1885-fallback-core-only+street || 4487 | 1885 | 2e BW 167 a | Sophialaan | 1885-exact-components+street || 4489 | 1885 | 2e BW 167 b | Sophialaan | 1885-fallback-core-only+street || 4491 | 1885 | 2e BW 167 c | Sophialaan | 1885-fallback-core-only+street || 4718 | 1885 | 2e BW 167 | Sophialaan | 1885-fallback-core-only+street
2410,TBW168,Sophialaan,renumbered-1885,address,yes,matched,yes,1,4720 | 1885 | 2e BW 168 | Sophialaan | 1885-exact-components+street
2411,TBW169a,Sophialaan,renumbered-1885,address,yes,matched,yes,2,4722 | 1885 | 2e BW 169 | Sophialaan | 1885-fallback-core-only+street || 4724 | 1885 | 2e BW 169 a | Sophialaan | 1885-exact-components+street
2412,TBW170a,Sophialaan,renumbered-1885,address,yes,matched,yes,2,4726 | 1885 | 2e BW 170 a | Sophialaan | 1885-exact-components+street || 4728 | 1885 | 2e BW 170 | Sophialaan | 1885-fallback-core-only+street
2413,TBW171,Sophialaan,renumbered-1885,address,yes,matched,yes,2,4730 | 1885 | 2e BW 171 a | Sophialaan | 1885-fallback-core-only+street || 4732 | 1885 | 2e BW 171 b | Sophialaan | 1885-fallback-core-only+street
2414,TBW172,Sophialaan,renumbered-1885,address,yes,matched,yes,1,4733 | 1885 | 2e BW 172 | Sophialaan | 1885-exact-components+street
2415,TBW173a,Sophialaan,renumbered-1885,address,yes,matched,yes,2,4734 | 1885 | 2e BW 173 | Sophialaan | 1885-fallback-core-only+street || 4735 | 1885 | 2e BW 173 | Sophialaan | 1885-fallback-core-only+street
2416,TBW174,Sophialaan,renumbered-1885,address,yes,matched,yes,3,4736 | 1885 | 2e BW 174 | Sophialaan | 1885-exact-components+street || 4801 | 1885 | 2e BW 174 a | Sophialaan | 1885-fallback-core-only+street || 4802 | 1885 | 2e BW 174 b | Sophialaan | 1885-fallback-core-only+street
2417,TBW165,Nassaustraat,renumbered-1885,address,yes,matched,yes,1,4494 | 1885 | 2e BW 165 | Nassaustraat | 1885-exact-components+street
2418,TBW176,Van Idsingastraat,renumbered-1885,address,yes,matched,yes,3,3541 | 1885 | 2e BW 176 | Van Idsingastraat | 1885-exact-components+street || 4186 | 1885 | 2e BW 176 | Van Idsingastraat | 1885-exact-components+street || 4800 | 1885 | 2e BW 176 | Van Idsingastraat | 1885-exact-components+street
2419,TBW177,Van Idsingastraat,renumbered-1885,address,yes,matched,yes,4,4806 | 1885 | 2e BW 177 | Sophialaan | 1885-exact-components || 4808 | 1885 | 2e BW 177 | Sophialaan | 1885-exact-components || 4838 | 1885 | 2e BW 177 | Sophialaan | 1885-exact-components || 4842 | 1885 | 2e BW 177 | Sophialaan | 1885-exact-components
2420,TBW178,Van Sypesteynlaan,renumbered-1885,address,yes,matched,yes,3,4840 | 1885 | 2e BW 178 | Sophialaan | 1885-exact-components || 4841 | 1885 | 2e BW 178 | Sophialaan | 1885-exact-components || 4844 | 1885 | 2e BW 178 | Sophialaan | 1885-exact-components
2421,TBW179,Van Sypesteynlaan,renumbered-1885,address,yes,matched,yes,1,4845 | 1885 | 2e BW 179 | Sophialaan | 1885-exact-components
2422,TBW180,Van Sypesteynlaan,renumbered-1885,address,yes,matched,yes,2,4731 | 1885 | 2e BW 180 | Sophialaan | 1885-exact-components || 4843 | 1885 | 2e BW 180 | Sophialaan | 1885-exact-components
2423,TBW181b,Sophialaan,renumbered-1885,address,yes,matched,yes,2,4727 | 1885 | 2e BW 181 | Sophialaan | 1885-fallback-core-only+street || 4729 | 1885 | 2e BW 181 | Sophialaan | 1885-fallback-core-only+street
2424,TBW182,Sophialaan,renumbered-1885,address,yes,matched,yes,1,4725 | 1885 | 2e BW 182 | Sophialaan | 1885-exact-components+street
2425,TBW183,Sophialaan,renumbered-1885,address,yes,matched,yes,2,4721 | 1885 | 2e BW 183 | Sophialaan | 1885-exact-components+street || 4723 | 1885 | 2e BW 183 | Sophialaan | 1885-exact-components+street
2426,TBW184,Sophialaan,renumbered-1885,address,yes,matched,yes,1,4719 | 1885 | 2e BW 184 | Sophialaan | 1885-exact-components+street
2427,TBW185,Oranjelaan,renumbered-1885,address,yes,matched,yes,1,4484 | 1885 | 2e BW 185 | Nassaulaan | 1885-exact-components
2428,TBW186a,Oranjelaan,renumbered-1885,address,yes,matched,yes,2,4480 | 1885 | 2e BW 186 b | Nassaulaan | 1885-fallback-core-only || 4482 | 1885 | 2e BW 186 a | Nassaulaan | 1885-exact-components
2429,TBW187,Oranjelaan,renumbered-1885,address,yes,matched,yes,2,4476 | 1885 | 2e BW 187 b | Nassaulaan | 1885-fallback-core-only || 4478 | 1885 | 2e BW 187 a | Nassaulaan | 1885-fallback-core-only
2430,TBW188,Oranjelaan,renumbered-1885,address,yes,matched,yes,1,4474 | 1885 | 2e BW 188 | Nassaulaan | 1885-exact-components
2431,TBW189,Oranjelaan,renumbered-1885,address,yes,matched,yes,1,4472 | 1885 | 2e BW 189 | Nassaulaan | 1885-exact-components
2432,TBW190,Oranjelaan,renumbered-1885,address,yes,matched,yes,1,4470 | 1885 | 2e BW 190 | Nassaulaan | 1885-exact-components
2433,TBW191a,Oranjelaan,renumbered-1885,address,yes,matched,yes,2,4467 | 1885 | 2e BW 191 | Nassaulaan | 1885-fallback-core-only || 4469 | 1885 | 2e BW 191 | Nassaulaan | 1885-fallback-core-only
2434,TBW192,Oranjelaan,renumbered-1885,address,yes,matched,yes,3,4461 | 1885 | 2e BW 192 a | Nassaulaan | 1885-fallback-core-only || 4463 | 1885 | 2e BW 192 b | Nassaulaan | 1885-fallback-core-only || 4465 | 1885 | 2e BW 192 | Nassaulaan | 1885-exact-components
2435,TBW193,Oranjelaan,renumbered-1885,address,yes,matched,yes,1,4458 | 1885 | 2e BW 193 | Nassaulaan | 1885-exact-components
2436,TBW194,Oranjelaan,renumbered-1885,address,yes,matched,yes,1,4456 | 1885 | 2e BW 194 | Nassaulaan | 1885-exact-components
2437,TBW195,Oranjelaan,renumbered-1885,address,yes,matched,yes,1,4454 | 1885 | 2e BW 195 | Nassaulaan | 1885-exact-components
2438,TBW196,Oranjelaan,renumbered-1885,address,yes,matched,yes,1,4452 | 1885 | 2e BW 196 | Nassaulaan | 1885-exact-components
2439,TBW197,Oranjelaan,renumbered-1885,address,yes,matched,yes,2,4449 | 1885 | 2e BW 197 a | Nassaulaan | 1885-fallback-core-only || 4752 | 1885 | 2e BW 197 b | Nassaulaan | 1885-fallback-core-only
2440,TBW198,Oranjelaan,renumbered-1885,address,yes,matched,yes,3,4450 | 1885 | 2e BW 198 | Nassaulaan | 1885-exact-components || 4750 | 1885 | 2e BW 198 a | Nassaulaan | 1885-fallback-core-only || 4751 | 1885 | 2e BW 198 b | Nassaulaan | 1885-fallback-core-only
2441,TBW199,Oranjelaan,renumbered-1885,address,yes,matched,yes,1,4451 | 1885 | 2e BW 199 | Nassaulaan | 1885-exact-components
2442,TBW200,Oranjelaan,renumbered-1885,address,yes,matched,yes,1,4453 | 1885 | 2e BW 200 | Nassaulaan | 1885-exact-components
2443,TBW201,Oranjelaan,renumbered-1885,address,yes,matched,yes,1,4455 | 1885 | 2e BW 201 | Nassaulaan | 1885-exact-components
2444,TBW202,Oranjelaan,renumbered-1885,address,yes,matched,yes,3,4457 | 1885 | 2e BW 202 | Nassaulaan | 1885-exact-components || 4459 | 1885 | 2e BW 202 | Nassaulaan | 1885-exact-components || 4460 | 1885 | 2e BW 202 | Nassaulaan | 1885-exact-components
2445,TBW203,Oranjelaan,renumbered-1885,address,yes,matched,yes,1,4462 | 1885 | 2e BW 203 | Nassaulaan | 1885-exact-components
2446,TBW204,Oranjelaan,renumbered-1885,address,yes,matched,yes,2,4464 | 1885 | 2e BW 204 | Nassaulaan | 1885-exact-components || 4466 | 1885 | 2e BW 204 | Nassaulaan | 1885-exact-components
2447,TBW205,Oranjelaan,renumbered-1885,address,yes,matched,yes,2,4468 | 1885 | 2e BW 205 | Nassaulaan | 1885-exact-components || 4471 | 1885 | 2e BW 205 | Nassaulaan | 1885-exact-components
2448,TBW206,Oranjelaan,renumbered-1885,address,yes,matched,yes,1,4473 | 1885 | 2e BW 206 | Nassaulaan | 1885-exact-components
2449,TBW207,Oranjelaan,renumbered-1885,address,yes,matched,yes,1,4475 | 1885 | 2e BW 207 | Nassaulaan | 1885-exact-components
2450,TBW208,Oranjelaan,renumbered-1885,address,yes,matched,yes,4,4477 | 1885 | 2e BW 208 | Nassaulaan | 1885-exact-components || 4479 | 1885 | 2e BW 208 | Nassaulaan | 1885-exact-components || 4481 | 1885 | 2e BW 208 | Nassaulaan | 1885-exact-components || 4483 | 1885 | 2e BW 208 | Nassaulaan | 1885-exact-components
2451,TBW209b,Verlengde Weidestraat,renumbered-1885,address,yes,matched,yes,2,5131 | 1885 | 2e BW 209 | Willemstraat | 1885-fallback-core-only || 5133 | 1885 | 2e BW 209 | Willemstraat | 1885-fallback-core-only
2452,TBW210,Verlengde Weidestraat,renumbered-1885,address,yes,matched,yes,2,5126 | 1885 | 2e BW 210 | Willemstraat | 1885-exact-components || 5129 | 1885 | 2e BW 210 | Willemstraat | 1885-exact-components
2453,TBW211,Verlengde Weidestraat,renumbered-1885,address,yes,matched,yes,1,5124 | 1885 | 2e BW 211 | Willemstraat | 1885-exact-components
2454,TBW212a,Verlengde Weidestraat,renumbered-1885,address,yes,matched,yes,2,5120 | 1885 | 2e BW 212 | Willemstraat | 1885-fallback-core-only || 5122 | 1885 | 2e BW 212 | Willemstraat | 1885-fallback-core-only
2455,TBW213,Verlengde Weidestraat,renumbered-1885,address,yes,matched,yes,1,5118 | 1885 | 2e BW 213 | Willemstraat | 1885-exact-components
2456,TBW214a,Verlengde Weidestraat,renumbered-1885,address,yes,matched,yes,2,5114 | 1885 | 2e BW 214 | Willemstraat | 1885-fallback-core-only || 5116 | 1885 | 2e BW 214 | Willemstraat | 1885-fallback-core-only
2457,TBW215a,Verlengde Weidestraat,renumbered-1885,address,yes,matched,yes,1,5111 | 1885 | 2e BW 215 | Willemstraat | 1885-fallback-core-only
2458,TBW216,Verlengde Weidestraat,renumbered-1885,address,yes,matched,yes,2,5108 | 1885 | 2e BW 216 | Willemstraat | 1885-exact-components || 5109 | 1885 | 2e BW 216 | Willemstraat | 1885-exact-components
2459,TBW219a,Verlengde Weidestraat,renumbered-1885,address,yes,matched,yes,3,5094 | 1885 | 2e BW 219 | Willemstraat | 1885-fallback-core-only || 5096 | 1885 | 2e BW 219 a | Willemstraat | 1885-exact-components || 5098 | 1885 | 2e BW 219 b | Willemstraat | 1885-fallback-core-only
2460,TBW218,Verlengde Weidestraat,renumbered-1885,address,yes,matched,yes,2,5100 | 1885 | 2e BW 218 | Willemstraat | 1885-exact-components || 5102 | 1885 | 2e BW 218 | Willemstraat | 1885-exact-components
2461,TBW217,Verlengde Weidestraat,renumbered-1885,address,yes,matched,yes,2,5104 | 1885 | 2e BW 217 | Willemstraat | 1885-exact-components || 5106 | 1885 | 2e BW 217 | Willemstraat | 1885-exact-components
2462,TBW220,Verlengde Weidestraat,renumbered-1885,address,yes,matched,yes,1,5092 | 1885 | 2e BW 220 | Willemstraat | 1885-exact-components
2463,TBW221,Verlengde Weidestraat,renumbered-1885,address,yes,matched,yes,1,5090 | 1885 | 2e BW 221 | Willemstraat | 1885-exact-components
2464,TBW222,Verlengde Weidestraat,renumbered-1885,address,yes,matched,yes,3,5084 | 1885 | 2e BW 222 | Willemstraat | 1885-exact-components || 5086 | 1885 | 2e BW 222 b | Willemstraat | 1885-fallback-core-only || 5088 | 1885 | 2e BW 222 c | Willemstraat | 1885-fallback-core-only
2465,TBW223,Verlengde Weidestraat,renumbered-1885,address,yes,matched,yes,1,5082 | 1885 | 2e BW 223 | Willemstraat | 1885-exact-components
2466,TBW224,Verlengde Weidestraat,renumbered-1885,address,yes,matched,yes,3,5076 | 1885 | 2e BW 224 | Willemstraat | 1885-exact-components || 5078 | 1885 | 2e BW 224 a | Willemstraat | 1885-fallback-core-only || 5080 | 1885 | 2e BW 224 b | Willemstraat | 1885-fallback-core-only
2467,TBW225,Verlengde Weidestraat,renumbered-1885,address,yes,matched,yes,1,5074 | 1885 | 2e BW 225 | Willemstraat | 1885-exact-components
2468,TBW226,Verlengde Weidestraat,renumbered-1885,address,yes,matched,yes,2,5070 | 1885 | 2e BW 226 b | Willemstraat | 1885-fallback-core-only || 5072 | 1885 | 2e BW 226 a | Willemstraat | 1885-fallback-core-only
2469,TBW227a,Verlengde Weidestraat,renumbered-1885,address,yes,matched,yes,6,5064 | 1885 | 2e BW 227 b | Willemstraat | 1885-fallback-core-only || 5066 | 1885 | 2e BW 227 a | Willemstraat | 1885-exact-components || 5068 | 1885 | 2e BW 227 | Willemstraat | 1885-fallback-core-only || 5169 | 1885 | 2e BW 227 b2 | Willemstraat | 1885-fallback-core-only || 5170 | 1885 | 2e BW 227 | Willemstraat | 1885-fallback-core-only || 5171 | 1885 | 2e BW 227 | Willemstraat | 1885-fallback-core-only
2470,TBW228,Wanicastraat,renumbered-1885,address,yes,matched,yes,5,5172 | 1885 | 2e BW 228 | Wanicastraat | 1885-exact-components+street || 5173 | 1885 | 2e BW 228 | Wanicastraat | 1885-exact-components+street || 5174 | 1885 | 2e BW 228 | Wanicastraat | 1885-exact-components+street || 5175 | 1885 | 2e BW 228 | Wanicastraat | 1885-exact-components+street || 5176 | 1885 | 2e BW 228 | Wanicastraat | 1885-exact-components+street
2471,TBW229a,Wanicastraat,renumbered-1885,address,yes,matched,yes,11,4739 | 1885 | 2e BW 229 | Wanicastraat | 1885-fallback-core-only+street || 5177 | 1885 | 2e BW 229 | Wanicastraat | 1885-fallback-core-only+street || 5178 | 1885 | 2e BW 229 | Wanicastraat | 1885-fallback-core-only+street || 5179 | 1885 | 2e BW 229 | Wanicastraat | 1885-fallback-core-only+street || 5180 | 1885 | 2e BW 229 | Wanicastraat | 1885-fallback-core-only+street || 5181 | 1885 | 2e BW 229 | Wanicastraat | 1885-fallback-core-only+street || 5182 | 1885 | 2e BW 229 | Wanicastraat | 1885-fallback-core-only+street || 5183 | 1885 | 2e BW 229 | Wanicastraat | 1885-fallback-core-only+street
2472,TBW230,Steenbakkersgracht,renumbered-1885,address,yes,matched,yes,1,4746 | 1885 | 2e BW 230 | Steenbakkersgracht | 1885-exact-components+street
2473,TBW231,Steenbakkersgracht,renumbered-1885,address,yes,matched,yes,1,4748 | 1885 | 2e BW 231 | Steenbakkersgracht | 1885-exact-components+street
2474,TBW232a,Steenbakkersgracht,renumbered-1885,address,yes,matched,yes,1,4753 | 1885 | 2e BW 232 | Steenbakkersgracht | 1885-fallback-core-only+street
2475,TBW233,Steenbakkersgracht,renumbered-1885,address,yes,matched,yes,6,4755 | 1885 | 2e BW 233 | Steenbakkersgracht | 1885-exact-components+street || 4757 | 1885 | 2e BW 233 | Steenbakkersgracht | 1885-exact-components+street || 4803 | 1885 | 2e BW 233 | Steenbakkersgracht | 1885-exact-components+street || 4804 | 1885 | 2e BW 233 | Steenbakkersgracht | 1885-exact-components+street || 4805 | 1885 | 2e BW 233 | Steenbakkersgracht | 1885-exact-components+street || 4807 | 1885 | 2e BW 233 | Steenbakkersgracht | 1885-exact-components+street
2476,TBW234,Steenbakkersgracht,renumbered-1885,address,yes,matched,yes,3,4758 | 1885 | 2e BW 234 | Steenbakkersgracht | 1885-exact-components+street || 4810 | 1885 | 2e BW 234 | Steenbakkersgracht | 1885-exact-components+street || 4837 | 1885 | 2e BW 234 | Steenbakkersgracht | 1885-exact-components+street
2477,TBW235,Steenbakkersgracht,renumbered-1885,address,yes,matched,yes,2,4760 | 1885 | 2e BW 235 | Steenbakkersgracht | 1885-exact-components+street || 4839 | 1885 | 2e BW 235 | Steenbakkersgracht | 1885-exact-components+street
2478,TBW236,Steenbakkersgracht,renumbered-1885,address,yes,matched,yes,2,4764 | 1885 | 2e BW 236 | Steenbakkersgracht | 1885-exact-components+street || 4836 | 1885 | 2e BW 236 | Steenbakkersgracht | 1885-exact-components+street
2479,TBW237,Steenbakkersgracht,renumbered-1885,address,yes,matched,yes,2,4770 | 1885 | 2e BW 237 | Steenbakkersgracht | 1885-exact-components+street || 4847 | 1885 | 2e BW 237 | Steenbakkersgracht | 1885-exact-components+street
2480,TBW238,Steenbakkersgracht,renumbered-1885,address,yes,matched,yes,7,3594 | 1885 | 2e BW 238 | Steenbakkersgracht | 1885-exact-components+street || 3972 | 1885 | 2e BW 238 | Steenbakkersgracht | 1885-exact-components+street || 4179 | 1885 | 2e BW 238 | Steenbakkersgracht | 1885-exact-components+street || 4771 | 1885 | 2e BW 238 | Steenbakkersgracht | 1885-exact-components+street || 4791 | 1885 | 2e BW 238 | Steenbakkersgracht | 1885-exact-components+street || 4792 | 1885 | 2e BW 238 | Steenbakkersgracht | 1885-exact-components+street || 4846 | 1885 | 2e BW 238 | Steenbakkersgracht | 1885-exact-components+street
2481,TBW239,Steenbakkersgracht,renumbered-1885,address,yes,matched,yes,6,4181 | 1885 | 2e BW 239 | Steenbakkersgracht | 1885-exact-components+street || 4329 | 1885 | 2e BW 239 | Steenbakkersgracht | 1885-exact-components+street || 4330 | 1885 | 2e BW 239 | Steenbakkersgracht | 1885-exact-components+street || 4772 | 1885 | 2e BW 239 | Steenbakkersgracht | 1885-exact-components+street || 4848 | 1885 | 2e BW 239 | Steenbakkersgracht | 1885-exact-components+street || 4849 | 1885 | 2e BW 239 | Steenbakkersgracht | 1885-exact-components+street
2482,TBW240,Steenbakkersgracht,renumbered-1885,address,yes,matched,yes,8,3595 | 1885 | 2e BW 240 | Steenbakkersgracht | 1885-exact-components+street || 3596 | 1885 | 2e BW 240 | Steenbakkersgracht | 1885-exact-components+street || 4182 | 1885 | 2e BW 240 | Steenbakkersgracht | 1885-exact-components+street || 4637 | 1885 | 2e BW 240 | Steenbakkersgracht | 1885-exact-components+street || 4638 | 1885 | 2e BW 240 | Steenbakkersgracht | 1885-exact-components+street || 4773 | 1885 | 2e BW 240 | Steenbakkersgracht | 1885-exact-components+street || 4774 | 1885 | 2e BW 240 | Steenbakkersgracht | 1885-exact-components+street || 4775 | 1885 | 2e BW 240 | Steenbakkersgracht | 1885-exact-components+street
2483,TBW241,Steenbakkersgracht,renumbered-1885,address,yes,matched,yes,1,4777 | 1885 | 2e BW 241 | Steenbakkersgracht | 1885-exact-components+street
2484,TBW242,Steenbakkersgracht,renumbered-1885,address,yes,matched,yes,1,4778 | 1885 | 2e BW 242 | Steenbakkersgracht | 1885-exact-components+street
2485,TBW243,Steenbakkersgracht,renumbered-1885,address,yes,matched,yes,1,4779 | 1885 | 2e BW 243 | Steenbakkersgracht | 1885-exact-components+street
2486,TBW244,Steenbakkersgracht,renumbered-1885,address,yes,matched,yes,1,4780 | 1885 | 2e BW 244 | Steenbakkersgracht | 1885-exact-components+street
2487,TBW246,Steenbakkersgracht,renumbered-1885,address,yes,matched,yes,1,4776 | 1885 | 2e BW 246 | Steenbakkersgracht | 1885-exact-components+street
2488,TBW247,Steenbakkersgracht,renumbered-1885,address,yes,matched,yes,10,3546 | 1885 | 2e BW 247 | Steenbakkersgracht | 1885-exact-components+street || 3547 | 1885 | 2e BW 247 | Steenbakkersgracht | 1885-exact-components+street || 4242 | 1885 | 2e BW 247 | Steenbakkersgracht | 1885-exact-components+street || 4243 | 1885 | 2e BW 247 | Steenbakkersgracht | 1885-exact-components+street || 4769 | 1885 | 2e BW 247 | Steenbakkersgracht | 1885-exact-components+street || 4809 | 1885 | 2e BW 247 | Steenbakkersgracht | 1885-exact-components+street || 4811 | 1885 | 2e BW 247 | Steenbakkersgracht | 1885-exact-components+street || 4813 | 1885 | 2e BW 247 | Steenbakkersgracht | 1885-exact-components+street
2489,TBW245,Picorniestraat,renumbered-1885,address,yes,matched,yes,9,4511 | 1885 | 2e BW 245 | Picorniestraat | 1885-exact-components+street || 4512 | 1885 | 2e BW 245 | Picorniestraat | 1885-exact-components+street || 4513 | 1885 | 2e BW 245 | Picorniestraat | 1885-exact-components+street || 4514 | 1885 | 2e BW 245 | Picorniestraat | 1885-exact-components+street || 4515 | 1885 | 2e BW 245 | Picorniestraat | 1885-exact-components+street || 4516 | 1885 | 2e BW 245 | Picorniestraat | 1885-exact-components+street || 4517 | 1885 | 2e BW 245 | Picorniestraat | 1885-exact-components+street || 4518 | 1885 | 2e BW 245 | Picorniestraat | 1885-exact-components+street
2490,TBW248,Steenbakkersgracht,renumbered-1885,address,yes,matched,yes,5,4765 | 1885 | 2e BW 248 | Steenbakkersgracht | 1885-exact-components+street || 4766 | 1885 | 2e BW 248 | Steenbakkersgracht | 1885-exact-components+street || 4767 | 1885 | 2e BW 248 | Steenbakkersgracht | 1885-exact-components+street || 4768 | 1885 | 2e BW 248 | Steenbakkersgracht | 1885-exact-components+street || 4812 | 1885 | 2e BW 248 | Steenbakkersgracht | 1885-exact-components+street
2491,TBW252,Steenbakkersgracht,renumbered-1885,address,yes,matched,yes,5,3957 | 1885 | 2e BW 252 a | Steenbakkersgracht | 1885-fallback-core-only+street || 3958 | 1885 | 2e BW 252 b | Steenbakkersgracht | 1885-fallback-core-only+street || 3960 | 1885 | 2e BW 252 | Steenbakkersgracht | 1885-exact-components+street || 4754 | 1885 | 2e BW 252 | Steenbakkersgracht | 1885-exact-components+street || 4756 | 1885 | 2e BW 252 | Steenbakkersgracht | 1885-exact-components+street
2492,TBW249,Steenbakkersgracht,renumbered-1885,address,yes,matched,yes,2,4762 | 1885 | 2e BW 249 | Steenbakkersgracht | 1885-exact-components+street || 4763 | 1885 | 2e BW 249 | Steenbakkersgracht | 1885-exact-components+street
2493,TBW250,Steenbakkersgracht,renumbered-1885,address,yes,matched,yes,1,4761 | 1885 | 2e BW 250 | Steenbakkersgracht | 1885-exact-components+street
2494,TBW251,Steenbakkersgracht,renumbered-1885,address,yes,matched,yes,1,4759 | 1885 | 2e BW 251 | Steenbakkersgracht | 1885-exact-components+street
2495,TBW253,Van Lansbergestraat,renumbered-1885,address,yes,matched,yes,3,3962 | 1885 | 2e BW 253 a | Van Lansbergestraat | 1885-fallback-core-only+street || 3964 | 1885 | 2e BW 253 b | Van Lansbergestraat | 1885-fallback-core-only+street || 3966 | 1885 | 2e BW 253 | Van Lansbergestraat | 1885-exact-components+street
2496,TBW254,Van Lansbergestraat,renumbered-1885,address,yes,matched,yes,4,3961 | 1885 | 2e BW 254 a | Van Lansbergestraat | 1885-fallback-core-only+street || 3963 | 1885 | 2e BW 254 | Van Lansbergestraat | 1885-exact-components+street || 3965 | 1885 | 2e BW 254 b | Van Lansbergestraat | 1885-fallback-core-only+street || 3968 | 1885 | 2e BW 254 | Van Lansbergestraat | 1885-exact-components+street
2497,TBW255,Van Lansbergestraat,renumbered-1885,address,yes,matched,yes,4,3955 | 1885 | 2e BW 255 | Van Lansbergestraat | 1885-exact-components+street || 3956 | 1885 | 2e BW 255 | Van Lansbergestraat | 1885-exact-components+street || 3959 | 1885 | 2e BW 255 | Van Lansbergestraat | 1885-exact-components+street || 4749 | 1885 | 2e BW 255 | Van Lansbergestraat | 1885-exact-components+street
2498,TBW256,Steenbakkersgracht,renumbered-1885,address,yes,matched,yes,1,4747 | 1885 | 2e BW 256 | Steenbakkersgracht | 1885-exact-components+street
2499,TBW257,Steenbakkersgracht,renumbered-1885,address,yes,matched,yes,1,4745 | 1885 | 2e BW 257 | Steenbakkersgracht | 1885-exact-components+street
2500,TBW258,Steenbakkersgracht,renumbered-1885,address,yes,matched,yes,2,4743 | 1885 | 2e BW 258 b | Steenbakkersgracht | 1885-fallback-core-only+street || 4744 | 1885 | 2e BW 258 a | Steenbakkersgracht | 1885-fallback-core-only+street
2501,TBW259a1,Steenbakkersgracht,renumbered-1885,address,yes,matched,yes,10,4740 | 1885 | 2e BW 259 | Steenbakkersgracht | 1885-fallback-core-only+street || 4741 | 1885 | 2e BW 259 | Steenbakkersgracht | 1885-fallback-core-only+street || 4742 | 1885 | 2e BW 259 | Steenbakkersgracht | 1885-fallback-core-only+street || 5188 | 1885 | 2e BW 259 bb | Wanicastraat | 1885-fallback-core-only || 5189 | 1885 | 2e BW 259 | Wanicastraat | 1885-fallback-core-only || 5190 | 1885 | 2e BW 259 c | Wanicastraat | 1885-fallback-core-only || 5191 | 1885 | 2e BW 259 | Wanicastraat | 1885-fallback-core-only || 5192 | 1885 | 2e BW 259 | Wanicastraat | 1885-fallback-core-only
2502,TBW260a,Wanicastraat,renumbered-1885,address,yes,matched,yes,4,5195 | 1885 | 2e BW 260 a | Wanicastraat | 1885-exact-components+street || 5196 | 1885 | 2e BW 260 | Wanicastraat | 1885-fallback-core-only+street || 5197 | 1885 | 2e BW 260 | Wanicastraat | 1885-fallback-core-only+street || 5198 | 1885 | 2e BW 260 b2a | Wanicastraat | 1885-fallback-core-only+street
2503,TBW261,Hoogestraat,renumbered-1885,address,yes,matched,yes,2,4893 | 1885 | 2e BW 261 a | Wanicastraat | 1885-fallback-core-only || 5199 | 1885 | 2e BW 261 | Wanicastraat | 1885-exact-components
2504,TBW262,Hoogestraat,renumbered-1885,address,yes,matched,yes,1,4896 | 1885 | 2e BW 262 | Hoogestraat | 1885-exact-components+street
2505,TBW263,Hoogestraat,renumbered-1885,address,yes,matched,yes,1,4898 | 1885 | 2e BW 263 | Hoogestraat | 1885-exact-components+street
2506,TBW264,Hoogestraat,renumbered-1885,address,yes,matched,yes,1,4904 | 1885 | 2e BW 264 | Hoogestraat | 1885-exact-components+street
2507,TBW265,Hoogestraat,renumbered-1885,address,yes,matched,yes,1,4910 | 1885 | 2e BW 265 | Hoogestraat | 1885-exact-components+street
2508,TBW266,Hoogestraat,renumbered-1885,address,yes,matched,yes,3,4915 | 1885 | 2e BW 266 | Hoogestraat | 1885-exact-components+street || 4917 | 1885 | 2e BW 266 | Hoogestraat | 1885-exact-components+street || 4918 | 1885 | 2e BW 266 | Hoogestraat | 1885-exact-components+street
2509,TBW267,Hoogestraat,renumbered-1885,address,yes,matched,yes,3,4920 | 1885 | 2e BW 267 | Hoogestraat | 1885-exact-components+street || 4921 | 1885 | 2e BW 267 | Hoogestraat | 1885-exact-components+street || 4923 | 1885 | 2e BW 267 | Hoogestraat | 1885-exact-components+street
2510,TBW268,Hoogestraat,renumbered-1885,address,yes,matched,yes,1,4925 | 1885 | 2e BW 268 | Hoogestraat | 1885-exact-components+street
2511,TBW269,Hoogestraat,renumbered-1885,address,yes,matched,yes,1,4936 | 1885 | 2e BW 269 | Hoogestraat | 1885-exact-components+street
2512,TBW270,Hoogestraat,renumbered-1885,address,yes,matched,yes,2,4934 | 1885 | 2e BW 270 | Hoogestraat | 1885-exact-components+street || 4935 | 1885 | 2e BW 270 | Hoogestraat | 1885-exact-components+street
2513,TBW271,Hoogestraat,renumbered-1885,address,yes,matched,yes,4,4929 | 1885 | 2e BW 271 | Hoogestraat | 1885-exact-components+street || 4930 | 1885 | 2e BW 271 | Hoogestraat | 1885-exact-components+street || 4931 | 1885 | 2e BW 271 | Hoogestraat | 1885-exact-components+street || 4932 | 1885 | 2e BW 271 | Hoogestraat | 1885-exact-components+street
2514,TBW272,Hoogestraat,renumbered-1885,address,yes,matched,yes,1,4928 | 1885 | 2e BW 272 | Hoogestraat | 1885-exact-components+street
2515,TBW273,Hoogestraat,renumbered-1885,address,yes,matched,yes,2,4926 | 1885 | 2e BW 273 | Hoogestraat | 1885-exact-components+street || 4927 | 1885 | 2e BW 273 | Hoogestraat | 1885-exact-components+street
2516,TBW274,Hoogestraat,renumbered-1885,address,yes,matched,yes,1,4924 | 1885 | 2e BW 274 | Hoogestraat | 1885-exact-components+street
2517,TBW275,Hoogestraat,renumbered-1885,address,yes,matched,yes,1,4922 | 1885 | 2e BW 275 | Hoogestraat | 1885-exact-components+street
2518,TBW276,Hoogestraat,renumbered-1885,address,yes,matched,yes,2,4916 | 1885 | 2e BW 276 | Hoogestraat | 1885-exact-components+street || 4919 | 1885 | 2e BW 276 | Hoogestraat | 1885-exact-components+street
2519,TBW277,Hoogestraat,renumbered-1885,address,yes,matched,yes,2,4913 | 1885 | 2e BW 277 | Hoogestraat | 1885-exact-components+street || 4914 | 1885 | 2e BW 277 | Hoogestraat | 1885-exact-components+street
2520,TBW278,Hoogestraat,renumbered-1885,address,yes,matched,yes,2,4911 | 1885 | 2e BW 278 | Hoogestraat | 1885-exact-components+street || 4912 | 1885 | 2e BW 278 | Hoogestraat | 1885-exact-components+street
2521,TBW279,Hoogestraat,renumbered-1885,address,yes,matched,yes,1,4909 | 1885 | 2e BW 279 | Hoogestraat | 1885-exact-components+street
2522,TBW280a,Hoogestraat,renumbered-1885,address,yes,matched,yes,2,4907 | 1885 | 2e BW 280 | Hoogestraat | 1885-fallback-core-only+street || 4908 | 1885 | 2e BW 280 | Hoogestraat | 1885-fallback-core-only+street
2523,TBW281,Achtersteeg,renumbered-1885,address,yes,matched,yes,1,4814 | 1885 | 2e BW 281 | Achtersteeg | 1885-exact-components+street
2524,TBW282,Achtersteeg,renumbered-1885,address,yes,matched,yes,1,4895 | 1885 | 2e BW 282 | Achtersteeg | 1885-exact-components+street
2525,TBW283,Achtersteeg,renumbered-1885,address,yes,matched,yes,2,3967 | 1885 | 2e BW 283 | Achtersteeg | 1885-exact-components+street || 4891 | 1885 | 2e BW 283 | Achtersteeg | 1885-exact-components+street
2526,TBW284,Hoogestraat,renumbered-1885,address,yes,matched,yes,1,4906 | 1885 | 2e BW 284 | Hoogestraat | 1885-exact-components+street
2527,TBW285a,Hoogestraat,renumbered-1885,address,yes,matched,yes,3,4902 | 1885 | 2e BW 285 | Hoogestraat | 1885-fallback-core-only+street || 4903 | 1885 | 2e BW 285 | Hoogestraat | 1885-fallback-core-only+street || 4905 | 1885 | 2e BW 285 | Hoogestraat | 1885-fallback-core-only+street
2528,TBW286,Hoogestraat,renumbered-1885,address,yes,matched,yes,1,4901 | 1885 | 2e BW 286 | Hoogestraat | 1885-exact-components+street
2529,TBW287,Hoogestraat,renumbered-1885,address,yes,matched,yes,1,4900 | 1885 | 2e BW 287 | Hoogestraat | 1885-exact-components+street
2530,TBW288,Hoogestraat,renumbered-1885,address,yes,matched,yes,2,4897 | 1885 | 2e BW 288 | Hoogestraat | 1885-exact-components+street || 4899 | 1885 | 2e BW 288 | Hoogestraat | 1885-exact-components+street
2531,TBW289,Wanicastraat,renumbered-1885,address,yes,matched,yes,5,4892 | 1885 | 2e BW 289 | Wanicastraat | 1885-exact-components+street || 4894 | 1885 | 2e BW 289 | Wanicastraat | 1885-exact-components+street || 5200 | 1885 | 2e BW 289 | Wanicastraat | 1885-exact-components+street || 5201 | 1885 | 2e BW 289 | Wanicastraat | 1885-exact-components+street || 5203 | 1885 | 2e BW 289 | Wanicastraat | 1885-exact-components+street
2532,TBW290,Wanicastraat,renumbered-1885,address,yes,matched,yes,1,5205 | 1885 | 2e BW 290 | Wanicastraat | 1885-exact-components+street
2533,TBW292,Wanicastraat,renumbered-1885,address,yes,matched,yes,1,5209 | 1885 | 2e BW 292 | Wanicastraat | 1885-exact-components+street
2534,TBW293,Wanicastraat,renumbered-1885,address,yes,matched,yes,1,5211 | 1885 | 2e BW 293 | Wanicastraat | 1885-exact-components+street
2535,TBW294,Wanicastraat,renumbered-1885,address,yes,matched,yes,2,5213 | 1885 | 2e BW 294 | Wanicastraat | 1885-exact-components+street || 5214 | 1885 | 2e BW 294 | Wanicastraat | 1885-exact-components+street
2536,TBW295,Wanicastraat,renumbered-1885,address,yes,matched,yes,2,5216 | 1885 | 2e BW 295 | Wanicastraat | 1885-exact-components+street || 5217 | 1885 | 2e BW 295 | Wanicastraat | 1885-exact-components+street
2537,TBW296,Wanicastraat,renumbered-1885,address,yes,matched,yes,3,5219 | 1885 | 2e BW 296 | Wanicastraat | 1885-exact-components+street || 5222 | 1885 | 2e BW 296 | Wanicastraat | 1885-exact-components+street || 5224 | 1885 | 2e BW 296 | Wanicastraat | 1885-exact-components+street
2538,TBW297,Wanicastraat,renumbered-1885,address,yes,matched,yes,1,5228 | 1885 | 2e BW 297 | Wanicastraat | 1885-exact-components+street
2539,TBW298,Wanicastraat,renumbered-1885,address,yes,matched,yes,1,5247 | 1885 | 2e BW 298 | Wanicastraat | 1885-exact-components+street
2540,TBW299,Wanicastraat,renumbered-1885,address,yes,matched,yes,1,4861 | 1885 | 2e BW 299 b | Wanicastraat | 1885-fallback-core-only+street
2541,TBW300,Verlengde Gemenelandsweg,renumbered-1885,address,yes,matched,yes,2,4863 | 1885 | 2e BW 300 b | Verlengde Gemenelandsweg | 1885-fallback-core-only+street || 4865 | 1885 | 2e BW 300 a | Verlengde Gemenelandsweg | 1885-fallback-core-only+street
2542,TBW301,Verlengde Gemenelandsweg,renumbered-1885,address,yes,matched,yes,2,4867 | 1885 | 2e BW 301 | Verlengde Gemenelandsweg | 1885-exact-components+street || 4868 | 1885 | 2e BW 301 | Verlengde Gemenelandsweg | 1885-exact-components+street
2543,TBW320,Verlengde Gemenelandsweg,renumbered-1885,address,yes,matched,yes,1,4883 | 1885 | 2e BW 320 | Verlengde Gemenelandsweg | 1885-exact-components+street
2544,TBW302,Verlengde Gemenelandsweg,renumbered-1885,address,yes,matched,yes,2,4870 | 1885 | 2e BW 302 | Verlengde Gemenelandsweg | 1885-exact-components+street || 4871 | 1885 | 2e BW 302 | Verlengde Gemenelandsweg | 1885-exact-components+street
2545,TBW304,Verlengde Gemenelandsweg,renumbered-1885,address,yes,matched,yes,1,4876 | 1885 | 2e BW 304 | Verlengde Gemenelandsweg | 1885-exact-components+street
2546,TBW305,Verlengde Gemenelandsweg,renumbered-1885,address,yes,matched,yes,2,4878 | 1885 | 2e BW 305 | Verlengde Gemenelandsweg | 1885-exact-components+street || 4879 | 1885 | 2e BW 305 | Verlengde Gemenelandsweg | 1885-exact-components+street
2547,TBW303,Verlengde Gemenelandsweg,renumbered-1885,address,yes,matched,yes,1,4874 | 1885 | 2e BW 303 | Verlengde Gemenelandsweg | 1885-exact-components+street
2548,TBW325,Verlengde Gemenelandsweg,renumbered-1885,address,yes,matched,yes,1,4873 | 1885 | 2e BW 325 | Verlengde Gemenelandsweg | 1885-exact-components+street
2549,TBW326,Verlengde Gemenelandsweg,renumbered-1885,address,yes,matched,yes,2,4869 | 1885 | 2e BW 326 | Verlengde Gemenelandsweg | 1885-exact-components+street || 4872 | 1885 | 2e BW 326 | Verlengde Gemenelandsweg | 1885-exact-components+street
2550,TBW327a,Verlengde Gemenelandsweg,renumbered-1885,address,yes,matched,yes,3,4862 | 1885 | 2e BW 327 | Verlengde Gemenelandsweg | 1885-fallback-core-only+street || 4864 | 1885 | 2e BW 327 a | Verlengde Gemenelandsweg | 1885-exact-components+street || 4866 | 1885 | 2e BW 327 b | Verlengde Gemenelandsweg | 1885-fallback-core-only+street
2551,TBW317,Verlengde Gemenelandsweg,renumbered-1885,address,yes,matched,yes,2,4888 | 1885 | 2e BW 317 | Verlengde Gemenelandsweg | 1885-exact-components+street || 4889 | 1885 | 2e BW 317 | Verlengde Gemenelandsweg | 1885-exact-components+street
2552,TBW316,Verlengde Gemenelandsweg,renumbered-1885,address,yes,matched,yes,1,4890 | 1885 | 2e BW 316 | Verlengde Gemenelandsweg | 1885-exact-components+street
2553,TBW306,Verlengde Gemenelandsweg,renumbered-1885,address,yes,matched,yes,1,4850 | 1885 | 2e BW 306 | Verlengde Gemenelandsweg | 1885-exact-components+street
2554,TBW315,Verlengde Gemenelandsweg,renumbered-1885,address,yes,matched,yes,1,4859 | 1885 | 2e BW 315 | Verlengde Gemenelandsweg | 1885-exact-components+street
2555,TBW314,Verlengde Gemenelandsweg,renumbered-1885,address,yes,matched,yes,1,4858 | 1885 | 2e BW 314 | Verlengde Gemenelandsweg | 1885-exact-components+street
2556,TBW307,Verlengde Gemenelandsweg,renumbered-1885,address,yes,matched,yes,1,4851 | 1885 | 2e BW 307 | Verlengde Gemenelandsweg | 1885-exact-components+street
2557,TBW308,Verlengde Gemenelandsweg,renumbered-1885,address,yes,matched,yes,1,4852 | 1885 | 2e BW 308 | Verlengde Gemenelandsweg | 1885-exact-components+street
2558,TBW309,Verlengde Gemenelandsweg,renumbered-1885,address,yes,matched,yes,1,4853 | 1885 | 2e BW 309 | Verlengde Gemenelandsweg | 1885-exact-components+street
2559,TBW310,Verlengde Gemenelandsweg,renumbered-1885,address,yes,matched,yes,1,4854 | 1885 | 2e BW 310 | Verlengde Gemenelandsweg | 1885-exact-components+street
2560,TBW313,Verlengde Gemenelandsweg,renumbered-1885,address,yes,matched,yes,1,4857 | 1885 | 2e BW 313 | Verlengde Gemenelandsweg | 1885-exact-components+street
2561,TBW311,Verlengde Gemenelandsweg,renumbered-1885,address,yes,matched,yes,1,4855 | 1885 | 2e BW 311 | Verlengde Gemenelandsweg | 1885-exact-components+street
2562,TBW312,Verlengde Gemenelandsweg,renumbered-1885,address,yes,matched,yes,1,4856 | 1885 | 2e BW 312 | Verlengde Gemenelandsweg | 1885-exact-components+street
2563,TBW318,Verlengde Gemenelandsweg,renumbered-1885,address,yes,matched,yes,3,4885 | 1885 | 2e BW 318 | Verlengde Gemenelandsweg | 1885-exact-components+street || 4886 | 1885 | 2e BW 318 ab | Verlengde Gemenelandsweg | 1885-fallback-core-only+street || 4887 | 1885 | 2e BW 318 | Verlengde Gemenelandsweg | 1885-exact-components+street
2564,TBW319,Verlengde Gemenelandsweg,renumbered-1885,address,yes,matched,yes,1,4884 | 1885 | 2e BW 319 | Verlengde Gemenelandsweg | 1885-exact-components+street
2565,TBW321,Verlengde Gemenelandsweg,renumbered-1885,address,yes,matched,yes,1,4882 | 1885 | 2e BW 321 | Verlengde Gemenelandsweg | 1885-exact-components+street
2566,TBW322,Verlengde Gemenelandsweg,renumbered-1885,address,yes,matched,yes,1,4881 | 1885 | 2e BW 322 | Verlengde Gemenelandsweg | 1885-exact-components+street
2567,TBW323,Verlengde Gemenelandsweg,renumbered-1885,address,yes,matched,yes,1,4880 | 1885 | 2e BW 323 | Verlengde Gemenelandsweg | 1885-exact-components+street
2568,TBW324,Verlengde Gemenelandsweg,renumbered-1885,address,yes,matched,yes,2,4875 | 1885 | 2e BW 324 b | Verlengde Gemenelandsweg | 1885-fallback-core-only+street || 4877 | 1885 | 2e BW 324 | Verlengde Gemenelandsweg | 1885-exact-components+street
2569,TBW328,Verlengde Gemenelandsweg,renumbered-1885,address,yes,matched,yes,2,4860 | 1885 | 2e BW 328 | Verlengde Gemenelandsweg | 1885-exact-components+street || 5253 | 1885 | 2e BW 328 | Verlengde Gemenelandsweg | 1885-exact-components+street
2570,TBW329,Wanicastraat,renumbered-1885,address,yes,matched,yes,1,5254 | 1885 | 2e BW 329 | Wanicastraat | 1885-exact-components+street
2571,TBW332,Wanicastraat,renumbered-1885,address,yes,matched,yes,1,5263 | 1885 | 2e BW 332 | Wanicastraat | 1885-exact-components+street
2572,TBW330,Wanicastraat,renumbered-1885,address,yes,matched,yes,2,5256 | 1885 | 2e BW 330 | Wanicastraat | 1885-exact-components+street || 5258 | 1885 | 2e BW 330 | Wanicastraat | 1885-exact-components+street
2573,TBW331,Wanicastraat,renumbered-1885,address,yes,matched,yes,1,5260 | 1885 | 2e BW 331 | Wanicastraat | 1885-exact-components+street
2574,TBW333,Wanicastraat,renumbered-1885,address,yes,matched,yes,1,5265 | 1885 | 2e BW 333 | Wanicastraat | 1885-exact-components+street
2575,TBW334,Wanicastraat,renumbered-1885,address,yes,matched,yes,2,4700 | 1885 | 2e BW 334 | Wanicastraat | 1885-exact-components+street || 5267 | 1885 | 2e BW 334 | Wanicastraat | 1885-exact-components+street
2576,TBW335a,Wanicastraat,renumbered-1885,address,yes,matched,yes,3,4699 | 1885 | 2e BW 335 | Wanicastraat | 1885-fallback-core-only+street || 5038 | 1885 | 2e BW 335 | Wanicastraat | 1885-fallback-core-only+street || 5273 | 1885 | 2e BW 335 | Wanicastraat | 1885-fallback-core-only+street
2577,TBW336,Molenpad,renumbered-1885,address,yes,matched,yes,1,5039 | 1885 | 2e BW 336 | Molenpad | 1885-exact-components+street
2578,TBW337,Molenpad,renumbered-1885,address,yes,matched,yes,1,5041 | 1885 | 2e BW 337 | Molenpad | 1885-exact-components+street
2579,TBW340,Molenpad,renumbered-1885,address,yes,matched,yes,1,5047 | 1885 | 2e BW 340 | Molenpad | 1885-exact-components+street
2580,TBW341,Molenpad,renumbered-1885,address,yes,matched,yes,1,5036 | 1885 | 2e BW 341 | Molenpad | 1885-exact-components+street
2581,TBW342,Molenpad,renumbered-1885,address,yes,matched,yes,3,3952 | 1885 | 2e BW 342 | Molenpad | 1885-exact-components+street || 3953 | 1885 | 2e BW 342 | Molenpad | 1885-exact-components+street || 5046 | 1885 | 2e BW 342 | Molenpad | 1885-exact-components+street
2582,TBW343,Molenpad,renumbered-1885,address,yes,matched,yes,3,4188 | 1885 | 2e BW 343 | Molenpad | 1885-exact-components+street || 4189 | 1885 | 2e BW 343 | Molenpad | 1885-exact-components+street || 5043 | 1885 | 2e BW 343 | Molenpad | 1885-exact-components+street
2583,TBW344,Molenpad,renumbered-1885,address,yes,matched,yes,1,5042 | 1885 | 2e BW 344 | Molenpad | 1885-exact-components+street
2584,TBW345,Molenpad,renumbered-1885,address,yes,matched,yes,4,3542 | 1885 | 2e BW 345 | Molenpad | 1885-exact-components+street || 3800 | 1885 | 2e BW 345 | Molenpad | 1885-exact-components+street || 4635 | 1885 | 2e BW 345 | Molenpad | 1885-exact-components+street || 5040 | 1885 | 2e BW 345 | Molenpad | 1885-exact-components+street
2585,TBW346b,Molenpad,renumbered-1885,address,yes,matched,yes,2,5037 | 1885 | 2e BW 346 | Molenpad | 1885-fallback-core-only+street || 5274 | 1885 | 2e BW 346 | Molenpad | 1885-fallback-core-only+street
2586,TBW339,Molenpad,renumbered-1885,address,yes,matched,yes,1,5045 | 1885 | 2e BW 339 | Molenpad | 1885-exact-components+street
2587,TBW338,Molenpad,renumbered-1885,address,yes,matched,yes,1,5044 | 1885 | 2e BW 338 | Molenpad | 1885-exact-components+street
2588,TBW349a,Wanicastraat,renumbered-1885,address,yes,matched,yes,2,5277 | 1885 | 2e BW 349 | Wanicastraat | 1885-fallback-core-only+street || 5278 | 1885 | 2e BW 349 | Wanicastraat | 1885-fallback-core-only+street
2589,TBW348,Wanicastraat,renumbered-1885,address,yes,matched,yes,1,5276 | 1885 | 2e BW 348 | Wanicastraat | 1885-exact-components+street
2590,TBW347,Wanicastraat,renumbered-1885,address,yes,matched,yes,1,5275 | 1885 | 2e BW 347 | Wanicastraat | 1885-exact-components+street
2591,TBW351,,renumbered-1885,address,yes,matched,yes,2,5282 | 1885 | 2e BW 351 | Wanicastraat | 1885-exact-components || 5283 | 1885 | 2e BW 351 | Wanicastraat | 1885-exact-components
2592,TBW,,renumbered-1885,non-address-annotation,no,ignored-non-address-annotation,yes,0,
2593,TBW,,renumbered-1885,non-address-annotation,no,ignored-non-address-annotation,yes,0,
2594,TBW,,renumbered-1885,non-address-annotation,no,ignored-non-address-annotation,yes,0,
2595,,,renumbered-1885,non-address-annotation,no,ignored-non-address-annotation,yes,0,
2596,,,renumbered-1885,non-address-annotation,no,ignored-non-address-annotation,yes,0,
2597,,,renumbered-1885,non-address-annotation,no,ignored-non-address-annotation,yes,0,
2598,,Wanicastraat,renumbered-1885,non-address-annotation,no,ignored-non-address-annotation,yes,0,
2599,TBW1,Weg van Charlesburg,renumbered-1885,address,yes,matched,yes,67,4373 | 1837 | 2e BW 3 | Weg van Charlesburg | 1837-fallback-core-only+street || 4375 | 1837 | 2e BW 4 | Weg van Charlesburg | 1837-fallback-core-only+street || 4377 | 1837 | 2e BW 5 | Weg naar Zee | 1837-fallback-core-only || 4379 | 1837 | 2e BW 5 | Weg naar Zee | 1837-fallback-core-only || 4381 | 1837 | 2e BW 5 | Weg naar Zee | 1837-fallback-core-only || 4383 | 1837 | 2e BW 6 | Weg naar Zee | 1837-fallback-core-only || 4385 | 1837 | 2e BW 7 | Weg naar Zee | 1837-fallback-core-only || 4387 | 1837 | 2e BW 9 | Weg naar Zee | 1837-fallback-core-only
2600,TBW6b,Weg naar Zee,renumbered-1885,address,yes,matched,yes,8,3951 | 1837 | 2e BW 20 | Rijweg naar Kwatta | 1837-fallback-core-only || 4128 | 1837 | 2e BW 20 | Rijweg naar Kwatta | 1837-fallback-core-only || 4365 | 1837 | 2e BW 20 | Rijweg naar Kwatta | 1837-fallback-core-only || 4383 | 1885 | 2e BW 6 | Weg naar Zee | 1885-fallback-core-only+street || 4414 | 1885 | 2e BW 6 b | Weg naar Zee | 1885-exact-components+street || 4416 | 1885 | 2e BW 6 | Weg naar Zee | 1885-fallback-core-only+street || 4418 | 1885 | 2e BW 6 | Weg naar Zee | 1885-fallback-core-only+street || 4420 | 1885 | 2e BW 6 c | Weg naar Zee | 1885-fallback-core-only+street
2601,TBW5,Weg naar Zee,renumbered-1885,address,yes,matched,yes,7,4126 | 1837 | 2e BW 19 | Rijweg naar Kwatta | 1837-exact-components || 4377 | 1885 | 2e BW 5 | Weg naar Zee | 1885-exact-components+street || 4379 | 1885 | 2e BW 5 | Weg naar Zee | 1885-exact-components+street || 4381 | 1885 | 2e BW 5 | Weg naar Zee | 1885-exact-components+street || 4410 | 1885 | 2e BW 5 | Weg naar Zee | 1885-exact-components+street || 4411 | 1885 | 2e BW 5 | Weg naar Zee | 1885-exact-components+street || 4412 | 1885 | 2e BW 5 | Weg naar Zee | 1885-exact-components+street
2602,TBW291,Wanicastraat,renumbered-1885,address,yes,matched,yes,1,5207 | 1885 | 2e BW 291 | Wanicastraat | 1885-exact-components+street
2603,TBW350,Wanicastraat,renumbered-1885,address,yes,matched,yes,3,5279 | 1885 | 2e BW 350 | Wanicastraat | 1885-exact-components+street || 5280 | 1885 | 2e BW 350 | Wanicastraat | 1885-exact-components+street || 5281 | 1885 | 2e BW 350 | Wanicastraat | 1885-exact-components+street
2604,TBW39b,Rijweg naar Kwatta,renumbered-1885,address,yes,matched,yes,2,4114 | 1885 | 2e BW 39 | Rijweg naar Kwatta | 1885-fallback-core-only+street || 4115 | 1885 | 2e BW 39 | Rijweg naar Kwatta | 1885-fallback-core-only+street
2605,F,,renumbered-1885,non-address-annotation,no,ignored-non-address-annotation,yes,0,
2606,E171b,Princestraat,older-regime,address,yes,matched,yes,4,1841 | 1837 | E.171 | Hofstraat | 1837-fallback-core-only || 1842 | 1837 | E.171 | Hofstraat | 1837-fallback-core-only || 1843 | 1837 | E.171a | Hofstraat | 1837-fallback-core-only || 1844 | 1837 | E.171b | Hofstraat | 1837-exact-components
2607,,Soldatenstraat,older-regime,non-address-annotation,no,ignored-non-address-annotation,yes,0,
2608,,,renumbered-1885,non-address-annotation,no,ignored-non-address-annotation,yes,0,
2609,,Verlengde Weidestraat,renumbered-1885,non-address-annotation,no,ignored-non-address-annotation,yes,0,
2610,F,,renumbered-1885,non-address-annotation,no,ignored-non-address-annotation,yes,0,
2611,E167b,Hofstraat,older-regime,address,yes,matched,yes,4,1855 | 1837 | E.167a | Hofstraat | 1837-fallback-core-only+street || 1856 | 1837 | E.167b | Hofstraat | 1837-exact-components+street || 1857 | 1837 | E.167b | Hofstraat | 1837-exact-components+street || 1858 | 1837 | E.167 | Hofstraat | 1837-fallback-core-only+street
2612,,,older-regime,non-address-annotation,no,ignored-non-address-annotation,yes,0,
2613,E168b,Hofstraat,older-regime,address,yes,matched,yes,2,2282 | 1837 | E.168 | Hofstraat | 1837-fallback-core-only+street || 2283 | 1837 | E.168 | Hofstraat | 1837-fallback-core-only+street
2614,,,older-regime,non-address-annotation,no,ignored-non-address-annotation,yes,0,
2615,,,unknown,insufficient-address-components,no,ignored-non-address-annotation,yes,0,
2616,EBW,,renumbered-1885,non-address-annotation,no,ignored-non-address-annotation,yes,0,
2617,E184b,Groote Dwarsstraat,older-regime,address,yes,matched,yes,5,2228 | 1837 | E.184b | Grote Dwarsstraat | 1837-exact-components || 2229 | 1837 | E.184a | Grote Dwarsstraat | 1837-fallback-core-only || 2230 | 1837 | E.184a | Grote Dwarsstraat | 1837-fallback-core-only || 2231 | 1837 | E.184b | Grote Dwarsstraat | 1837-exact-components || 2232 | 1837 | E.184c | Grote Dwarsstraat | 1837-fallback-core-only
2618,EBW,Kleine Waterstraat,renumbered-1885,non-address-annotation,no,ignored-non-address-annotation,yes,0,
2619,E184ab,Princestraat,older-regime,address,yes,matched,yes,5,2228 | 1837 | E.184b | Grote Dwarsstraat | 1837-fallback-core-only || 2229 | 1837 | E.184a | Grote Dwarsstraat | 1837-fallback-core-only || 2230 | 1837 | E.184a | Grote Dwarsstraat | 1837-fallback-core-only || 2231 | 1837 | E.184b | Grote Dwarsstraat | 1837-fallback-core-only || 2232 | 1837 | E.184c | Grote Dwarsstraat | 1837-fallback-core-only
2620,,,older-regime,non-address-annotation,no,ignored-non-address-annotation,yes,0,
2621,B,Wagenwegstraat,older-regime,non-address-annotation,no,ignored-non-address-annotation,yes,0,
2622,A,,older-regime,non-address-annotation,no,ignored-non-address-annotation,yes,0,
2623,E184ac,Princestraat,older-regime,address,yes,matched,yes,5,2228 | 1837 | E.184b | Grote Dwarsstraat | 1837-fallback-core-only || 2229 | 1837 | E.184a | Grote Dwarsstraat | 1837-fallback-core-only || 2230 | 1837 | E.184a | Grote Dwarsstraat | 1837-fallback-core-only || 2231 | 1837 | E.184b | Grote Dwarsstraat | 1837-fallback-core-only || 2232 | 1837 | E.184c | Grote Dwarsstraat | 1837-fallback-core-only
2624,B73b,Gravenstraat,older-regime,address,yes,matched,yes,2,144 | 1837 | B. 73a | Gravenstraat | 1837-fallback-core-only+street || 145 | 1837 | B. 73b | Gravenstraat | 1837-exact-components+street
2625,E291b,Princestraat,older-regime,address,yes,matched,yes,6,2014 | 1837 | E.291a | Prinsenstraat | 1837-fallback-core-only || 2015 | 1837 | E.291b | Prinsenstraat | 1837-exact-components || 2016 | 1837 | E.291b | Prinsenstraat | 1837-exact-components || 2017 | 1837 | E.291b | Prinsenstraat | 1837-exact-components || 2018 | 1837 | E.291b | Prinsenstraat | 1837-exact-components || 2019 | 1837 | E.291b | Prinsenstraat | 1837-exact-components
2626,E166b,Hofstraat,older-regime,address,yes,matched,yes,4,1870 | 1837 | E.166a | Hofstraat | 1837-fallback-core-only+street || 1871 | 1837 | E.166b | Hofstraat | 1837-exact-components+street || 1872 | 1837 | E.166b | Hofstraat | 1837-exact-components+street || 1875 | 1837 | E.166a | Hofstraat | 1837-fallback-core-only+street
2627,,,older-regime,non-address-annotation,no,ignored-non-address-annotation,no,0,
2628,,,unknown,insufficient-address-components,no,ignored-non-address-annotation,yes,0,
2629,F206,Groote Dwarsstraat,renumbered-1885,address,yes,matched,yes,5,3835 | 1885 | F 206 a | Grote Dwarsstraat | 1885-fallback-core-only || 3837 | 1885 | F 206 b | Grote Dwarsstraat | 1885-fallback-core-only || 3838 | 1885 | F 206 | Grote Dwarsstraat | 1885-exact-components || 4534 | 1837 | F 191 | Pontewerfstraat | 1837-exact-components || 4536 | 1837 | F 191 | Pontewerfstraat | 1837-exact-components
2630,,,older-regime,non-address-annotation,no,ignored-non-address-annotation,no,0,
2631,A90b,Heerenstraat,older-regime,address,yes,matched,yes,3,172 | 1837 | A. 90 | Heerenstraat | 1837-fallback-core-only+street || 190 | 1837 | A. 90a | Heerenstraat | 1837-fallback-core-only+street || 202 | 1837 | A. 90b | Heerenstraat | 1837-exact-components+street
2632,,Gemenelandsweg,renumbered-1885,non-address-annotation,no,ignored-non-address-annotation,yes,0,
2633,,Tweede Dwarsstraat,renumbered-1885,non-address-annotation,no,ignored-non-address-annotation,yes,0,
2634,EBW249,Grote Waterstraat,renumbered-1885,address,yes,matched,yes,5,3863 | 1885 | 1e BW 249 | Grote Waterstraat | 1885-exact-components+street || 3865 | 1885 | 1e BW 249 | Grote Waterstraat | 1885-exact-components+street || 3867 | 1885 | 1e BW 249 | Grote Waterstraat | 1885-exact-components+street || 3869 | 1885 | 1e BW 249 | Grote Waterstraat | 1885-exact-components+street || 3871 | 1885 | 1e BW 249 | Grote Waterstraat | 1885-exact-components+street
2635,A90a,Heerenstraat,older-regime,address,yes,matched,yes,3,172 | 1837 | A. 90 | Heerenstraat | 1837-fallback-core-only+street || 190 | 1837 | A. 90a | Heerenstraat | 1837-exact-components+street || 202 | 1837 | A. 90b | Heerenstraat | 1837-fallback-core-only+street
2636,,Wanicastraat,renumbered-1885,non-address-annotation,no,ignored-non-address-annotation,yes,0,
2637,,,unknown,insufficient-address-components,no,ignored-non-address-annotation,yes,0,
2638,,,unknown,insufficient-address-components,no,ignored-non-address-annotation,yes,0,
2639,,,unknown,insufficient-address-components,no,ignored-non-address-annotation,yes,0,
2640,EBW6a,Groote Combéweg,renumbered-1885,address,yes,matched,yes,3,3075 | 1885 | 1e BW 6 | Grote Combeweg | 1885-fallback-core-only || 3076 | 1885 | 1e BW 6 a | Grote Combeweg | 1885-exact-components || 3077 | 1885 | 1e BW 6 b | Grote Combeweg | 1885-fallback-core-only
2641,EBW24b,Groote Combéweg,renumbered-1885,address,yes,matched,yes,6,3035 | 1885 | 1e BW 24 a | Grote Combeweg | 1885-fallback-core-only || 3036 | 1885 | 1e BW 24 a | Grote Combeweg | 1885-fallback-core-only || 3037 | 1885 | 1e BW 24 a | Grote Combeweg | 1885-fallback-core-only || 3041 | 1885 | 1e BW 24 b | Grote Combeweg | 1885-exact-components || 3042 | 1885 | 1e BW 24 b | Grote Combeweg | 1885-exact-components || 3043 | 1885 | 1e BW 24 b | Grote Combeweg | 1885-exact-components
2642,EBW36b,Groote Combéweg,renumbered-1885,address,yes,matched,yes,5,3018 | 1837 | 1e BW 38 | Grote Combeweg | 1837-fallback-core-only || 3020 | 1837 | 1e BW 116 | Wichersstraat | 1837-fallback-core-only || 3021 | 1837 | 1e BW 117 | Tweede Dwarsstraat | 1837-exact-components || 3022 | 1837 | 1e BW 118 | Tweede Dwarsstraat | 1837-fallback-core-only || 3034 | 1885 | 1e BW 36 | Grote Combeweg | 1885-fallback-core-only
2643,EBW37b,Groote Combéweg,renumbered-1885,address,yes,matched,yes,3,3012 | 1837 | 1e BW 39 | Grote Combeweg | 1837-fallback-core-only || 3027 | 1885 | 1e BW 37 | Grote Combeweg | 1885-fallback-core-only || 3054 | 1885 | 1e BW 37 | Grote Combeweg | 1885-fallback-core-only
2644,EBW144b,Wichersstraat,renumbered-1885,address,yes,matched,yes,4,3211 | 1885 | 1e BW 144 | Wichersstraat | 1885-fallback-core-only+street || 3212 | 1885 | 1e BW 144 | Wichersstraat | 1885-fallback-core-only+street || 5287 | 1837 | 1e BW 109 | Wichersstraat | 1837-exact-components+street || 5288 | 1837 | 1e BW 109 | Wichersstraat | 1837-exact-components+street
2645,EBW147b,Wichersstraat,renumbered-1885,address,yes,matched,yes,1,2927 | 1885 | 1e BW 147 | Wichersstraat | 1885-fallback-core-only+street
2646,EBW75a,Kleine Dwarsstraat,renumbered-1885,address,yes,matched,yes,22,3143 | 1837 | 1e BW 169 | Tweede Dwarsstraat | 1837-fallback-core-only || 3144 | 1837 | 1e BW 170 | Crommelinstraat | 1837-fallback-core-only || 3145 | 1837 | 1e BW 170 | Crommelinstraat | 1837-fallback-core-only || 3148 | 1837 | 1e BW 169 abc | Tweede Dwarsstraat | 1837-fallback-core-only || 3149 | 1837 | 1e BW 169 abc | Tweede Dwarsstraat | 1837-fallback-core-only || 3150 | 1837 | 1e BW 169 abc | Tweede Dwarsstraat | 1837-fallback-core-only || 3151 | 1837 | 1e BW 169 abc | Tweede Dwarsstraat | 1837-fallback-core-only || 3152 | 1837 | 1e BW 168 | Tweede Dwarsstraat | 1837-fallback-core-only
2647,EBW112b,Wichersstraat,renumbered-1885,address,yes,matched,yes,12,2970 | 1885 | 1e BW 112 | Wichersstraat | 1885-fallback-core-only+street || 2971 | 1885 | 1e BW 112 | Wichersstraat | 1885-fallback-core-only+street || 2972 | 1885 | 1e BW 112 | Wichersstraat | 1885-fallback-core-only+street || 2973 | 1885 | 1e BW 112 | Wichersstraat | 1885-fallback-core-only+street || 2974 | 1885 | 1e BW 112 | Wichersstraat | 1885-fallback-core-only+street || 2975 | 1885 | 1e BW 112 | Wichersstraat | 1885-fallback-core-only+street || 2980 | 1885 | 1e BW 112 | Wichersstraat | 1885-fallback-core-only+street || 2984 | 1885 | 1e BW 112 | Wichersstraat | 1885-fallback-core-only+street
2648,EBW211b,Grote Waterstraat,renumbered-1885,address,yes,matched,yes,8,3858 | 1885 | 1e BW 211 | Grote Waterstraat | 1885-fallback-core-only+street || 3862 | 1885 | 1e BW 211 | Grote Waterstraat | 1885-fallback-core-only+street || 3864 | 1885 | 1e BW 211 aa | Grote Waterstraat | 1885-fallback-core-only+street || 3866 | 1885 | 1e BW 211 ab | Grote Waterstraat | 1885-fallback-core-only+street || 3868 | 1885 | 1e BW 211 ac | Grote Waterstraat | 1885-fallback-core-only+street || 3870 | 1885 | 1e BW 211 a | Grote Waterstraat | 1885-fallback-core-only+street || 3872 | 1885 | 1e BW 211 ab | Grote Waterstraat | 1885-fallback-core-only+street || 5290 | 1885 | 1e BW 211 | Grote Waterstraat | 1885-fallback-core-only+street
2649,EBW211c,Grote Waterstraat,renumbered-1885,address,yes,matched,yes,8,3858 | 1885 | 1e BW 211 | Grote Waterstraat | 1885-fallback-core-only+street || 3862 | 1885 | 1e BW 211 | Grote Waterstraat | 1885-fallback-core-only+street || 3864 | 1885 | 1e BW 211 aa | Grote Waterstraat | 1885-fallback-core-only+street || 3866 | 1885 | 1e BW 211 ab | Grote Waterstraat | 1885-fallback-core-only+street || 3868 | 1885 | 1e BW 211 ac | Grote Waterstraat | 1885-fallback-core-only+street || 3870 | 1885 | 1e BW 211 a | Grote Waterstraat | 1885-fallback-core-only+street || 3872 | 1885 | 1e BW 211 ab | Grote Waterstraat | 1885-fallback-core-only+street || 5290 | 1885 | 1e BW 211 | Grote Waterstraat | 1885-fallback-core-only+street
2650,EBW213ab,Grote Waterstraat,renumbered-1885,address,yes,matched,yes,2,3523 | 1885 | 1e BW 213 | Grote Waterstraat | 1885-fallback-core-only+street || 3524 | 1885 | 1e BW 213 | Grote Waterstraat | 1885-fallback-core-only+street
2651,EBW213ac,Grote Waterstraat,renumbered-1885,address,yes,matched,yes,2,3523 | 1885 | 1e BW 213 | Grote Waterstraat | 1885-fallback-core-only+street || 3524 | 1885 | 1e BW 213 | Grote Waterstraat | 1885-fallback-core-only+street
2652,EBW213b,Grote Waterstraat,renumbered-1885,address,yes,matched,yes,2,3523 | 1885 | 1e BW 213 | Grote Waterstraat | 1885-fallback-core-only+street || 3524 | 1885 | 1e BW 213 | Grote Waterstraat | 1885-fallback-core-only+street
2653,EBW204a,Nepveugracht,renumbered-1885,address,yes,matched,yes,2,3276 | 1885 | 1e BW 204 | Nepveugracht | 1885-fallback-core-only+street || 3277 | 1885 | 1e BW 204 | Nepveugracht | 1885-fallback-core-only+street
2654,EBW224b,Vierde dwarsstraat of Bamboeslaan,renumbered-1885,address,yes,matched,yes,1,4218 | 1885 | 1e BW 224 | Mauriciusstraat | 1885-fallback-core-only
2655,EBW224c,Vierde dwarsstraat of Bamboeslaan,renumbered-1885,address,yes,matched,yes,1,4218 | 1885 | 1e BW 224 | Mauriciusstraat | 1885-fallback-core-only
2656,EBW224d,Vierde dwarsstraat of Bamboeslaan,renumbered-1885,address,yes,matched,yes,1,4218 | 1885 | 1e BW 224 | Mauriciusstraat | 1885-fallback-core-only
2657,EBW224e,Vierde dwarsstraat of Bamboeslaan,renumbered-1885,address,yes,matched,yes,1,4218 | 1885 | 1e BW 224 | Mauriciusstraat | 1885-fallback-core-only
2658,EBW224f,Vierde dwarsstraat of Bamboeslaan,renumbered-1885,address,yes,matched,yes,1,4218 | 1885 | 1e BW 224 | Mauriciusstraat | 1885-fallback-core-only
2659,EBW224g,Vierde dwarsstraat of Bamboeslaan,renumbered-1885,address,yes,matched,yes,1,4218 | 1885 | 1e BW 224 | Mauriciusstraat | 1885-fallback-core-only
2660,EBW224h,Vierde dwarsstraat of Bamboeslaan,renumbered-1885,address,yes,matched,yes,1,4218 | 1885 | 1e BW 224 | Mauriciusstraat | 1885-fallback-core-only
2661,EBW224i,Vierde dwarsstraat of Bamboeslaan,renumbered-1885,address,yes,matched,yes,1,4218 | 1885 | 1e BW 224 | Mauriciusstraat | 1885-fallback-core-only
2662,EBW224k,Vierde dwarsstraat of Bamboeslaan,renumbered-1885,address,yes,matched,yes,1,4218 | 1885 | 1e BW 224 | Mauriciusstraat | 1885-fallback-core-only
2663,EBW223b,Mauriciusstraat,renumbered-1885,address,yes,matched,yes,3,4239 | 1885 | 1e BW 223 | Mauriciusstraat | 1885-fallback-core-only+street || 4240 | 1885 | 1e BW 223 | Mauriciusstraat | 1885-fallback-core-only+street || 4241 | 1885 | 1e BW 223 | Mauriciusstraat | 1885-fallback-core-only+street
2664,EBW223c,Mauriciusstraat,renumbered-1885,address,yes,matched,yes,3,4239 | 1885 | 1e BW 223 | Mauriciusstraat | 1885-fallback-core-only+street || 4240 | 1885 | 1e BW 223 | Mauriciusstraat | 1885-fallback-core-only+street || 4241 | 1885 | 1e BW 223 | Mauriciusstraat | 1885-fallback-core-only+street
2665,EBW223d,Nepveugracht,renumbered-1885,address,yes,matched,yes,3,4239 | 1885 | 1e BW 223 | Mauriciusstraat | 1885-fallback-core-only || 4240 | 1885 | 1e BW 223 | Mauriciusstraat | 1885-fallback-core-only || 4241 | 1885 | 1e BW 223 | Mauriciusstraat | 1885-fallback-core-only
2666,EBW223e,Nepveugracht,renumbered-1885,address,yes,matched,yes,3,4239 | 1885 | 1e BW 223 | Mauriciusstraat | 1885-fallback-core-only || 4240 | 1885 | 1e BW 223 | Mauriciusstraat | 1885-fallback-core-only || 4241 | 1885 | 1e BW 223 | Mauriciusstraat | 1885-fallback-core-only
2667,EBW223f,Nepveugracht,renumbered-1885,address,yes,matched,yes,3,4239 | 1885 | 1e BW 223 | Mauriciusstraat | 1885-fallback-core-only || 4240 | 1885 | 1e BW 223 | Mauriciusstraat | 1885-fallback-core-only || 4241 | 1885 | 1e BW 223 | Mauriciusstraat | 1885-fallback-core-only
2668,EBW222b,Mauriciusstraat,renumbered-1885,address,yes,matched,yes,7,4237 | 1885 | 1e BW 222 a | Mauriciusstraat | 1885-fallback-core-only+street || 4238 | 1885 | 1e BW 222 b | Mauriciusstraat | 1885-exact-components+street || 5301 | 1885 | 1e BW 222 | Mauriciusstraat | 1885-fallback-core-only+street || 5302 | 1885 | 1e BW 222 | Mauriciusstraat | 1885-fallback-core-only+street || 5303 | 1885 | 1e BW 222 | Mauriciusstraat | 1885-fallback-core-only+street || 5305 | 1885 | 1e BW 222 | Mauriciusstraat | 1885-fallback-core-only+street || 5307 | 1885 | 1e BW 222 | Mauriciusstraat | 1885-fallback-core-only+street
2669,EBW222c,Mauriciusstraat,renumbered-1885,address,yes,matched,yes,7,4237 | 1885 | 1e BW 222 a | Mauriciusstraat | 1885-fallback-core-only+street || 4238 | 1885 | 1e BW 222 b | Mauriciusstraat | 1885-fallback-core-only+street || 5301 | 1885 | 1e BW 222 | Mauriciusstraat | 1885-fallback-core-only+street || 5302 | 1885 | 1e BW 222 | Mauriciusstraat | 1885-fallback-core-only+street || 5303 | 1885 | 1e BW 222 | Mauriciusstraat | 1885-fallback-core-only+street || 5305 | 1885 | 1e BW 222 | Mauriciusstraat | 1885-fallback-core-only+street || 5307 | 1885 | 1e BW 222 | Mauriciusstraat | 1885-fallback-core-only+street
2670,EBW222d,Mauriciusstraat,renumbered-1885,address,yes,matched,yes,7,4237 | 1885 | 1e BW 222 a | Mauriciusstraat | 1885-fallback-core-only+street || 4238 | 1885 | 1e BW 222 b | Mauriciusstraat | 1885-fallback-core-only+street || 5301 | 1885 | 1e BW 222 | Mauriciusstraat | 1885-fallback-core-only+street || 5302 | 1885 | 1e BW 222 | Mauriciusstraat | 1885-fallback-core-only+street || 5303 | 1885 | 1e BW 222 | Mauriciusstraat | 1885-fallback-core-only+street || 5305 | 1885 | 1e BW 222 | Mauriciusstraat | 1885-fallback-core-only+street || 5307 | 1885 | 1e BW 222 | Mauriciusstraat | 1885-fallback-core-only+street
2671,EBW222e,Nepveugracht,renumbered-1885,address,yes,matched,yes,7,4237 | 1885 | 1e BW 222 a | Mauriciusstraat | 1885-fallback-core-only || 4238 | 1885 | 1e BW 222 b | Mauriciusstraat | 1885-fallback-core-only || 5301 | 1885 | 1e BW 222 | Mauriciusstraat | 1885-fallback-core-only || 5302 | 1885 | 1e BW 222 | Mauriciusstraat | 1885-fallback-core-only || 5303 | 1885 | 1e BW 222 | Mauriciusstraat | 1885-fallback-core-only || 5305 | 1885 | 1e BW 222 | Mauriciusstraat | 1885-fallback-core-only || 5307 | 1885 | 1e BW 222 | Mauriciusstraat | 1885-fallback-core-only
2672,EBW222f,Nepveugracht,renumbered-1885,address,yes,matched,yes,7,4237 | 1885 | 1e BW 222 a | Mauriciusstraat | 1885-fallback-core-only || 4238 | 1885 | 1e BW 222 b | Mauriciusstraat | 1885-fallback-core-only || 5301 | 1885 | 1e BW 222 | Mauriciusstraat | 1885-fallback-core-only || 5302 | 1885 | 1e BW 222 | Mauriciusstraat | 1885-fallback-core-only || 5303 | 1885 | 1e BW 222 | Mauriciusstraat | 1885-fallback-core-only || 5305 | 1885 | 1e BW 222 | Mauriciusstraat | 1885-fallback-core-only || 5307 | 1885 | 1e BW 222 | Mauriciusstraat | 1885-fallback-core-only
2673,EBW222g,Nepveugracht,renumbered-1885,address,yes,matched,yes,7,4237 | 1885 | 1e BW 222 a | Mauriciusstraat | 1885-fallback-core-only || 4238 | 1885 | 1e BW 222 b | Mauriciusstraat | 1885-fallback-core-only || 5301 | 1885 | 1e BW 222 | Mauriciusstraat | 1885-fallback-core-only || 5302 | 1885 | 1e BW 222 | Mauriciusstraat | 1885-fallback-core-only || 5303 | 1885 | 1e BW 222 | Mauriciusstraat | 1885-fallback-core-only || 5305 | 1885 | 1e BW 222 | Mauriciusstraat | 1885-fallback-core-only || 5307 | 1885 | 1e BW 222 | Mauriciusstraat | 1885-fallback-core-only
2674,EBW222h,Nepveugracht,renumbered-1885,address,yes,matched,yes,7,4237 | 1885 | 1e BW 222 a | Mauriciusstraat | 1885-fallback-core-only || 4238 | 1885 | 1e BW 222 b | Mauriciusstraat | 1885-fallback-core-only || 5301 | 1885 | 1e BW 222 | Mauriciusstraat | 1885-fallback-core-only || 5302 | 1885 | 1e BW 222 | Mauriciusstraat | 1885-fallback-core-only || 5303 | 1885 | 1e BW 222 | Mauriciusstraat | 1885-fallback-core-only || 5305 | 1885 | 1e BW 222 | Mauriciusstraat | 1885-fallback-core-only || 5307 | 1885 | 1e BW 222 | Mauriciusstraat | 1885-fallback-core-only
2675,EBW221b,Mauriciusstraat,renumbered-1885,address,yes,matched,yes,8,4233 | 1885 | 1e BW 221 | Mauriciusstraat | 1885-fallback-core-only+street || 4234 | 1885 | 1e BW 221 | Mauriciusstraat | 1885-fallback-core-only+street || 4235 | 1885 | 1e BW 221 | Mauriciusstraat | 1885-fallback-core-only+street || 4236 | 1885 | 1e BW 221 | Mauriciusstraat | 1885-fallback-core-only+street || 5297 | 1885 | 1e BW 221 | Mauriciusstraat | 1885-fallback-core-only+street || 5298 | 1885 | 1e BW 221 | Mauriciusstraat | 1885-fallback-core-only+street || 5299 | 1885 | 1e BW 221 | Mauriciusstraat | 1885-fallback-core-only+street || 5300 | 1885 | 1e BW 221 | Mauriciusstraat | 1885-fallback-core-only+street
2676,EBW221c,Mauriciusstraat,renumbered-1885,address,yes,matched,yes,8,4233 | 1885 | 1e BW 221 | Mauriciusstraat | 1885-fallback-core-only+street || 4234 | 1885 | 1e BW 221 | Mauriciusstraat | 1885-fallback-core-only+street || 4235 | 1885 | 1e BW 221 | Mauriciusstraat | 1885-fallback-core-only+street || 4236 | 1885 | 1e BW 221 | Mauriciusstraat | 1885-fallback-core-only+street || 5297 | 1885 | 1e BW 221 | Mauriciusstraat | 1885-fallback-core-only+street || 5298 | 1885 | 1e BW 221 | Mauriciusstraat | 1885-fallback-core-only+street || 5299 | 1885 | 1e BW 221 | Mauriciusstraat | 1885-fallback-core-only+street || 5300 | 1885 | 1e BW 221 | Mauriciusstraat | 1885-fallback-core-only+street
2677,EBW221d,Mauriciusstraat,renumbered-1885,address,yes,matched,yes,8,4233 | 1885 | 1e BW 221 | Mauriciusstraat | 1885-fallback-core-only+street || 4234 | 1885 | 1e BW 221 | Mauriciusstraat | 1885-fallback-core-only+street || 4235 | 1885 | 1e BW 221 | Mauriciusstraat | 1885-fallback-core-only+street || 4236 | 1885 | 1e BW 221 | Mauriciusstraat | 1885-fallback-core-only+street || 5297 | 1885 | 1e BW 221 | Mauriciusstraat | 1885-fallback-core-only+street || 5298 | 1885 | 1e BW 221 | Mauriciusstraat | 1885-fallback-core-only+street || 5299 | 1885 | 1e BW 221 | Mauriciusstraat | 1885-fallback-core-only+street || 5300 | 1885 | 1e BW 221 | Mauriciusstraat | 1885-fallback-core-only+street
2678,EBW221e,Nepveugracht,renumbered-1885,address,yes,matched,yes,8,4233 | 1885 | 1e BW 221 | Mauriciusstraat | 1885-fallback-core-only || 4234 | 1885 | 1e BW 221 | Mauriciusstraat | 1885-fallback-core-only || 4235 | 1885 | 1e BW 221 | Mauriciusstraat | 1885-fallback-core-only || 4236 | 1885 | 1e BW 221 | Mauriciusstraat | 1885-fallback-core-only || 5297 | 1885 | 1e BW 221 | Mauriciusstraat | 1885-fallback-core-only || 5298 | 1885 | 1e BW 221 | Mauriciusstraat | 1885-fallback-core-only || 5299 | 1885 | 1e BW 221 | Mauriciusstraat | 1885-fallback-core-only || 5300 | 1885 | 1e BW 221 | Mauriciusstraat | 1885-fallback-core-only
2679,EBW221f,Nepveugracht,renumbered-1885,address,yes,matched,yes,8,4233 | 1885 | 1e BW 221 | Mauriciusstraat | 1885-fallback-core-only || 4234 | 1885 | 1e BW 221 | Mauriciusstraat | 1885-fallback-core-only || 4235 | 1885 | 1e BW 221 | Mauriciusstraat | 1885-fallback-core-only || 4236 | 1885 | 1e BW 221 | Mauriciusstraat | 1885-fallback-core-only || 5297 | 1885 | 1e BW 221 | Mauriciusstraat | 1885-fallback-core-only || 5298 | 1885 | 1e BW 221 | Mauriciusstraat | 1885-fallback-core-only || 5299 | 1885 | 1e BW 221 | Mauriciusstraat | 1885-fallback-core-only || 5300 | 1885 | 1e BW 221 | Mauriciusstraat | 1885-fallback-core-only
2680,EBW221g,Nepveugracht,renumbered-1885,address,yes,matched,yes,8,4233 | 1885 | 1e BW 221 | Mauriciusstraat | 1885-fallback-core-only || 4234 | 1885 | 1e BW 221 | Mauriciusstraat | 1885-fallback-core-only || 4235 | 1885 | 1e BW 221 | Mauriciusstraat | 1885-fallback-core-only || 4236 | 1885 | 1e BW 221 | Mauriciusstraat | 1885-fallback-core-only || 5297 | 1885 | 1e BW 221 | Mauriciusstraat | 1885-fallback-core-only || 5298 | 1885 | 1e BW 221 | Mauriciusstraat | 1885-fallback-core-only || 5299 | 1885 | 1e BW 221 | Mauriciusstraat | 1885-fallback-core-only || 5300 | 1885 | 1e BW 221 | Mauriciusstraat | 1885-fallback-core-only
2681,EBW221h,Nepveugracht,renumbered-1885,address,yes,matched,yes,8,4233 | 1885 | 1e BW 221 | Mauriciusstraat | 1885-fallback-core-only || 4234 | 1885 | 1e BW 221 | Mauriciusstraat | 1885-fallback-core-only || 4235 | 1885 | 1e BW 221 | Mauriciusstraat | 1885-fallback-core-only || 4236 | 1885 | 1e BW 221 | Mauriciusstraat | 1885-fallback-core-only || 5297 | 1885 | 1e BW 221 | Mauriciusstraat | 1885-fallback-core-only || 5298 | 1885 | 1e BW 221 | Mauriciusstraat | 1885-fallback-core-only || 5299 | 1885 | 1e BW 221 | Mauriciusstraat | 1885-fallback-core-only || 5300 | 1885 | 1e BW 221 | Mauriciusstraat | 1885-fallback-core-only
2682,EBW220b,Mauriciusstraat,renumbered-1885,address,yes,matched,yes,2,4231 | 1885 | 1e BW 220 | Mauriciusstraat | 1885-fallback-core-only+street || 4232 | 1885 | 1e BW 220 | Mauriciusstraat | 1885-fallback-core-only+street
2683,EBW220c,Mauriciusstraat,renumbered-1885,address,yes,matched,yes,2,4231 | 1885 | 1e BW 220 | Mauriciusstraat | 1885-fallback-core-only+street || 4232 | 1885 | 1e BW 220 | Mauriciusstraat | 1885-fallback-core-only+street
2684,EBW220d,Nepveugracht,renumbered-1885,address,yes,matched,yes,2,4231 | 1885 | 1e BW 220 | Mauriciusstraat | 1885-fallback-core-only || 4232 | 1885 | 1e BW 220 | Mauriciusstraat | 1885-fallback-core-only
2685,EBW214b,Tweede Dwarsstraat,renumbered-1885,address,yes,matched,yes,2,3411 | 1885 | 1e BW 214 | Tweede Dwarsstraat | 1885-fallback-core-only+street || 3412 | 1885 | 1e BW 214 | Tweede Dwarsstraat | 1885-fallback-core-only+street
2686,EBW231b,Grote Waterstraat,renumbered-1885,address,yes,matched,yes,3,3467 | 1885 | 1e BW 231 | Grote Waterstraat | 1885-fallback-core-only+street || 3468 | 1885 | 1e BW 231 a | Grote Waterstraat | 1885-fallback-core-only+street || 3471 | 1885 | 1e BW 231 b | Grote Waterstraat | 1885-exact-components+street
2687,EBW240b,Grote Waterstraat,renumbered-1885,address,yes,matched,yes,2,3476 | 1885 | 1e BW 240 a | Grote Waterstraat | 1885-fallback-core-only+street || 3477 | 1885 | 1e BW 240 b | Grote Waterstraat | 1885-exact-components+street
2688,EBW235b,Grote Waterstraat,renumbered-1885,address,yes,matched,yes,4,3492 | 1885 | 1e BW 235 a | Grote Waterstraat | 1885-fallback-core-only+street || 3493 | 1885 | 1e BW 235 a | Grote Waterstraat | 1885-fallback-core-only+street || 3494 | 1885 | 1e BW 235 b | Grote Waterstraat | 1885-exact-components+street || 3501 | 1885 | 1e BW 235 a | Grote Waterstraat | 1885-fallback-core-only+street
2689,A13a,Gravenstraat,older-regime,address,yes,matched,yes,1,203 | 1837 | A. 13 | Gravenstraat | 1837-fallback-core-only+street
2690,A19b,Gravenstraat,older-regime,address,yes,matched,yes,3,321 | 1837 | A. 19a | Gravenstraat | 1837-fallback-core-only+street || 322 | 1837 | A. 19b | Gravenstraat | 1837-exact-components+street || 323 | 1837 | A. 19b | Gravenstraat | 1837-exact-components+street
2691,A20c,Gravenstraat,older-regime,address,yes,matched,yes,3,330 | 1837 | A. 20a | Gravenstraat | 1837-fallback-core-only+street || 331 | 1837 | A. 20b | Gravenstraat | 1837-fallback-core-only+street || 332 | 1837 | A. 20c | Gravenstraat | 1837-exact-components+street
2692,B92b,Heerenstraat,older-regime,address,yes,matched,yes,6,395 | 1837 | B. 92a | Wagenwegstraat | 1837-fallback-core-only || 428 | 1837 | B. 92b | Wagenwegstraat | 1837-exact-components || 429 | 1837 | B. 92c | Wagenwegstraat | 1837-fallback-core-only || 438 | 1837 | B. 92c | Wagenwegstraat | 1837-fallback-core-only || 467 | 1837 | B. 92d | Wagenwegstraat | 1837-fallback-core-only || 468 | 1837 | B. 92 | Wagenwegstraat | 1837-fallback-core-only
2693,B92a,Heerenstraat,older-regime,address,yes,matched,yes,6,395 | 1837 | B. 92a | Wagenwegstraat | 1837-exact-components || 428 | 1837 | B. 92b | Wagenwegstraat | 1837-fallback-core-only || 429 | 1837 | B. 92c | Wagenwegstraat | 1837-fallback-core-only || 438 | 1837 | B. 92c | Wagenwegstraat | 1837-fallback-core-only || 467 | 1837 | B. 92d | Wagenwegstraat | 1837-fallback-core-only || 468 | 1837 | B. 92 | Wagenwegstraat | 1837-fallback-core-only
2694,A246b,Keizerstraat,older-regime,address,yes,matched,yes,3,2147 | 1837 | A.246a | Klipstenenstraat | 1837-fallback-core-only || 2148 | 1837 | A.246b | Klipstenenstraat | 1837-exact-components || 2149 | 1837 | A.246 | Klipstenenstraat | 1837-fallback-core-only
2695,A150a,Keizerstraat,older-regime,address,yes,matched,yes,4,819 | 1837 | A.150 | Keizerstraat | 1837-fallback-core-only+street || 820 | 1837 | A.150 | Keizerstraat | 1837-fallback-core-only+street || 821 | 1837 | A.150b | Keizerstraat | 1837-fallback-core-only+street || 822 | 1837 | A.150b | Keizerstraat | 1837-fallback-core-only+street
2696,A151b,Korte Kerkstraat,older-regime,address,yes,matched,yes,1,2146 | 1837 | A.151 | Keizerstraat | 1837-fallback-core-only
2697,A158b,Keizerstraat,older-regime,address,yes,matched,yes,2,783 | 1837 | A.158a | Keizerstraat | 1837-fallback-core-only+street || 784 | 1837 | A.158b | Keizerstraat | 1837-exact-components+street
2698,A215b,Watermolenstraat,older-regime,address,yes,matched,yes,2,23 | 1837 | A.215a | Watermolenstraat | 1837-fallback-core-only+street || 24 | 1837 | A.215b | Watermolenstraat | 1837-exact-components+street
2699,A222a,Waterkant,older-regime,address,yes,matched,yes,2,924 | 1837 | A.222a | Waterkant | 1837-exact-components+street || 927 | 1837 | A.222b | Waterkant | 1837-fallback-core-only+street
2700,A224b,Waterkant,older-regime,address,yes,matched,yes,2,939 | 1837 | A.224a | Waterkant | 1837-fallback-core-only+street || 941 | 1837 | A.224b | Knuffelsgracht | 1837-exact-components
2701,A225c,Knuffelsgracht,older-regime,address,yes,matched,yes,5,2135 | 1837 | A.225a | Knuffelsgracht | 1837-fallback-core-only+street || 2136 | 1837 | A.225b | Knuffelsgracht | 1837-fallback-core-only+street || 2137 | 1837 | A.225c | Knuffelsgracht | 1837-exact-components+street || 2138 | 1837 | A.225 | Knuffelsgracht | 1837-fallback-core-only+street || 2139 | 1837 | A.225 | Knuffelsgracht | 1837-fallback-core-only+street
2702,A231a,Knuffelsgracht,older-regime,address,yes,matched,yes,3,4020 | 1837 | A.231a | Knuffelsgracht | 1837-exact-components+street || 4021 | 1837 | A.231b | Knuffelsgracht | 1837-fallback-core-only+street || 4022 | 1837 | A.231c | Knuffelsgracht | 1837-fallback-core-only+street
2703,A232a,Knuffelsgracht,older-regime,address,yes,matched,yes,2,971 | 1837 | A.232a | Knuffelsgracht | 1837-exact-components+street || 972 | 1837 | A.232b | Knuffelsgracht | 1837-fallback-core-only+street
2704,A183a,Watermolenstraat,older-regime,address,yes,matched,yes,3,831 | 1837 | A.183a | Watermolenstraat | 1837-exact-components+street || 832 | 1837 | A.183b | Watermolenstraat | 1837-fallback-core-only+street || 833 | 1837 | A.183b | Watermolenstraat | 1837-fallback-core-only+street
2705,A163c,Keizerstraat,older-regime,address,yes,matched,yes,1,278 | 1837 | A.163abc | Keizerstraat | 1837-fallback-core-only+street
2706,A163b,Keizerstraat,older-regime,address,yes,matched,yes,1,278 | 1837 | A.163abc | Keizerstraat | 1837-fallback-core-only+street
2707,A146b,Keizerstraat,older-regime,address,yes,matched,yes,5,300 | 1837 | A.146a | Keizerstraat | 1837-fallback-core-only+street || 301 | 1837 | A.146b | Keizerstraat | 1837-exact-components+street || 302 | 1837 | A.146c | Keizerstraat | 1837-fallback-core-only+street || 303 | 1837 | A.146 | Keizerstraat | 1837-fallback-core-only+street || 304 | 1837 | A.146 | Keizerstraat | 1837-fallback-core-only+street
2708,A146c,Keizerstraat,older-regime,address,yes,matched,yes,5,300 | 1837 | A.146a | Keizerstraat | 1837-fallback-core-only+street || 301 | 1837 | A.146b | Keizerstraat | 1837-fallback-core-only+street || 302 | 1837 | A.146c | Keizerstraat | 1837-exact-components+street || 303 | 1837 | A.146 | Keizerstraat | 1837-fallback-core-only+street || 304 | 1837 | A.146 | Keizerstraat | 1837-fallback-core-only+street
2709,A231b,Knuffelsgracht,older-regime,address,yes,matched,yes,3,4020 | 1837 | A.231a | Knuffelsgracht | 1837-fallback-core-only+street || 4021 | 1837 | A.231b | Knuffelsgracht | 1837-exact-components+street || 4022 | 1837 | A.231c | Knuffelsgracht | 1837-fallback-core-only+street
2710,A20a,Gravenstraat,older-regime,address,yes,matched,yes,3,330 | 1837 | A. 20a | Gravenstraat | 1837-exact-components+street || 331 | 1837 | A. 20b | Gravenstraat | 1837-fallback-core-only+street || 332 | 1837 | A. 20c | Gravenstraat | 1837-fallback-core-only+street
2711,A93b,Heerenstraat,older-regime,address,yes,matched,yes,1,112 | 1837 | A. 93 | Heerenstraat | 1837-fallback-core-only+street
2712,A100a,Waterkant,older-regime,address,yes,matched,yes,3,367 | 1837 | A.100 | Waterkant | 1837-fallback-core-only+street || 368 | 1837 | A.100a | Waterkant | 1837-exact-components+street || 369 | 1837 | A.100b | Waterkant | 1837-fallback-core-only+street
2713,A102b,Waterkant,older-regime,address,yes,matched,yes,2,380 | 1837 | A.102a | Waterkant | 1837-fallback-core-only+street || 381 | 1837 | A.102b | Waterkant | 1837-exact-components+street
2714,A34a,Gravenstraat,older-regime,address,yes,matched,yes,4,250 | 1837 | A. 34b | Gravenstraat | 1837-fallback-core-only+street || 251 | 1837 | A. 34c | Gravenstraat | 1837-fallback-core-only+street || 252 | 1837 | A. 34d | Gravenstraat | 1837-fallback-core-only+street || 253 | 1837 | A. 34a | Gravenstraat | 1837-exact-components+street
2715,A34d,Gravenstraat,older-regime,address,yes,matched,yes,4,250 | 1837 | A. 34b | Gravenstraat | 1837-fallback-core-only+street || 251 | 1837 | A. 34c | Gravenstraat | 1837-fallback-core-only+street || 252 | 1837 | A. 34d | Gravenstraat | 1837-exact-components+street || 253 | 1837 | A. 34a | Gravenstraat | 1837-fallback-core-only+street
2716,A34c,Gravenstraat,older-regime,address,yes,matched,yes,4,250 | 1837 | A. 34b | Gravenstraat | 1837-fallback-core-only+street || 251 | 1837 | A. 34c | Gravenstraat | 1837-exact-components+street || 252 | 1837 | A. 34d | Gravenstraat | 1837-fallback-core-only+street || 253 | 1837 | A. 34a | Gravenstraat | 1837-fallback-core-only+street
2717,A29b,Gravenstraat,older-regime,address,yes,matched,yes,5,312 | 1837 | A. 29 | Gravenstraat | 1837-fallback-core-only+street || 313 | 1837 | A. 29a | Gravenstraat | 1837-fallback-core-only+street || 314 | 1837 | A. 29b | Gravenstraat | 1837-exact-components+street || 315 | 1837 | A. 29c | Gravenstraat | 1837-fallback-core-only+street || 316 | 1837 | A. 29d | Gravenstraat | 1837-fallback-core-only+street
2718,A29c,Gravenstraat,older-regime,address,yes,matched,yes,5,312 | 1837 | A. 29 | Gravenstraat | 1837-fallback-core-only+street || 313 | 1837 | A. 29a | Gravenstraat | 1837-fallback-core-only+street || 314 | 1837 | A. 29b | Gravenstraat | 1837-fallback-core-only+street || 315 | 1837 | A. 29c | Gravenstraat | 1837-exact-components+street || 316 | 1837 | A. 29d | Gravenstraat | 1837-fallback-core-only+street
2719,A69c,Heerenstraat,older-regime,address,yes,matched,yes,3,505 | 1837 | A. 69a | Heerenstraat | 1837-fallback-core-only+street || 506 | 1837 | A. 69b | Heerenstraat | 1837-fallback-core-only+street || 507 | 1837 | A. 69c | Heerenstraat | 1837-exact-components+street
2720,A69a,Heerenstraat,older-regime,address,yes,matched,yes,3,505 | 1837 | A. 69a | Heerenstraat | 1837-exact-components+street || 506 | 1837 | A. 69b | Heerenstraat | 1837-fallback-core-only+street || 507 | 1837 | A. 69c | Heerenstraat | 1837-fallback-core-only+street
2721,A65a,Noorderkerkstraat,older-regime,address,yes,matched,yes,2,1048 | 1837 | A. 65a | Noorderkerkstraat | 1837-exact-components+street || 1049 | 1837 | A. 65b | Noorderkerkstraat | 1837-fallback-core-only+street
2722,A60b,Heerenstraat,older-regime,address,yes,matched,yes,5,456 | 1837 | A. 60a | Heerenstraat | 1837-fallback-core-only+street || 457 | 1837 | A. 60 | Heerenstraat | 1837-fallback-core-only+street || 458 | 1837 | A. 60b | Noorderkerkstraat | 1837-exact-components || 459 | 1837 | A. 60c | Noorderkerkstraat | 1837-fallback-core-only || 1037 | 1837 | A. 60d | Noorderkerkstraat | 1837-fallback-core-only
2723,A60c,Heerenstraat,older-regime,address,yes,matched,yes,5,456 | 1837 | A. 60a | Heerenstraat | 1837-fallback-core-only+street || 457 | 1837 | A. 60 | Heerenstraat | 1837-fallback-core-only+street || 458 | 1837 | A. 60b | Noorderkerkstraat | 1837-fallback-core-only || 459 | 1837 | A. 60c | Noorderkerkstraat | 1837-exact-components || 1037 | 1837 | A. 60d | Noorderkerkstraat | 1837-fallback-core-only
2724,A60d,Noorderkerkstraat,older-regime,address,yes,matched,yes,5,456 | 1837 | A. 60a | Heerenstraat | 1837-fallback-core-only || 457 | 1837 | A. 60 | Heerenstraat | 1837-fallback-core-only || 458 | 1837 | A. 60b | Noorderkerkstraat | 1837-fallback-core-only+street || 459 | 1837 | A. 60c | Noorderkerkstraat | 1837-fallback-core-only+street || 1037 | 1837 | A. 60d | Noorderkerkstraat | 1837-exact-components+street
2725,A59b,Heerenstraat,older-regime,address,yes,matched,yes,2,451 | 1837 | A. 59a | Heerenstraat | 1837-fallback-core-only+street || 452 | 1837 | A. 59b | Heerenstraat | 1837-exact-components+street
2726,A56a,Heerenstraat,older-regime,address,yes,matched,yes,5,382 | 1837 | A. 56 | Heerenstraat | 1837-fallback-core-only+street || 383 | 1837 | A. 56 | Heerenstraat | 1837-fallback-core-only+street || 384 | 1837 | A. 56 | Heerenstraat | 1837-fallback-core-only+street || 394 | 1837 | A. 56a | Heerenstraat | 1837-exact-components+street || 409 | 1837 | A. 56b | Heerenstraat | 1837-fallback-core-only+street
2727,A47b,Oranjestraat,older-regime,address,yes,matched,yes,3,91 | 1837 | A. 47b | Heerenstraat | 1837-exact-components || 92 | 1837 | A. 47a | Gouvernementsplein | 1837-fallback-core-only || 93 | 1837 | A. 47b | Gouvernementsplein | 1837-exact-components
2728,A259b,Wagenwegstraat,older-regime,address,yes,matched,yes,2,649 | 1837 | A.259a | Wagenwegstraat | 1837-fallback-core-only+street || 650 | 1837 | A.259b | Wagenwegstraat | 1837-exact-components+street
2729,A257b,Wagenwegstraat,older-regime,address,yes,matched,yes,3,688 | 1837 | A.257b | Wagenwegstraat | 1837-exact-components+street || 689 | 1837 | A.257a | Wagenwegstraat | 1837-fallback-core-only+street || 700 | 1837 | A.257 | Wagenwegstraat | 1837-fallback-core-only+street
2730,B90a,Heerenstraat,older-regime,address,yes,matched,yes,4,287 | 1837 | B. 90a | Heerenstraat | 1837-exact-components+street || 288 | 1837 | B. 90b | Heerenstraat | 1837-fallback-core-only+street || 289 | 1837 | B. 90b | Heerenstraat | 1837-fallback-core-only+street || 290 | 1837 | B. 90ab | Heerenstraat | 1837-fallback-core-only+street
2731,B91c,Wagenwegstraat,older-regime,address,yes,matched,yes,5,385 | 1837 | B. 91a | Wagenwegstraat | 1837-fallback-core-only+street || 386 | 1837 | B. 91b | Wagenwegstraat | 1837-fallback-core-only+street || 387 | 1837 | B. 91c | Wagenwegstraat | 1837-exact-components+street || 2209 | 1837 | B. 91 | Heerenstraat | 1837-fallback-core-only || 2210 | 1837 | B. 91 | Heerenstraat | 1837-fallback-core-only
2732,B91b,Wagenwegstraat,older-regime,address,yes,matched,yes,5,385 | 1837 | B. 91a | Wagenwegstraat | 1837-fallback-core-only+street || 386 | 1837 | B. 91b | Wagenwegstraat | 1837-exact-components+street || 387 | 1837 | B. 91c | Wagenwegstraat | 1837-fallback-core-only+street || 2209 | 1837 | B. 91 | Heerenstraat | 1837-fallback-core-only || 2210 | 1837 | B. 91 | Heerenstraat | 1837-fallback-core-only
2733,B76b,Klipsteenstraat,older-regime,address,yes,matched,yes,2,104 | 1837 | B. 76b | Klipstenenstraat | 1837-exact-components || 105 | 1837 | B. 76a | Klipstenenstraat | 1837-fallback-core-only
2734,B81a,Heerenstraat,older-regime,address,yes,matched,yes,2,317 | 1837 | B. 81a | Heerenstraat | 1837-exact-components+street || 318 | 1837 | B. 81b | Heerenstraat | 1837-fallback-core-only+street
2735,B85a,Heerenstraat,older-regime,address,yes,matched,yes,5,342 | 1837 | B. 85a | Heerenstraat | 1837-exact-components+street || 343 | 1837 | B. 85b | Heerenstraat | 1837-fallback-core-only+street || 344 | 1837 | B. 85c | Heerenstraat | 1837-fallback-core-only+street || 345 | 1837 | B. 85d | Heerenstraat | 1837-fallback-core-only+street || 346 | 1837 | B. 85 | Heerenstraat | 1837-fallback-core-only+street
2736,B85c,Heerenstraat,older-regime,address,yes,matched,yes,5,342 | 1837 | B. 85a | Heerenstraat | 1837-fallback-core-only+street || 343 | 1837 | B. 85b | Heerenstraat | 1837-fallback-core-only+street || 344 | 1837 | B. 85c | Heerenstraat | 1837-exact-components+street || 345 | 1837 | B. 85d | Heerenstraat | 1837-fallback-core-only+street || 346 | 1837 | B. 85 | Heerenstraat | 1837-fallback-core-only+street
2737,B85d,Heerenstraat,older-regime,address,yes,matched,yes,5,342 | 1837 | B. 85a | Heerenstraat | 1837-fallback-core-only+street || 343 | 1837 | B. 85b | Heerenstraat | 1837-fallback-core-only+street || 344 | 1837 | B. 85c | Heerenstraat | 1837-fallback-core-only+street || 345 | 1837 | B. 85d | Heerenstraat | 1837-exact-components+street || 346 | 1837 | B. 85 | Heerenstraat | 1837-fallback-core-only+street
2738,B96a,Wagenwegstraat,older-regime,address,yes,matched,yes,3,528 | 1837 | B. 96a | Wagenwegstraat | 1837-exact-components+street || 979 | 1837 | B. 96c | Wagenwegstraat | 1837-fallback-core-only+street || 2213 | 1837 | B. 96b | Wagenwegstraat | 1837-fallback-core-only+street
2739,B102a,Wagenwegstraat,older-regime,address,yes,matched,yes,2,969 | 1837 | B.102a | Wagenwegstraat | 1837-exact-components+street || 970 | 1837 | B.102b | Wagenwegstraat | 1837-fallback-core-only+street
2740,B8b,Gravenstraat,older-regime,address,yes,matched,yes,1,2212 | 1837 | B.  8 | Gravenstraat | 1837-fallback-core-only+street
2741,B9b,Gravenstraat,older-regime,address,yes,matched,yes,3,266 | 1837 | B.  9a | Gravenstraat | 1837-fallback-core-only+street || 267 | 1837 | B.  9b | Gravenstraat | 1837-exact-components+street || 268 | 1837 | B.  9c | Gravenstraat | 1837-fallback-core-only+street
2742,B12b,Gravenstraat,older-regime,address,yes,matched,yes,5,187 | 1837 | B. 12 | Gravenstraat | 1837-fallback-core-only+street || 188 | 1837 | B. 12 | Gravenstraat | 1837-fallback-core-only+street || 189 | 1837 | B. 12 | Gravenstraat | 1837-fallback-core-only+street || 193 | 1837 | B. 12 | Gravenstraat | 1837-fallback-core-only+street || 194 | 1837 | B. 12 | Gravenstraat | 1837-fallback-core-only+street
2743,B35b,Soldatenstraat,older-regime,address,yes,matched,yes,1,470 | 1837 | B. 35 | Gravenstraat | 1837-fallback-core-only
2744,B36a,Soldatenstraat,older-regime,address,yes,matched,yes,6,478 | 1837 | B. 36bb | Gravenstraat | 1837-fallback-core-only || 479 | 1837 | B. 36 | Gravenstraat | 1837-fallback-core-only || 480 | 1837 | B. 36a | Gravenstraat | 1837-exact-components || 481 | 1837 | B. 36b | Gravenstraat | 1837-fallback-core-only || 482 | 1837 | B. 36b | Gravenstraat | 1837-fallback-core-only || 483 | 1837 | B. 36 | Gravenstraat | 1837-fallback-core-only
2745,B134a,Wanicastraat,older-regime,address,yes,matched,yes,11,558 | 1837 | B.134 | Wagenwegstraat | 1837-fallback-core-only || 559 | 1837 | B.134 | Wagenwegstraat | 1837-fallback-core-only || 560 | 1837 | B.134 | Wagenwegstraat | 1837-fallback-core-only || 561 | 1837 | B.134 | Wagenwegstraat | 1837-fallback-core-only || 562 | 1837 | B.134 | Wagenwegstraat | 1837-fallback-core-only || 563 | 1837 | B.134 | Wagenwegstraat | 1837-fallback-core-only || 564 | 1837 | B.134 | Wagenwegstraat | 1837-fallback-core-only || 565 | 1837 | B.134 | Wagenwegstraat | 1837-fallback-core-only
2746,B134b,Wanicastraat,older-regime,address,yes,matched,yes,11,558 | 1837 | B.134 | Wagenwegstraat | 1837-fallback-core-only || 559 | 1837 | B.134 | Wagenwegstraat | 1837-fallback-core-only || 560 | 1837 | B.134 | Wagenwegstraat | 1837-fallback-core-only || 561 | 1837 | B.134 | Wagenwegstraat | 1837-fallback-core-only || 562 | 1837 | B.134 | Wagenwegstraat | 1837-fallback-core-only || 563 | 1837 | B.134 | Wagenwegstraat | 1837-fallback-core-only || 564 | 1837 | B.134 | Wagenwegstraat | 1837-fallback-core-only || 565 | 1837 | B.134 | Wagenwegstraat | 1837-fallback-core-only
2747,B130c,Wagenwegstraat,older-regime,address,yes,matched,yes,2,623 | 1837 | B.130 | Wagenwegstraat | 1837-fallback-core-only+street || 624 | 1837 | B.130 | Wagenwegstraat | 1837-fallback-core-only+street
2748,B130b,Wagenwegstraat,older-regime,address,yes,matched,yes,2,623 | 1837 | B.130 | Wagenwegstraat | 1837-fallback-core-only+street || 624 | 1837 | B.130 | Wagenwegstraat | 1837-fallback-core-only+street
2749,B126b,Wagenwegstraat,older-regime,address,yes,matched,yes,4,652 | 1837 | B.126a | Wagenwegstraat | 1837-fallback-core-only+street || 653 | 1837 | B.126a | Wagenwegstraat | 1837-fallback-core-only+street || 654 | 1837 | B.126a | Wagenwegstraat | 1837-fallback-core-only+street || 655 | 1837 | B.126b | Wagenwegstraat | 1837-exact-components+street
2750,B136a,Wagenwegstraat,older-regime,address,yes,matched,yes,4,553 | 1837 | B.136a | Wagenwegstraat | 1837-exact-components+street || 554 | 1837 | B.136a | Wagenwegstraat | 1837-exact-components+street || 2278 | 1837 | B.136b | Wagenwegstraat | 1837-fallback-core-only+street || 2279 | 1837 | B.136b | Wagenwegstraat | 1837-fallback-core-only+street
2751,B143b,Wagenwegstraat,older-regime,address,yes,matched,yes,2,630 | 1837 | B.143b | Wagenwegstraat | 1837-exact-components+street || 631 | 1837 | B.143a | Wagenwegstraat | 1837-fallback-core-only+street
2752,B145b,Wagenwegstraat,older-regime,address,yes,matched,yes,7,2487 | 1837 | B.145a | Wagenwegstraat | 1837-fallback-core-only+street || 2488 | 1837 | B.145b | Wagenwegstraat | 1837-exact-components+street || 2489 | 1837 | B.145 | Wagenwegstraat | 1837-fallback-core-only+street || 2490 | 1837 | B.145 | Wagenwegstraat | 1837-fallback-core-only+street || 2491 | 1837 | B.145 | Wagenwegstraat | 1837-fallback-core-only+street || 2492 | 1837 | B.145b | Wagenwegstraat | 1837-exact-components+street || 2493 | 1837 | B.145a | Wagenwegstraat | 1837-fallback-core-only+street
2753,B248b,Keizerstraat,older-regime,address,yes,matched,yes,2,1157 | 1837 | B.248 | Keizerstraat | 1837-fallback-core-only+street || 1158 | 1837 | B.248 | Keizerstraat | 1837-fallback-core-only+street
2754,B250b,Keizerstraat,older-regime,address,yes,matched,yes,2,2323 | 1837 | B.250 | Keizerstraat | 1837-fallback-core-only+street || 2324 | 1837 | B.250 | Keizerstraat | 1837-fallback-core-only+street
2755,B249b,Keizerstraat,older-regime,address,yes,matched,yes,2,2524 | 1837 | B.249 | Keizerstraat | 1837-fallback-core-only+street || 2525 | 1837 | B.249 | Keizerstraat | 1837-fallback-core-only+street
2756,B252b,Keizerstraat,older-regime,address,yes,matched,yes,2,2598 | 1837 | B.252 | Keizerstraat | 1837-fallback-core-only+street || 2599 | 1837 | B.252 | Keizerstraat | 1837-fallback-core-only+street
2757,B258,Keizerstraat,older-regime,address,yes,matched,yes,2,1176 | 1837 | B.258 | Keizerstraat | 1837-exact-components+street || 1177 | 1837 | B.258 | Keizerstraat | 1837-exact-components+street
2758,B257b,Keizerstraat,older-regime,address,yes,matched,yes,2,1169 | 1837 | B.257 | Keizerstraat | 1837-fallback-core-only+street || 1170 | 1837 | B.257 | Keizerstraat | 1837-fallback-core-only+street
2759,B256b,Keizerstraat,older-regime,address,yes,matched,yes,2,2763 | 1837 | B.256 | Keizerstraat | 1837-fallback-core-only+street || 2764 | 1837 | B.256 | Keizerstraat | 1837-fallback-core-only+street
2760,B260b,Keizerstraat,older-regime,address,yes,matched,yes,16,1191 | 1837 | B.260 | Keizerstraat | 1837-fallback-core-only+street || 1192 | 1837 | B.260 | Keizerstraat | 1837-fallback-core-only+street || 1193 | 1837 | B.260 | Keizerstraat | 1837-fallback-core-only+street || 1194 | 1837 | B.260 | Keizerstraat | 1837-fallback-core-only+street || 1195 | 1837 | B.260 | Keizerstraat | 1837-fallback-core-only+street || 1196 | 1837 | B.260 | Keizerstraat | 1837-fallback-core-only+street || 1197 | 1837 | B.260d | Keizerstraat | 1837-fallback-core-only+street || 1198 | 1837 | B.260c | Keizerstraat | 1837-fallback-core-only+street
2761,B260c,Keizerstraat,older-regime,address,yes,matched,yes,16,1191 | 1837 | B.260 | Keizerstraat | 1837-fallback-core-only+street || 1192 | 1837 | B.260 | Keizerstraat | 1837-fallback-core-only+street || 1193 | 1837 | B.260 | Keizerstraat | 1837-fallback-core-only+street || 1194 | 1837 | B.260 | Keizerstraat | 1837-fallback-core-only+street || 1195 | 1837 | B.260 | Keizerstraat | 1837-fallback-core-only+street || 1196 | 1837 | B.260 | Keizerstraat | 1837-fallback-core-only+street || 1197 | 1837 | B.260d | Keizerstraat | 1837-fallback-core-only+street || 1198 | 1837 | B.260c | Keizerstraat | 1837-exact-components+street
2762,B260d,Keizerstraat,older-regime,address,yes,matched,yes,16,1191 | 1837 | B.260 | Keizerstraat | 1837-fallback-core-only+street || 1192 | 1837 | B.260 | Keizerstraat | 1837-fallback-core-only+street || 1193 | 1837 | B.260 | Keizerstraat | 1837-fallback-core-only+street || 1194 | 1837 | B.260 | Keizerstraat | 1837-fallback-core-only+street || 1195 | 1837 | B.260 | Keizerstraat | 1837-fallback-core-only+street || 1196 | 1837 | B.260 | Keizerstraat | 1837-fallback-core-only+street || 1197 | 1837 | B.260d | Keizerstraat | 1837-exact-components+street || 1198 | 1837 | B.260c | Keizerstraat | 1837-fallback-core-only+street
2763,B260e,Wanicastraat,older-regime,address,yes,matched,yes,16,1191 | 1837 | B.260 | Keizerstraat | 1837-fallback-core-only || 1192 | 1837 | B.260 | Keizerstraat | 1837-fallback-core-only || 1193 | 1837 | B.260 | Keizerstraat | 1837-fallback-core-only || 1194 | 1837 | B.260 | Keizerstraat | 1837-fallback-core-only || 1195 | 1837 | B.260 | Keizerstraat | 1837-fallback-core-only || 1196 | 1837 | B.260 | Keizerstraat | 1837-fallback-core-only || 1197 | 1837 | B.260d | Keizerstraat | 1837-fallback-core-only || 1198 | 1837 | B.260c | Keizerstraat | 1837-fallback-core-only
2764,D37b,Keizerstraat,older-regime,address,yes,matched,yes,4,1164 | 1837 | D. 37a | Keizerstraat | 1837-fallback-core-only+street || 1165 | 1837 | D. 37a | Keizerstraat | 1837-fallback-core-only+street || 1166 | 1837 | D. 37b | Keizerstraat | 1837-exact-components+street || 1167 | 1837 | D. 37b | Keizerstraat | 1837-exact-components+street
2765,D39b,Keizerstraat,older-regime,address,yes,matched,yes,2,2614 | 1837 | D. 39 | Keizerstraat | 1837-fallback-core-only+street || 2615 | 1837 | D. 39 | Keizerstraat | 1837-fallback-core-only+street
2766,D41b,Keizerstraat,older-regime,address,yes,matched,yes,9,1178 | 1837 | D. 41 | Keizerstraat | 1837-fallback-core-only+street || 1179 | 1837 | D. 41 | Keizerstraat | 1837-fallback-core-only+street || 1180 | 1837 | D. 41 | Keizerstraat | 1837-fallback-core-only+street || 1181 | 1837 | D. 41 | Keizerstraat | 1837-fallback-core-only+street || 1182 | 1837 | D. 41 | Keizerstraat | 1837-fallback-core-only+street || 1183 | 1837 | D. 41 | Keizerstraat | 1837-fallback-core-only+street || 1184 | 1837 | D. 41 | Keizerstraat | 1837-fallback-core-only+street || 1185 | 1837 | D. 41 | Keizerstraat | 1837-fallback-core-only+street
2767,D41c,Keizerstraat,older-regime,address,yes,matched,yes,9,1178 | 1837 | D. 41 | Keizerstraat | 1837-fallback-core-only+street || 1179 | 1837 | D. 41 | Keizerstraat | 1837-fallback-core-only+street || 1180 | 1837 | D. 41 | Keizerstraat | 1837-fallback-core-only+street || 1181 | 1837 | D. 41 | Keizerstraat | 1837-fallback-core-only+street || 1182 | 1837 | D. 41 | Keizerstraat | 1837-fallback-core-only+street || 1183 | 1837 | D. 41 | Keizerstraat | 1837-fallback-core-only+street || 1184 | 1837 | D. 41 | Keizerstraat | 1837-fallback-core-only+street || 1185 | 1837 | D. 41 | Keizerstraat | 1837-fallback-core-only+street
2768,D33a,Rust en Vredestraat,older-regime,address,yes,matched,yes,8,1147 | 1837 | D. 33c | Keizerstraat | 1837-fallback-core-only || 1148 | 1837 | D. 33b2 | Keizerstraat | 1837-fallback-core-only || 1149 | 1837 | D. 33b1 | Keizerstraat | 1837-fallback-core-only || 1150 | 1837 | D. 331b | Keizerstraat | 1837-fallback-core-only || 1151 | 1837 | D. 331a | Keizerstraat | 1837-fallback-core-only || 1152 | 1837 | D. 33a | Keizerstraat | 1837-exact-components || 1153 | 1837 | D. 33a | Keizerstraat | 1837-exact-components || 1154 | 1837 | D. 33a | Keizerstraat | 1837-exact-components
2769,D33b,Rust en Vredestraat,older-regime,address,yes,matched,yes,8,1147 | 1837 | D. 33c | Keizerstraat | 1837-fallback-core-only || 1148 | 1837 | D. 33b2 | Keizerstraat | 1837-fallback-core-only || 1149 | 1837 | D. 33b1 | Keizerstraat | 1837-fallback-core-only || 1150 | 1837 | D. 331b | Keizerstraat | 1837-fallback-core-only || 1151 | 1837 | D. 331a | Keizerstraat | 1837-fallback-core-only || 1152 | 1837 | D. 33a | Keizerstraat | 1837-fallback-core-only || 1153 | 1837 | D. 33a | Keizerstraat | 1837-fallback-core-only || 1154 | 1837 | D. 33a | Keizerstraat | 1837-fallback-core-only
2770,B247b,Keizerstraat,older-regime,address,yes,matched,yes,2,1155 | 1837 | B.247a | Keizerstraat | 1837-fallback-core-only+street || 1156 | 1837 | B.247b | Keizerstraat | 1837-exact-components+street
2771,B240a,Keizerstraat,older-regime,address,yes,matched,yes,5,1105 | 1837 | B.240 | Keizerstraat | 1837-fallback-core-only+street || 1106 | 1837 | B.240 | Keizerstraat | 1837-fallback-core-only+street || 1107 | 1837 | B.240 | Keizerstraat | 1837-fallback-core-only+street || 1108 | 1837 | B.240 | Keizerstraat | 1837-fallback-core-only+street || 1109 | 1837 | B.240 | Keizerstraat | 1837-fallback-core-only+street
2772,B242b,Keizerstraat,older-regime,address,yes,matched,yes,2,1122 | 1837 | B.242 | Keizerstraat | 1837-fallback-core-only+street || 1123 | 1837 | B.242 | Keizerstraat | 1837-fallback-core-only+street
2773,B240b,Keizerstraat,older-regime,address,yes,matched,yes,5,1105 | 1837 | B.240 | Keizerstraat | 1837-fallback-core-only+street || 1106 | 1837 | B.240 | Keizerstraat | 1837-fallback-core-only+street || 1107 | 1837 | B.240 | Keizerstraat | 1837-fallback-core-only+street || 1108 | 1837 | B.240 | Keizerstraat | 1837-fallback-core-only+street || 1109 | 1837 | B.240 | Keizerstraat | 1837-fallback-core-only+street
2774,B234b,Keizerstraat,older-regime,address,yes,matched,yes,2,1081 | 1837 | B.234a | Keizerstraat | 1837-fallback-core-only+street || 1082 | 1837 | B.234b | Keizerstraat | 1837-exact-components+street
2775,B233b,Keizerstraat,older-regime,address,yes,matched,yes,2,1077 | 1837 | B.233 | Keizerstraat | 1837-fallback-core-only+street || 1078 | 1837 | B.233 | Keizerstraat | 1837-fallback-core-only+street
2776,B232c,Keizerstraat,older-regime,address,yes,matched,yes,2,1071 | 1837 | B.232a | Keizerstraat | 1837-fallback-core-only+street || 1072 | 1837 | B.232b | Keizerstraat | 1837-fallback-core-only+street
2777,B232a,Keizerstraat,older-regime,address,yes,matched,yes,2,1071 | 1837 | B.232a | Keizerstraat | 1837-exact-components+street || 1072 | 1837 | B.232b | Keizerstraat | 1837-fallback-core-only+street
2778,B230,Keizerstraat,older-regime,address,yes,matched,yes,3,1056 | 1837 | B.230a | Keizerstraat | 1837-fallback-core-only+street || 1057 | 1837 | B.230b | Keizerstraat | 1837-fallback-core-only+street || 1059 | 1837 | B.230 | Keizerstraat | 1837-exact-components+street
2779,B178b,Zwartenhovenbrugstraat,older-regime,address,yes,matched,yes,2,1433 | 1837 | B.178a | Zwartenhovenbrugstraat | 1837-fallback-core-only+street || 2249 | 1837 | B.178b | Zwartenhovenbrugstraat | 1837-exact-components+street
2780,B182a,Zwartenhovenbrugstraat,older-regime,address,yes,matched,yes,3,1430 | 1837 | B.182 | Zwartenhovenbrugstraat | 1837-fallback-core-only+street || 1431 | 1837 | B.182 | Zwartenhovenbrugstraat | 1837-fallback-core-only+street || 1432 | 1837 | B.182 | Zwartenhovenbrugstraat | 1837-fallback-core-only+street
2781,B190a,Wagenwegstraat,older-regime,address,yes,matched,yes,7,473 | 1837 | B.190 | Wagenwegstraat | 1837-fallback-core-only+street || 474 | 1837 | B.190 | Wagenwegstraat | 1837-fallback-core-only+street || 475 | 1837 | B.190 | Wagenwegstraat | 1837-fallback-core-only+street || 476 | 1837 | B.190 | Wagenwegstraat | 1837-fallback-core-only+street || 477 | 1837 | B.190 | Wagenwegstraat | 1837-fallback-core-only+street || 487 | 1837 | B.190 | Wagenwegstraat | 1837-fallback-core-only+street || 488 | 1837 | B.190 | Wagenwegstraat | 1837-fallback-core-only+street
2782,B187b,Wagenwegstraat,older-regime,address,yes,matched,yes,4,946 | 1837 | B.187a | Wagenwegstraat | 1837-fallback-core-only+street || 947 | 1837 | B.187b | Wagenwegstraat | 1837-exact-components+street || 948 | 1837 | B.187 | Wagenwegstraat | 1837-fallback-core-only+street || 949 | 1837 | B.187 | Wagenwegstraat | 1837-fallback-core-only+street
2783,C125a,Zwartenhovenbrugstraat,older-regime,address,yes,matched,yes,3,1436 | 1837 | C.125b | Zwartenhovenbrugstraat | 1837-fallback-core-only+street || 1437 | 1837 | C.125b | Zwartenhovenbrugstraat | 1837-fallback-core-only+street || 1438 | 1837 | C.125a | Zwartenhovenbrugstraat | 1837-exact-components+street
2784,C122a,Zwartenhovenbrugstraat,older-regime,address,yes,matched,yes,6,1441 | 1837 | C.122 | Zwartenhovenbrugstraat | 1837-fallback-core-only+street || 1442 | 1837 | C.122 | Zwartenhovenbrugstraat | 1837-fallback-core-only+street || 1443 | 1837 | C.122 | Zwartenhovenbrugstraat | 1837-fallback-core-only+street || 1444 | 1837 | C.122 | Zwartenhovenbrugstraat | 1837-fallback-core-only+street || 1445 | 1837 | C.122a | Zwartenhovenbrugstraat | 1837-exact-components+street || 1446 | 1837 | C.122b | Zwartenhovenbrugstraat | 1837-fallback-core-only+street
2785,C122c,Zwartenhovenbrugstraat,older-regime,address,yes,matched,yes,6,1441 | 1837 | C.122 | Zwartenhovenbrugstraat | 1837-fallback-core-only+street || 1442 | 1837 | C.122 | Zwartenhovenbrugstraat | 1837-fallback-core-only+street || 1443 | 1837 | C.122 | Zwartenhovenbrugstraat | 1837-fallback-core-only+street || 1444 | 1837 | C.122 | Zwartenhovenbrugstraat | 1837-fallback-core-only+street || 1445 | 1837 | C.122a | Zwartenhovenbrugstraat | 1837-fallback-core-only+street || 1446 | 1837 | C.122b | Zwartenhovenbrugstraat | 1837-fallback-core-only+street
2786,C183b,Steenbakkerijstraat,older-regime,address,yes,matched,yes,2,2590 | 1837 | C.183a | Steenbakkerijstraat | 1837-fallback-core-only+street || 2591 | 1837 | C.183b | Steenbakkerijstraat | 1837-exact-components+street
2787,C185b,Steenbakkerijstraat,older-regime,address,yes,matched,yes,2,1304 | 1837 | C.185b | Steenbakkerijstraat | 1837-exact-components+street || 2285 | 1837 | C.185a | Steenbakkerijstraat | 1837-fallback-core-only+street
2788,C177b,Domineestraat,older-regime,address,yes,matched,yes,1,1404 | 1837 | C.177 | Domineestraat | 1837-fallback-core-only+street
2789,C174d,Domineestraat,older-regime,address,yes,matched,yes,5,1394 | 1837 | C.174c | Domineestraat | 1837-fallback-core-only+street || 1395 | 1837 | C.174a | Domineestraat | 1837-fallback-core-only+street || 1396 | 1837 | C.174b | Domineestraat | 1837-fallback-core-only+street || 1397 | 1837 | C.174d | Domineestraat | 1837-exact-components+street || 1398 | 1837 | C.174e | Domineestraat | 1837-fallback-core-only+street
2790,C174c,Domineestraat,older-regime,address,yes,matched,yes,5,1394 | 1837 | C.174c | Domineestraat | 1837-exact-components+street || 1395 | 1837 | C.174a | Domineestraat | 1837-fallback-core-only+street || 1396 | 1837 | C.174b | Domineestraat | 1837-fallback-core-only+street || 1397 | 1837 | C.174d | Domineestraat | 1837-fallback-core-only+street || 1398 | 1837 | C.174e | Domineestraat | 1837-fallback-core-only+street
2791,C174b,Domineestraat,older-regime,address,yes,matched,yes,5,1394 | 1837 | C.174c | Domineestraat | 1837-fallback-core-only+street || 1395 | 1837 | C.174a | Domineestraat | 1837-fallback-core-only+street || 1396 | 1837 | C.174b | Domineestraat | 1837-exact-components+street || 1397 | 1837 | C.174d | Domineestraat | 1837-fallback-core-only+street || 1398 | 1837 | C.174e | Domineestraat | 1837-fallback-core-only+street
2792,C193a,Zwartenhovenbrugstraat,older-regime,address,yes,matched,yes,3,1463 | 1837 | C.193a | Zwartenhovenbrugstraat | 1837-exact-components+street || 1464 | 1837 | C.193 | Zwartenhovenbrugstraat | 1837-fallback-core-only+street || 1465 | 1837 | C.193 | Zwartenhovenbrugstraat | 1837-fallback-core-only+street
2793,C116b,Steenbakkerijstraat,older-regime,address,yes,matched,yes,2,1293 | 1837 | C.116a | Steenbakkerijstraat | 1837-fallback-core-only+street || 1294 | 1837 | C.116b | Steenbakkerijstraat | 1837-exact-components+street
2794,C114b,Steenbakkerijstraat,older-regime,address,yes,matched,yes,2,1306 | 1837 | C.114a | Steenbakkerijstraat | 1837-fallback-core-only+street || 1307 | 1837 | C.114b | Steenbakkerijstraat | 1837-exact-components+street
2795,C54b,Domineestraat,older-regime,address,yes,matched,yes,5,1413 | 1837 | C. 54b | Domineestraat | 1837-exact-components+street || 1414 | 1837 | C. 54b | Domineestraat | 1837-exact-components+street || 1415 | 1837 | C. 54b | Domineestraat | 1837-exact-components+street || 2343 | 1837 | C. 54a | Domineestraat | 1837-fallback-core-only+street || 2344 | 1837 | C. 54a | Domineestraat | 1837-fallback-core-only+street
2796,C43a,Jodenbreestraat,older-regime,address,yes,matched,yes,2,128 | 1837 | C. 43b | Jodenbreestraat | 1837-fallback-core-only+street || 129 | 1837 | C. 43a | Jodenbreestraat | 1837-exact-components+street
2797,C44a,Jodenbreestraat,older-regime,address,yes,matched,yes,2,2500 | 1837 | C. 44a | Jodenbreestraat | 1837-exact-components+street || 2501 | 1837 | C. 44b | Jodenbreestraat | 1837-fallback-core-only+street
2798,C139b,Keizerstraat,older-regime,address,yes,matched,yes,2,2190 | 1837 | C.139b | Keizerstraat | 1837-exact-components+street || 2191 | 1837 | C.139a | Keizerstraat | 1837-fallback-core-only+street
2799,C37a,Domineestraat,older-regime,address,yes,matched,yes,7,677 | 1837 | C. 37 | Domineestraat | 1837-fallback-core-only+street || 678 | 1837 | C. 37a | Domineestraat | 1837-exact-components+street || 679 | 1837 | C. 37b | Domineestraat | 1837-fallback-core-only+street || 680 | 1837 | C. 37c | Domineestraat | 1837-fallback-core-only+street || 681 | 1837 | C. 37b | Domineestraat | 1837-fallback-core-only+street || 682 | 1837 | C. 37c | Domineestraat | 1837-fallback-core-only+street || 683 | 1837 | C. 37a | Domineestraat | 1837-exact-components+street
2800,C37c,Domineestraat,older-regime,address,yes,matched,yes,7,677 | 1837 | C. 37 | Domineestraat | 1837-fallback-core-only+street || 678 | 1837 | C. 37a | Domineestraat | 1837-fallback-core-only+street || 679 | 1837 | C. 37b | Domineestraat | 1837-fallback-core-only+street || 680 | 1837 | C. 37c | Domineestraat | 1837-exact-components+street || 681 | 1837 | C. 37b | Domineestraat | 1837-fallback-core-only+street || 682 | 1837 | C. 37c | Domineestraat | 1837-exact-components+street || 683 | 1837 | C. 37a | Domineestraat | 1837-fallback-core-only+street
2801,C33b,Domineestraat,older-regime,address,yes,matched,yes,4,2165 | 1837 | C. 33c | Domineestraat | 1837-fallback-core-only+street || 2166 | 1837 | C. 33b | Domineestraat | 1837-exact-components+street || 2167 | 1837 | C. 33a | Domineestraat | 1837-fallback-core-only+street || 2168 | 1837 | C. 33 | Domineestraat | 1837-fallback-core-only+street
2802,C33c,Domineestraat,older-regime,address,yes,matched,yes,4,2165 | 1837 | C. 33c | Domineestraat | 1837-exact-components+street || 2166 | 1837 | C. 33b | Domineestraat | 1837-fallback-core-only+street || 2167 | 1837 | C. 33a | Domineestraat | 1837-fallback-core-only+street || 2168 | 1837 | C. 33 | Domineestraat | 1837-fallback-core-only+street
2803,C23a,Jodenbreestraat,older-regime,address,yes,matched,yes,3,795 | 1837 | C. 23a | Jodenbreestraat | 1837-exact-components+street || 876 | 1837 | C. 23b | Jodenbreestraat | 1837-fallback-core-only+street || 2184 | 1837 | C. 23a | Jodenbreestraat | 1837-exact-components+street
2804,C20a,Maagdenstraat,older-regime,address,yes,matched,yes,2,726 | 1837 | C. 20 | Maagdenstraat | 1837-fallback-core-only+street || 764 | 1837 | C. 20 | Maagdenstraat | 1837-fallback-core-only+street
2805,C14b,Maagdenstraat,older-regime,address,yes,matched,yes,6,733 | 1837 | C. 14c | Maagdenstraat | 1837-fallback-core-only+street || 734 | 1837 | C. 14c | Maagdenstraat | 1837-fallback-core-only+street || 735 | 1837 | C. 14 | Maagdenstraat | 1837-fallback-core-only+street || 736 | 1837 | C. 14 | Maagdenstraat | 1837-fallback-core-only+street || 737 | 1837 | C. 14 | Maagdenstraat | 1837-fallback-core-only+street || 738 | 1837 | C. 14 | Maagdenstraat | 1837-fallback-core-only+street
2806,C14ca,Maagdenstraat,older-regime,address,yes,matched,yes,6,733 | 1837 | C. 14c | Maagdenstraat | 1837-fallback-core-only+street || 734 | 1837 | C. 14c | Maagdenstraat | 1837-fallback-core-only+street || 735 | 1837 | C. 14 | Maagdenstraat | 1837-fallback-core-only+street || 736 | 1837 | C. 14 | Maagdenstraat | 1837-fallback-core-only+street || 737 | 1837 | C. 14 | Maagdenstraat | 1837-fallback-core-only+street || 738 | 1837 | C. 14 | Maagdenstraat | 1837-fallback-core-only+street
2807,C14d,Maagdenstraat,older-regime,address,yes,matched,yes,6,733 | 1837 | C. 14c | Maagdenstraat | 1837-fallback-core-only+street || 734 | 1837 | C. 14c | Maagdenstraat | 1837-fallback-core-only+street || 735 | 1837 | C. 14 | Maagdenstraat | 1837-fallback-core-only+street || 736 | 1837 | C. 14 | Maagdenstraat | 1837-fallback-core-only+street || 737 | 1837 | C. 14 | Maagdenstraat | 1837-fallback-core-only+street || 738 | 1837 | C. 14 | Maagdenstraat | 1837-fallback-core-only+street
2808,C14e,Maagdenstraat,older-regime,address,yes,matched,yes,6,733 | 1837 | C. 14c | Maagdenstraat | 1837-fallback-core-only+street || 734 | 1837 | C. 14c | Maagdenstraat | 1837-fallback-core-only+street || 735 | 1837 | C. 14 | Maagdenstraat | 1837-fallback-core-only+street || 736 | 1837 | C. 14 | Maagdenstraat | 1837-fallback-core-only+street || 737 | 1837 | C. 14 | Maagdenstraat | 1837-fallback-core-only+street || 738 | 1837 | C. 14 | Maagdenstraat | 1837-fallback-core-only+street
2809,C14cb,Maagdenstraat,older-regime,address,yes,matched,yes,6,733 | 1837 | C. 14c | Maagdenstraat | 1837-fallback-core-only+street || 734 | 1837 | C. 14c | Maagdenstraat | 1837-fallback-core-only+street || 735 | 1837 | C. 14 | Maagdenstraat | 1837-fallback-core-only+street || 736 | 1837 | C. 14 | Maagdenstraat | 1837-fallback-core-only+street || 737 | 1837 | C. 14 | Maagdenstraat | 1837-fallback-core-only+street || 738 | 1837 | C. 14 | Maagdenstraat | 1837-fallback-core-only+street
2810,C144a,Heiligeweg,older-regime,address,yes,matched,yes,5,29 | 1837 | C.144 | Heiligeweg | 1837-fallback-core-only+street || 30 | 1837 | C.144 | Heiligeweg | 1837-fallback-core-only+street || 31 | 1837 | C.144 | Heiligeweg | 1837-fallback-core-only+street || 2162 | 1837 | C.144b | Heiligeweg | 1837-fallback-core-only+street || 2163 | 1837 | C.144a | Heiligeweg | 1837-exact-components+street
2811,C144c,Heiligeweg,older-regime,address,yes,matched,yes,5,29 | 1837 | C.144 | Heiligeweg | 1837-fallback-core-only+street || 30 | 1837 | C.144 | Heiligeweg | 1837-fallback-core-only+street || 31 | 1837 | C.144 | Heiligeweg | 1837-fallback-core-only+street || 2162 | 1837 | C.144b | Heiligeweg | 1837-fallback-core-only+street || 2163 | 1837 | C.144a | Heiligeweg | 1837-fallback-core-only+street
2812,C146b,Heiligeweg,older-regime,address,yes,matched,yes,2,16 | 1837 | C.146b | Heiligeweg | 1837-exact-components+street || 20 | 1837 | C.146a | Heiligeweg | 1837-fallback-core-only+street
2813,C1a,Waterkant,older-regime,address,yes,matched,yes,3,9 | 1837 | C.  1 | Heiligeweg | 1837-fallback-core-only || 801 | 1837 | C.  1 | Heiligeweg | 1837-fallback-core-only || 3884 | 1837 | C.  1 | Heiligeweg | 1837-fallback-core-only
2814,C10aa,Jodenbreestraat,older-regime,address,yes,matched,yes,8,785 | 1837 | C. 10bb | Jodenbreestraat | 1837-fallback-core-only+street || 786 | 1837 | C. 10b | Jodenbreestraat | 1837-fallback-core-only+street || 787 | 1837 | C. 10b | Jodenbreestraat | 1837-fallback-core-only+street || 788 | 1837 | C. 10b | Jodenbreestraat | 1837-fallback-core-only+street || 861 | 1837 | C. 10aa | Jodenbreestraat | 1837-exact-components+street || 866 | 1837 | C. 10aa | Jodenbreestraat | 1837-exact-components+street || 871 | 1837 | C. 10b | Jodenbreestraat | 1837-fallback-core-only+street || 2173 | 1837 | C. 10aa | Jodenbreestraat | 1837-exact-components+street
2815,C10b,Jodenbreestraat,older-regime,address,yes,matched,yes,8,785 | 1837 | C. 10bb | Jodenbreestraat | 1837-fallback-core-only+street || 786 | 1837 | C. 10b | Jodenbreestraat | 1837-exact-components+street || 787 | 1837 | C. 10b | Jodenbreestraat | 1837-exact-components+street || 788 | 1837 | C. 10b | Jodenbreestraat | 1837-exact-components+street || 861 | 1837 | C. 10aa | Jodenbreestraat | 1837-fallback-core-only+street || 866 | 1837 | C. 10aa | Jodenbreestraat | 1837-fallback-core-only+street || 871 | 1837 | C. 10b | Jodenbreestraat | 1837-exact-components+street || 2173 | 1837 | C. 10aa | Jodenbreestraat | 1837-fallback-core-only+street
2816,C88a,Jodenbreestraat,older-regime,address,yes,matched,yes,3,58 | 1837 | C. 88b | Jodenbreestraat | 1837-fallback-core-only+street || 59 | 1837 | C. 88b | Jodenbreestraat | 1837-fallback-core-only+street || 68 | 1837 | C. 88a | Jodenbreestraat | 1837-exact-components+street
2817,C89a,Jodenbreestraat,older-regime,address,yes,matched,yes,3,49 | 1837 | C. 89a | Jodenbreestraat | 1837-exact-components+street || 50 | 1837 | C. 89a | Jodenbreestraat | 1837-exact-components+street || 51 | 1837 | C. 89b | Jodenbreestraat | 1837-fallback-core-only+street
2818,C95,Jodenbreestraat,older-regime,address,yes,matched,yes,2,10 | 1837 | C. 95 | Jodenbreestraat | 1837-exact-components+street || 11 | 1837 | C. 95 | Jodenbreestraat | 1837-exact-components+street
2819,C155b,Steenbakkersgracht,older-regime,address,yes,matched,yes,13,1373 | 1837 | C.155a | Maagdenstraat | 1837-fallback-core-only || 1374 | 1837 | C.155b | Maagdenstraat | 1837-exact-components || 1375 | 1837 | C.155c | Maagdenstraat | 1837-fallback-core-only || 1376 | 1837 | C.155d | Maagdenstraat | 1837-fallback-core-only || 1377 | 1837 | C.155d | Maagdenstraat | 1837-fallback-core-only || 1378 | 1837 | C.155d | Maagdenstraat | 1837-fallback-core-only || 1379 | 1837 | C.155c | Maagdenstraat | 1837-fallback-core-only || 1380 | 1837 | C.155b | Maagdenstraat | 1837-exact-components
2820,C155e,Steenbakkersgracht,older-regime,address,yes,matched,yes,13,1373 | 1837 | C.155a | Maagdenstraat | 1837-fallback-core-only || 1374 | 1837 | C.155b | Maagdenstraat | 1837-fallback-core-only || 1375 | 1837 | C.155c | Maagdenstraat | 1837-fallback-core-only || 1376 | 1837 | C.155d | Maagdenstraat | 1837-fallback-core-only || 1377 | 1837 | C.155d | Maagdenstraat | 1837-fallback-core-only || 1378 | 1837 | C.155d | Maagdenstraat | 1837-fallback-core-only || 1379 | 1837 | C.155c | Maagdenstraat | 1837-fallback-core-only || 1380 | 1837 | C.155b | Maagdenstraat | 1837-fallback-core-only
2821,C155c,Steenbakkersgracht,older-regime,address,yes,matched,yes,13,1373 | 1837 | C.155a | Maagdenstraat | 1837-fallback-core-only || 1374 | 1837 | C.155b | Maagdenstraat | 1837-fallback-core-only || 1375 | 1837 | C.155c | Maagdenstraat | 1837-exact-components || 1376 | 1837 | C.155d | Maagdenstraat | 1837-fallback-core-only || 1377 | 1837 | C.155d | Maagdenstraat | 1837-fallback-core-only || 1378 | 1837 | C.155d | Maagdenstraat | 1837-fallback-core-only || 1379 | 1837 | C.155c | Maagdenstraat | 1837-exact-components || 1380 | 1837 | C.155b | Maagdenstraat | 1837-fallback-core-only
2822,C155d,Steenbakkersgracht,older-regime,address,yes,matched,yes,13,1373 | 1837 | C.155a | Maagdenstraat | 1837-fallback-core-only || 1374 | 1837 | C.155b | Maagdenstraat | 1837-fallback-core-only || 1375 | 1837 | C.155c | Maagdenstraat | 1837-fallback-core-only || 1376 | 1837 | C.155d | Maagdenstraat | 1837-exact-components || 1377 | 1837 | C.155d | Maagdenstraat | 1837-exact-components || 1378 | 1837 | C.155d | Maagdenstraat | 1837-exact-components || 1379 | 1837 | C.155c | Maagdenstraat | 1837-fallback-core-only || 1380 | 1837 | C.155b | Maagdenstraat | 1837-fallback-core-only
2823,C154a,Steenbakkerijstraat,older-regime,address,yes,matched,yes,7,1322 | 1837 | C.154a | Steenbakkerijstraat | 1837-exact-components+street || 1323 | 1837 | C.154b | Maagdenstraat | 1837-fallback-core-only || 1324 | 1837 | C.154 | Maagdenstraat | 1837-fallback-core-only || 1325 | 1837 | C.154 | Maagdenstraat | 1837-fallback-core-only || 1326 | 1837 | C.154 | Maagdenstraat | 1837-fallback-core-only || 1327 | 1837 | C.154 | Steenbakkerijstraat | 1837-fallback-core-only+street || 2339 | 1837 | C.154 | Steenbakkerijstraat | 1837-fallback-core-only+street
2824,C164b,Steenbakkerijstraat,older-regime,address,yes,matched,yes,6,1312 | 1837 | C.164d | Steenbakkerijstraat | 1837-fallback-core-only+street || 1313 | 1837 | C.164c | Steenbakkerijstraat | 1837-fallback-core-only+street || 1314 | 1837 | C.164b | Steenbakkerijstraat | 1837-exact-components+street || 1315 | 1837 | C.164b | Steenbakkerijstraat | 1837-exact-components+street || 1370 | 1837 | C.164a | Maagdenstraat | 1837-fallback-core-only || 1371 | 1837 | C.164a | Maagdenstraat | 1837-fallback-core-only
2825,C164c,Steenbakkerijstraat,older-regime,address,yes,matched,yes,6,1312 | 1837 | C.164d | Steenbakkerijstraat | 1837-fallback-core-only+street || 1313 | 1837 | C.164c | Steenbakkerijstraat | 1837-exact-components+street || 1314 | 1837 | C.164b | Steenbakkerijstraat | 1837-fallback-core-only+street || 1315 | 1837 | C.164b | Steenbakkerijstraat | 1837-fallback-core-only+street || 1370 | 1837 | C.164a | Maagdenstraat | 1837-fallback-core-only || 1371 | 1837 | C.164a | Maagdenstraat | 1837-fallback-core-only
2826,C173a,Domineestraat,older-regime,address,yes,matched,yes,2,1486 | 1837 | C.173a | Domineestraat | 1837-exact-components+street || 1487 | 1837 | C.173b | Domineestraat | 1837-fallback-core-only+street
2827,C196b,Zwartenhovenbrugstraat,older-regime,address,yes,matched,yes,5,2351 | 1837 | C.196c | Zwartenhovenbrugstraat | 1837-fallback-core-only+street || 2352 | 1837 | C.196c | Zwartenhovenbrugstraat | 1837-fallback-core-only+street || 2869 | 1837 | C.196a | Zwartenhovenbrugstraat | 1837-fallback-core-only+street || 2870 | 1837 | C.196a | Zwartenhovenbrugstraat | 1837-fallback-core-only+street || 2871 | 1837 | C.196b | Zwartenhovenbrugstraat | 1837-exact-components+street
2828,C196c,Zwartenhovenbrugstraat,older-regime,address,yes,matched,yes,5,2351 | 1837 | C.196c | Zwartenhovenbrugstraat | 1837-exact-components+street || 2352 | 1837 | C.196c | Zwartenhovenbrugstraat | 1837-exact-components+street || 2869 | 1837 | C.196a | Zwartenhovenbrugstraat | 1837-fallback-core-only+street || 2870 | 1837 | C.196a | Zwartenhovenbrugstraat | 1837-fallback-core-only+street || 2871 | 1837 | C.196b | Zwartenhovenbrugstraat | 1837-fallback-core-only+street
2829,C197b,Zwartenhovenbrugstraat,older-regime,address,yes,matched,yes,6,1554 | 1837 | C.197b | Zwartenhovenbrugstraat | 1837-exact-components+street || 1555 | 1837 | C.197b | Zwartenhovenbrugstraat | 1837-exact-components+street || 1556 | 1837 | C.197b | Zwartenhovenbrugstraat | 1837-exact-components+street || 1557 | 1837 | C.197b | Zwartenhovenbrugstraat | 1837-exact-components+street || 2275 | 1837 | C.197 | Zwartenhovenbrugstraat | 1837-fallback-core-only+street || 2276 | 1837 | C.197a | Zwartenhovenbrugstraat | 1837-fallback-core-only+street
2830,C157b,Maagdenstraat,older-regime,address,yes,matched,yes,3,1388 | 1837 | C.157a | Maagdenstraat | 1837-fallback-core-only+street || 1389 | 1837 | C.157 | Maagdenstraat | 1837-fallback-core-only+street || 1390 | 1837 | C.157b | Maagdenstraat | 1837-exact-components+street
2831,D43ac,Weidestraat,older-regime,address,yes,matched,yes,12,1199 | 1837 | D. 43a | Weidestraat | 1837-fallback-core-only+street || 1200 | 1837 | D. 43b | Weidestraat | 1837-fallback-core-only+street || 1201 | 1837 | D. 43c | Weidestraat | 1837-fallback-core-only+street || 1202 | 1837 | D. 43d | Weidestraat | 1837-fallback-core-only+street || 1203 | 1837 | D. 43e | Weidestraat | 1837-fallback-core-only+street || 1204 | 1837 | D. 43f | Weidestraat | 1837-fallback-core-only+street || 1205 | 1837 | D. 43 | Weidestraat | 1837-fallback-core-only+street || 1206 | 1837 | D. 43 | Weidestraat | 1837-fallback-core-only+street
2832,D43ab,Weidestraat,older-regime,address,yes,matched,yes,12,1199 | 1837 | D. 43a | Weidestraat | 1837-fallback-core-only+street || 1200 | 1837 | D. 43b | Weidestraat | 1837-fallback-core-only+street || 1201 | 1837 | D. 43c | Weidestraat | 1837-fallback-core-only+street || 1202 | 1837 | D. 43d | Weidestraat | 1837-fallback-core-only+street || 1203 | 1837 | D. 43e | Weidestraat | 1837-fallback-core-only+street || 1204 | 1837 | D. 43f | Weidestraat | 1837-fallback-core-only+street || 1205 | 1837 | D. 43 | Weidestraat | 1837-fallback-core-only+street || 1206 | 1837 | D. 43 | Weidestraat | 1837-fallback-core-only+street
2833,D43ae,Weidestraat,older-regime,address,yes,matched,yes,12,1199 | 1837 | D. 43a | Weidestraat | 1837-fallback-core-only+street || 1200 | 1837 | D. 43b | Weidestraat | 1837-fallback-core-only+street || 1201 | 1837 | D. 43c | Weidestraat | 1837-fallback-core-only+street || 1202 | 1837 | D. 43d | Weidestraat | 1837-fallback-core-only+street || 1203 | 1837 | D. 43e | Weidestraat | 1837-fallback-core-only+street || 1204 | 1837 | D. 43f | Weidestraat | 1837-fallback-core-only+street || 1205 | 1837 | D. 43 | Weidestraat | 1837-fallback-core-only+street || 1206 | 1837 | D. 43 | Weidestraat | 1837-fallback-core-only+street
2834,D43aa,Weidestraat,older-regime,address,yes,matched,yes,12,1199 | 1837 | D. 43a | Weidestraat | 1837-fallback-core-only+street || 1200 | 1837 | D. 43b | Weidestraat | 1837-fallback-core-only+street || 1201 | 1837 | D. 43c | Weidestraat | 1837-fallback-core-only+street || 1202 | 1837 | D. 43d | Weidestraat | 1837-fallback-core-only+street || 1203 | 1837 | D. 43e | Weidestraat | 1837-fallback-core-only+street || 1204 | 1837 | D. 43f | Weidestraat | 1837-fallback-core-only+street || 1205 | 1837 | D. 43 | Weidestraat | 1837-fallback-core-only+street || 1206 | 1837 | D. 43 | Weidestraat | 1837-fallback-core-only+street
2835,D48b,Weidestraat,older-regime,address,yes,matched,yes,2,1216 | 1837 | D. 48 | Weidestraat | 1837-fallback-core-only+street || 1217 | 1837 | D. 48a | Weidestraat | 1837-fallback-core-only+street
2836,D47b,Weidestraat,older-regime,address,yes,matched,yes,2,2727 | 1837 | D. 47b | Weidestraat | 1837-exact-components+street || 2728 | 1837 | D. 47a | Weidestraat | 1837-fallback-core-only+street
2837,D49b,Weidestraat,older-regime,address,yes,matched,yes,2,1218 | 1837 | D. 49b | Weidestraat | 1837-exact-components+street || 1219 | 1837 | D. 49a | Weidestraat | 1837-fallback-core-only+street
2838,D51a,Weidestraat,older-regime,address,yes,matched,yes,4,1222 | 1837 | D. 51 | Weidestraat | 1837-fallback-core-only+street || 1223 | 1837 | D. 51 | Weidestraat | 1837-fallback-core-only+street || 1224 | 1837 | D. 51 | Weidestraat | 1837-fallback-core-only+street || 1225 | 1837 | D. 51 | Weidestraat | 1837-fallback-core-only+street
2839,D52a,Weidestraat,older-regime,address,yes,matched,yes,11,1626 | 1837 | D. 52f | Weidestraat | 1837-fallback-core-only+street || 1627 | 1837 | D. 52e | Weidestraat | 1837-fallback-core-only+street || 1628 | 1837 | D. 52da | Weidestraat | 1837-fallback-core-only+street || 1629 | 1837 | D. 52d | Weidestraat | 1837-fallback-core-only+street || 1630 | 1837 | D. 52 | Weidestraat | 1837-fallback-core-only+street || 1631 | 1837 | D. 52d | Weidestraat | 1837-fallback-core-only+street || 1632 | 1837 | D. 52c | Weidestraat | 1837-fallback-core-only+street || 1633 | 1837 | D. 52c | Weidestraat | 1837-fallback-core-only+street
2840,D52c,Rust en Vredestraat,older-regime,address,yes,matched,yes,11,1626 | 1837 | D. 52f | Weidestraat | 1837-fallback-core-only || 1627 | 1837 | D. 52e | Weidestraat | 1837-fallback-core-only || 1628 | 1837 | D. 52da | Weidestraat | 1837-fallback-core-only || 1629 | 1837 | D. 52d | Weidestraat | 1837-fallback-core-only || 1630 | 1837 | D. 52 | Weidestraat | 1837-fallback-core-only || 1631 | 1837 | D. 52d | Weidestraat | 1837-fallback-core-only || 1632 | 1837 | D. 52c | Weidestraat | 1837-exact-components || 1633 | 1837 | D. 52c | Weidestraat | 1837-exact-components
2841,D52d,Rust en Vredestraat,older-regime,address,yes,matched,yes,11,1626 | 1837 | D. 52f | Weidestraat | 1837-fallback-core-only || 1627 | 1837 | D. 52e | Weidestraat | 1837-fallback-core-only || 1628 | 1837 | D. 52da | Weidestraat | 1837-fallback-core-only || 1629 | 1837 | D. 52d | Weidestraat | 1837-exact-components || 1630 | 1837 | D. 52 | Weidestraat | 1837-fallback-core-only || 1631 | 1837 | D. 52d | Weidestraat | 1837-exact-components || 1632 | 1837 | D. 52c | Weidestraat | 1837-fallback-core-only || 1633 | 1837 | D. 52c | Weidestraat | 1837-fallback-core-only
2842,D52e,Rust en Vredestraat,older-regime,address,yes,matched,yes,11,1626 | 1837 | D. 52f | Weidestraat | 1837-fallback-core-only || 1627 | 1837 | D. 52e | Weidestraat | 1837-exact-components || 1628 | 1837 | D. 52da | Weidestraat | 1837-fallback-core-only || 1629 | 1837 | D. 52d | Weidestraat | 1837-fallback-core-only || 1630 | 1837 | D. 52 | Weidestraat | 1837-fallback-core-only || 1631 | 1837 | D. 52d | Weidestraat | 1837-fallback-core-only || 1632 | 1837 | D. 52c | Weidestraat | 1837-fallback-core-only || 1633 | 1837 | D. 52c | Weidestraat | 1837-fallback-core-only
2843,D52f,Rust en Vredestraat,older-regime,address,yes,matched,yes,11,1626 | 1837 | D. 52f | Weidestraat | 1837-exact-components || 1627 | 1837 | D. 52e | Weidestraat | 1837-fallback-core-only || 1628 | 1837 | D. 52da | Weidestraat | 1837-fallback-core-only || 1629 | 1837 | D. 52d | Weidestraat | 1837-fallback-core-only || 1630 | 1837 | D. 52 | Weidestraat | 1837-fallback-core-only || 1631 | 1837 | D. 52d | Weidestraat | 1837-fallback-core-only || 1632 | 1837 | D. 52c | Weidestraat | 1837-fallback-core-only || 1633 | 1837 | D. 52c | Weidestraat | 1837-fallback-core-only
2844,D52da,Rust en Vredestraat,older-regime,address,yes,matched,yes,11,1626 | 1837 | D. 52f | Weidestraat | 1837-fallback-core-only || 1627 | 1837 | D. 52e | Weidestraat | 1837-fallback-core-only || 1628 | 1837 | D. 52da | Weidestraat | 1837-exact-components || 1629 | 1837 | D. 52d | Weidestraat | 1837-fallback-core-only || 1630 | 1837 | D. 52 | Weidestraat | 1837-fallback-core-only || 1631 | 1837 | D. 52d | Weidestraat | 1837-fallback-core-only || 1632 | 1837 | D. 52c | Weidestraat | 1837-fallback-core-only || 1633 | 1837 | D. 52c | Weidestraat | 1837-fallback-core-only
2845,D41d,Keizerstraat,older-regime,address,yes,matched,yes,9,1178 | 1837 | D. 41 | Keizerstraat | 1837-fallback-core-only+street || 1179 | 1837 | D. 41 | Keizerstraat | 1837-fallback-core-only+street || 1180 | 1837 | D. 41 | Keizerstraat | 1837-fallback-core-only+street || 1181 | 1837 | D. 41 | Keizerstraat | 1837-fallback-core-only+street || 1182 | 1837 | D. 41 | Keizerstraat | 1837-fallback-core-only+street || 1183 | 1837 | D. 41 | Keizerstraat | 1837-fallback-core-only+street || 1184 | 1837 | D. 41 | Keizerstraat | 1837-fallback-core-only+street || 1185 | 1837 | D. 41 | Keizerstraat | 1837-fallback-core-only+street
2846,D41ab,Keizerstraat,older-regime,address,yes,matched,yes,9,1178 | 1837 | D. 41 | Keizerstraat | 1837-fallback-core-only+street || 1179 | 1837 | D. 41 | Keizerstraat | 1837-fallback-core-only+street || 1180 | 1837 | D. 41 | Keizerstraat | 1837-fallback-core-only+street || 1181 | 1837 | D. 41 | Keizerstraat | 1837-fallback-core-only+street || 1182 | 1837 | D. 41 | Keizerstraat | 1837-fallback-core-only+street || 1183 | 1837 | D. 41 | Keizerstraat | 1837-fallback-core-only+street || 1184 | 1837 | D. 41 | Keizerstraat | 1837-fallback-core-only+street || 1185 | 1837 | D. 41 | Keizerstraat | 1837-fallback-core-only+street
2847,D41aa,Keizerstraat,older-regime,address,yes,matched,yes,9,1178 | 1837 | D. 41 | Keizerstraat | 1837-fallback-core-only+street || 1179 | 1837 | D. 41 | Keizerstraat | 1837-fallback-core-only+street || 1180 | 1837 | D. 41 | Keizerstraat | 1837-fallback-core-only+street || 1181 | 1837 | D. 41 | Keizerstraat | 1837-fallback-core-only+street || 1182 | 1837 | D. 41 | Keizerstraat | 1837-fallback-core-only+street || 1183 | 1837 | D. 41 | Keizerstraat | 1837-fallback-core-only+street || 1184 | 1837 | D. 41 | Keizerstraat | 1837-fallback-core-only+street || 1185 | 1837 | D. 41 | Keizerstraat | 1837-fallback-core-only+street
2848,D42b,Keizerstraat,older-regime,address,yes,matched,yes,7,1187 | 1837 | D. 42a | Keizerstraat | 1837-fallback-core-only+street || 1188 | 1837 | D. 42b | Keizerstraat | 1837-exact-components+street || 2781 | 1837 | D. 42c | Keizerstraat | 1837-fallback-core-only+street || 2782 | 1837 | D. 42 | Keizerstraat | 1837-fallback-core-only+street || 2783 | 1837 | D. 42 | Keizerstraat | 1837-fallback-core-only+street || 2784 | 1837 | D. 42d | Keizerstraat | 1837-fallback-core-only+street || 2785 | 1837 | D. 42e | Keizerstraat | 1837-fallback-core-only+street
2849,D42c,Wanicastraat,older-regime,address,yes,matched,yes,7,1187 | 1837 | D. 42a | Keizerstraat | 1837-fallback-core-only || 1188 | 1837 | D. 42b | Keizerstraat | 1837-fallback-core-only || 2781 | 1837 | D. 42c | Keizerstraat | 1837-exact-components || 2782 | 1837 | D. 42 | Keizerstraat | 1837-fallback-core-only || 2783 | 1837 | D. 42 | Keizerstraat | 1837-fallback-core-only || 2784 | 1837 | D. 42d | Keizerstraat | 1837-fallback-core-only || 2785 | 1837 | D. 42e | Keizerstraat | 1837-fallback-core-only
2850,D42d,Wanicastraat,older-regime,address,yes,matched,yes,7,1187 | 1837 | D. 42a | Keizerstraat | 1837-fallback-core-only || 1188 | 1837 | D. 42b | Keizerstraat | 1837-fallback-core-only || 2781 | 1837 | D. 42c | Keizerstraat | 1837-fallback-core-only || 2782 | 1837 | D. 42 | Keizerstraat | 1837-fallback-core-only || 2783 | 1837 | D. 42 | Keizerstraat | 1837-fallback-core-only || 2784 | 1837 | D. 42d | Keizerstraat | 1837-exact-components || 2785 | 1837 | D. 42e | Keizerstraat | 1837-fallback-core-only
2851,D42e,Wanicastraat,older-regime,address,yes,matched,yes,7,1187 | 1837 | D. 42a | Keizerstraat | 1837-fallback-core-only || 1188 | 1837 | D. 42b | Keizerstraat | 1837-fallback-core-only || 2781 | 1837 | D. 42c | Keizerstraat | 1837-fallback-core-only || 2782 | 1837 | D. 42 | Keizerstraat | 1837-fallback-core-only || 2783 | 1837 | D. 42 | Keizerstraat | 1837-fallback-core-only || 2784 | 1837 | D. 42d | Keizerstraat | 1837-fallback-core-only || 2785 | 1837 | D. 42e | Keizerstraat | 1837-exact-components
2852,D16b,Keizerstraat,older-regime,address,yes,matched,yes,2,1093 | 1837 | D. 16a | Keizerstraat | 1837-fallback-core-only+street || 1094 | 1837 | D. 16b | Keizerstraat | 1837-exact-components+street
2853,D18b,Keizerstraat,older-regime,address,yes,matched,yes,2,1099 | 1837 | D. 18a | Keizerstraat | 1837-fallback-core-only+street || 1100 | 1837 | D. 18b | Keizerstraat | 1837-exact-components+street
2854,D19b,Keizerstraat,older-regime,address,yes,matched,yes,2,1111 | 1837 | D. 19a | Keizerstraat | 1837-fallback-core-only+street || 2662 | 1837 | D. 19b | Keizerstraat | 1837-exact-components+street
2855,D25a,Keizerstraat,older-regime,address,yes,matched,yes,2,1130 | 1837 | D. 25a | Keizerstraat | 1837-exact-components+street || 1131 | 1837 | D. 25b | Keizerstraat | 1837-fallback-core-only+street
2856,D26a,Keizerstraat,older-regime,address,yes,matched,yes,2,1132 | 1837 | D. 26a | Keizerstraat | 1837-exact-components+street || 1133 | 1837 | D. 26b | Keizerstraat | 1837-fallback-core-only+street
2857,D2b,Keizerstraat,older-regime,address,yes,matched,yes,2,2519 | 1837 | D.  2a | Keizerstraat | 1837-fallback-core-only+street || 2520 | 1837 | D.  2b | Keizerstraat | 1837-exact-components+street
2858,D4b,Keizerstraat,older-regime,address,yes,matched,yes,2,1041 | 1837 | D.  4a | Keizerstraat | 1837-fallback-core-only+street || 1042 | 1837 | D.  4b | Keizerstraat | 1837-exact-components+street
2859,D6b,Keizerstraat,older-regime,address,yes,matched,yes,2,2247 | 1837 | D.  6a | Keizerstraat | 1837-fallback-core-only+street || 2248 | 1837 | D.  6b | Keizerstraat | 1837-exact-components+street
2860,D9c,Keizerstraat,older-regime,address,yes,matched,yes,4,1061 | 1837 | D.  9a | Keizerstraat | 1837-fallback-core-only+street || 1062 | 1837 | D.  9b | Keizerstraat | 1837-fallback-core-only+street || 1063 | 1837 | D.  9c | Keizerstraat | 1837-exact-components+street || 1064 | 1837 | D.  9 | Keizerstraat | 1837-fallback-core-only+street
2861,D9a,Keizerstraat,older-regime,address,yes,matched,yes,4,1061 | 1837 | D.  9a | Keizerstraat | 1837-exact-components+street || 1062 | 1837 | D.  9b | Keizerstraat | 1837-fallback-core-only+street || 1063 | 1837 | D.  9c | Keizerstraat | 1837-fallback-core-only+street || 1064 | 1837 | D.  9 | Keizerstraat | 1837-fallback-core-only+street
2862,D76a,Weidestraat,older-regime,address,yes,matched,yes,2,2242 | 1837 | D. 76b | Weidestraat | 1837-fallback-core-only+street || 2243 | 1837 | D. 76a | Weidestraat | 1837-exact-components+street
2863,D77a,Weidestraat,older-regime,address,yes,matched,yes,2,1284 | 1837 | D. 77a | Weidestraat | 1837-exact-components+street || 1285 | 1837 | D. 77b | Weidestraat | 1837-fallback-core-only+street
2864,D72b,Weidestraat,older-regime,address,yes,matched,yes,3,1270 | 1837 | D. 72 | Weidestraat | 1837-fallback-core-only+street || 1271 | 1837 | D. 72 | Weidestraat | 1837-fallback-core-only+street || 1272 | 1837 | D. 72 | Weidestraat | 1837-fallback-core-only+street
2865,D67b,Weidestraat,older-regime,address,yes,matched,yes,2,1254 | 1837 | D. 67 | Weidestraat | 1837-fallback-core-only+street || 1255 | 1837 | D. 67 | Weidestraat | 1837-fallback-core-only+street
2866,D62b,Weidestraat,older-regime,address,yes,matched,yes,2,1246 | 1837 | D. 62b | Weidestraat | 1837-exact-components+street || 1247 | 1837 | D. 62a | Weidestraat | 1837-fallback-core-only+street
2867,D59aa,Weidestraat,older-regime,address,yes,matched,yes,4,2240 | 1837 | D. 59 | Weidestraat | 1837-fallback-core-only+street || 2241 | 1837 | D. 59 | Weidestraat | 1837-fallback-core-only+street || 2772 | 1837 | D. 59 | Weidestraat | 1837-fallback-core-only+street || 2773 | 1837 | D. 59 | Weidestraat | 1837-fallback-core-only+street
2868,D59b,Weidestraat,older-regime,address,yes,matched,yes,4,2240 | 1837 | D. 59 | Weidestraat | 1837-fallback-core-only+street || 2241 | 1837 | D. 59 | Weidestraat | 1837-fallback-core-only+street || 2772 | 1837 | D. 59 | Weidestraat | 1837-fallback-core-only+street || 2773 | 1837 | D. 59 | Weidestraat | 1837-fallback-core-only+street
2869,D57b,Weidestraat,older-regime,address,yes,matched,yes,3,2760 | 1837 | D. 57 | Weidestraat | 1837-fallback-core-only+street || 2761 | 1837 | D. 57 | Weidestraat | 1837-fallback-core-only+street || 2762 | 1837 | D. 57 | Weidestraat | 1837-fallback-core-only+street
2870,D100b,Burenstraat,older-regime,address,yes,matched,yes,2,1637 | 1837 | D.100b | Burenstraat | 1837-exact-components+street || 1638 | 1837 | D.100a | Burenstraat | 1837-fallback-core-only+street
2871,D107b,Burenstraat,older-regime,address,yes,matched,yes,2,2236 | 1837 | D.107b | Burenstraat | 1837-exact-components+street || 2237 | 1837 | D.107a | Burenstraat | 1837-fallback-core-only+street
2872,D89b,Burenstraat,older-regime,address,yes,matched,yes,1,1244 | 1837 | D. 89 | Weidestraat | 1837-fallback-core-only
2873,D89ba,Burenstraat,older-regime,address,yes,matched,yes,1,1244 | 1837 | D. 89 | Weidestraat | 1837-fallback-core-only
2874,D88b,Weidestraat,older-regime,address,yes,matched,yes,2,1248 | 1837 | D. 88b | Weidestraat | 1837-exact-components+street || 2412 | 1837 | D. 88a | Weidestraat | 1837-fallback-core-only+street
2875,D93,Weidestraat,older-regime,address,yes,matched,yes,2,1239 | 1837 | D. 93 | Weidestraat | 1837-exact-components+street || 1240 | 1837 | D. 93 | Weidestraat | 1837-exact-components+street
2876,D109b,Burenstraat,older-regime,address,yes,matched,yes,3,2292 | 1837 | D.109 | Burenstraat | 1837-fallback-core-only+street || 2293 | 1837 | D.109 | Burenstraat | 1837-fallback-core-only+street || 2294 | 1837 | D.109 | Burenstraat | 1837-fallback-core-only+street
2877,D109c,Burenstraat,older-regime,address,yes,matched,yes,3,2292 | 1837 | D.109 | Burenstraat | 1837-fallback-core-only+street || 2293 | 1837 | D.109 | Burenstraat | 1837-fallback-core-only+street || 2294 | 1837 | D.109 | Burenstraat | 1837-fallback-core-only+street
2878,D87a,Weidestraat,older-regime,address,yes,matched,yes,2,1249 | 1837 | D. 87a | Weidestraat | 1837-exact-components+street || 1250 | 1837 | D. 87b | Weidestraat | 1837-fallback-core-only+street
2879,D111b,Burenstraat,older-regime,address,yes,matched,yes,3,1664 | 1837 | D.111b | Burenstraat | 1837-exact-components+street || 1665 | 1837 | D.111a | Burenstraat | 1837-fallback-core-only+street || 1666 | 1837 | D.111 | Burenstraat | 1837-fallback-core-only+street
2880,D114a,Burenstraat,older-regime,address,yes,matched,yes,2,1667 | 1837 | D.114b | Burenstraat | 1837-fallback-core-only+street || 1668 | 1837 | D.114a | Burenstraat | 1837-exact-components+street
2881,D122a,Burenstraat,older-regime,address,yes,matched,yes,1,2416 | 1837 | D.122 | Burenstraat | 1837-fallback-core-only+street
2882,D121c,Burenstraat,older-regime,address,yes,matched,yes,3,2531 | 1837 | D.121a | Burenstraat | 1837-fallback-core-only+street || 2532 | 1837 | D.121b | Burenstraat | 1837-fallback-core-only+street || 2533 | 1837 | D.121c | Burenstraat | 1837-exact-components+street
2883,D121b,Burenstraat,older-regime,address,yes,matched,yes,3,2531 | 1837 | D.121a | Burenstraat | 1837-fallback-core-only+street || 2532 | 1837 | D.121b | Burenstraat | 1837-exact-components+street || 2533 | 1837 | D.121c | Burenstraat | 1837-fallback-core-only+street
2884,D186b,Zwartenhovenbrugstraat,older-regime,address,yes,matched,yes,3,1472 | 1837 | D.186a | Zwartenhovenbrugstraat | 1837-fallback-core-only+street || 1473 | 1837 | D.186b | Zwartenhovenbrugstraat | 1837-exact-components+street || 1474 | 1837 | D.186c | Zwartenhovenbrugstraat | 1837-fallback-core-only+street
2885,D186c,Zwartenhovenbrugstraat,older-regime,address,yes,matched,yes,3,1472 | 1837 | D.186a | Zwartenhovenbrugstraat | 1837-fallback-core-only+street || 1473 | 1837 | D.186b | Zwartenhovenbrugstraat | 1837-fallback-core-only+street || 1474 | 1837 | D.186c | Zwartenhovenbrugstraat | 1837-exact-components+street
2886,D190a,Zwartenhovenbrugstraat,older-regime,address,yes,matched,yes,3,1460 | 1837 | D.190 | Zwartenhovenbrugstraat | 1837-fallback-core-only+street || 1461 | 1837 | D.190 | Zwartenhovenbrugstraat | 1837-fallback-core-only+street || 1462 | 1837 | D.190 | Zwartenhovenbrugstraat | 1837-fallback-core-only+street
2887,D79a,Weidestraat,older-regime,address,yes,matched,yes,3,1278 | 1837 | D. 79 | Weidestraat | 1837-fallback-core-only+street || 1279 | 1837 | D. 79 | Weidestraat | 1837-fallback-core-only+street || 1280 | 1837 | D. 79 | Weidestraat | 1837-fallback-core-only+street
2888,D80a,Weidestraat,older-regime,address,yes,matched,yes,2,1274 | 1837 | D. 80a | Weidestraat | 1837-exact-components+street || 1275 | 1837 | D. 80b | Weidestraat | 1837-fallback-core-only+street
2889,D86,Weidestraat,older-regime,address,yes,matched,yes,3,2527 | 1837 | D. 86 | Weidestraat | 1837-exact-components+street || 2528 | 1837 | D. 86 | Weidestraat | 1837-exact-components+street || 2529 | 1837 | D. 86 | Weidestraat | 1837-exact-components+street
2890,D153a,Rust en Vredestraat,older-regime,address,yes,matched,yes,8,1599 | 1837 | D.153a | Steenbakkersgracht | 1837-exact-components || 1600 | 1837 | D.153b | Steenbakkersgracht | 1837-fallback-core-only || 1601 | 1837 | D.153c | Steenbakkersgracht | 1837-fallback-core-only || 1602 | 1837 | D.153 | Steenbakkersgracht | 1837-fallback-core-only || 1603 | 1837 | D.153 | Steenbakkersgracht | 1837-fallback-core-only || 1604 | 1837 | D.153 | Steenbakkersgracht | 1837-fallback-core-only || 1605 | 1837 | D.153 | Steenbakkersgracht | 1837-fallback-core-only || 1606 | 1837 | D.153 | Steenbakkersgracht | 1837-fallback-core-only
2891,D153b,Rust en Vredestraat,older-regime,address,yes,matched,yes,8,1599 | 1837 | D.153a | Steenbakkersgracht | 1837-fallback-core-only || 1600 | 1837 | D.153b | Steenbakkersgracht | 1837-exact-components || 1601 | 1837 | D.153c | Steenbakkersgracht | 1837-fallback-core-only || 1602 | 1837 | D.153 | Steenbakkersgracht | 1837-fallback-core-only || 1603 | 1837 | D.153 | Steenbakkersgracht | 1837-fallback-core-only || 1604 | 1837 | D.153 | Steenbakkersgracht | 1837-fallback-core-only || 1605 | 1837 | D.153 | Steenbakkersgracht | 1837-fallback-core-only || 1606 | 1837 | D.153 | Steenbakkersgracht | 1837-fallback-core-only
2892,D153c,Steenbakkersgracht,older-regime,address,yes,matched,yes,8,1599 | 1837 | D.153a | Steenbakkersgracht | 1837-fallback-core-only+street || 1600 | 1837 | D.153b | Steenbakkersgracht | 1837-fallback-core-only+street || 1601 | 1837 | D.153c | Steenbakkersgracht | 1837-exact-components+street || 1602 | 1837 | D.153 | Steenbakkersgracht | 1837-fallback-core-only+street || 1603 | 1837 | D.153 | Steenbakkersgracht | 1837-fallback-core-only+street || 1604 | 1837 | D.153 | Steenbakkersgracht | 1837-fallback-core-only+street || 1605 | 1837 | D.153 | Steenbakkersgracht | 1837-fallback-core-only+street || 1606 | 1837 | D.153 | Steenbakkersgracht | 1837-fallback-core-only+street
2893,D153e,Steenbakkersgracht,older-regime,address,yes,matched,yes,8,1599 | 1837 | D.153a | Steenbakkersgracht | 1837-fallback-core-only+street || 1600 | 1837 | D.153b | Steenbakkersgracht | 1837-fallback-core-only+street || 1601 | 1837 | D.153c | Steenbakkersgracht | 1837-fallback-core-only+street || 1602 | 1837 | D.153 | Steenbakkersgracht | 1837-fallback-core-only+street || 1603 | 1837 | D.153 | Steenbakkersgracht | 1837-fallback-core-only+street || 1604 | 1837 | D.153 | Steenbakkersgracht | 1837-fallback-core-only+street || 1605 | 1837 | D.153 | Steenbakkersgracht | 1837-fallback-core-only+street || 1606 | 1837 | D.153 | Steenbakkersgracht | 1837-fallback-core-only+street
2894,D153d,Steenbakkersgracht,older-regime,address,yes,matched,yes,8,1599 | 1837 | D.153a | Steenbakkersgracht | 1837-fallback-core-only+street || 1600 | 1837 | D.153b | Steenbakkersgracht | 1837-fallback-core-only+street || 1601 | 1837 | D.153c | Steenbakkersgracht | 1837-fallback-core-only+street || 1602 | 1837 | D.153 | Steenbakkersgracht | 1837-fallback-core-only+street || 1603 | 1837 | D.153 | Steenbakkersgracht | 1837-fallback-core-only+street || 1604 | 1837 | D.153 | Steenbakkersgracht | 1837-fallback-core-only+street || 1605 | 1837 | D.153 | Steenbakkersgracht | 1837-fallback-core-only+street || 1606 | 1837 | D.153 | Steenbakkersgracht | 1837-fallback-core-only+street
2895,D156a,Steenbakkersgracht,older-regime,address,yes,matched,yes,3,1591 | 1837 | D.156b | Steenbakkersgracht | 1837-fallback-core-only+street || 1592 | 1837 | D.156a | Steenbakkersgracht | 1837-exact-components+street || 1593 | 1837 | D.156 | Steenbakkersgracht | 1837-fallback-core-only+street
2896,D157b,Hofstraat,older-regime,address,yes,matched,yes,5,1586 | 1837 | D.157b | Steenbakkersgracht | 1837-exact-components || 1587 | 1837 | D.157c | Steenbakkersgracht | 1837-fallback-core-only || 1588 | 1837 | D.157b | Steenbakkersgracht | 1837-exact-components || 1589 | 1837 | D.157 | Steenbakkersgracht | 1837-fallback-core-only || 1590 | 1837 | D.157 | Steenbakkersgracht | 1837-fallback-core-only
2897,D157c,Hofstraat,older-regime,address,yes,matched,yes,5,1586 | 1837 | D.157b | Steenbakkersgracht | 1837-fallback-core-only || 1587 | 1837 | D.157c | Steenbakkersgracht | 1837-exact-components || 1588 | 1837 | D.157b | Steenbakkersgracht | 1837-fallback-core-only || 1589 | 1837 | D.157 | Steenbakkersgracht | 1837-fallback-core-only || 1590 | 1837 | D.157 | Steenbakkersgracht | 1837-fallback-core-only
2898,D143b,Hofstraat,older-regime,address,yes,matched,yes,2,1892 | 1837 | D.143 | Hofstraat | 1837-fallback-core-only+street || 1893 | 1837 | D.143 | Hofstraat | 1837-fallback-core-only+street
2899,D145a,Hofstraat,older-regime,address,yes,matched,yes,5,1650 | 1837 | D.145 | Burenstraat | 1837-fallback-core-only || 1651 | 1837 | D.145 | Burenstraat | 1837-fallback-core-only || 1652 | 1837 | D.145a | Hofstraat | 1837-exact-components+street || 1653 | 1837 | D.145b | Hofstraat | 1837-fallback-core-only+street || 1654 | 1837 | D.145b | Hofstraat | 1837-fallback-core-only+street
2900,D145b,Hofstraat,older-regime,address,yes,matched,yes,5,1650 | 1837 | D.145 | Burenstraat | 1837-fallback-core-only || 1651 | 1837 | D.145 | Burenstraat | 1837-fallback-core-only || 1652 | 1837 | D.145a | Hofstraat | 1837-fallback-core-only+street || 1653 | 1837 | D.145b | Hofstraat | 1837-exact-components+street || 1654 | 1837 | D.145b | Hofstraat | 1837-exact-components+street
2901,D149,Burenstraat,older-regime,address,yes,matched,yes,2,1642 | 1837 | D.149a | Burenstraat | 1837-fallback-core-only+street || 1643 | 1837 | D.149b | Burenstraat | 1837-fallback-core-only+street
2902,D150b,Rust en Vredestraat,older-regime,address,yes,matched,yes,2,1623 | 1837 | D.150a | Rust en Vredestraat | 1837-fallback-core-only+street || 1624 | 1837 | D.150b | Rust en Vredestraat | 1837-exact-components+street
2903,D141b,Hofstraat,older-regime,address,yes,matched,yes,3,2848 | 1837 | D.141a | Hofstraat | 1837-fallback-core-only+street || 2849 | 1837 | D.141b | Hofstraat | 1837-exact-components+street || 2850 | 1837 | D.141b | Hofstraat | 1837-exact-components+street
2904,D128a,Groote Dwarsstraat,older-regime,address,yes,matched,yes,2,2836 | 1837 | D.128 | Grote Dwarsstraat | 1837-fallback-core-only || 2837 | 1837 | D.128a | Grote Dwarsstraat | 1837-exact-components
2905,D163a,Steenbakkersgracht,older-regime,address,yes,matched,yes,4,1571 | 1837 | D.163 | Steenbakkersgracht | 1837-fallback-core-only+street || 1572 | 1837 | D.163 | Steenbakkersgracht | 1837-fallback-core-only+street || 1573 | 1837 | D.163 | Steenbakkersgracht | 1837-fallback-core-only+street || 1574 | 1837 | D.163 | Steenbakkersgracht | 1837-fallback-core-only+street
2906,D161a,Steenbakkersgracht,older-regime,address,yes,matched,yes,3,1577 | 1837 | D.161b | Steenbakkersgracht | 1837-fallback-core-only+street || 1578 | 1837 | D.161a | Steenbakkersgracht | 1837-exact-components+street || 1579 | 1837 | D.161a | Steenbakkersgracht | 1837-exact-components+street
2907,D159a,Steenbakkersgracht,older-regime,address,yes,matched,yes,3,1583 | 1837 | D.159 | Steenbakkersgracht | 1837-fallback-core-only+street || 1584 | 1837 | D.159 | Steenbakkersgracht | 1837-fallback-core-only+street || 1585 | 1837 | D.159 | Steenbakkersgracht | 1837-fallback-core-only+street
2908,D160b,Steenbakkersgracht,older-regime,address,yes,matched,yes,3,1580 | 1837 | D.160 | Steenbakkersgracht | 1837-fallback-core-only+street || 1581 | 1837 | D.160b | Steenbakkersgracht | 1837-exact-components+street || 1582 | 1837 | D.160 | Steenbakkersgracht | 1837-fallback-core-only+street
2909,D170b,Steenbakkersgracht,older-regime,address,yes,matched,yes,3,1562 | 1837 | D.170a | Steenbakkersgracht | 1837-fallback-core-only+street || 1563 | 1837 | D.170b | Steenbakkersgracht | 1837-exact-components+street || 1564 | 1837 | D.170 | Steenbakkersgracht | 1837-fallback-core-only+street
2910,D126a,Burenstraat,older-regime,address,yes,matched,yes,2,1674 | 1837 | D.126a | Burenstraat | 1837-exact-components+street || 1675 | 1837 | D.126b | Burenstraat | 1837-fallback-core-only+street
2911,D127b,Groote Dwarsstraat,older-regime,address,yes,matched,yes,12,1680 | 1837 | D.127 | Grote Dwarsstraat | 1837-fallback-core-only || 1681 | 1837 | D.127 | Grote Dwarsstraat | 1837-fallback-core-only || 1682 | 1837 | D.127 | Grote Dwarsstraat | 1837-fallback-core-only || 1683 | 1837 | D.127a | Grote Dwarsstraat | 1837-fallback-core-only || 1684 | 1837 | D.127b | Grote Dwarsstraat | 1837-exact-components || 1685 | 1837 | D.127b | Grote Dwarsstraat | 1837-exact-components || 1686 | 1837 | D.127b | Grote Dwarsstraat | 1837-exact-components || 1687 | 1837 | D.127b | Grote Dwarsstraat | 1837-exact-components
2912,D127c,Groote Dwarsstraat,older-regime,address,yes,matched,yes,12,1680 | 1837 | D.127 | Grote Dwarsstraat | 1837-fallback-core-only || 1681 | 1837 | D.127 | Grote Dwarsstraat | 1837-fallback-core-only || 1682 | 1837 | D.127 | Grote Dwarsstraat | 1837-fallback-core-only || 1683 | 1837 | D.127a | Grote Dwarsstraat | 1837-fallback-core-only || 1684 | 1837 | D.127b | Grote Dwarsstraat | 1837-fallback-core-only || 1685 | 1837 | D.127b | Grote Dwarsstraat | 1837-fallback-core-only || 1686 | 1837 | D.127b | Grote Dwarsstraat | 1837-fallback-core-only || 1687 | 1837 | D.127b | Grote Dwarsstraat | 1837-fallback-core-only
2913,E3b,Saramaccastraat,older-regime,address,yes,matched,yes,4,1732 | 1837 | E.  3 | Saramaccastraat | 1837-fallback-core-only+street || 1733 | 1837 | E.  3a | Saramaccastraat | 1837-fallback-core-only+street || 1734 | 1837 | E.  3b | Saramaccastraat | 1837-exact-components+street || 1735 | 1837 | E.  3 | Saramaccastraat | 1837-fallback-core-only+street
2914,E4,Saramaccastraat,older-regime,address,yes,matched,yes,3,1736 | 1837 | E.  4a | Saramaccastraat | 1837-fallback-core-only+street || 1737 | 1837 | E.  4b | Saramaccastraat | 1837-fallback-core-only+street || 2326 | 1837 | E.  4c | Saramaccastraat | 1837-fallback-core-only+street
2915,E9b,Saramaccastraat,older-regime,address,yes,matched,yes,2,1745 | 1837 | E.  9a | Saramaccastraat | 1837-fallback-core-only+street || 1746 | 1837 | E.  9b | Saramaccastraat | 1837-exact-components+street
2916,E25b,Saramaccastraat,older-regime,address,yes,matched,yes,2,2333 | 1837 | E. 25a | Saramaccastraat | 1837-fallback-core-only+street || 2865 | 1837 | E. 25b | Saramaccastraat | 1837-exact-components+street
2917,E26b,Saramaccastraat,older-regime,address,yes,matched,yes,3,1777 | 1837 | E. 26 | Saramaccastraat | 1837-fallback-core-only+street || 1778 | 1837 | E. 26 | Saramaccastraat | 1837-fallback-core-only+street || 2334 | 1837 | E. 26 | Saramaccastraat | 1837-fallback-core-only+street
2918,E28b,Saramaccastraat,older-regime,address,yes,matched,yes,2,2335 | 1837 | E. 28 | Saramaccastraat | 1837-fallback-core-only+street || 2877 | 1837 | E. 28 | Saramaccastraat | 1837-fallback-core-only+street
2919,E29a,Saramaccastraat,older-regime,address,yes,matched,yes,4,1791 | 1837 | E. 29a | Saramaccastraat | 1837-exact-components+street || 1792 | 1837 | E. 29b | Saramaccastraat | 1837-fallback-core-only+street || 1793 | 1837 | E. 29b | Saramaccastraat | 1837-fallback-core-only+street || 2441 | 1837 | E. 29a | Saramaccastraat | 1837-exact-components+street
2920,E59c,Saramaccastraat,older-regime,address,yes,matched,yes,4,1747 | 1837 | E. 59a | Saramaccastraat | 1837-fallback-core-only+street || 1748 | 1837 | E. 59b | Saramaccastraat | 1837-fallback-core-only+street || 1749 | 1837 | E. 59c | Saramaccastraat | 1837-exact-components+street || 1750 | 1837 | E. 59 | Saramaccastraat | 1837-fallback-core-only+street
2921,E59a,Saramaccastraat,older-regime,address,yes,matched,yes,4,1747 | 1837 | E. 59a | Saramaccastraat | 1837-exact-components+street || 1748 | 1837 | E. 59b | Saramaccastraat | 1837-fallback-core-only+street || 1749 | 1837 | E. 59c | Saramaccastraat | 1837-fallback-core-only+street || 1750 | 1837 | E. 59 | Saramaccastraat | 1837-fallback-core-only+street
2922,E58a,Ladesmastraat,older-regime,address,yes,matched,yes,3,1754 | 1837 | E. 58 | Saramaccastraat | 1837-fallback-core-only || 1755 | 1837 | E. 58 | Saramaccastraat | 1837-fallback-core-only || 1756 | 1837 | E. 58 | Saramaccastraat | 1837-fallback-core-only
2923,E384b,Ladesmastraat,older-regime,address,yes,matched,yes,2,1954 | 1837 | E.384 | Ladesmastraat | 1837-fallback-core-only+street || 2238 | 1837 | E.384 | Ladesmastraat | 1837-fallback-core-only+street
2924,E385b,Ladesmastraat,older-regime,address,yes,matched,yes,2,1955 | 1837 | E.385a | Ladesmastraat | 1837-fallback-core-only+street || 2239 | 1837 | E.385b | Ladesmastraat | 1837-exact-components+street
2925,E386b,Ladesmastraat,older-regime,address,yes,matched,yes,3,1956 | 1837 | E.386a | Ladesmastraat | 1837-fallback-core-only+street || 1957 | 1837 | E.386b | Ladesmastraat | 1837-exact-components+street || 1958 | 1837 | E.386 | Ladesmastraat | 1837-fallback-core-only+street
2926,E379b,Ladesmastraat,older-regime,address,yes,matched,yes,4,2515 | 1837 | E.379 | Ladesmastraat | 1837-fallback-core-only+street || 2516 | 1837 | E.379 | Ladesmastraat | 1837-fallback-core-only+street || 2517 | 1837 | E.379 | Ladesmastraat | 1837-fallback-core-only+street || 2518 | 1837 | E.379 | Ladesmastraat | 1837-fallback-core-only+street
2927,E382b,Ladesmastraat,older-regime,address,yes,matched,yes,2,2627 | 1837 | E.382 | Ladesmastraat | 1837-fallback-core-only+street || 2628 | 1837 | E.382 | Ladesmastraat | 1837-fallback-core-only+street
2928,E71a,Steenbakkersgracht,older-regime,address,yes,matched,yes,2,2082 | 1837 | E. 71a | Steenbakkersgracht | 1837-exact-components+street || 2083 | 1837 | E. 71b | Steenbakkersgracht | 1837-fallback-core-only+street
2929,E48a,Saramaccastraat,older-regime,address,yes,matched,yes,5,2644 | 1837 | E. 48b | Saramaccastraat | 1837-fallback-core-only+street || 2645 | 1837 | E. 48b | Saramaccastraat | 1837-fallback-core-only+street || 2646 | 1837 | E. 48a | Saramaccastraat | 1837-exact-components+street || 2647 | 1837 | E. 48a | Saramaccastraat | 1837-exact-components+street || 2648 | 1837 | E. 48b | Saramaccastraat | 1837-fallback-core-only+street
2930,E48c,Saramaccastraat,older-regime,address,yes,matched,yes,5,2644 | 1837 | E. 48b | Saramaccastraat | 1837-fallback-core-only+street || 2645 | 1837 | E. 48b | Saramaccastraat | 1837-fallback-core-only+street || 2646 | 1837 | E. 48a | Saramaccastraat | 1837-fallback-core-only+street || 2647 | 1837 | E. 48a | Saramaccastraat | 1837-fallback-core-only+street || 2648 | 1837 | E. 48b | Saramaccastraat | 1837-fallback-core-only+street
2931,E48bb,Saramaccastraat,older-regime,address,yes,matched,yes,5,2644 | 1837 | E. 48b | Saramaccastraat | 1837-fallback-core-only+street || 2645 | 1837 | E. 48b | Saramaccastraat | 1837-fallback-core-only+street || 2646 | 1837 | E. 48a | Saramaccastraat | 1837-fallback-core-only+street || 2647 | 1837 | E. 48a | Saramaccastraat | 1837-fallback-core-only+street || 2648 | 1837 | E. 48b | Saramaccastraat | 1837-fallback-core-only+street
2932,E48ab,Saramaccastraat,older-regime,address,yes,matched,yes,5,2644 | 1837 | E. 48b | Saramaccastraat | 1837-fallback-core-only+street || 2645 | 1837 | E. 48b | Saramaccastraat | 1837-fallback-core-only+street || 2646 | 1837 | E. 48a | Saramaccastraat | 1837-fallback-core-only+street || 2647 | 1837 | E. 48a | Saramaccastraat | 1837-fallback-core-only+street || 2648 | 1837 | E. 48b | Saramaccastraat | 1837-fallback-core-only+street
2933,E55b,Saramaccastraat,older-regime,address,yes,matched,yes,3,2719 | 1837 | E. 55 | Saramaccastraat | 1837-fallback-core-only+street || 2720 | 1837 | E. 55 | Saramaccastraat | 1837-fallback-core-only+street || 2723 | 1837 | E. 55 | Saramaccastraat | 1837-fallback-core-only+street
2934,E46b,Saramaccastraat,older-regime,address,yes,matched,yes,5,1785 | 1837 | E. 46 | Saramaccastraat | 1837-fallback-core-only+street || 1786 | 1837 | E. 46 | Saramaccastraat | 1837-fallback-core-only+street || 1787 | 1837 | E. 46b | Saramaccastraat | 1837-exact-components+street || 1788 | 1837 | E. 46a | Saramaccastraat | 1837-fallback-core-only+street || 1789 | 1837 | E. 46 | Saramaccastraat | 1837-fallback-core-only+street
2935,E46b2,Saramaccastraat,older-regime,address,yes,matched,yes,5,1785 | 1837 | E. 46 | Saramaccastraat | 1837-fallback-core-only+street || 1786 | 1837 | E. 46 | Saramaccastraat | 1837-fallback-core-only+street || 1787 | 1837 | E. 46b | Saramaccastraat | 1837-fallback-core-only+street || 1788 | 1837 | E. 46a | Saramaccastraat | 1837-fallback-core-only+street || 1789 | 1837 | E. 46 | Saramaccastraat | 1837-fallback-core-only+street
2936,E42,Saramaccastraat,older-regime,address,yes,matched,yes,2,2801 | 1837 | E. 42b | Saramaccastraat | 1837-fallback-core-only+street || 2802 | 1837 | E. 42a | Saramaccastraat | 1837-fallback-core-only+street
2937,E38a,Saramaccastraat,older-regime,address,yes,matched,yes,1,2629 | 1837 | E. 38 | Saramaccastraat | 1837-fallback-core-only+street
2938,E260b,Princestraat,older-regime,address,yes,matched,yes,6,4631 | 1837 | E.260a | Prinsenstraat | 1837-fallback-core-only || 4632 | 1837 | E.260 | Prinsenstraat | 1837-fallback-core-only || 4633 | 1837 | E.260 | Prinsenstraat | 1837-fallback-core-only || 4634 | 1837 | E.260b | Prinsenstraat | 1837-exact-components || 4783 | 1837 | E.260a | Prinsenstraat | 1837-fallback-core-only || 4784 | 1837 | E.260b | Prinsenstraat | 1837-exact-components
2939,E251b,Zwartenhovenbrugstraat,older-regime,address,yes,matched,yes,3,1531 | 1837 | E.251 | Zwartenhovenbrugstraat | 1837-fallback-core-only+street || 1532 | 1837 | E.251 | Zwartenhovenbrugstraat | 1837-fallback-core-only+street || 1533 | 1837 | E.251 | Zwartenhovenbrugstraat | 1837-fallback-core-only+street
2940,E247c,Zwartenhovenbrugstraat,older-regime,address,yes,matched,yes,5,1515 | 1837 | E.247a | Zwartenhovenbrugstraat | 1837-fallback-core-only+street || 1516 | 1837 | E.247b | Zwartenhovenbrugstraat | 1837-fallback-core-only+street || 1517 | 1837 | E.247c | Zwartenhovenbrugstraat | 1837-exact-components+street || 1518 | 1837 | E.247 | Zwartenhovenbrugstraat | 1837-fallback-core-only+street || 2827 | 1837 | E.247d | Zwartenhovenbrugstraat | 1837-fallback-core-only+street
2941,E247d,Zwartenhovenbrugstraat,older-regime,address,yes,matched,yes,5,1515 | 1837 | E.247a | Zwartenhovenbrugstraat | 1837-fallback-core-only+street || 1516 | 1837 | E.247b | Zwartenhovenbrugstraat | 1837-fallback-core-only+street || 1517 | 1837 | E.247c | Zwartenhovenbrugstraat | 1837-fallback-core-only+street || 1518 | 1837 | E.247 | Zwartenhovenbrugstraat | 1837-fallback-core-only+street || 2827 | 1837 | E.247d | Zwartenhovenbrugstraat | 1837-exact-components+street
2942,E247b,Zwartenhovenbrugstraat,older-regime,address,yes,matched,yes,5,1515 | 1837 | E.247a | Zwartenhovenbrugstraat | 1837-fallback-core-only+street || 1516 | 1837 | E.247b | Zwartenhovenbrugstraat | 1837-exact-components+street || 1517 | 1837 | E.247c | Zwartenhovenbrugstraat | 1837-fallback-core-only+street || 1518 | 1837 | E.247 | Zwartenhovenbrugstraat | 1837-fallback-core-only+street || 2827 | 1837 | E.247d | Zwartenhovenbrugstraat | 1837-fallback-core-only+street
2943,E309a,Hoogestraat,older-regime,address,yes,matched,yes,2,1934 | 1837 | E.309a | Hoogestraat | 1837-exact-components+street || 1935 | 1837 | E.309b | Hoogestraat | 1837-fallback-core-only+street
2944,E310a,Hoogestraat,older-regime,address,yes,matched,yes,2,2443 | 1837 | E.310a | Hoogestraat | 1837-exact-components+street || 2444 | 1837 | E.310b | Hoogestraat | 1837-fallback-core-only+street
2945,E300b,Timmermanstraat,older-regime,address,yes,matched,yes,5,1983 | 1837 | E.300c | Timmermanstraat | 1837-fallback-core-only+street || 1984 | 1837 | E.300 | Timmermanstraat | 1837-fallback-core-only+street || 1985 | 1837 | E.300b | Timmermanstraat | 1837-exact-components+street || 1986 | 1837 | E.300 | Timmermanstraat | 1837-fallback-core-only+street || 1987 | 1837 | E.300 | Timmermanstraat | 1837-fallback-core-only+street
2946,E301c,Timmermanstraat,older-regime,address,yes,matched,yes,5,1978 | 1837 | E.301a | Timmermanstraat | 1837-fallback-core-only+street || 1979 | 1837 | E.301b | Timmermanstraat | 1837-fallback-core-only+street || 1980 | 1837 | E.301d | Timmermanstraat | 1837-fallback-core-only+street || 1981 | 1837 | E.301d | Timmermanstraat | 1837-fallback-core-only+street || 1982 | 1837 | E.301c | Timmermanstraat | 1837-exact-components+street
2947,E301a,Timmermanstraat,older-regime,address,yes,matched,yes,5,1978 | 1837 | E.301a | Timmermanstraat | 1837-exact-components+street || 1979 | 1837 | E.301b | Timmermanstraat | 1837-fallback-core-only+street || 1980 | 1837 | E.301d | Timmermanstraat | 1837-fallback-core-only+street || 1981 | 1837 | E.301d | Timmermanstraat | 1837-fallback-core-only+street || 1982 | 1837 | E.301c | Timmermanstraat | 1837-fallback-core-only+street
2948,E300c,Timmermanstraat,older-regime,address,yes,matched,yes,5,1983 | 1837 | E.300c | Timmermanstraat | 1837-exact-components+street || 1984 | 1837 | E.300 | Timmermanstraat | 1837-fallback-core-only+street || 1985 | 1837 | E.300b | Timmermanstraat | 1837-fallback-core-only+street || 1986 | 1837 | E.300 | Timmermanstraat | 1837-fallback-core-only+street || 1987 | 1837 | E.300 | Timmermanstraat | 1837-fallback-core-only+street
2949,E301d,Timmermanstraat,older-regime,address,yes,matched,yes,5,1978 | 1837 | E.301a | Timmermanstraat | 1837-fallback-core-only+street || 1979 | 1837 | E.301b | Timmermanstraat | 1837-fallback-core-only+street || 1980 | 1837 | E.301d | Timmermanstraat | 1837-exact-components+street || 1981 | 1837 | E.301d | Timmermanstraat | 1837-exact-components+street || 1982 | 1837 | E.301c | Timmermanstraat | 1837-fallback-core-only+street
2950,E376,Ladesmastraat,older-regime,address,yes,matched,yes,6,1779 | 1837 | E.376 | Ladesmastraat | 1837-exact-components+street || 1780 | 1837 | E.376 | Ladesmastraat | 1837-exact-components+street || 1781 | 1837 | E.376 | Ladesmastraat | 1837-exact-components+street || 1782 | 1837 | E.376 | Ladesmastraat | 1837-exact-components+street || 1783 | 1837 | E.376 | Ladesmastraat | 1837-exact-components+street || 1784 | 1837 | E.376 | Ladesmastraat | 1837-exact-components+street
2951,E378b,Ladesmastraat,older-regime,address,yes,matched,yes,2,2581 | 1837 | E.378a | Ladesmastraat | 1837-fallback-core-only+street || 2582 | 1837 | E.378b | Ladesmastraat | 1837-exact-components+street
2952,E398b,Ladesmastraat,older-regime,address,yes,matched,yes,3,1959 | 1837 | E.398 | Ladesmastraat | 1837-fallback-core-only+street || 1960 | 1837 | E.398 | Ladesmastraat | 1837-fallback-core-only+street || 1961 | 1837 | E.398 | Ladesmastraat | 1837-fallback-core-only+street
2953,E374a,Hoogestraat,older-regime,address,yes,matched,yes,4,1962 | 1837 | E.374 | Hoogestraat | 1837-fallback-core-only+street || 1963 | 1837 | E.374 | Hoogestraat | 1837-fallback-core-only+street || 1964 | 1837 | E.374 | Hoogestraat | 1837-fallback-core-only+street || 1965 | 1837 | E.374 | Hoogestraat | 1837-fallback-core-only+street
2954,E242b,Zwartenhovenbrugstraat,older-regime,address,yes,matched,yes,5,2353 | 1837 | E.242a | Zwartenhovenbrugstraat | 1837-fallback-core-only+street || 2354 | 1837 | E.242b | Zwartenhovenbrugstraat | 1837-exact-components+street || 2355 | 1837 | E.242 | Zwartenhovenbrugstraat | 1837-fallback-core-only+street || 2356 | 1837 | E.242 | Zwartenhovenbrugstraat | 1837-fallback-core-only+street || 2357 | 1837 | E.242 | Zwartenhovenbrugstraat | 1837-fallback-core-only+street
2955,E242c,Zwartenhovenbrugstraat,older-regime,address,yes,matched,yes,5,2353 | 1837 | E.242a | Zwartenhovenbrugstraat | 1837-fallback-core-only+street || 2354 | 1837 | E.242b | Zwartenhovenbrugstraat | 1837-fallback-core-only+street || 2355 | 1837 | E.242 | Zwartenhovenbrugstraat | 1837-fallback-core-only+street || 2356 | 1837 | E.242 | Zwartenhovenbrugstraat | 1837-fallback-core-only+street || 2357 | 1837 | E.242 | Zwartenhovenbrugstraat | 1837-fallback-core-only+street
2956,E73b,Steenbakkersgracht,older-regime,address,yes,matched,yes,2,2079 | 1837 | E. 73 | Steenbakkersgracht | 1837-fallback-core-only+street || 2080 | 1837 | E. 73 | Steenbakkersgracht | 1837-fallback-core-only+street
2957,E74b,Steenbakkersgracht,older-regime,address,yes,matched,yes,2,2077 | 1837 | E. 74 | Steenbakkersgracht | 1837-fallback-core-only+street || 2078 | 1837 | E. 74 | Steenbakkersgracht | 1837-fallback-core-only+street
2958,E80,Groote Dwarsstraat,older-regime,address,yes,matched,yes,5,2478 | 1837 | E. 80a | Steenbakkersgracht | 1837-fallback-core-only || 2479 | 1837 | E. 80b | Steenbakkersgracht | 1837-fallback-core-only || 2480 | 1837 | E. 80 | Steenbakkersgracht | 1837-exact-components || 2481 | 1837 | E. 80 | Steenbakkersgracht | 1837-exact-components || 2482 | 1837 | E. 80 | Steenbakkersgracht | 1837-exact-components
2959,E199a,Groote Dwarsstraat,older-regime,address,yes,matched,yes,3,1916 | 1837 | E.199a | Grote Dwarsstraat | 1837-exact-components || 1917 | 1837 | E.199 | Grote Dwarsstraat | 1837-fallback-core-only || 1919 | 1837 | E.199b | Grote Dwarsstraat | 1837-fallback-core-only
2960,E197b,Groote Dwarsstraat,older-regime,address,yes,matched,yes,1,2270 | 1837 | E.197 | Grote Dwarsstraat | 1837-fallback-core-only
2961,E363b,Hoogestraat,older-regime,address,yes,matched,yes,3,1918 | 1837 | E.363 | Hoogestraat | 1837-fallback-core-only+street || 1920 | 1837 | E.363b | Hoogestraat | 1837-exact-components+street || 1921 | 1837 | E.363a | Hoogestraat | 1837-fallback-core-only+street
2962,E367b,Hoogestraat,older-regime,address,yes,matched,yes,1,1929 | 1837 | E.367 | Hoogestraat | 1837-fallback-core-only+street
2963,E367d,Hoogestraat,older-regime,address,yes,matched,yes,1,1929 | 1837 | E.367 | Hoogestraat | 1837-fallback-core-only+street
2964,E367c,Hoogestraat,older-regime,address,yes,matched,yes,1,1929 | 1837 | E.367 | Hoogestraat | 1837-fallback-core-only+street
2965,E234b,Zwartenhovenbrugstraat,older-regime,address,yes,matched,yes,4,2362 | 1837 | E.234a | Zwartenhovenbrugstraat | 1837-fallback-core-only+street || 2363 | 1837 | E.234b | Zwartenhovenbrugstraat | 1837-exact-components+street || 2364 | 1837 | E.234 | Zwartenhovenbrugstraat | 1837-fallback-core-only+street || 2365 | 1837 | E.234c | Zwartenhovenbrugstraat | 1837-fallback-core-only+street
2966,E235a,Zwartenhovenbrugstraat,older-regime,address,yes,matched,yes,2,1509 | 1837 | E.235a | Zwartenhovenbrugstraat | 1837-exact-components+street || 1510 | 1837 | E.235b | Zwartenhovenbrugstraat | 1837-fallback-core-only+street
2967,E236c,Zwartenhovenbrugstraat,older-regime,address,yes,matched,yes,2,1500 | 1837 | E.236b | Zwartenhovenbrugstraat | 1837-fallback-core-only+street || 1501 | 1837 | E.236a | Zwartenhovenbrugstraat | 1837-fallback-core-only+street
2968,E234a,Zwartenhovenbrugstraat,older-regime,address,yes,matched,yes,4,2362 | 1837 | E.234a | Zwartenhovenbrugstraat | 1837-exact-components+street || 2363 | 1837 | E.234b | Zwartenhovenbrugstraat | 1837-fallback-core-only+street || 2364 | 1837 | E.234 | Zwartenhovenbrugstraat | 1837-fallback-core-only+street || 2365 | 1837 | E.234c | Zwartenhovenbrugstraat | 1837-fallback-core-only+street
2969,E235b,Zwartenhovenbrugstraat,older-regime,address,yes,matched,yes,2,1509 | 1837 | E.235a | Zwartenhovenbrugstraat | 1837-fallback-core-only+street || 1510 | 1837 | E.235b | Zwartenhovenbrugstraat | 1837-exact-components+street
2970,E236b,Zwartenhovenbrugstraat,older-regime,address,yes,matched,yes,2,1500 | 1837 | E.236b | Zwartenhovenbrugstraat | 1837-exact-components+street || 1501 | 1837 | E.236a | Zwartenhovenbrugstraat | 1837-fallback-core-only+street
2971,E75b,Steenbakkersgracht,older-regime,address,yes,matched,yes,6,2074 | 1837 | E. 75b | Steenbakkersgracht | 1837-exact-components+street || 2075 | 1837 | E. 75b | Steenbakkersgracht | 1837-exact-components+street || 2076 | 1837 | E. 75b | Steenbakkersgracht | 1837-exact-components+street || 2610 | 1837 | E. 75a | Steenbakkersgracht | 1837-fallback-core-only+street || 2611 | 1837 | E. 75a | Steenbakkersgracht | 1837-fallback-core-only+street || 2612 | 1837 | E. 75a | Steenbakkersgracht | 1837-fallback-core-only+street
2972,E77b,Steenbakkersgracht,older-regime,address,yes,matched,yes,2,2069 | 1837 | E. 77 | Steenbakkersgracht | 1837-fallback-core-only+street || 2070 | 1837 | E. 77 | Steenbakkersgracht | 1837-fallback-core-only+street
2973,E317b,Hoogestraat,older-regime,address,yes,matched,yes,2,1924 | 1837 | E.317a | Hoogestraat | 1837-fallback-core-only+street || 1925 | 1837 | E.317b | Hoogestraat | 1837-exact-components+street
2974,E225b,Zwartenhovenbrugstraat,older-regime,address,yes,matched,yes,7,2288 | 1837 | E.225b | Zwartenhovenbrugstraat | 1837-exact-components+street || 2289 | 1837 | E.225c | Zwartenhovenbrugstraat | 1837-fallback-core-only+street || 2367 | 1837 | E.225ab | Zwartenhovenbrugstraat | 1837-fallback-core-only+street || 2368 | 1837 | E.225 | Zwartenhovenbrugstraat | 1837-fallback-core-only+street || 2369 | 1837 | E.225a | Zwartenhovenbrugstraat | 1837-fallback-core-only+street || 2370 | 1837 | E.225 | Zwartenhovenbrugstraat | 1837-fallback-core-only+street || 2371 | 1837 | E.225 | Zwartenhovenbrugstraat | 1837-fallback-core-only+street
2975,E226a,Zwartenhovenbrugstraat,older-regime,address,yes,matched,yes,1,1536 | 1837 | E.226 | Zwartenhovenbrugstraat | 1837-fallback-core-only+street
2976,E226b,Zwartenhovenbrugstraat,older-regime,address,yes,matched,yes,1,1536 | 1837 | E.226 | Zwartenhovenbrugstraat | 1837-fallback-core-only+street
2977,E292b,Princestraat,older-regime,address,yes,matched,yes,1,2867 | 1837 | E.292 | Prinsenstraat | 1837-fallback-core-only
2978,E293a,Princestraat,older-regime,address,yes,matched,yes,6,2652 | 1837 | E.293b | Prinsenstraat | 1837-fallback-core-only || 2653 | 1837 | E.293c | Prinsenstraat | 1837-fallback-core-only || 2654 | 1837 | E.293b | Prinsenstraat | 1837-fallback-core-only || 2655 | 1837 | E.293 | Prinsenstraat | 1837-fallback-core-only || 2656 | 1837 | E.293a | Prinsenstraat | 1837-exact-components || 2657 | 1837 | E.293 | Prinsenstraat | 1837-fallback-core-only
2979,E293c,Princestraat,older-regime,address,yes,matched,yes,6,2652 | 1837 | E.293b | Prinsenstraat | 1837-fallback-core-only || 2653 | 1837 | E.293c | Prinsenstraat | 1837-exact-components || 2654 | 1837 | E.293b | Prinsenstraat | 1837-fallback-core-only || 2655 | 1837 | E.293 | Prinsenstraat | 1837-fallback-core-only || 2656 | 1837 | E.293a | Prinsenstraat | 1837-fallback-core-only || 2657 | 1837 | E.293 | Prinsenstraat | 1837-fallback-core-only
2980,E266b,Princestraat,older-regime,address,yes,matched,yes,2,2005 | 1837 | E.266 | Prinsenstraat | 1837-fallback-core-only || 2006 | 1837 | E.266 | Prinsenstraat | 1837-fallback-core-only
2981,E175a,Drambrandersgracht,older-regime,address,yes,matched,yes,4,1824 | 1837 | E.175 | Drambrandersgracht | 1837-fallback-core-only+street || 1825 | 1837 | E.175 | Drambrandersgracht | 1837-fallback-core-only+street || 1826 | 1837 | E.175 | Drambrandersgracht | 1837-fallback-core-only+street || 1827 | 1837 | E.175 | Drambrandersgracht | 1837-fallback-core-only+street
2982,E270,Princestraat,older-regime,address,yes,matched,yes,2,2007 | 1837 | E.270 | Prinsenstraat | 1837-exact-components || 2008 | 1837 | E.270 | Prinsenstraat | 1837-exact-components
2983,E183a,Groote Dwarsstraat,older-regime,address,yes,matched,yes,5,2548 | 1837 | E.183a | Grote Dwarsstraat | 1837-exact-components || 2549 | 1837 | E.183b | Grote Dwarsstraat | 1837-fallback-core-only || 2550 | 1837 | E.183 | Grote Dwarsstraat | 1837-fallback-core-only || 2551 | 1837 | E.183 | Grote Dwarsstraat | 1837-fallback-core-only || 2552 | 1837 | E.183 | Grote Dwarsstraat | 1837-fallback-core-only
2984,E166c,Hofstraat,older-regime,address,yes,matched,yes,4,1870 | 1837 | E.166a | Hofstraat | 1837-fallback-core-only+street || 1871 | 1837 | E.166b | Hofstraat | 1837-fallback-core-only+street || 1872 | 1837 | E.166b | Hofstraat | 1837-fallback-core-only+street || 1875 | 1837 | E.166a | Hofstraat | 1837-fallback-core-only+street
2985,E163b,Hofstraat,older-regime,address,yes,matched,yes,2,1886 | 1837 | E.163a | Hofstraat | 1837-fallback-core-only+street || 1887 | 1837 | E.163b | Hofstraat | 1837-exact-components+street
2986,E88b,Steenbakkersgracht,older-regime,address,yes,matched,yes,2,2539 | 1837 | E. 88a | Steenbakkersgracht | 1837-fallback-core-only+street || 2540 | 1837 | E. 88b | Steenbakkersgracht | 1837-exact-components+street
2987,E82a,Steenbakkersgracht,older-regime,address,yes,matched,yes,7,2061 | 1837 | E. 82 | Steenbakkersgracht | 1837-fallback-core-only+street || 2062 | 1837 | E. 82 | Steenbakkersgracht | 1837-fallback-core-only+street || 2063 | 1837 | E. 82 | Steenbakkersgracht | 1837-fallback-core-only+street || 2064 | 1837 | E. 82b | Steenbakkersgracht | 1837-fallback-core-only+street || 2065 | 1837 | E. 82c | Steenbakkersgracht | 1837-fallback-core-only+street || 2066 | 1837 | E. 82 | Steenbakkersgracht | 1837-fallback-core-only+street || 2067 | 1837 | E. 82 | Steenbakkersgracht | 1837-fallback-core-only+street
2988,E82c,Steenbakkersgracht,older-regime,address,yes,matched,yes,7,2061 | 1837 | E. 82 | Steenbakkersgracht | 1837-fallback-core-only+street || 2062 | 1837 | E. 82 | Steenbakkersgracht | 1837-fallback-core-only+street || 2063 | 1837 | E. 82 | Steenbakkersgracht | 1837-fallback-core-only+street || 2064 | 1837 | E. 82b | Steenbakkersgracht | 1837-fallback-core-only+street || 2065 | 1837 | E. 82c | Steenbakkersgracht | 1837-exact-components+street || 2066 | 1837 | E. 82 | Steenbakkersgracht | 1837-fallback-core-only+street || 2067 | 1837 | E. 82 | Steenbakkersgracht | 1837-fallback-core-only+street
2989,E82b,Steenbakkersgracht,older-regime,address,yes,matched,yes,7,2061 | 1837 | E. 82 | Steenbakkersgracht | 1837-fallback-core-only+street || 2062 | 1837 | E. 82 | Steenbakkersgracht | 1837-fallback-core-only+street || 2063 | 1837 | E. 82 | Steenbakkersgracht | 1837-fallback-core-only+street || 2064 | 1837 | E. 82b | Steenbakkersgracht | 1837-exact-components+street || 2065 | 1837 | E. 82c | Steenbakkersgracht | 1837-fallback-core-only+street || 2066 | 1837 | E. 82 | Steenbakkersgracht | 1837-fallback-core-only+street || 2067 | 1837 | E. 82 | Steenbakkersgracht | 1837-fallback-core-only+street
2990,E194b,Groote Dwarsstraat,older-regime,address,yes,matched,yes,3,1699 | 1837 | E.194b | Grote Dwarsstraat | 1837-exact-components || 1700 | 1837 | E.194a | Grote Dwarsstraat | 1837-fallback-core-only || 1701 | 1837 | E.194a | Grote Dwarsstraat | 1837-fallback-core-only
2991,E191a,Groote Dwarsstraat,older-regime,address,yes,matched,yes,2,1703 | 1837 | E.191 | Grote Dwarsstraat | 1837-fallback-core-only || 1705 | 1837 | E.191 | Grote Dwarsstraat | 1837-fallback-core-only
2992,E92b,Steenbakkersgracht,older-regime,address,yes,matched,yes,2,2045 | 1837 | E. 92a | Steenbakkersgracht | 1837-fallback-core-only+street || 2046 | 1837 | E. 92b | Steenbakkersgracht | 1837-exact-components+street
2993,E160b,Hofstraat,older-regime,address,yes,matched,yes,3,2553 | 1837 | E.160b | Hofstraat | 1837-exact-components+street || 2554 | 1837 | E.160 | Hofstraat | 1837-fallback-core-only+street || 2555 | 1837 | E.160a | Hofstraat | 1837-fallback-core-only+street
2994,E156b,Hofstraat,older-regime,address,yes,matched,yes,3,1881 | 1837 | E.156 | Hofstraat | 1837-fallback-core-only+street || 1882 | 1837 | E.156b | Hofstraat | 1837-exact-components+street || 1883 | 1837 | E.156a | Hofstraat | 1837-fallback-core-only+street
2995,E155b,Hofstraat,older-regime,address,yes,matched,yes,5,1876 | 1837 | E.155 | Hofstraat | 1837-fallback-core-only+street || 1877 | 1837 | E.155 | Hofstraat | 1837-fallback-core-only+street || 1878 | 1837 | E.155 | Hofstraat | 1837-fallback-core-only+street || 1879 | 1837 | E.155 | Hofstraat | 1837-fallback-core-only+street || 1880 | 1837 | E.155 | Hofstraat | 1837-fallback-core-only+street
2996,E354b,Hoogestraat,older-regime,address,yes,matched,yes,2,2259 | 1837 | E.354a | Hoogestraat | 1837-fallback-core-only+street || 2260 | 1837 | E.354b | Hoogestraat | 1837-exact-components+street
2997,E358b,Hoogestraat,older-regime,address,yes,matched,yes,2,2775 | 1837 | E.358 | Hoogestraat | 1837-fallback-core-only+street || 2776 | 1837 | E.358 | Hoogestraat | 1837-fallback-core-only+street
2998,E146a,Rust en Vreedestraat,older-regime,address,yes,matched,yes,2,2674 | 1837 | E.146a | Rust en Vredestraat | 1837-exact-components || 2675 | 1837 | E.146b | Rust en Vredestraat | 1837-fallback-core-only
2999,E325a,Hoogestraat,older-regime,address,yes,matched,yes,3,2786 | 1837 | E.325 | Hoogestraat | 1837-fallback-core-only+street || 2787 | 1837 | E.325 | Hoogestraat | 1837-fallback-core-only+street || 2788 | 1837 | E.325 | Hoogestraat | 1837-fallback-core-only+street
3000,E324,Hoogestraat,older-regime,address,yes,matched,yes,1,3950 | 1837 | E.324 | Hoogestraat | 1837-exact-components+street
3001,E325b,Hoogestraat,older-regime,address,yes,matched,yes,3,2786 | 1837 | E.325 | Hoogestraat | 1837-fallback-core-only+street || 2787 | 1837 | E.325 | Hoogestraat | 1837-fallback-core-only+street || 2788 | 1837 | E.325 | Hoogestraat | 1837-fallback-core-only+street
3002,E326a,Rust en Vreedestraat,older-regime,address,yes,matched,yes,7,2805 | 1837 | E.326 | Hoogestraat | 1837-fallback-core-only || 2806 | 1837 | E.326 | Hoogestraat | 1837-fallback-core-only || 2807 | 1837 | E.326 | Hoogestraat | 1837-fallback-core-only || 2808 | 1837 | E.326 | Hoogestraat | 1837-fallback-core-only || 2809 | 1837 | E.326 | Hoogestraat | 1837-fallback-core-only || 2810 | 1837 | E.326a | Hoogestraat | 1837-exact-components || 2811 | 1837 | E.326b | Hoogestraat | 1837-fallback-core-only
3003,E326b,Rust en Vreedestraat,older-regime,address,yes,matched,yes,7,2805 | 1837 | E.326 | Hoogestraat | 1837-fallback-core-only || 2806 | 1837 | E.326 | Hoogestraat | 1837-fallback-core-only || 2807 | 1837 | E.326 | Hoogestraat | 1837-fallback-core-only || 2808 | 1837 | E.326 | Hoogestraat | 1837-fallback-core-only || 2809 | 1837 | E.326 | Hoogestraat | 1837-fallback-core-only || 2810 | 1837 | E.326a | Hoogestraat | 1837-fallback-core-only || 2811 | 1837 | E.326b | Hoogestraat | 1837-exact-components
3004,E287b,Princestraat,older-regime,address,yes,matched,yes,4,2032 | 1837 | E.287 | Prinsenstraat | 1837-fallback-core-only || 2033 | 1837 | E.287 | Prinsenstraat | 1837-fallback-core-only || 2034 | 1837 | E.287 | Prinsenstraat | 1837-fallback-core-only || 2035 | 1837 | E.287 | Prinsenstraat | 1837-fallback-core-only
3005,E153b,Hofstraat,older-regime,address,yes,matched,yes,3,1852 | 1837 | E.153b | Hofstraat | 1837-exact-components+street || 1853 | 1837 | E.153a | Hofstraat | 1837-fallback-core-only+street || 1854 | 1837 | E.153 | Hofstraat | 1837-fallback-core-only+street
3006,E152b,Hofstraat,older-regime,address,yes,matched,yes,2,1848 | 1837 | E.152b | Hofstraat | 1837-exact-components+street || 1849 | 1837 | E.152a | Hofstraat | 1837-fallback-core-only+street
3007,C,Steenbakkersgracht,older-regime,non-address-annotation,no,ignored-non-address-annotation,yes,0,
3008,E104b,Steenbakkersgracht,older-regime,address,yes,matched,yes,2,3286 | 1837 | E.104 | Steenbakkersgracht | 1837-fallback-core-only+street || 3287 | 1837 | E.104 | Steenbakkersgracht | 1837-fallback-core-only+street
3009,E102b,Steenbakkersgracht,older-regime,address,yes,matched,yes,1,2983 | 1837 | E.102 | Steenbakkersgracht | 1837-fallback-core-only+street
3010,E344,Hoogestraat,older-regime,address,yes,matched,yes,1,3275 | 1837 | E.344 | Hoogestraat | 1837-exact-components+street
3011,E335b,Hoogestraat,older-regime,address,yes,matched,yes,4,3123 | 1837 | E.335 | Hoogestraat | 1837-fallback-core-only+street || 3124 | 1837 | E.335 | Hoogestraat | 1837-fallback-core-only+street || 3125 | 1837 | E.335 | Hoogestraat | 1837-fallback-core-only+street || 3126 | 1837 | E.335 | Hoogestraat | 1837-fallback-core-only+street
3012,E336b,Hoogestraat,older-regime,address,yes,matched,yes,3,3119 | 1837 | E.336 | Hoogestraat | 1837-fallback-core-only+street || 3120 | 1837 | E.336 | Hoogestraat | 1837-fallback-core-only+street || 3121 | 1837 | E.336 | Hoogestraat | 1837-fallback-core-only+street
3013,E338b,Hoogestraat,older-regime,address,yes,matched,yes,3,3108 | 1837 | E.338 | Hoogestraat | 1837-fallback-core-only+street || 3109 | 1837 | E.338 | Hoogestraat | 1837-fallback-core-only+street || 3110 | 1837 | E.338 | Hoogestraat | 1837-fallback-core-only+street
3014,E115a,Drambrandersgracht,older-regime,address,yes,matched,yes,4,3071 | 1837 | E.115c | Drambrandersgracht | 1837-fallback-core-only+street || 3072 | 1837 | E.115b | Drambrandersgracht | 1837-fallback-core-only+street || 3073 | 1837 | E.115a | Drambrandersgracht | 1837-exact-components+street || 3074 | 1837 | E.115ac | Drambrandersgracht | 1837-fallback-core-only+street
3015,E114a,Drambrandersgracht,older-regime,address,yes,matched,yes,2,3010 | 1837 | E.114b | Drambrandersgracht | 1837-fallback-core-only+street || 3011 | 1837 | E.114a | Drambrandersgracht | 1837-exact-components+street
3016,E115c,Drambrandersgracht,older-regime,address,yes,matched,yes,4,3071 | 1837 | E.115c | Drambrandersgracht | 1837-exact-components+street || 3072 | 1837 | E.115b | Drambrandersgracht | 1837-fallback-core-only+street || 3073 | 1837 | E.115a | Drambrandersgracht | 1837-fallback-core-only+street || 3074 | 1837 | E.115ac | Drambrandersgracht | 1837-fallback-core-only+street
3017,E332b,Hoogestraat,older-regime,address,yes,matched,yes,7,3226 | 1837 | E.332b | Hoogestraat | 1837-exact-components+street || 3227 | 1837 | E.332 | Hoogestraat | 1837-fallback-core-only+street || 3228 | 1837 | E.332b | Hoogestraat | 1837-exact-components+street || 3229 | 1837 | E.332 | Hoogestraat | 1837-fallback-core-only+street || 3230 | 1837 | E.332c | Hoogestraat | 1837-fallback-core-only+street || 3231 | 1837 | E.332 | Hoogestraat | 1837-fallback-core-only+street || 3232 | 1837 | E.332 | Hoogestraat | 1837-fallback-core-only+street
3018,E332c,Hoogestraat,older-regime,address,yes,matched,yes,7,3226 | 1837 | E.332b | Hoogestraat | 1837-fallback-core-only+street || 3227 | 1837 | E.332 | Hoogestraat | 1837-fallback-core-only+street || 3228 | 1837 | E.332b | Hoogestraat | 1837-fallback-core-only+street || 3229 | 1837 | E.332 | Hoogestraat | 1837-fallback-core-only+street || 3230 | 1837 | E.332c | Hoogestraat | 1837-exact-components+street || 3231 | 1837 | E.332 | Hoogestraat | 1837-fallback-core-only+street || 3232 | 1837 | E.332 | Hoogestraat | 1837-fallback-core-only+street
3019,E327b,Hoogestraat,older-regime,address,yes,matched,yes,2,3250 | 1837 | E.327 | Hoogestraat | 1837-fallback-core-only+street || 3251 | 1837 | E.327 | Hoogestraat | 1837-fallback-core-only+street
3020,E329b,Hoogestraat,older-regime,address,yes,matched,yes,3,3239 | 1837 | E.329 | Hoogestraat | 1837-fallback-core-only+street || 3240 | 1837 | E.329 | Hoogestraat | 1837-fallback-core-only+street || 3241 | 1837 | E.329 | Hoogestraat | 1837-fallback-core-only+street
3021,E330b,Hoogestraat,older-regime,address,yes,matched,yes,2,3233 | 1837 | E.330a | Hoogestraat | 1837-fallback-core-only+street || 3234 | 1837 | E.330b | Hoogestraat | 1837-exact-components+street
3022,E136b,Rust en Vreedestraat,older-regime,address,yes,matched,yes,5,3461 | 1837 | E.136 | Rust en Vredestraat | 1837-fallback-core-only || 3462 | 1837 | E.136 | Rust en Vredestraat | 1837-fallback-core-only || 3463 | 1837 | E.136 | Rust en Vredestraat | 1837-fallback-core-only || 3464 | 1837 | E.136 | Rust en Vredestraat | 1837-fallback-core-only || 3465 | 1837 | E.136 | Rust en Vredestraat | 1837-fallback-core-only
3023,E127a,Drambrandersgracht,older-regime,address,yes,matched,yes,7,3172 | 1837 | E.127b | Drambrandersgracht | 1837-fallback-core-only+street || 3173 | 1837 | E.127a | Drambrandersgracht | 1837-exact-components+street || 3174 | 1837 | E.127 | Drambrandersgracht | 1837-fallback-core-only+street || 3175 | 1837 | E.127 | Drambrandersgracht | 1837-fallback-core-only+street || 3176 | 1837 | E.127 | Drambrandersgracht | 1837-fallback-core-only+street || 3177 | 1837 | E.127 | Drambrandersgracht | 1837-fallback-core-only+street || 3178 | 1837 | E.127 | Drambrandersgracht | 1837-fallback-core-only+street
3024,E129b,Drambrandersgracht,older-regime,address,yes,matched,yes,1,3179 | 1837 | E.129 | Drambrandersgracht | 1837-fallback-core-only+street
3025,E130b,Drambrandersgracht,older-regime,address,yes,matched,yes,6,3183 | 1837 | E.130b | Drambrandersgracht | 1837-exact-components+street || 3184 | 1837 | E.130 | Drambrandersgracht | 1837-fallback-core-only+street || 3185 | 1837 | E.130a | Drambrandersgracht | 1837-fallback-core-only+street || 3186 | 1837 | E.130 | Drambrandersgracht | 1837-fallback-core-only+street || 3190 | 1837 | E.130 | Drambrandersgracht | 1837-fallback-core-only+street || 3191 | 1837 | E.130 | Drambrandersgracht | 1837-fallback-core-only+street
3026,E345b,Hoogestraat,older-regime,address,yes,matched,yes,5,3331 | 1837 | E.345a | Hoogestraat | 1837-fallback-core-only+street || 3332 | 1837 | E.345a | Hoogestraat | 1837-fallback-core-only+street || 3333 | 1837 | E.345b | Hoogestraat | 1837-exact-components+street || 3334 | 1837 | E.345 | Hoogestraat | 1837-fallback-core-only+street || 3335 | 1837 | E.345a | Hoogestraat | 1837-fallback-core-only+street
3027,E348b,Hoogestraat,older-regime,address,yes,matched,yes,2,3347 | 1837 | E.348b | Hoogestraat | 1837-exact-components+street || 3348 | 1837 | E.348a | Hoogestraat | 1837-fallback-core-only+street
3028,E351b,Hoogestraat,older-regime,address,yes,matched,yes,2,3353 | 1837 | E.351a | Hoogestraat | 1837-fallback-core-only+street || 3354 | 1837 | E.351b | Hoogestraat | 1837-exact-components+street
3029,E345c,Hoogestraat,older-regime,address,yes,matched,yes,5,3331 | 1837 | E.345a | Hoogestraat | 1837-fallback-core-only+street || 3332 | 1837 | E.345a | Hoogestraat | 1837-fallback-core-only+street || 3333 | 1837 | E.345b | Hoogestraat | 1837-fallback-core-only+street || 3334 | 1837 | E.345 | Hoogestraat | 1837-fallback-core-only+street || 3335 | 1837 | E.345a | Hoogestraat | 1837-fallback-core-only+street
3030,E95,Steenbakkersgracht,older-regime,address,yes,matched,yes,4,2426 | 1837 | E. 95a | Steenbakkersgracht | 1837-fallback-core-only+street || 2427 | 1837 | E. 95a | Steenbakkersgracht | 1837-fallback-core-only+street || 2428 | 1837 | E. 95b | Steenbakkersgracht | 1837-fallback-core-only+street || 2429 | 1837 | E. 95 | Steenbakkersgracht | 1837-exact-components+street
3031,E141a,Rust en Vreedestraat,older-regime,address,yes,matched,yes,3,3376 | 1837 | E.141b | Rust en Vredestraat | 1837-fallback-core-only || 3377 | 1837 | E.141a | Rust en Vredestraat | 1837-exact-components || 3378 | 1837 | E.141aa | Rust en Vredestraat | 1837-fallback-core-only
3032,E140b,Rust en Vreedestraat,older-regime,address,yes,matched,yes,2,3383 | 1837 | E.140a | Rust en Vredestraat | 1837-fallback-core-only || 3384 | 1837 | E.140b | Rust en Vredestraat | 1837-exact-components
3033,E140a,Rust en Vreedestraat,older-regime,address,yes,matched,yes,2,3383 | 1837 | E.140a | Rust en Vredestraat | 1837-exact-components || 3384 | 1837 | E.140b | Rust en Vredestraat | 1837-fallback-core-only
3034,E98a,Steenbakkersgracht,older-regime,address,yes,matched,yes,2,3367 | 1837 | E. 98 | Steenbakkersgracht | 1837-fallback-core-only+street || 3368 | 1837 | E. 98 | Steenbakkersgracht | 1837-fallback-core-only+street
3035,E121a,Fredericistraat,older-regime,address,yes,matched,yes,3,3358 | 1837 | E.121a | Fredericistraat | 1837-exact-components+street || 3359 | 1837 | E.121b | Fredericistraat | 1837-fallback-core-only+street || 3360 | 1837 | E.121 | Fredericistraat | 1837-fallback-core-only+street
3036,D169,Steenbakkersgracht,older-regime,address,yes,matched,yes,1,1565 | 1837 | D.169 | Steenbakkersgracht | 1837-exact-components+street
3037,F18b,Saramaccastraat,renumbered-1885,address,yes,matched,yes,4,2373 | 1837 | F 67 | Zwartenhovenbrugstraat | 1837-exact-components || 2374 | 1837 | F 67 | Zwartenhovenbrugstraat | 1837-exact-components || 2375 | 1837 | F 66 | Zwartenhovenbrugstraat | 1837-fallback-core-only || 2570 | 1885 | F 18 | Saramaccastraat | 1885-fallback-core-only+street
3038,F21a,,renumbered-1885,address,yes,matched,yes,3,2376 | 1885 | F 21 | Saramaccastraat | 1885-fallback-core-only || 2395 | 1837 | F 63 | Zwartenhovenbrugstraat | 1837-fallback-core-only || 2396 | 1837 | F 63 | Zwartenhovenbrugstraat | 1837-fallback-core-only
3039,F28a,Zwartenhovenbrugstraat,renumbered-1885,address,yes,matched,yes,7,2843 | 1885 | F 28 | Saramaccastraat | 1885-fallback-core-only || 2844 | 1885 | F 28 | Saramaccastraat | 1885-fallback-core-only || 2845 | 1885 | F 28 | Saramaccastraat | 1885-fallback-core-only || 2846 | 1885 | F 28 | Saramaccastraat | 1885-fallback-core-only || 2847 | 1885 | F 28 | Saramaccastraat | 1885-fallback-core-only || 3678 | 1837 | F 286 | Gemenelandsweg | 1837-fallback-core-only || 3679 | 1837 | F 286 | Gemenelandsweg | 1837-fallback-core-only
3040,F33b,Zwartenhovenbrugstraat,renumbered-1885,address,yes,matched,yes,4,2383 | 1885 | F 33 a | Zwartenhovenbrugstraat | 1885-fallback-core-only+street || 2384 | 1885 | F 33 b | Zwartenhovenbrugstraat | 1885-exact-components+street || 3831 | 1837 | F 205 a | Grote Dwarsstraat | 1837-fallback-core-only || 3833 | 1837 | F 205 b | Grote Dwarsstraat | 1837-fallback-core-only
3041,F71b,Drambrandersgracht,renumbered-1885,address,yes,matched,yes,3,2587 | 1885 | F 71 | Zwartenhovenbrugstraat | 1885-fallback-core-only || 2588 | 1885 | F 71 | Zwartenhovenbrugstraat | 1885-fallback-core-only || 4622 | 1837 | F 244 | Pontewerfstraat | 1837-fallback-core-only
3042,F206b,Groote Dwarsstraat,renumbered-1885,address,yes,matched,yes,5,3835 | 1885 | F 206 a | Grote Dwarsstraat | 1885-fallback-core-only || 3837 | 1885 | F 206 b | Grote Dwarsstraat | 1885-exact-components || 3838 | 1885 | F 206 | Grote Dwarsstraat | 1885-fallback-core-only || 4534 | 1837 | F 191 | Pontewerfstraat | 1837-fallback-core-only || 4536 | 1837 | F 191 | Pontewerfstraat | 1837-fallback-core-only
3043,F54b,Commissarisstraat,renumbered-1885,address,yes,matched,yes,5,3735 | 1837 | F 269 | Gemenelandsweg | 1837-fallback-core-only || 3737 | 1837 | F 269 | Gemenelandsweg | 1837-fallback-core-only || 5342 | 1885 | F 54 | Zwartenhovenbrugstraat | 1885-fallback-core-only || 5344 | 1885 | F 54 | Zwartenhovenbrugstraat | 1885-fallback-core-only || 5346 | 1885 | F 54 | Zwartenhovenbrugstraat | 1885-fallback-core-only
3044,F457a,Molenpad,renumbered-1885,address,yes,matched,yes,1,4259 | 1885 | F 457 | Molenpad | 1885-fallback-core-only+street
3045,F454aa,Limesgracht,renumbered-1885,address,yes,matched,yes,14,4265 | 1885 | F 454 a | Molenpad | 1885-fallback-core-only || 4267 | 1885 | F 454 b | Molenpad | 1885-fallback-core-only || 4269 | 1885 | F 454 c | Molenpad | 1885-fallback-core-only || 4271 | 1885 | F 454 c | Molenpad | 1885-fallback-core-only || 4273 | 1885 | F 454 | Molenpad | 1885-fallback-core-only || 4275 | 1885 | F 454 aa | Molenpad | 1885-exact-components || 4277 | 1885 | F 454 dd | Molenpad | 1885-fallback-core-only || 4278 | 1885 | F 454 | Molenpad | 1885-fallback-core-only
3046,F454b,Molenpad,renumbered-1885,address,yes,matched,yes,14,4265 | 1885 | F 454 a | Molenpad | 1885-fallback-core-only+street || 4267 | 1885 | F 454 b | Molenpad | 1885-exact-components+street || 4269 | 1885 | F 454 c | Molenpad | 1885-fallback-core-only+street || 4271 | 1885 | F 454 c | Molenpad | 1885-fallback-core-only+street || 4273 | 1885 | F 454 | Molenpad | 1885-fallback-core-only+street || 4275 | 1885 | F 454 aa | Molenpad | 1885-fallback-core-only+street || 4277 | 1885 | F 454 dd | Molenpad | 1885-fallback-core-only+street || 4278 | 1885 | F 454 | Molenpad | 1885-fallback-core-only+street
3047,F454c,Molenpad,renumbered-1885,address,yes,matched,yes,14,4265 | 1885 | F 454 a | Molenpad | 1885-fallback-core-only+street || 4267 | 1885 | F 454 b | Molenpad | 1885-fallback-core-only+street || 4269 | 1885 | F 454 c | Molenpad | 1885-exact-components+street || 4271 | 1885 | F 454 c | Molenpad | 1885-exact-components+street || 4273 | 1885 | F 454 | Molenpad | 1885-fallback-core-only+street || 4275 | 1885 | F 454 aa | Molenpad | 1885-fallback-core-only+street || 4277 | 1885 | F 454 dd | Molenpad | 1885-fallback-core-only+street || 4278 | 1885 | F 454 | Molenpad | 1885-fallback-core-only+street
3048,F454ad,Molenpad,renumbered-1885,address,yes,matched,yes,14,4265 | 1885 | F 454 a | Molenpad | 1885-fallback-core-only+street || 4267 | 1885 | F 454 b | Molenpad | 1885-fallback-core-only+street || 4269 | 1885 | F 454 c | Molenpad | 1885-fallback-core-only+street || 4271 | 1885 | F 454 c | Molenpad | 1885-fallback-core-only+street || 4273 | 1885 | F 454 | Molenpad | 1885-fallback-core-only+street || 4275 | 1885 | F 454 aa | Molenpad | 1885-fallback-core-only+street || 4277 | 1885 | F 454 dd | Molenpad | 1885-fallback-core-only+street || 4278 | 1885 | F 454 | Molenpad | 1885-fallback-core-only+street
3049,F454bd,Molenpad,renumbered-1885,address,yes,matched,yes,14,4265 | 1885 | F 454 a | Molenpad | 1885-fallback-core-only+street || 4267 | 1885 | F 454 b | Molenpad | 1885-fallback-core-only+street || 4269 | 1885 | F 454 c | Molenpad | 1885-fallback-core-only+street || 4271 | 1885 | F 454 c | Molenpad | 1885-fallback-core-only+street || 4273 | 1885 | F 454 | Molenpad | 1885-fallback-core-only+street || 4275 | 1885 | F 454 aa | Molenpad | 1885-fallback-core-only+street || 4277 | 1885 | F 454 dd | Molenpad | 1885-fallback-core-only+street || 4278 | 1885 | F 454 | Molenpad | 1885-fallback-core-only+street
3050,F454cd,Molenpad,renumbered-1885,address,yes,matched,yes,14,4265 | 1885 | F 454 a | Molenpad | 1885-fallback-core-only+street || 4267 | 1885 | F 454 b | Molenpad | 1885-fallback-core-only+street || 4269 | 1885 | F 454 c | Molenpad | 1885-fallback-core-only+street || 4271 | 1885 | F 454 c | Molenpad | 1885-fallback-core-only+street || 4273 | 1885 | F 454 | Molenpad | 1885-fallback-core-only+street || 4275 | 1885 | F 454 aa | Molenpad | 1885-fallback-core-only+street || 4277 | 1885 | F 454 dd | Molenpad | 1885-fallback-core-only+street || 4278 | 1885 | F 454 | Molenpad | 1885-fallback-core-only+street
3051,F447b,Molenpad,renumbered-1885,address,yes,matched,yes,5,4302 | 1885 | F 447 | Molenpad | 1885-fallback-core-only+street || 4304 | 1885 | F 447 b2 | Molenpad | 1885-fallback-core-only+street || 4693 | 1885 | F 447 | Molenpad | 1885-fallback-core-only+street || 4695 | 1885 | F 447 | Molenpad | 1885-fallback-core-only+street || 4696 | 1885 | F 447 | Molenpad | 1885-fallback-core-only+street
3052,F501a,Koningsstraat,renumbered-1885,address,yes,matched,yes,1,4107 | 1885 | F 501 | Koningstraat | 1885-fallback-core-only
3053,F433b,Limesgracht,renumbered-1885,address,yes,matched,yes,1,4309 | 1885 | F 433 | Molenpad | 1885-fallback-core-only
3054,F433c,Limesgracht,renumbered-1885,address,yes,matched,yes,1,4309 | 1885 | F 433 | Molenpad | 1885-fallback-core-only
3055,F318b,Gemeenelandsweg,renumbered-1885,address,yes,matched,yes,7,3699 | 1885 | F 318 | Gemenelandsweg | 1885-fallback-core-only || 3701 | 1885 | F 318 | Gemenelandsweg | 1885-fallback-core-only || 3703 | 1885 | F 318 | Gemenelandsweg | 1885-fallback-core-only || 3778 | 1837 | F 391 | Gemenelandsweg | 1837-fallback-core-only || 3779 | 1837 | F 391 | Gemenelandsweg | 1837-fallback-core-only || 4184 | 1885 | F 318 | Gemenelandsweg | 1885-fallback-core-only || 4185 | 1885 | F 318 | Gemenelandsweg | 1885-fallback-core-only
3056,F184b,Pontenwerfstraat,renumbered-1885,address,yes,matched,yes,4,3903 | 1837 | F 102 | Hofstraat | 1837-fallback-core-only || 3906 | 1837 | F 102 | Hofstraat | 1837-fallback-core-only || 4553 | 1885 | F 184 | Pontewerfstraat | 1885-fallback-core-only || 4555 | 1885 | F 184 | Pontewerfstraat | 1885-fallback-core-only
3057,F177b,Pontenwerfstraat,renumbered-1885,address,yes,matched,yes,3,3912 | 1837 | F 106 | Hofstraat | 1837-fallback-core-only || 4577 | 1885 | F 177 b | Pontewerfstraat | 1885-exact-components || 4578 | 1885 | F 177 | Pontewerfstraat | 1885-fallback-core-only
3058,F169b,Pontenwerfstraat,renumbered-1885,address,yes,matched,yes,2,4602 | 1885 | F 169 | Pontewerfstraat | 1885-fallback-core-only || 4604 | 1885 | F 169 | Pontewerfstraat | 1885-fallback-core-only
3059,F128b,Nieuwe Dominéstraat,renumbered-1885,address,yes,matched,yes,3,2989 | 1837 | F 132 | Drambrandersgracht | 1837-fallback-core-only || 2990 | 1837 | F 133 | Drambrandersgracht | 1837-fallback-core-only || 3639 | 1885 | F 128 | Drambrandersgracht | 1885-fallback-core-only
3060,F150b,Nepveustraat,renumbered-1885,address,yes,matched,yes,1,5091 | 1885 | 2e BW 150 | Willemstraat | 1885-fallback-core-only
3061,F150c,,renumbered-1885,address,yes,matched,yes,2,3336 | 1837 | F 162 | Pontewerfstraat | 1837-fallback-core-only || 4333 | 1885 | F 150 | Nepveustraat | 1885-fallback-core-only
3062,F147b,Nepveustraat,renumbered-1885,address,yes,matched,yes,2,3400 | 1885 | F 147 | Nepveustraat | 1885-fallback-core-only+street || 3446 | 1837 | F 159 | Wanicastraat | 1837-fallback-core-only
3063,F256a,Pontenwerfstraat,renumbered-1885,address,yes,matched,yes,10,3786 | 1885 | F 256 | Gemenelandsweg | 1885-fallback-core-only || 3929 | 1837 | F 327 a | Hofstraat | 1837-fallback-core-only || 3931 | 1837 | F 327 b | Hofstraat | 1837-fallback-core-only || 4628 | 1885 | F 256 a | Gemenelandsweg | 1885-exact-components || 4629 | 1885 | F 256 | Gemenelandsweg | 1885-fallback-core-only || 4630 | 1885 | F 256 | Gemenelandsweg | 1885-fallback-core-only || 5202 | 1885 | F 256 | Gemenelandsweg | 1885-fallback-core-only || 5204 | 1885 | F 256 | Gemenelandsweg | 1885-fallback-core-only
3064,TMW349b,Wanicastraat,renumbered-1885,address,yes,matched,yes,2,5277 | 1885 | 2e BW 349 | Wanicastraat | 1885-fallback-core-only+street || 5278 | 1885 | 2e BW 349 | Wanicastraat | 1885-fallback-core-only+street
3065,TBW346a,Molenpad,renumbered-1885,address,yes,matched,yes,2,5037 | 1885 | 2e BW 346 | Molenpad | 1885-fallback-core-only+street || 5274 | 1885 | 2e BW 346 | Molenpad | 1885-fallback-core-only+street
3066,TBW327b,Verlengde Gemenelandsweg,renumbered-1885,address,yes,matched,yes,3,4862 | 1885 | 2e BW 327 | Verlengde Gemenelandsweg | 1885-fallback-core-only+street || 4864 | 1885 | 2e BW 327 a | Verlengde Gemenelandsweg | 1885-fallback-core-only+street || 4866 | 1885 | 2e BW 327 b | Verlengde Gemenelandsweg | 1885-exact-components+street
3067,TBW335b,Wanicastraat,renumbered-1885,address,yes,matched,yes,3,4699 | 1885 | 2e BW 335 | Wanicastraat | 1885-fallback-core-only+street || 5038 | 1885 | 2e BW 335 | Wanicastraat | 1885-fallback-core-only+street || 5273 | 1885 | 2e BW 335 | Wanicastraat | 1885-fallback-core-only+street
3068,TBW335c,Wanicastraat,renumbered-1885,address,yes,matched,yes,3,4699 | 1885 | 2e BW 335 | Wanicastraat | 1885-fallback-core-only+street || 5038 | 1885 | 2e BW 335 | Wanicastraat | 1885-fallback-core-only+street || 5273 | 1885 | 2e BW 335 | Wanicastraat | 1885-fallback-core-only+street
3069,TBW285b,Hoogestraat,renumbered-1885,address,yes,matched,yes,3,4902 | 1885 | 2e BW 285 | Hoogestraat | 1885-fallback-core-only+street || 4903 | 1885 | 2e BW 285 | Hoogestraat | 1885-fallback-core-only+street || 4905 | 1885 | 2e BW 285 | Hoogestraat | 1885-fallback-core-only+street
3070,TBW280b,Hoogestraat,renumbered-1885,address,yes,matched,yes,2,4907 | 1885 | 2e BW 280 | Hoogestraat | 1885-fallback-core-only+street || 4908 | 1885 | 2e BW 280 | Hoogestraat | 1885-fallback-core-only+street
3071,TBW38a,Rijweg naar Kwatta,renumbered-1885,address,yes,matched,yes,3,4112 | 1885 | 2e BW 38 | Rijweg naar Kwatta | 1885-fallback-core-only+street || 4113 | 1885 | 2e BW 38 | Rijweg naar Kwatta | 1885-fallback-core-only+street || 4493 | 1837 | 2e BW 166 | Nassaustraat | 1837-fallback-core-only
3072,TBW181a,Sophialaan,renumbered-1885,address,yes,matched,yes,2,4727 | 1885 | 2e BW 181 | Sophialaan | 1885-fallback-core-only+street || 4729 | 1885 | 2e BW 181 | Sophialaan | 1885-fallback-core-only+street
3073,TBW186b,Oranjelaan,renumbered-1885,address,yes,matched,yes,2,4480 | 1885 | 2e BW 186 b | Nassaulaan | 1885-exact-components || 4482 | 1885 | 2e BW 186 a | Nassaulaan | 1885-fallback-core-only
3074,TBW191b,Oranjelaan,renumbered-1885,address,yes,matched,yes,2,4467 | 1885 | 2e BW 191 | Nassaulaan | 1885-fallback-core-only || 4469 | 1885 | 2e BW 191 | Nassaulaan | 1885-fallback-core-only
3075,TBW232b,Steenbakkersgracht,renumbered-1885,address,yes,matched,yes,1,4753 | 1885 | 2e BW 232 | Steenbakkersgracht | 1885-fallback-core-only+street
3076,TBW173b,Sophialaan,renumbered-1885,address,yes,matched,yes,2,4734 | 1885 | 2e BW 173 | Sophialaan | 1885-fallback-core-only+street || 4735 | 1885 | 2e BW 173 | Sophialaan | 1885-fallback-core-only+street
3077,TBW167b,Sophialaan,renumbered-1885,address,yes,matched,yes,5,4485 | 1885 | 2e BW 167 | Sophialaan | 1885-fallback-core-only+street || 4487 | 1885 | 2e BW 167 a | Sophialaan | 1885-fallback-core-only+street || 4489 | 1885 | 2e BW 167 b | Sophialaan | 1885-exact-components+street || 4491 | 1885 | 2e BW 167 c | Sophialaan | 1885-fallback-core-only+street || 4718 | 1885 | 2e BW 167 | Sophialaan | 1885-fallback-core-only+street
3078,TBW169,Sophialaan,renumbered-1885,address,yes,matched,yes,2,4722 | 1885 | 2e BW 169 | Sophialaan | 1885-exact-components+street || 4724 | 1885 | 2e BW 169 a | Sophialaan | 1885-fallback-core-only+street
3079,TBW170b,Sophialaan,renumbered-1885,address,yes,matched,yes,2,4726 | 1885 | 2e BW 170 a | Sophialaan | 1885-fallback-core-only+street || 4728 | 1885 | 2e BW 170 | Sophialaan | 1885-fallback-core-only+street
3080,TBW175a,Van Idsingastraat,renumbered-1885,address,yes,matched,yes,2,4797 | 1885 | 2e BW 175 b | Van Idsingastraat | 1885-fallback-core-only+street || 4799 | 1885 | 2e BW 175 | Van Idsingastraat | 1885-fallback-core-only+street
3081,TBW99b,Koningsstraat,renumbered-1885,address,yes,matched,yes,3,4900 | 1837 | 2e BW 287 | Hoogestraat | 1837-fallback-core-only || 5016 | 1885 | 2e BW 99 | Koningstraat | 1885-fallback-core-only || 5019 | 1885 | 2e BW 99 | Koningstraat | 1885-fallback-core-only
3082,TBW104a,Koningsstraat,renumbered-1885,address,yes,matched,yes,7,4997 | 1885 | 2e BW 104 | Koningstraat | 1885-fallback-core-only || 4999 | 1885 | 2e BW 104 | Koningstraat | 1885-fallback-core-only || 5001 | 1885 | 2e BW 104 | Koningstraat | 1885-fallback-core-only || 5003 | 1885 | 2e BW 104 | Koningstraat | 1885-fallback-core-only || 5005 | 1885 | 2e BW 104 | Koningstraat | 1885-fallback-core-only || 5209 | 1837 | 2e BW 292 | Wanicastraat | 1837-exact-components || 5211 | 1837 | 2e BW 293 | Wanicastraat | 1837-fallback-core-only
3083,TBW105bb,Koningsstraat,renumbered-1885,address,yes,matched,yes,3,4995 | 1885 | 2e BW 105 | Koningstraat | 1885-fallback-core-only || 5213 | 1837 | 2e BW 294 | Wanicastraat | 1837-fallback-core-only || 5214 | 1837 | 2e BW 294 | Wanicastraat | 1837-fallback-core-only
3084,TBW111b,Koningsstraat,renumbered-1885,address,yes,matched,yes,3,4874 | 1837 | 2e BW 303 | Verlengde Gemenelandsweg | 1837-fallback-core-only || 4977 | 1885 | 2e BW 111 | Koningstraat | 1885-fallback-core-only || 4979 | 1885 | 2e BW 111 | Koningstraat | 1885-fallback-core-only
3085,TBW115b,Van Radersstraat,renumbered-1885,address,yes,matched,yes,3,3656 | 1837 | 2e BW 50 | Eerste Rijweg | 1837-fallback-core-only || 4828 | 1885 | 2e BW 115 a | Van Radersstraat | 1885-fallback-core-only+street || 4830 | 1885 | 2e BW 115 b | Van Radersstraat | 1885-exact-components+street
3086,TBW209a,Verlengde Weidestraat,renumbered-1885,address,yes,matched,yes,2,5131 | 1885 | 2e BW 209 | Willemstraat | 1885-fallback-core-only || 5133 | 1885 | 2e BW 209 | Willemstraat | 1885-fallback-core-only
3087,TBW212b,Verlengde Weidestraat,renumbered-1885,address,yes,matched,yes,2,5120 | 1885 | 2e BW 212 | Willemstraat | 1885-fallback-core-only || 5122 | 1885 | 2e BW 212 | Willemstraat | 1885-fallback-core-only
3088,TBW214b,Verlengde Weidestraat,renumbered-1885,address,yes,matched,yes,2,5114 | 1885 | 2e BW 214 | Willemstraat | 1885-fallback-core-only || 5116 | 1885 | 2e BW 214 | Willemstraat | 1885-fallback-core-only
3089,TBW215b,Verlengde Weidestraat,renumbered-1885,address,yes,matched,yes,1,5111 | 1885 | 2e BW 215 | Willemstraat | 1885-fallback-core-only
3090,TBW219b,Verlengde Weidestraat,renumbered-1885,address,yes,matched,yes,3,5094 | 1885 | 2e BW 219 | Willemstraat | 1885-fallback-core-only || 5096 | 1885 | 2e BW 219 a | Willemstraat | 1885-fallback-core-only || 5098 | 1885 | 2e BW 219 b | Willemstraat | 1885-exact-components
3091,TBW227b,Verlengde Weidestraat,renumbered-1885,address,yes,matched,yes,6,5064 | 1885 | 2e BW 227 b | Willemstraat | 1885-exact-components || 5066 | 1885 | 2e BW 227 a | Willemstraat | 1885-fallback-core-only || 5068 | 1885 | 2e BW 227 | Willemstraat | 1885-fallback-core-only || 5169 | 1885 | 2e BW 227 b2 | Willemstraat | 1885-fallback-core-only || 5170 | 1885 | 2e BW 227 | Willemstraat | 1885-fallback-core-only || 5171 | 1885 | 2e BW 227 | Willemstraat | 1885-fallback-core-only
3092,TBW141c,Wanicastraat,renumbered-1885,address,yes,matched,yes,7,5065 | 1885 | 2e BW 141 b | Wanicastraat | 1885-fallback-core-only+street || 5067 | 1885 | 2e BW 141 c | Wanicastraat | 1885-exact-components+street || 5069 | 1885 | 2e BW 141 | Wanicastraat | 1885-fallback-core-only+street || 5073 | 1885 | 2e BW 141 b | Wanicastraat | 1885-fallback-core-only+street || 5167 | 1885 | 2e BW 141 a | Wanicastraat | 1885-fallback-core-only+street || 5168 | 1885 | 2e BW 141 b | Wanicastraat | 1885-fallback-core-only+street || 5276 | 1837 | 2e BW 348 | Wanicastraat | 1837-fallback-core-only+street
3093,TBW141b,Wanicastraat,renumbered-1885,address,yes,matched,yes,7,5065 | 1885 | 2e BW 141 b | Wanicastraat | 1885-exact-components+street || 5067 | 1885 | 2e BW 141 c | Wanicastraat | 1885-fallback-core-only+street || 5069 | 1885 | 2e BW 141 | Wanicastraat | 1885-fallback-core-only+street || 5073 | 1885 | 2e BW 141 b | Wanicastraat | 1885-exact-components+street || 5167 | 1885 | 2e BW 141 a | Wanicastraat | 1885-fallback-core-only+street || 5168 | 1885 | 2e BW 141 b | Wanicastraat | 1885-exact-components+street || 5276 | 1837 | 2e BW 348 | Wanicastraat | 1837-fallback-core-only+street
3094,TBW130b,Koningsstraat,renumbered-1885,address,yes,matched,yes,21,4860 | 1837 | 2e BW 328 | Verlengde Gemenelandsweg | 1837-fallback-core-only || 4862 | 1837 | 2e BW 327 | Verlengde Gemenelandsweg | 1837-fallback-core-only || 4864 | 1837 | 2e BW 327 a | Verlengde Gemenelandsweg | 1837-fallback-core-only || 4866 | 1837 | 2e BW 327 b | Verlengde Gemenelandsweg | 1837-fallback-core-only || 4869 | 1837 | 2e BW 326 | Verlengde Gemenelandsweg | 1837-fallback-core-only || 4872 | 1837 | 2e BW 326 | Verlengde Gemenelandsweg | 1837-fallback-core-only || 4873 | 1837 | 2e BW 325 | Verlengde Gemenelandsweg | 1837-fallback-core-only || 4875 | 1837 | 2e BW 324 b | Verlengde Gemenelandsweg | 1837-fallback-core-only
3095,TBW143b,Verlengde Weidestraat,renumbered-1885,address,yes,matched,yes,4,5075 | 1885 | 2e BW 143 a | Willemstraat | 1885-fallback-core-only || 5077 | 1885 | 2e BW 143 | Willemstraat | 1885-fallback-core-only || 5282 | 1837 | 2e BW 351 | Wanicastraat | 1837-fallback-core-only || 5283 | 1837 | 2e BW 351 | Wanicastraat | 1837-fallback-core-only
3096,TBW119b,Van Radersstraat,renumbered-1885,address,yes,matched,yes,4,3652 | 1837 | 2e BW 46 | Eerste Rijweg | 1837-fallback-core-only || 3653 | 1837 | 2e BW 47 | Eerste Rijweg | 1837-exact-components || 4827 | 1885 | 2e BW 119 | Van Radersstraat | 1885-fallback-core-only+street || 4829 | 1885 | 2e BW 119 | Van Radersstraat | 1885-fallback-core-only+street
3097,TBW229b,Steenbakkersgracht,renumbered-1885,address,yes,matched,yes,11,4739 | 1885 | 2e BW 229 | Wanicastraat | 1885-fallback-core-only || 5177 | 1885 | 2e BW 229 | Wanicastraat | 1885-fallback-core-only || 5178 | 1885 | 2e BW 229 | Wanicastraat | 1885-fallback-core-only || 5179 | 1885 | 2e BW 229 | Wanicastraat | 1885-fallback-core-only || 5180 | 1885 | 2e BW 229 | Wanicastraat | 1885-fallback-core-only || 5181 | 1885 | 2e BW 229 | Wanicastraat | 1885-fallback-core-only || 5182 | 1885 | 2e BW 229 | Wanicastraat | 1885-fallback-core-only || 5183 | 1885 | 2e BW 229 | Wanicastraat | 1885-fallback-core-only
3098,TBW229c,Steenbakkersgracht,renumbered-1885,address,yes,matched,yes,11,4739 | 1885 | 2e BW 229 | Wanicastraat | 1885-fallback-core-only || 5177 | 1885 | 2e BW 229 | Wanicastraat | 1885-fallback-core-only || 5178 | 1885 | 2e BW 229 | Wanicastraat | 1885-fallback-core-only || 5179 | 1885 | 2e BW 229 | Wanicastraat | 1885-fallback-core-only || 5180 | 1885 | 2e BW 229 | Wanicastraat | 1885-fallback-core-only || 5181 | 1885 | 2e BW 229 | Wanicastraat | 1885-fallback-core-only || 5182 | 1885 | 2e BW 229 | Wanicastraat | 1885-fallback-core-only || 5183 | 1885 | 2e BW 229 | Wanicastraat | 1885-fallback-core-only
3099,TBW229d,Steenbakkersgracht,renumbered-1885,address,yes,matched,yes,11,4739 | 1885 | 2e BW 229 | Wanicastraat | 1885-fallback-core-only || 5177 | 1885 | 2e BW 229 | Wanicastraat | 1885-fallback-core-only || 5178 | 1885 | 2e BW 229 | Wanicastraat | 1885-fallback-core-only || 5179 | 1885 | 2e BW 229 | Wanicastraat | 1885-fallback-core-only || 5180 | 1885 | 2e BW 229 | Wanicastraat | 1885-fallback-core-only || 5181 | 1885 | 2e BW 229 | Wanicastraat | 1885-fallback-core-only || 5182 | 1885 | 2e BW 229 | Wanicastraat | 1885-fallback-core-only || 5183 | 1885 | 2e BW 229 | Wanicastraat | 1885-fallback-core-only
3100,TBW229e,Steenbakkersgracht,renumbered-1885,address,yes,matched,yes,11,4739 | 1885 | 2e BW 229 | Wanicastraat | 1885-fallback-core-only || 5177 | 1885 | 2e BW 229 | Wanicastraat | 1885-fallback-core-only || 5178 | 1885 | 2e BW 229 | Wanicastraat | 1885-fallback-core-only || 5179 | 1885 | 2e BW 229 | Wanicastraat | 1885-fallback-core-only || 5180 | 1885 | 2e BW 229 | Wanicastraat | 1885-fallback-core-only || 5181 | 1885 | 2e BW 229 | Wanicastraat | 1885-fallback-core-only || 5182 | 1885 | 2e BW 229 | Wanicastraat | 1885-fallback-core-only || 5183 | 1885 | 2e BW 229 | Wanicastraat | 1885-fallback-core-only
3101,TBW229f,Steenbakkersgracht,renumbered-1885,address,yes,matched,yes,11,4739 | 1885 | 2e BW 229 | Wanicastraat | 1885-fallback-core-only || 5177 | 1885 | 2e BW 229 | Wanicastraat | 1885-fallback-core-only || 5178 | 1885 | 2e BW 229 | Wanicastraat | 1885-fallback-core-only || 5179 | 1885 | 2e BW 229 | Wanicastraat | 1885-fallback-core-only || 5180 | 1885 | 2e BW 229 | Wanicastraat | 1885-fallback-core-only || 5181 | 1885 | 2e BW 229 | Wanicastraat | 1885-fallback-core-only || 5182 | 1885 | 2e BW 229 | Wanicastraat | 1885-fallback-core-only || 5183 | 1885 | 2e BW 229 | Wanicastraat | 1885-fallback-core-only
3102,TBW229g,Steenbakkersgracht,renumbered-1885,address,yes,matched,yes,11,4739 | 1885 | 2e BW 229 | Wanicastraat | 1885-fallback-core-only || 5177 | 1885 | 2e BW 229 | Wanicastraat | 1885-fallback-core-only || 5178 | 1885 | 2e BW 229 | Wanicastraat | 1885-fallback-core-only || 5179 | 1885 | 2e BW 229 | Wanicastraat | 1885-fallback-core-only || 5180 | 1885 | 2e BW 229 | Wanicastraat | 1885-fallback-core-only || 5181 | 1885 | 2e BW 229 | Wanicastraat | 1885-fallback-core-only || 5182 | 1885 | 2e BW 229 | Wanicastraat | 1885-fallback-core-only || 5183 | 1885 | 2e BW 229 | Wanicastraat | 1885-fallback-core-only
3103,TBW229h,Steenbakkersgracht,renumbered-1885,address,yes,matched,yes,11,4739 | 1885 | 2e BW 229 | Wanicastraat | 1885-fallback-core-only || 5177 | 1885 | 2e BW 229 | Wanicastraat | 1885-fallback-core-only || 5178 | 1885 | 2e BW 229 | Wanicastraat | 1885-fallback-core-only || 5179 | 1885 | 2e BW 229 | Wanicastraat | 1885-fallback-core-only || 5180 | 1885 | 2e BW 229 | Wanicastraat | 1885-fallback-core-only || 5181 | 1885 | 2e BW 229 | Wanicastraat | 1885-fallback-core-only || 5182 | 1885 | 2e BW 229 | Wanicastraat | 1885-fallback-core-only || 5183 | 1885 | 2e BW 229 | Wanicastraat | 1885-fallback-core-only
3104,TBW229i,Steenbakkersgracht,renumbered-1885,address,yes,matched,yes,11,4739 | 1885 | 2e BW 229 | Wanicastraat | 1885-fallback-core-only || 5177 | 1885 | 2e BW 229 | Wanicastraat | 1885-fallback-core-only || 5178 | 1885 | 2e BW 229 | Wanicastraat | 1885-fallback-core-only || 5179 | 1885 | 2e BW 229 | Wanicastraat | 1885-fallback-core-only || 5180 | 1885 | 2e BW 229 | Wanicastraat | 1885-fallback-core-only || 5181 | 1885 | 2e BW 229 | Wanicastraat | 1885-fallback-core-only || 5182 | 1885 | 2e BW 229 | Wanicastraat | 1885-fallback-core-only || 5183 | 1885 | 2e BW 229 | Wanicastraat | 1885-fallback-core-only
3105,TBW229j,Steenbakkersgracht,renumbered-1885,address,yes,matched,yes,11,4739 | 1885 | 2e BW 229 | Wanicastraat | 1885-fallback-core-only || 5177 | 1885 | 2e BW 229 | Wanicastraat | 1885-fallback-core-only || 5178 | 1885 | 2e BW 229 | Wanicastraat | 1885-fallback-core-only || 5179 | 1885 | 2e BW 229 | Wanicastraat | 1885-fallback-core-only || 5180 | 1885 | 2e BW 229 | Wanicastraat | 1885-fallback-core-only || 5181 | 1885 | 2e BW 229 | Wanicastraat | 1885-fallback-core-only || 5182 | 1885 | 2e BW 229 | Wanicastraat | 1885-fallback-core-only || 5183 | 1885 | 2e BW 229 | Wanicastraat | 1885-fallback-core-only
3106,TBW229k,Steenbakkersgracht,renumbered-1885,address,yes,matched,yes,11,4739 | 1885 | 2e BW 229 | Wanicastraat | 1885-fallback-core-only || 5177 | 1885 | 2e BW 229 | Wanicastraat | 1885-fallback-core-only || 5178 | 1885 | 2e BW 229 | Wanicastraat | 1885-fallback-core-only || 5179 | 1885 | 2e BW 229 | Wanicastraat | 1885-fallback-core-only || 5180 | 1885 | 2e BW 229 | Wanicastraat | 1885-fallback-core-only || 5181 | 1885 | 2e BW 229 | Wanicastraat | 1885-fallback-core-only || 5182 | 1885 | 2e BW 229 | Wanicastraat | 1885-fallback-core-only || 5183 | 1885 | 2e BW 229 | Wanicastraat | 1885-fallback-core-only
3107,TBW229l,Steenbakkersgracht,renumbered-1885,address,yes,matched,yes,11,4739 | 1885 | 2e BW 229 | Wanicastraat | 1885-fallback-core-only || 5177 | 1885 | 2e BW 229 | Wanicastraat | 1885-fallback-core-only || 5178 | 1885 | 2e BW 229 | Wanicastraat | 1885-fallback-core-only || 5179 | 1885 | 2e BW 229 | Wanicastraat | 1885-fallback-core-only || 5180 | 1885 | 2e BW 229 | Wanicastraat | 1885-fallback-core-only || 5181 | 1885 | 2e BW 229 | Wanicastraat | 1885-fallback-core-only || 5182 | 1885 | 2e BW 229 | Wanicastraat | 1885-fallback-core-only || 5183 | 1885 | 2e BW 229 | Wanicastraat | 1885-fallback-core-only
3108,TBW229m,Steenbakkersgracht,renumbered-1885,address,yes,matched,yes,11,4739 | 1885 | 2e BW 229 | Wanicastraat | 1885-fallback-core-only || 5177 | 1885 | 2e BW 229 | Wanicastraat | 1885-fallback-core-only || 5178 | 1885 | 2e BW 229 | Wanicastraat | 1885-fallback-core-only || 5179 | 1885 | 2e BW 229 | Wanicastraat | 1885-fallback-core-only || 5180 | 1885 | 2e BW 229 | Wanicastraat | 1885-fallback-core-only || 5181 | 1885 | 2e BW 229 | Wanicastraat | 1885-fallback-core-only || 5182 | 1885 | 2e BW 229 | Wanicastraat | 1885-fallback-core-only || 5183 | 1885 | 2e BW 229 | Wanicastraat | 1885-fallback-core-only
3109,TBW229n,Steenbakkersgracht,renumbered-1885,address,yes,matched,yes,11,4739 | 1885 | 2e BW 229 | Wanicastraat | 1885-fallback-core-only || 5177 | 1885 | 2e BW 229 | Wanicastraat | 1885-fallback-core-only || 5178 | 1885 | 2e BW 229 | Wanicastraat | 1885-fallback-core-only || 5179 | 1885 | 2e BW 229 | Wanicastraat | 1885-fallback-core-only || 5180 | 1885 | 2e BW 229 | Wanicastraat | 1885-fallback-core-only || 5181 | 1885 | 2e BW 229 | Wanicastraat | 1885-fallback-core-only || 5182 | 1885 | 2e BW 229 | Wanicastraat | 1885-fallback-core-only || 5183 | 1885 | 2e BW 229 | Wanicastraat | 1885-fallback-core-only
3110,TBW229o,Steenbakkersgracht,renumbered-1885,address,yes,matched,yes,11,4739 | 1885 | 2e BW 229 | Wanicastraat | 1885-fallback-core-only || 5177 | 1885 | 2e BW 229 | Wanicastraat | 1885-fallback-core-only || 5178 | 1885 | 2e BW 229 | Wanicastraat | 1885-fallback-core-only || 5179 | 1885 | 2e BW 229 | Wanicastraat | 1885-fallback-core-only || 5180 | 1885 | 2e BW 229 | Wanicastraat | 1885-fallback-core-only || 5181 | 1885 | 2e BW 229 | Wanicastraat | 1885-fallback-core-only || 5182 | 1885 | 2e BW 229 | Wanicastraat | 1885-fallback-core-only || 5183 | 1885 | 2e BW 229 | Wanicastraat | 1885-fallback-core-only
3111,TBW229p,Steenbakkersgracht,renumbered-1885,address,yes,matched,yes,11,4739 | 1885 | 2e BW 229 | Wanicastraat | 1885-fallback-core-only || 5177 | 1885 | 2e BW 229 | Wanicastraat | 1885-fallback-core-only || 5178 | 1885 | 2e BW 229 | Wanicastraat | 1885-fallback-core-only || 5179 | 1885 | 2e BW 229 | Wanicastraat | 1885-fallback-core-only || 5180 | 1885 | 2e BW 229 | Wanicastraat | 1885-fallback-core-only || 5181 | 1885 | 2e BW 229 | Wanicastraat | 1885-fallback-core-only || 5182 | 1885 | 2e BW 229 | Wanicastraat | 1885-fallback-core-only || 5183 | 1885 | 2e BW 229 | Wanicastraat | 1885-fallback-core-only
3112,TBW229q,Steenbakkersgracht,renumbered-1885,address,yes,matched,yes,11,4739 | 1885 | 2e BW 229 | Wanicastraat | 1885-fallback-core-only || 5177 | 1885 | 2e BW 229 | Wanicastraat | 1885-fallback-core-only || 5178 | 1885 | 2e BW 229 | Wanicastraat | 1885-fallback-core-only || 5179 | 1885 | 2e BW 229 | Wanicastraat | 1885-fallback-core-only || 5180 | 1885 | 2e BW 229 | Wanicastraat | 1885-fallback-core-only || 5181 | 1885 | 2e BW 229 | Wanicastraat | 1885-fallback-core-only || 5182 | 1885 | 2e BW 229 | Wanicastraat | 1885-fallback-core-only || 5183 | 1885 | 2e BW 229 | Wanicastraat | 1885-fallback-core-only
3113,TBW229r,Steenbakkersgracht,renumbered-1885,address,yes,matched,yes,11,4739 | 1885 | 2e BW 229 | Wanicastraat | 1885-fallback-core-only || 5177 | 1885 | 2e BW 229 | Wanicastraat | 1885-fallback-core-only || 5178 | 1885 | 2e BW 229 | Wanicastraat | 1885-fallback-core-only || 5179 | 1885 | 2e BW 229 | Wanicastraat | 1885-fallback-core-only || 5180 | 1885 | 2e BW 229 | Wanicastraat | 1885-fallback-core-only || 5181 | 1885 | 2e BW 229 | Wanicastraat | 1885-fallback-core-only || 5182 | 1885 | 2e BW 229 | Wanicastraat | 1885-fallback-core-only || 5183 | 1885 | 2e BW 229 | Wanicastraat | 1885-fallback-core-only
3114,TBW229s,Steenbakkersgracht,renumbered-1885,address,yes,matched,yes,11,4739 | 1885 | 2e BW 229 | Wanicastraat | 1885-fallback-core-only || 5177 | 1885 | 2e BW 229 | Wanicastraat | 1885-fallback-core-only || 5178 | 1885 | 2e BW 229 | Wanicastraat | 1885-fallback-core-only || 5179 | 1885 | 2e BW 229 | Wanicastraat | 1885-fallback-core-only || 5180 | 1885 | 2e BW 229 | Wanicastraat | 1885-fallback-core-only || 5181 | 1885 | 2e BW 229 | Wanicastraat | 1885-fallback-core-only || 5182 | 1885 | 2e BW 229 | Wanicastraat | 1885-fallback-core-only || 5183 | 1885 | 2e BW 229 | Wanicastraat | 1885-fallback-core-only
3115,TBW260b,Wanicastraat,renumbered-1885,address,yes,matched,yes,4,5195 | 1885 | 2e BW 260 a | Wanicastraat | 1885-fallback-core-only+street || 5196 | 1885 | 2e BW 260 | Wanicastraat | 1885-fallback-core-only+street || 5197 | 1885 | 2e BW 260 | Wanicastraat | 1885-fallback-core-only+street || 5198 | 1885 | 2e BW 260 b2a | Wanicastraat | 1885-fallback-core-only+street
3116,TBW259a2,Steenbakkersgracht,renumbered-1885,address,yes,matched,yes,10,4740 | 1885 | 2e BW 259 | Steenbakkersgracht | 1885-fallback-core-only+street || 4741 | 1885 | 2e BW 259 | Steenbakkersgracht | 1885-fallback-core-only+street || 4742 | 1885 | 2e BW 259 | Steenbakkersgracht | 1885-fallback-core-only+street || 5188 | 1885 | 2e BW 259 bb | Wanicastraat | 1885-fallback-core-only || 5189 | 1885 | 2e BW 259 | Wanicastraat | 1885-fallback-core-only || 5190 | 1885 | 2e BW 259 c | Wanicastraat | 1885-fallback-core-only || 5191 | 1885 | 2e BW 259 | Wanicastraat | 1885-fallback-core-only || 5192 | 1885 | 2e BW 259 | Wanicastraat | 1885-fallback-core-only
3117,TBW259c,Wanicastraat,renumbered-1885,address,yes,matched,yes,10,4740 | 1885 | 2e BW 259 | Steenbakkersgracht | 1885-fallback-core-only || 4741 | 1885 | 2e BW 259 | Steenbakkersgracht | 1885-fallback-core-only || 4742 | 1885 | 2e BW 259 | Steenbakkersgracht | 1885-fallback-core-only || 5188 | 1885 | 2e BW 259 bb | Wanicastraat | 1885-fallback-core-only+street || 5189 | 1885 | 2e BW 259 | Wanicastraat | 1885-fallback-core-only+street || 5190 | 1885 | 2e BW 259 c | Wanicastraat | 1885-exact-components+street || 5191 | 1885 | 2e BW 259 | Wanicastraat | 1885-fallback-core-only+street || 5192 | 1885 | 2e BW 259 | Wanicastraat | 1885-fallback-core-only+street
3118,TBW259d,Wanicastraat,renumbered-1885,address,yes,matched,yes,10,4740 | 1885 | 2e BW 259 | Steenbakkersgracht | 1885-fallback-core-only || 4741 | 1885 | 2e BW 259 | Steenbakkersgracht | 1885-fallback-core-only || 4742 | 1885 | 2e BW 259 | Steenbakkersgracht | 1885-fallback-core-only || 5188 | 1885 | 2e BW 259 bb | Wanicastraat | 1885-fallback-core-only+street || 5189 | 1885 | 2e BW 259 | Wanicastraat | 1885-fallback-core-only+street || 5190 | 1885 | 2e BW 259 c | Wanicastraat | 1885-fallback-core-only+street || 5191 | 1885 | 2e BW 259 | Wanicastraat | 1885-fallback-core-only+street || 5192 | 1885 | 2e BW 259 | Wanicastraat | 1885-fallback-core-only+street
3119,TBW259ba,Wanicastraat,renumbered-1885,address,yes,matched,yes,10,4740 | 1885 | 2e BW 259 | Steenbakkersgracht | 1885-fallback-core-only || 4741 | 1885 | 2e BW 259 | Steenbakkersgracht | 1885-fallback-core-only || 4742 | 1885 | 2e BW 259 | Steenbakkersgracht | 1885-fallback-core-only || 5188 | 1885 | 2e BW 259 bb | Wanicastraat | 1885-fallback-core-only+street || 5189 | 1885 | 2e BW 259 | Wanicastraat | 1885-fallback-core-only+street || 5190 | 1885 | 2e BW 259 c | Wanicastraat | 1885-fallback-core-only+street || 5191 | 1885 | 2e BW 259 | Wanicastraat | 1885-fallback-core-only+street || 5192 | 1885 | 2e BW 259 | Wanicastraat | 1885-fallback-core-only+street
3120,TBW259bb,Wanicastraat,renumbered-1885,address,yes,matched,yes,10,4740 | 1885 | 2e BW 259 | Steenbakkersgracht | 1885-fallback-core-only || 4741 | 1885 | 2e BW 259 | Steenbakkersgracht | 1885-fallback-core-only || 4742 | 1885 | 2e BW 259 | Steenbakkersgracht | 1885-fallback-core-only || 5188 | 1885 | 2e BW 259 bb | Wanicastraat | 1885-exact-components+street || 5189 | 1885 | 2e BW 259 | Wanicastraat | 1885-fallback-core-only+street || 5190 | 1885 | 2e BW 259 c | Wanicastraat | 1885-fallback-core-only+street || 5191 | 1885 | 2e BW 259 | Wanicastraat | 1885-fallback-core-only+street || 5192 | 1885 | 2e BW 259 | Wanicastraat | 1885-fallback-core-only+street
3121,TBW73a,Wanicastraat,renumbered-1885,address,yes,matched,yes,24,3955 | 1837 | 2e BW 255 | Van Lansbergestraat | 1837-exact-components || 3956 | 1837 | 2e BW 255 | Van Lansbergestraat | 1837-exact-components || 3959 | 1837 | 2e BW 255 | Van Lansbergestraat | 1837-exact-components || 4745 | 1837 | 2e BW 257 | Steenbakkersgracht | 1837-fallback-core-only || 4747 | 1837 | 2e BW 256 | Steenbakkersgracht | 1837-fallback-core-only || 4749 | 1837 | 2e BW 255 | Van Lansbergestraat | 1837-exact-components || 4942 | 1885 | 2e BW 73 ab | Wanicastraat | 1885-fallback-core-only+street || 4944 | 1885 | 2e BW 73 | Wanicastraat | 1885-fallback-core-only+street
3122,TBW73c,Wanicastraat,renumbered-1885,address,yes,matched,yes,24,3955 | 1837 | 2e BW 255 | Van Lansbergestraat | 1837-fallback-core-only || 3956 | 1837 | 2e BW 255 | Van Lansbergestraat | 1837-fallback-core-only || 3959 | 1837 | 2e BW 255 | Van Lansbergestraat | 1837-fallback-core-only || 4745 | 1837 | 2e BW 257 | Steenbakkersgracht | 1837-exact-components || 4747 | 1837 | 2e BW 256 | Steenbakkersgracht | 1837-fallback-core-only || 4749 | 1837 | 2e BW 255 | Van Lansbergestraat | 1837-fallback-core-only || 4942 | 1885 | 2e BW 73 ab | Wanicastraat | 1885-fallback-core-only+street || 4944 | 1885 | 2e BW 73 | Wanicastraat | 1885-fallback-core-only+street
3123,TBW73d,Wanicastraat,renumbered-1885,address,yes,matched,yes,24,3955 | 1837 | 2e BW 255 | Van Lansbergestraat | 1837-fallback-core-only || 3956 | 1837 | 2e BW 255 | Van Lansbergestraat | 1837-fallback-core-only || 3959 | 1837 | 2e BW 255 | Van Lansbergestraat | 1837-fallback-core-only || 4745 | 1837 | 2e BW 257 | Steenbakkersgracht | 1837-fallback-core-only || 4747 | 1837 | 2e BW 256 | Steenbakkersgracht | 1837-fallback-core-only || 4749 | 1837 | 2e BW 255 | Van Lansbergestraat | 1837-fallback-core-only || 4942 | 1885 | 2e BW 73 ab | Wanicastraat | 1885-fallback-core-only+street || 4944 | 1885 | 2e BW 73 | Wanicastraat | 1885-fallback-core-only+street
3124,TBW70,Rijweg naar Kwatta,renumbered-1885,address,yes,matched,yes,10,3957 | 1837 | 2e BW 252 a | Steenbakkersgracht | 1837-exact-components || 3958 | 1837 | 2e BW 252 b | Steenbakkersgracht | 1837-exact-components || 3960 | 1837 | 2e BW 252 | Steenbakkersgracht | 1837-exact-components || 4119 | 1885 | 2e BW 70 | Rijweg naar Kwatta | 1885-exact-components+street || 4121 | 1885 | 2e BW 70 | Rijweg naar Kwatta | 1885-exact-components+street || 4123 | 1885 | 2e BW 70 | Rijweg naar Kwatta | 1885-exact-components+street || 4754 | 1837 | 2e BW 252 | Steenbakkersgracht | 1837-exact-components || 4756 | 1837 | 2e BW 252 | Steenbakkersgracht | 1837-exact-components
3125,TBW17,Rijweg naar Kwatta,renumbered-1885,address,yes,matched,yes,15,4112 | 1837 | 2e BW 38 | Rijweg naar Kwatta | 1837-exact-components+street || 4113 | 1837 | 2e BW 38 | Rijweg naar Kwatta | 1837-fallback-core-only+street || 4120 | 1885 | 2e BW 17 | Rijweg naar Kwatta | 1885-exact-components+street || 4122 | 1885 | 2e BW 17 | Rijweg naar Kwatta | 1885-exact-components+street || 4366 | 1885 | 2e BW 17 a | Rijweg naar Kwatta | 1885-fallback-core-only+street || 4367 | 1885 | 2e BW 17 | Rijweg naar Kwatta | 1885-exact-components+street || 4368 | 1885 | 2e BW 17 | Rijweg naar Kwatta | 1885-exact-components+street || 4369 | 1885 | 2e BW 17 | Rijweg naar Kwatta | 1885-exact-components+street
3126,TBW59a1,Rijweg naar Kwatta,renumbered-1885,address,yes,matched,yes,5,4168 | 1885 | 2e BW 59 b | Rijweg naar Kwatta | 1885-fallback-core-only+street || 4169 | 1885 | 2e BW 59 a | Rijweg naar Kwatta | 1885-fallback-core-only+street || 4170 | 1885 | 2e BW 59 | Rijweg naar Kwatta | 1885-fallback-core-only+street || 4511 | 1837 | 2e BW 245 | Picorniestraat | 1837-fallback-core-only || 4636 | 1837 | 2e BW 245 | Picorniestraat | 1837-fallback-core-only
3127,TBW59b,Rijweg naar Kwatta,renumbered-1885,address,yes,matched,yes,5,4168 | 1885 | 2e BW 59 b | Rijweg naar Kwatta | 1885-exact-components+street || 4169 | 1885 | 2e BW 59 a | Rijweg naar Kwatta | 1885-fallback-core-only+street || 4170 | 1885 | 2e BW 59 | Rijweg naar Kwatta | 1885-fallback-core-only+street || 4511 | 1837 | 2e BW 245 | Picorniestraat | 1837-fallback-core-only || 4636 | 1837 | 2e BW 245 | Picorniestraat | 1837-fallback-core-only
3128,TBW60ab,Rijweg naar Kwatta,renumbered-1885,address,yes,matched,yes,2,4163 | 1885 | 2e BW 60 | Rijweg naar Kwatta | 1885-fallback-core-only+street || 4512 | 1837 | 2e BW 245 | Picorniestraat | 1837-fallback-core-only
3129,TBW90b,Koningsstraat,renumbered-1885,address,yes,matched,yes,4,4916 | 1837 | 2e BW 276 | Hoogestraat | 1837-fallback-core-only || 4919 | 1837 | 2e BW 276 | Hoogestraat | 1837-fallback-core-only || 5023 | 1885 | 2e BW 90 | Koningstraat | 1885-fallback-core-only || 5024 | 1885 | 2e BW 90 | Koningstraat | 1885-fallback-core-only
3130,TBW97b,Koningsstraat,renumbered-1885,address,yes,matched,yes,4,4902 | 1837 | 2e BW 285 | Hoogestraat | 1837-fallback-core-only || 4903 | 1837 | 2e BW 285 | Hoogestraat | 1837-fallback-core-only || 4905 | 1837 | 2e BW 285 | Hoogestraat | 1837-fallback-core-only || 5032 | 1885 | 2e BW 97 | Koningstraat | 1885-fallback-core-only
3131,TBW11b,Oude laan van Charlesburg,renumbered-1885,address,yes,matched,yes,7,3544 | 1885 | 2e BW 11 | Oude laan van Charlesburg | 1885-fallback-core-only+street || 3545 | 1885 | 2e BW 11 | Oude laan van Charlesburg | 1885-fallback-core-only+street || 4167 | 1837 | 2e BW 32 | Rijweg naar Kwatta | 1837-fallback-core-only || 4388 | 1885 | 2e BW 11 | Oude laan van Charlesburg | 1885-fallback-core-only+street || 4389 | 1885 | 2e BW 11 ab | Oude laan van Charlesburg | 1885-fallback-core-only+street || 4390 | 1885 | 2e BW 11 | Oude laan van Charlesburg | 1885-fallback-core-only+street || 4509 | 1885 | 2e BW 11 | Oude laan van Charlesburg | 1885-fallback-core-only+street
3132,TBW6fb,Weg naar Zee,renumbered-1885,address,yes,matched,yes,8,3951 | 1837 | 2e BW 20 | Rijweg naar Kwatta | 1837-fallback-core-only || 4128 | 1837 | 2e BW 20 | Rijweg naar Kwatta | 1837-fallback-core-only || 4365 | 1837 | 2e BW 20 | Rijweg naar Kwatta | 1837-fallback-core-only || 4383 | 1885 | 2e BW 6 | Weg naar Zee | 1885-fallback-core-only+street || 4414 | 1885 | 2e BW 6 b | Weg naar Zee | 1885-exact-components+street || 4416 | 1885 | 2e BW 6 | Weg naar Zee | 1885-fallback-core-only+street || 4418 | 1885 | 2e BW 6 | Weg naar Zee | 1885-fallback-core-only+street || 4420 | 1885 | 2e BW 6 c | Weg naar Zee | 1885-fallback-core-only+street
3133,TBW6fa,Weg naar Zee,renumbered-1885,address,yes,matched,yes,8,3951 | 1837 | 2e BW 20 | Rijweg naar Kwatta | 1837-fallback-core-only || 4128 | 1837 | 2e BW 20 | Rijweg naar Kwatta | 1837-fallback-core-only || 4365 | 1837 | 2e BW 20 | Rijweg naar Kwatta | 1837-fallback-core-only || 4383 | 1885 | 2e BW 6 | Weg naar Zee | 1885-fallback-core-only+street || 4414 | 1885 | 2e BW 6 b | Weg naar Zee | 1885-fallback-core-only+street || 4416 | 1885 | 2e BW 6 | Weg naar Zee | 1885-fallback-core-only+street || 4418 | 1885 | 2e BW 6 | Weg naar Zee | 1885-fallback-core-only+street || 4420 | 1885 | 2e BW 6 c | Weg naar Zee | 1885-fallback-core-only+street
3134,TBW6e,Weg naar Zee,renumbered-1885,address,yes,matched,yes,8,3951 | 1837 | 2e BW 20 | Rijweg naar Kwatta | 1837-fallback-core-only || 4128 | 1837 | 2e BW 20 | Rijweg naar Kwatta | 1837-fallback-core-only || 4365 | 1837 | 2e BW 20 | Rijweg naar Kwatta | 1837-fallback-core-only || 4383 | 1885 | 2e BW 6 | Weg naar Zee | 1885-fallback-core-only+street || 4414 | 1885 | 2e BW 6 b | Weg naar Zee | 1885-fallback-core-only+street || 4416 | 1885 | 2e BW 6 | Weg naar Zee | 1885-fallback-core-only+street || 4418 | 1885 | 2e BW 6 | Weg naar Zee | 1885-fallback-core-only+street || 4420 | 1885 | 2e BW 6 c | Weg naar Zee | 1885-fallback-core-only+street
3135,TBW6da,Weg naar Zee,renumbered-1885,address,yes,matched,yes,8,3951 | 1837 | 2e BW 20 | Rijweg naar Kwatta | 1837-fallback-core-only || 4128 | 1837 | 2e BW 20 | Rijweg naar Kwatta | 1837-fallback-core-only || 4365 | 1837 | 2e BW 20 | Rijweg naar Kwatta | 1837-fallback-core-only || 4383 | 1885 | 2e BW 6 | Weg naar Zee | 1885-fallback-core-only+street || 4414 | 1885 | 2e BW 6 b | Weg naar Zee | 1885-fallback-core-only+street || 4416 | 1885 | 2e BW 6 | Weg naar Zee | 1885-fallback-core-only+street || 4418 | 1885 | 2e BW 6 | Weg naar Zee | 1885-fallback-core-only+street || 4420 | 1885 | 2e BW 6 c | Weg naar Zee | 1885-fallback-core-only+street
3136,TBW6a,Weg naar Zee,renumbered-1885,address,yes,matched,yes,8,3951 | 1837 | 2e BW 20 | Rijweg naar Kwatta | 1837-fallback-core-only || 4128 | 1837 | 2e BW 20 | Rijweg naar Kwatta | 1837-fallback-core-only || 4365 | 1837 | 2e BW 20 | Rijweg naar Kwatta | 1837-fallback-core-only || 4383 | 1885 | 2e BW 6 | Weg naar Zee | 1885-fallback-core-only+street || 4414 | 1885 | 2e BW 6 b | Weg naar Zee | 1885-fallback-core-only+street || 4416 | 1885 | 2e BW 6 | Weg naar Zee | 1885-fallback-core-only+street || 4418 | 1885 | 2e BW 6 | Weg naar Zee | 1885-fallback-core-only+street || 4420 | 1885 | 2e BW 6 c | Weg naar Zee | 1885-fallback-core-only+street
3137,TBW6db,Weg naar Zee,renumbered-1885,address,yes,matched,yes,8,3951 | 1837 | 2e BW 20 | Rijweg naar Kwatta | 1837-fallback-core-only || 4128 | 1837 | 2e BW 20 | Rijweg naar Kwatta | 1837-fallback-core-only || 4365 | 1837 | 2e BW 20 | Rijweg naar Kwatta | 1837-fallback-core-only || 4383 | 1885 | 2e BW 6 | Weg naar Zee | 1885-fallback-core-only+street || 4414 | 1885 | 2e BW 6 b | Weg naar Zee | 1885-fallback-core-only+street || 4416 | 1885 | 2e BW 6 | Weg naar Zee | 1885-fallback-core-only+street || 4418 | 1885 | 2e BW 6 | Weg naar Zee | 1885-fallback-core-only+street || 4420 | 1885 | 2e BW 6 c | Weg naar Zee | 1885-fallback-core-only+street
3138,TBW6c,Weg naar Zee,renumbered-1885,address,yes,matched,yes,8,3951 | 1837 | 2e BW 20 | Rijweg naar Kwatta | 1837-fallback-core-only || 4128 | 1837 | 2e BW 20 | Rijweg naar Kwatta | 1837-fallback-core-only || 4365 | 1837 | 2e BW 20 | Rijweg naar Kwatta | 1837-fallback-core-only || 4383 | 1885 | 2e BW 6 | Weg naar Zee | 1885-fallback-core-only+street || 4414 | 1885 | 2e BW 6 b | Weg naar Zee | 1885-fallback-core-only+street || 4416 | 1885 | 2e BW 6 | Weg naar Zee | 1885-fallback-core-only+street || 4418 | 1885 | 2e BW 6 | Weg naar Zee | 1885-fallback-core-only+street || 4420 | 1885 | 2e BW 6 c | Weg naar Zee | 1885-exact-components+street
3139,TBW8b,Weg naar Zee,renumbered-1885,address,yes,matched,yes,18,4138 | 1837 | 2e BW 22 a | Rijweg naar Kwatta | 1837-fallback-core-only || 4140 | 1837 | 2e BW 22 b | Rijweg naar Kwatta | 1837-fallback-core-only || 4421 | 1885 | 2e BW 8 a | Weg naar Zee | 1885-fallback-core-only+street || 4427 | 1885 | 2e BW 8 a | Weg naar Zee | 1885-fallback-core-only+street || 4429 | 1885 | 2e BW 8 | Weg naar Zee | 1885-fallback-core-only+street || 4430 | 1885 | 2e BW 8 | Weg naar Zee | 1885-fallback-core-only+street || 4431 | 1885 | 2e BW 8 | Weg naar Zee | 1885-fallback-core-only+street || 4433 | 1885 | 2e BW 8 | Weg naar Zee | 1885-fallback-core-only+street
3140,TBW8c,Weg naar Zee,renumbered-1885,address,yes,matched,yes,18,4138 | 1837 | 2e BW 22 a | Rijweg naar Kwatta | 1837-fallback-core-only || 4140 | 1837 | 2e BW 22 b | Rijweg naar Kwatta | 1837-fallback-core-only || 4421 | 1885 | 2e BW 8 a | Weg naar Zee | 1885-fallback-core-only+street || 4427 | 1885 | 2e BW 8 a | Weg naar Zee | 1885-fallback-core-only+street || 4429 | 1885 | 2e BW 8 | Weg naar Zee | 1885-fallback-core-only+street || 4430 | 1885 | 2e BW 8 | Weg naar Zee | 1885-fallback-core-only+street || 4431 | 1885 | 2e BW 8 | Weg naar Zee | 1885-fallback-core-only+street || 4433 | 1885 | 2e BW 8 | Weg naar Zee | 1885-fallback-core-only+street
3141,TBW8d,Weg naar Zee,renumbered-1885,address,yes,matched,yes,18,4138 | 1837 | 2e BW 22 a | Rijweg naar Kwatta | 1837-fallback-core-only || 4140 | 1837 | 2e BW 22 b | Rijweg naar Kwatta | 1837-fallback-core-only || 4421 | 1885 | 2e BW 8 a | Weg naar Zee | 1885-fallback-core-only+street || 4427 | 1885 | 2e BW 8 a | Weg naar Zee | 1885-fallback-core-only+street || 4429 | 1885 | 2e BW 8 | Weg naar Zee | 1885-fallback-core-only+street || 4430 | 1885 | 2e BW 8 | Weg naar Zee | 1885-fallback-core-only+street || 4431 | 1885 | 2e BW 8 | Weg naar Zee | 1885-fallback-core-only+street || 4433 | 1885 | 2e BW 8 | Weg naar Zee | 1885-fallback-core-only+street
3142,TBW26b,Rijweg naar Kwatta,renumbered-1885,address,yes,matched,yes,8,4151 | 1885 | 2e BW 26 | Rijweg naar Kwatta | 1885-fallback-core-only+street || 4154 | 1837 | 2e BW 62 | Rijweg naar Kwatta | 1837-exact-components+street || 4155 | 1837 | 2e BW 62 | Rijweg naar Kwatta | 1837-exact-components+street || 4156 | 1837 | 2e BW 61 | Rijweg naar Kwatta | 1837-fallback-core-only+street || 4157 | 1837 | 2e BW 61 | Rijweg naar Kwatta | 1837-fallback-core-only+street || 4159 | 1837 | 2e BW 61 | Rijweg naar Kwatta | 1837-fallback-core-only+street || 4697 | 1885 | 2e BW 26 | Rijweg naar Kwatta | 1885-fallback-core-only+street || 4698 | 1885 | 2e BW 26 | Rijweg naar Kwatta | 1885-fallback-core-only+street
3143,D168,Steenbakkersgracht,older-regime,address,yes,matched,yes,1,1566 | 1837 | D.168 | Steenbakkersgracht | 1837-exact-components+street