lpId,wijk1885,huisnummer1885,toevoeging1885,adres1885,normalizedAdres1885,straatnaam1885,normalizedStraatnaam1885,beschrijving1885,redCommentaar,zoneType,normalizedLpArea,normalizedLpNumber,normalizedLpSuffix,normalizedLpCore,lpAddressStatus,isLinkableAddress,hasGeometry,lng,lat
1,A,44,,A44,a44,Gouvernementsplein,gouvernementsplein,Secretarie,,older-regime,a,44,,a44,address,yes,yes,-55.152130762673316,5.826906830255269
2,A,45,,A45,a45,Gouvernementsplein,gouvernementsplein,Administr. van Finantien,,older-regime,a,45,,a45,address,yes,yes,-55.152314898086566,5.826635979313007
3,A,96,,A96,a96,Gouvernementsplein,gouvernementsplein,,,older-regime,a,96,,a96,address,yes,yes,-55.15193553711327,5.825937269182105
4,A,97,,A97,a97,Gouvernementsplein,gouvernementsplein,,,older-regime,a,97,,a97,address,yes,yes,-55.15177340760394,5.825822941419229
5,A,1,a,A1a,a1a,Gravenstraat,gravenstraat,Koloniale Staten enz.,,older-regime,a,1,a,a1,address,yes,yes,-55.15215803755116,5.827318231672349
6,A,2,,A2,a2,Gravenstraat,gravenstraat,Loge Concordia,,older-regime,a,2,,a2,address,yes,yes,-55.15239832414455,5.827417723892446
7,A,12,,A12,a12,Gravenstraat,gravenstraat,R.C. Kerk,,older-regime,a,12,,a12,address,yes,yes,-55.15405164858723,5.828407070278399
8,A,11,,A11,a11,Gravenstraat,gravenstraat,,,older-regime,a,11,,a11,address,yes,yes,-55.153635370829285,5.828088387831492
9,A,10,,A10,a10,Gravenstraat,gravenstraat,,,older-regime,a,10,,a10,address,yes,yes,-55.153509568889646,5.828032537398811
10,A,9,,A9,a9,Gravenstraat,gravenstraat,,,older-regime,a,9,,a9,address,yes,yes,-55.153372388961664,5.827953709776463
11,A,8,,A8,a8,Gravenstraat,gravenstraat,,,older-regime,a,8,,a8,address,yes,yes,-55.15324471575496,5.827886383234954
12,A,7,,A7,a7,Gravenstraat,gravenstraat,,,older-regime,a,7,,a7,address,yes,yes,-55.1531590494397,5.827815371102388
13,A,6,,A6,a6,Gravenstraat,gravenstraat,,,older-regime,a,6,,a6,address,yes,yes,-55.15305997130928,5.827759608226251
14,A,5,,A5,a5,Gravenstraat,gravenstraat,,,older-regime,a,5,,a5,address,yes,yes,-55.15286756037044,5.827642366315904
15,A,4,,A4,a4,Gravenstraat,gravenstraat,,,older-regime,a,4,,a4,address,yes,yes,-55.15267277454517,5.827641241955976
16,A,3,,A3,a3,Gravenstraat,gravenstraat,,,older-regime,a,3,,a3,address,yes,yes,-55.15257956989503,5.82756480561102
17,A,13,,A13,a13,Gravenstraat,gravenstraat,Surin. Bank,,older-regime,a,13,,a13,address,yes,yes,-55.15434059440779,5.828550053777235
18,A,14,,A14,a14,Gravenstraat,gravenstraat,,,older-regime,a,14,,a14,address,yes,yes,-55.15452826025002,5.828649844344135
19,A,15,,A15,a15,Gravenstraat,gravenstraat,,,older-regime,a,15,,a15,address,yes,yes,-55.154642534489156,5.828728596727561
20,A,16,,A16,a16,Gravenstraat,gravenstraat,Kraam inrichting v.h. Gouvt.,,older-regime,a,16,,a16,address,yes,yes,-55.15483878893067,5.828838204220085
21,A,17,,A17,a17,Gravenstraat,gravenstraat,,,older-regime,a,17,,a17,address,yes,yes,-55.15495251541711,5.828908814252586
22,A,18,,A18,a18,Gravenstraat,gravenstraat,,,older-regime,a,18,,a18,address,yes,yes,-55.15510586593661,5.828990817550967
23,A,19,a,A19a,a19a,Gravenstraat,gravenstraat,,,older-regime,a,19,a,a19,address,yes,yes,-55.15530525752005,5.829090822129315
24,A,20,b,A20b,a20b,Gravenstraat,gravenstraat,,,older-regime,a,20,b,a20,address,yes,yes,-55.155436523706925,5.82915836008152
25,A,26,,A26,a26,Gravenstraat,gravenstraat,,,older-regime,a,26,,a26,address,yes,yes,-55.15593705012613,5.82942549149289
26,A,25,,A25,a25,Gravenstraat,gravenstraat,,,older-regime,a,25,,a25,address,yes,yes,-55.15589219067945,5.829418890989902
27,A,21,c,A21c,a21c,Gravenstraat,gravenstraat,,,older-regime,a,21,c,a21,address,yes,yes,-55.155564060673484,5.829243062006825
28,A,22,,A22,a22,Gravenstraat,gravenstraat,,,older-regime,a,22,,a22,address,yes,yes,-55.155700836894795,5.829310893411281
29,A,23,,A23,a23,Gravenstraat,gravenstraat,,,older-regime,a,23,,a23,address,yes,yes,-55.155800062776336,5.829348338647833
30,A,24,,A24,a24,Gravenstraat,gravenstraat,,,older-regime,a,24,,a24,address,yes,yes,-55.15584933954912,5.829400826177816
31,A,28,,A28,a28,Gravenstraat,gravenstraat,,,older-regime,a,28,,a28,address,yes,yes,-55.15564531883485,5.829004324268358
32,A,29,a,A29a,a29a,Gravenstraat,gravenstraat,,,older-regime,a,29,a,a29,address,yes,yes,-55.15552326539827,5.828969514681155
33,A,30,,A30,a30,Gravenstraat,gravenstraat,,,older-regime,a,30,,a30,address,yes,yes,-55.1553689115388,5.828888719491427
34,A,31,,A31,a31,Gravenstraat,gravenstraat,,,older-regime,a,31,,a31,address,yes,yes,-55.155233664861214,5.828802251890776
35,A,32,,A32,a32,Gravenstraat,gravenstraat,,,older-regime,a,32,,a32,address,yes,yes,-55.155067427193714,5.828694526687544
36,A,33,,A33,a33,Gravenstraat,gravenstraat,,,older-regime,a,33,,a33,address,yes,yes,-55.15490065978878,5.828615602410832
37,A,34,b,A34b,a34b,Gravenstraat,gravenstraat,,Ligging gegokt,older-regime,a,34,b,a34,address,yes,yes,-55.154675816510355,5.828492519709075
38,A,35,,A35,a35,Gravenstraat,gravenstraat,,,older-regime,a,35,,a35,address,yes,yes,-55.15439048969139,5.828270789131097
39,A,36,,A36,a36,Gravenstraat,gravenstraat,Geestelijke woningen,,older-regime,a,36,,a36,address,yes,yes,-55.15426240030701,5.82824993737085
40,A,37,,A37,a37,Gravenstraat,gravenstraat,Geestelijke woningen,,older-regime,a,37,,a37,address,yes,yes,-55.1540875269961,5.82815701389208
41,A,38,,A38,a38,Gravenstraat,gravenstraat,Geestelijke woningen,,older-regime,a,38,,a38,address,yes,yes,-55.15387406237202,5.827997439013482
42,A,39,,A39,a39,Gravenstraat,gravenstraat,,,older-regime,a,39,,a39,address,yes,yes,-55.15350042114204,5.827758508218609
43,A,40,,A40,a40,Gravenstraat,gravenstraat,,,older-regime,a,40,,a40,address,yes,yes,-55.1532993096306,5.827683961021283
44,A,41,,A41,a41,Gravenstraat,gravenstraat,,,older-regime,a,41,,a41,address,yes,yes,-55.15313920247855,5.827576165125074
45,A,42,,A42,a42,Gravenstraat,gravenstraat,,,older-regime,a,42,,a42,address,yes,yes,-55.153023296148625,5.827507675021028
46,A,48,,A48,a48,Heerenstraat,heerenstraat,,,older-regime,a,48,,a48,address,yes,yes,-55.15295677334502,5.826628525873191
47,A,49,,A49,a49,Heerenstraat,heerenstraat,,,older-regime,a,49,,a49,address,yes,yes,-55.153182757712166,5.826689770745967
48,A,50,,A50,a50,Heerenstraat,heerenstraat,,,older-regime,a,50,,a50,address,yes,yes,-55.15327107998553,5.826738625033133
49,A,51,,A51,a51,Heerenstraat,heerenstraat,,,older-regime,a,51,,a51,address,yes,yes,-55.15333292541288,5.826788570298164
50,A,52,,A52,a52,Heerenstraat,heerenstraat,,,older-regime,a,52,,a52,address,yes,yes,-55.15344480290968,5.826823202939735
51,A,53,,A53,a53,Heerenstraat,heerenstraat,,,older-regime,a,53,,a53,address,yes,yes,-55.15359092946266,5.826928428603915
52,A,54,,A54,a54,Heerenstraat,heerenstraat,,,older-regime,a,54,,a54,address,yes,yes,-55.15368991818911,5.8269835909975
53,A,55,,A55,a55,Heerenstraat,heerenstraat,,,older-regime,a,55,,a55,address,yes,yes,-55.15380353406639,5.827067521739191
54,A,56,b,A56b,a56b,Heerenstraat,heerenstraat,,,older-regime,a,56,b,a56,address,yes,yes,-55.15422475320472,5.827383103902226
55,A,57,,A57,a57,Heerenstraat,heerenstraat,,,older-regime,a,57,,a57,address,yes,yes,-55.15435125434097,5.827448317057989
56,A,58,,A58,a58,Heerenstraat,heerenstraat,,,older-regime,a,58,,a58,address,yes,yes,-55.15447538614382,5.827514168116416
57,A,59,a,A59a,a59a,Heerenstraat,heerenstraat,,,older-regime,a,59,a,a59,address,yes,yes,-55.15455283553902,5.827566297517033
58,A,60,a,A60a,a60a,Heerenstraat,heerenstraat,,,older-regime,a,60,a,a60,address,yes,yes,-55.15481695514171,5.827688885901524
59,A,66,,A66,a66,Heerenstraat,heerenstraat,,,older-regime,a,66,,a66,address,yes,yes,-55.15501666538372,5.827804107775433
60,A,67,,A67,a67,Heerenstraat,heerenstraat,,,older-regime,a,67,,a67,address,yes,yes,-55.15511476237697,5.827865011083513
61,A,68,,A68,a68,Heerenstraat,heerenstraat,,,older-regime,a,68,,a68,address,yes,yes,-55.15524417050579,5.827933365670453
62,A,69,b,A69b,a69b,Heerenstraat,heerenstraat,,,older-regime,a,69,b,a69,address,yes,yes,-55.15539944324041,5.828036483431926
63,A,70,,A70,a70,Heerenstraat,heerenstraat,,,older-regime,a,70,,a70,address,yes,yes,-55.15570389367644,5.828188559525536
64,A,71,,A71,a71,Heerenstraat,heerenstraat,,,older-regime,a,71,,a71,address,yes,yes,-55.15582931615394,5.828286617789299
65,A,72,,A72,a72,Heerenstraat,heerenstraat,,,older-regime,a,72,,a72,address,yes,yes,-55.15598037316416,5.82839629183657
66,A,73,,A73,a73,Heerenstraat,heerenstraat,,,older-regime,a,73,,a73,address,yes,yes,-55.156101920016745,5.828450790914025
67,A,74,,A74,a74,Heerenstraat,heerenstraat,Nederl. Portug. Isr. Gemeente,,older-regime,a,74,,a74,address,yes,yes,-55.15619855784039,5.828798363338082
68,A,75,,A75,a75,Heerenstraat,heerenstraat,,,older-regime,a,75,,a75,address,yes,yes,-55.156601651006994,5.828406837062321
69,A,76,,A76,a76,Heerenstraat,heerenstraat,,,older-regime,a,76,,a76,address,yes,yes,-55.15644830555079,5.828328596467927
70,A,77,,A77,a77,Heerenstraat,heerenstraat,,,older-regime,a,77,,a77,address,yes,yes,-55.156362369780055,5.828273599744556
71,A,78,,A78,a78,Heerenstraat,heerenstraat,,,older-regime,a,78,,a78,address,yes,yes,-55.15632165054408,5.828222401295309
72,A,79,,A79,a79,Heerenstraat,heerenstraat,,,older-regime,a,79,,a79,address,yes,yes,-55.156224978727906,5.828192092580999
73,A,80,,A80,a80,Heerenstraat,heerenstraat,,,older-regime,a,80,,a80,address,yes,yes,-55.156126998746025,5.828132299116988
74,A,81,,A81,a81,Heerenstraat,heerenstraat,,,older-regime,a,81,,a81,address,yes,yes,-55.15587544152292,5.827998587542875
75,A,82,,A82,a82,Heerenstraat,heerenstraat,,,older-regime,a,82,,a82,address,yes,yes,-55.15580940852081,5.827965216490681
76,A,83,,A83,a83,Heerenstraat,heerenstraat,,,older-regime,a,83,,a83,address,yes,yes,-55.15575674271516,5.827935772187392
77,A,84,,A84,a84,Heerenstraat,heerenstraat,,,older-regime,a,84,,a84,address,yes,yes,-55.15570040517877,5.827903032079563
78,A,85,,A85,a85,Heerenstraat,heerenstraat,,,older-regime,a,85,,a85,address,yes,yes,-55.1556128171149,5.827835837246409
79,A,86,,A86,a86,Heerenstraat,heerenstraat,Kolon. Staten,,older-regime,a,86,,a86,address,yes,yes,-55.15538036347971,5.827705083297578
80,A,87,,A87,a87,Heerenstraat,heerenstraat,,,older-regime,a,87,,a87,address,yes,yes,-55.15466398876369,5.827220762741157
81,A,88,,A88,a88,Heerenstraat,heerenstraat,,,older-regime,a,88,,a88,address,yes,yes,-55.15448028701338,5.827136284542595
82,A,89,,A89,a89,Heerenstraat,heerenstraat,,,older-regime,a,89,,a89,address,yes,yes,-55.15440486105756,5.82708876957337
83,A,90,c,A90c,a90c,Heerenstraat,heerenstraat,,,older-regime,a,90,c,a90,address,yes,yes,-55.15381658476533,5.826775444531216
84,A,91,,A91,a91,Heerenstraat,heerenstraat,,,older-regime,a,91,,a91,address,yes,yes,-55.15359973684803,5.826622922016396
85,A,92,,A92,a92,Heerenstraat,heerenstraat,,,older-regime,a,92,,a92,address,yes,yes,-55.1534678331823,5.826585550868523
86,A,94,,A94,a94,Heerenstraat,heerenstraat,,,older-regime,a,94,,a94,address,yes,yes,-55.15307519054212,5.826438676002089
87,A,93,a,A93a,a93a,Heerenstraat,heerenstraat,,,older-regime,a,93,a,a93,address,yes,yes,-55.15327194169527,5.826530411856182
88,A,266,,A266,a266,Hofstraat,hofstraat,,,older-regime,a,266,,a266,address,yes,yes,-55.15482823949539,5.826654074069265
89,A,267,,A267,a267,Hofstraat,hofstraat,,,older-regime,a,267,,a267,address,yes,yes,-55.15491778097802,5.826712962615442
90,A,268,,A268,a268,Hofstraat,hofstraat,,,older-regime,a,268,,a268,address,yes,yes,-55.15501483175566,5.82679902918804
91,A,141,,A141,a141,Keizerstraat,keizerstraat,,,older-regime,a,141,,a141,address,yes,yes,-55.15421779365788,5.825313457601757
92,A,142,,A142,a142,Keizerstraat,keizerstraat,,,older-regime,a,142,,a142,address,yes,yes,-55.15432204822076,5.825377629696317
93,A,143,,A143,a143,Keizerstraat,keizerstraat,,,older-regime,a,143,,a143,address,yes,yes,-55.15447030975426,5.825468868392613
94,A,144,,A144,a144,Keizerstraat,keizerstraat,,,older-regime,a,144,,a144,address,yes,yes,-55.15459925678655,5.825537867156942
95,A,145,,A145,a145,Keizerstraat,keizerstraat,,,older-regime,a,145,,a145,address,yes,yes,-55.15473291373906,5.825626178260933
96,A,146,a,A146a,a146a,Keizerstraat,keizerstraat,,,older-regime,a,146,a,a146,address,yes,yes,-55.15485104412362,5.825681423641591
97,A,147,,A147,a147,Keizerstraat,keizerstraat,,,older-regime,a,147,,a147,address,yes,yes,-55.15526201889069,5.825949794134705
98,A,148,,A148,a148,Keizerstraat,keizerstraat,,,older-regime,a,148,,a148,address,yes,yes,-55.15549845352751,5.826070384582938
99,A,153,,A153,a153,Keizerstraat,keizerstraat,,,older-regime,a,153,,a153,address,yes,yes,-55.15607567455362,5.826461297103418
100,A,150,b,A150b,a150b,Keizerstraat,keizerstraat,,,older-regime,a,150,b,a150,address,yes,yes,-55.15577509340494,5.82624438965648
101,A,151,a,A151a,a151a,Korte Kerkstraat,korte kerkstraat,,,older-regime,a,151,a,a151,address,yes,yes,-55.155739097062856,5.826351065103537
102,A,149,,A149,a149,Keizerstraat,keizerstraat,,,older-regime,a,149,,a149,address,yes,yes,-55.155641800821556,5.826159205693766
103,A,152,,A152,a152,Korte Kerkstraat,korte kerkstraat,,,older-regime,a,152,,a152,address,yes,yes,-55.15563049110773,5.826489012489862
104,A,154,,A154,a154,Keizerstraat,keizerstraat,,,older-regime,a,154,,a154,address,yes,yes,-55.15619237103109,5.826221862245743
105,A,155,,A155,a155,Keizerstraat,keizerstraat,,,older-regime,a,155,,a155,address,yes,yes,-55.15609107818202,5.826163983093736
106,A,156,,A156,a156,Keizerstraat,keizerstraat,,,older-regime,a,156,,a156,address,yes,yes,-55.15597482224632,5.826088726843242
107,A,157,,A157,a157,Keizerstraat,keizerstraat,,,older-regime,a,157,,a157,address,yes,yes,-55.15578487288183,5.825997597301497
108,A,158,a,A158a,a158a,Keizerstraat,keizerstraat,,,older-regime,a,158,a,a158,address,yes,yes,-55.155621201121086,5.825919610253408
109,A,159,,A159,a159,Keizerstraat,keizerstraat,,,older-regime,a,159,,a159,address,yes,yes,-55.15550978911614,5.825852046563983
110,A,160,,A160,a160,Keizerstraat,keizerstraat,,,older-regime,a,160,,a160,address,yes,yes,-55.15544433756181,5.825820203017603
111,A,161,,A161,a161,Keizerstraat,keizerstraat,,,older-regime,a,161,,a161,address,yes,yes,-55.15537300720123,5.825785188599444
112,A,162,,A162,a162,Keizerstraat,keizerstraat,,,older-regime,a,162,,a162,address,yes,yes,-55.154905081345966,5.825490057960992
113,A,163,a,A163a,a163a,Keizerstraat,keizerstraat,,,older-regime,a,163,a,a163,address,yes,yes,-55.154791886076055,5.825424523857357
114,A,164,,A164,a164,Keizerstraat,keizerstraat,,,older-regime,a,164,,a164,address,yes,yes,-55.15465337081155,5.825350053285047
115,A,240,,A240,a240,Keizerstraat,keizerstraat,,,older-regime,a,240,,a240,address,yes,yes,-55.156334725921084,5.826555477799415
116,A,241,,A241,a241,Keizerstraat,keizerstraat,,,older-regime,a,241,,a241,address,yes,yes,-55.15647721480967,5.826633109453716
117,A,242,,A242,a242,Keizerstraat,keizerstraat,,,older-regime,a,242,,a242,address,yes,yes,-55.156631992560605,5.826713206585015
118,A,243,,A243,a243,Keizerstraat,keizerstraat,,,older-regime,a,243,,a243,address,yes,yes,-55.15678053864625,5.826818833880141
119,A,244,,A244,a244,Keizerstraat,keizerstraat,,,older-regime,a,244,,a244,address,yes,yes,-55.156969226460205,5.826907387550827
120,A,245,,A245,a245,Keizerstraat,keizerstraat,,,older-regime,a,245,,a245,address,yes,yes,-55.157183403839504,5.827018890111639
121,A,246,a,A246a,a246a,Keizerstraat,keizerstraat,,,older-regime,a,246,a,a246,address,yes,yes,-55.157308221343946,5.827093689859635
122,A,260,,A260,a260,Oude Oranjetuin,oude oranjetuin,,,older-regime,a,260,,a260,address,yes,yes,-55.15562280111278,5.827367058614158
123,A,261,,A261,a261,Oude Oranjetuin,oude oranjetuin,,,older-regime,a,261,,a261,address,yes,yes,-55.15568307243056,5.827281686507629
124,A,262,,A262,a262,Oude Oranjetuin,oude oranjetuin,Hoofdwacht der Schutterij,,older-regime,a,262,,a262,address,yes,yes,-55.155789966214435,5.827175351915353
125,A,263,,A263,a263,Oude Oranjetuin,oude oranjetuin,,,older-regime,a,263,,a263,address,yes,yes,-55.1558082795405,5.827079330176905
126,A,264,,A264,a264,Oude Oranjetuin,oude oranjetuin,,,older-regime,a,264,,a264,address,yes,yes,-55.15594012487549,5.826694029002295
127,A,265,,A265,a265,Oude Oranjetuin,oude oranjetuin,,,older-regime,a,265,,a265,address,yes,yes,-55.15535788976619,5.826599160755815
128,A,247,,A247,a247,Klipsteenstraat,klipsteenstraat,,,older-regime,a,247,,a247,address,yes,yes,-55.157264777834456,5.827419722094492
129,A,249,,A249,a249,Klipsteenstraat,klipsteenstraat,,,older-regime,a,249,,a249,address,yes,yes,-55.1570262933916,5.827822987367707
130,A,250,,A250,a250,Klipsteenstraat,klipsteenstraat,,,older-regime,a,250,,a250,address,yes,yes,-55.15697641105091,5.827909783659026
131,A,251,,A251,a251,Klipsteenstraat,klipsteenstraat,,,older-regime,a,251,,a251,address,yes,yes,-55.15683246187246,5.82812202496203
132,A,221,,A221,a221,Waterkant,waterkant,,,older-regime,a,221,,a221,address,yes,yes,-55.15584141336076,5.824765363360433
133,A,222,b,A222b,a222b,Waterkant,waterkant,,,older-regime,a,222,b,a222,address,yes,yes,-55.15608397510548,5.824618824375702
134,A,223,,A223,a223,Waterkant,waterkant,,,older-regime,a,223,,a223,address,yes,yes,-55.156208258117616,5.824571540893189
135,A,224,a,A224a,a224a,Waterkant,waterkant,,,older-regime,a,224,a,a224,address,yes,yes,-55.156352539001695,5.824570838893298
136,A,225,a,A225a,a225a,Knuffelsgracht,knuffelsgracht,,,older-regime,a,225,a,a225,address,yes,yes,-55.15643559322889,5.824628689401913
137,A,226,,A226,a226,Knuffelsgracht,knuffelsgracht,,,older-regime,a,226,,a226,address,yes,yes,-55.15647342714501,5.824909020622471
138,A,227,,A227,a227,Knuffelsgracht,knuffelsgracht,,,older-regime,a,227,,a227,address,yes,yes,-55.15649587256511,5.825039204059037
139,A,228,,A228,a228,Knuffelsgracht,knuffelsgracht,,,older-regime,a,228,,a228,address,yes,yes,-55.15651063463524,5.825157050074531
140,A,229,,A229,a229,Knuffelsgracht,knuffelsgracht,,,older-regime,a,229,,a229,address,yes,yes,-55.15655813879039,5.825322938282284
141,A,231,c,A231c,a231c,Knuffelsgracht,knuffelsgracht,,,older-regime,a,231,c,a231,address,yes,yes,-55.156689922705574,5.82564128552598
142,A,232,b,A232b,a232b,Knuffelsgracht,knuffelsgracht,,,older-regime,a,232,b,a232,address,yes,yes,-55.15671768485794,5.825756614199163
143,A,233,,A233,a233,Knuffelsgracht,knuffelsgracht,,,older-regime,a,233,,a233,address,yes,yes,-55.156607130442524,5.82585728973896
144,A,234,,A234,a234,Knuffelsgracht,knuffelsgracht,,,older-regime,a,234,,a234,address,yes,yes,-55.15656873854047,5.82588698280033
145,A,235,,A235,a235,Knuffelsgracht,knuffelsgracht,,,older-regime,a,235,,a235,address,yes,yes,-55.156522812087445,5.825940246689867
146,A,236,,A236,a236,Knuffelsgracht,knuffelsgracht,,,older-regime,a,236,,a236,address,yes,yes,-55.15646566778158,5.825976208931556
147,A,237,,A237,a237,Knuffelsgracht,knuffelsgracht,,,older-regime,a,237,,a237,address,yes,yes,-55.15641594759227,5.826033585615559
148,A,238,,A238,a238,Knuffelsgracht,knuffelsgracht,,,older-regime,a,238,,a238,address,yes,yes,-55.15635827713529,5.826082687618726
149,A,239,,A239,a239,Knuffelsgracht,knuffelsgracht,,,older-regime,a,239,,a239,address,yes,yes,-55.15628836347378,5.826163482220863
150,A,123,,A123,a123,Kromme Elleboogstraat,kromme elleboogstraat,,,older-regime,a,123,,a123,address,yes,yes,-55.15381539069671,5.825757034962734
151,A,124,,A124,a124,Kromme Elleboogstraat,kromme elleboogstraat,,,older-regime,a,124,,a124,address,yes,yes,-55.15383773186841,5.825955871390804
152,A,125,,A125,a125,Kromme Elleboogstraat,kromme elleboogstraat,,,older-regime,a,125,,a125,address,yes,yes,-55.15386454127444,5.826159176053213
153,A,126,,A126,a126,Kromme Elleboogstraat,kromme elleboogstraat,,,older-regime,a,126,,a126,address,yes,yes,-55.153842200102744,5.826333437192421
154,A,127,,A127,a127,Kromme Elleboogstraat,kromme elleboogstraat,,,older-regime,a,127,,a127,address,yes,yes,-55.15374836718163,5.82647195245692
155,A,128,,A128,a128,Kromme Elleboogstraat,kromme elleboogstraat,,,older-regime,a,128,,a128,address,yes,yes,-55.15368581190089,5.826543444206338
156,A,129,,A129,a129,Kromme Elleboogstraat,kromme elleboogstraat,,,older-regime,a,129,,a129,address,yes,yes,-55.15387204868465,5.826647379060496
157,A,130,,A130,a130,Kromme Elleboogstraat,kromme elleboogstraat,,,older-regime,a,130,,a130,address,yes,yes,-55.153985726601995,5.826545537955976
158,A,131,,A131,a131,Oude Hofstraat,oude hofstraat,,,older-regime,a,131,,a131,address,yes,yes,-55.15435552911574,5.826387146538888
159,A,132,,A132,a132,Kromme Elleboogstraat,kromme elleboogstraat,,,older-regime,a,132,,a132,address,yes,yes,-55.154135264618304,5.826185548172933
160,A,133,,A133,a133,Kromme Elleboogstraat,kromme elleboogstraat,,,older-regime,a,133,,a133,address,yes,yes,-55.15412777816557,5.826026028320114
161,A,134,,A134,a134,Kromme Elleboogstraat,kromme elleboogstraat,,,older-regime,a,134,,a134,address,yes,yes,-55.15409700102231,5.825925506577216
162,A,135,,A135,a135,Kromme Elleboogstraat,kromme elleboogstraat,,,older-regime,a,135,,a135,address,yes,yes,-55.15408849968107,5.825820991926788
163,A,136,,A136,a136,Kromme Elleboogstraat,kromme elleboogstraat,,,older-regime,a,136,,a136,address,yes,yes,-55.154079042003026,5.825713356032307
164,A,137,,A137,a137,Kromme Elleboogstraat,kromme elleboogstraat,,,older-regime,a,137,,a137,address,yes,yes,-55.15406646072417,5.825594325649972
165,A,138,,A138,a138,Kromme Elleboogstraat,kromme elleboogstraat,,,older-regime,a,138,,a138,address,yes,yes,-55.15404287202365,5.825397490416493
166,A,61,,A61,a61,Noorderkerkstraat,noorderkerkstraat,,,older-regime,a,61,,a61,address,yes,yes,-55.15454389907035,5.828050356237057
167,A,64,,A64,a64,Noorderkerkstraat,noorderkerkstraat,,,older-regime,a,64,,a64,address,yes,yes,-55.15469126078917,5.828218597815825
168,A,65,b,A65b,a65b,Noorderkerkstraat,noorderkerkstraat,,,older-regime,a,65,b,a65,address,yes,yes,-55.15478816254754,5.828092059757549
169,A,47,a,A47a,a47a,Oranjestraat,oranjestraat,,,older-regime,a,47,a,a47,address,yes,yes,-55.15273798769183,5.826587009491146
170,A,103,,A103,a103,Oranjestraat,oranjestraat,,,older-regime,a,103,,a103,address,yes,yes,-55.15268464023242,5.825408431219617
171,A,104,,A104,a104,Oranjestraat,oranjestraat,,,older-regime,a,104,,a104,address,yes,yes,-55.152653856062365,5.825700782807463
172,A,105,,A105,a105,Oranjestraat,oranjestraat,Brandsp. huis,,older-regime,a,105,,a105,address,yes,yes,-55.152610523919584,5.825915945765757
173,A,106,,A106,a106,Oranjestraat,oranjestraat,,,older-regime,a,106,,a106,address,yes,yes,-55.152604833400986,5.826011309758395
174,A,107,,A107,a107,Oranjestraat,oranjestraat,,,older-regime,a,107,,a107,address,yes,yes,-55.15255088037887,5.826183751342077
175,A,108,,A108,a108,Oranjestraat,oranjestraat,,,older-regime,a,108,,a108,address,yes,yes,-55.15257241313194,5.827219776621484
176,A,109,,A109,a109,Oranjestraat,oranjestraat,,,older-regime,a,109,,a109,address,yes,yes,-55.152628526682186,5.826997566962519
177,A,110,,A110,a110,Oranjestraat,oranjestraat,,,older-regime,a,110,,a110,address,yes,yes,-55.15281482366899,5.826324204359592
178,A,111,,A111,a111,Oranjestraat,oranjestraat,,,older-regime,a,111,,a111,address,yes,yes,-55.15283726908908,5.826182798212978
179,A,112,,A112,a112,Oranjestraat,oranjestraat,,,older-regime,a,112,,a112,address,yes,yes,-55.15285073634114,5.826086282906559
180,A,113,,A113,a113,Oranjestraat,oranjestraat,,,older-regime,a,113,,a113,address,yes,yes,-55.15287542630325,5.825882029583673
181,A,114,,A114,a114,Oranjestraat,oranjestraat,,,older-regime,a,114,,a114,address,yes,yes,-55.15289543709432,5.825642955142499
182,A,115,,A115,a115,Oranjestraat,oranjestraat,,,older-regime,a,115,,a115,address,yes,yes,-55.1529337843955,5.825516169236084
183,A,269,,A269,a269,Oude Oranjetuin,oude oranjetuin,,,older-regime,a,269,,a269,address,yes,yes,-55.154888260039456,5.827031837381833
184,A,270,,A270,a270,Oude Oranjetuin,oude oranjetuin,,,older-regime,a,270,,a270,address,yes,yes,-55.15484851572386,5.82707798079995
185,A,271,,A271,a271,Oude Oranjetuin,oude oranjetuin,,,older-regime,a,271,,a271,address,yes,yes,-55.15477648085422,5.82717515554505
186,A,252,,A252,a252,Wagenwegstraat,wagenwegstraat,,,older-regime,a,252,,a252,address,yes,yes,-55.15667644775038,5.828039944987006
187,A,253,,A253,a253,Wagenwegstraat,wagenwegstraat,,,older-regime,a,253,,a253,address,yes,yes,-55.156495214241346,5.827954289198773
188,A,254,,A254,a254,Wagenwegstraat,wagenwegstraat,,,older-regime,a,254,,a254,address,yes,yes,-55.15641366896466,5.827892850976617
189,A,255,,A255,a255,Wagenwegstraat,wagenwegstraat,,,older-regime,a,255,,a255,address,yes,yes,-55.15630531428195,5.82783141275446
190,A,256,,A256,a256,Wagenwegstraat,wagenwegstraat,,,older-regime,a,256,,a256,address,yes,yes,-55.156223769005265,5.82778114511815
191,A,257,a,A257a,a257a,Wagenwegstraat,wagenwegstraat,,,older-regime,a,257,a,a257,address,yes,yes,-55.15608190256501,5.827723058071746
192,A,258,,A258,a258,Wagenwegstraat,wagenwegstraat,,,older-regime,a,258,,a258,address,yes,yes,-55.15591266818944,5.827601298686021
193,A,259,a,A259a,a259a,Wagenwegstraat,wagenwegstraat,,,older-regime,a,259,a,a259,address,yes,yes,-55.15577638704211,5.827532041053772
194,A,98,,A98,a98,Waterkant,waterkant,,,older-regime,a,98,,a98,address,yes,yes,-55.15185728257707,5.825421923907391
195,A,99,,A99,a99,Waterkant,waterkant,,,older-regime,a,99,,a99,address,yes,yes,-55.1520640290124,5.82536420269379
196,A,100,b,A100b,a100b,Waterkant,waterkant,,,older-regime,a,100,b,a100,address,yes,yes,-55.152226374860035,5.825361223870898
197,A,101,,A101,a101,Waterkant,waterkant,,,older-regime,a,101,,a101,address,yes,yes,-55.152348104116236,5.825371676741125
198,A,102,a,A102a,a102a,Waterkant,waterkant,,,older-regime,a,102,a,a102,address,yes,yes,-55.152481064217326,5.825358245048005
199,A,116,,A116,a116,Waterkant,waterkant,,,older-regime,a,116,,a116,address,yes,yes,-55.15296745252565,5.82537700763148
200,A,117,,A117,a117,Waterkant,waterkant,,,older-regime,a,117,,a117,address,yes,yes,-55.15306396783207,5.82537700763148
201,A,118,,A118,a118,Waterkant,waterkant,,,older-regime,a,118,,a118,address,yes,yes,-55.153185173100596,5.825370274005451
202,A,119,,A119,a119,Waterkant,waterkant,,,older-regime,a,119,,a119,address,yes,yes,-55.15336821550148,5.825363087373572
203,A,120,,A120,a120,Waterkant,waterkant,,,older-regime,a,120,,a120,address,yes,yes,-55.15350779939029,5.825346078087268
204,A,121,,A121,a121,Waterkant,waterkant,,,older-regime,a,121,,a121,address,yes,yes,-55.153615370969845,5.825334747000608
205,A,122,,A122,a122,Waterkant,waterkant,,,older-regime,a,122,,a122,address,yes,yes,-55.15378796825781,5.825317282138788
206,A,139,,A139,a139,Waterkant,waterkant,,,older-regime,a,139,,a139,address,yes,yes,-55.15403526192088,5.825284878362427
207,A,140,,A140,a140,Waterkant,waterkant,,,older-regime,a,140,,a140,address,yes,yes,-55.15413241820831,5.825298972751387
208,A,165,,A165,a165,Keizerstraat,keizerstraat,,,older-regime,a,165,,a165,address,yes,yes,-55.15448059908379,5.825239836838026
209,A,166,,A166,a166,Waterkant,waterkant,,,older-regime,a,166,,a166,address,yes,yes,-55.15453051545815,5.825118288708326
210,A,167,,A167,a167,Waterkant,waterkant,,,older-regime,a,167,,a167,address,yes,yes,-55.15463458205051,5.825070286476745
211,A,168,,A168,a168,Waterkant,waterkant,,,older-regime,a,168,,a168,address,yes,yes,-55.15474103735393,5.825028319396944
212,A,169,,A169,a169,Waterkant,waterkant,,,older-regime,a,169,,a169,address,yes,yes,-55.15502795779029,5.825076746284667
213,A,170,,A170,a170,Waterkant,waterkant,,,older-regime,a,170,,a170,address,yes,yes,-55.154992913323014,5.824877722022941
214,A,171,,A171,a171,Waterkant,waterkant,,,older-regime,a,171,,a171,address,yes,yes,-55.15506557170228,5.824848899329004
215,A,172,,A172,a172,Waterkant,waterkant,,,older-regime,a,172,,a172,address,yes,yes,-55.15515232424663,5.824810427550934
216,A,173,,A173,a173,Waterkant,waterkant,,,older-regime,a,173,,a173,address,yes,yes,-55.155227045847,5.82476990954904
217,A,174,,A174,a174,Waterkant,waterkant,,,older-regime,a,174,,a174,address,yes,yes,-55.155339190577884,5.824729934176696
218,A,175,,A175,a175,Waterkant,waterkant,,,older-regime,a,175,,a175,address,yes,yes,-55.15546102545936,5.824681704975747
219,A,176,,A176,a176,Watermolenstraat,watermolenstraat,,,older-regime,a,176,,a176,address,yes,yes,-55.15560514651122,5.824759929414655
220,A,177,,A177,a177,Watermolenstraat,watermolenstraat,,,older-regime,a,177,,a177,address,yes,yes,-55.15548376095172,5.824964051105928
221,A,178,,A178,a178,Watermolenstraat,watermolenstraat,,,older-regime,a,178,,a178,address,yes,yes,-55.15541131198157,5.825013592723761
222,A,179,,A179,a179,Watermolenstraat,watermolenstraat,,,older-regime,a,179,,a179,address,yes,yes,-55.155329679116335,5.825077784092347
223,A,181,,A181,a181,Watermolenstraat,watermolenstraat,,,older-regime,a,181,,a181,address,yes,yes,-55.155221672720245,5.825270328527284
224,A,182,,A182,a182,Watermolenstraat,watermolenstraat,,,older-regime,a,182,,a182,address,yes,yes,-55.1551827,5.8253251
225,A,185,,A185,a185,Watermolenstraat,watermolenstraat,,,older-regime,a,185,,a185,address,yes,yes,-55.15474051270699,5.826022736536286
226,A,186,,A186,a186,Watermolenstraat,watermolenstraat,,,older-regime,a,186,,a186,address,yes,yes,-55.154597328428416,5.826220468138708
227,A,187,,A187,a187,Watermolenstraat,watermolenstraat,,,older-regime,a,187,,a187,address,yes,yes,-55.15455691187276,5.826336002374261
228,A,188,,A188,a188,Watermolenstraat,watermolenstraat,,,older-regime,a,188,,a188,address,yes,yes,-55.15448137389885,5.826412205036855
229,A,190,,A190,a190,Watermolenstraat,watermolenstraat,,,older-regime,a,190,,a190,address,yes,yes,-55.154225142334504,5.826805327682609
230,A,191,,A191,a191,Watermolenstraat,watermolenstraat,,,older-regime,a,191,,a191,address,yes,yes,-55.1541212291821,5.826928449492894
231,A,192,,A192,a192,Watermolenstraat,watermolenstraat,,,older-regime,a,192,,a192,address,yes,yes,-55.15382982144769,5.827403418615376
232,A,193,,A193,a193,Watermolenstraat,watermolenstraat,,,older-regime,a,193,,a193,address,yes,yes,-55.15369371308661,5.827551009937992
233,A,194,,A194,a194,Watermolenstraat,watermolenstraat,,,older-regime,a,194,,a194,address,yes,yes,-55.153551268163184,5.827649387152775
234,A,195,,A195,a195,Watermolenstraat,watermolenstraat,,,older-regime,a,195,,a195,address,yes,yes,-55.15381307679298,5.82784592444312
235,A,196,,A196,a196,Watermolenstraat,watermolenstraat,,,older-regime,a,196,,a196,address,yes,yes,-55.153893384988294,5.827726204470006
236,A,197,,A197,a197,Watermolenstraat,watermolenstraat,,,older-regime,a,197,,a197,address,yes,yes,-55.15391626772926,5.827652557949302
237,A,198,,A198,a198,Watermolenstraat,watermolenstraat,,,older-regime,a,198,,a198,address,yes,yes,-55.153960927671434,5.82757542155361
238,A,199,,A199,a199,Watermolenstraat,watermolenstraat,,,older-regime,a,199,,a199,address,yes,yes,-55.153994175167874,5.827484372965714
239,A,200,,A200,a200,Watermolenstraat,watermolenstraat,,,older-regime,a,200,,a200,address,yes,yes,-55.154361474387194,5.826935650058167
240,A,201,,A201,a201,Watermolenstraat,watermolenstraat,,,older-regime,a,201,,a201,address,yes,yes,-55.154467265520026,5.826803021262148
241,A,202,,A202,a202,Watermolenstraat,watermolenstraat,,,older-regime,a,202,,a202,address,yes,yes,-55.15454739517356,5.826702791846664
242,A,203,,A203,a203,Watermolenstraat,watermolenstraat,,,older-regime,a,203,,a203,address,yes,yes,-55.15465368364884,5.826627880235408
243,A,205,,A205,a205,Watermolenstraat,watermolenstraat,,,older-regime,a,205,,a205,address,yes,yes,-55.15477387777596,5.82629858009919
244,A,206,,A206,a206,Watermolenstraat,watermolenstraat,,,older-regime,a,206,,a206,address,yes,yes,-55.15487281531163,5.826179365232166
245,A,207,,A207,a207,Watermolenstraat,watermolenstraat,,,older-regime,a,207,,a207,address,yes,yes,-55.15497343611786,5.826068695397565
246,A,208,,A208,a208,Watermolenstraat,watermolenstraat,,,older-regime,a,208,,a208,address,yes,yes,-55.15503167816974,5.825969729808937
247,A,209,,A209,a209,Watermolenstraat,watermolenstraat,,,older-regime,a,209,,a209,address,yes,yes,-55.15507381491812,5.825908964087827
248,A,210,,A210,a210,Watermolenstraat,watermolenstraat,,,older-regime,a,210,,a210,address,yes,yes,-55.155119828029314,5.825857900757104
249,A,211,,A211,a211,Watermolenstraat,watermolenstraat,,,older-regime,a,211,,a211,address,yes,yes,-55.15522868831681,5.825636252233647
250,A,212,,A212,a212,Watermolenstraat,watermolenstraat,,,older-regime,a,212,,a212,address,yes,yes,-55.15525898963393,5.825577894141392
251,A,213,,A213,a213,Watermolenstraat,watermolenstraat,,,older-regime,a,213,,a213,address,yes,yes,-55.155346416526434,5.825494309617953
252,A,214,,A214,a214,Watermolenstraat,watermolenstraat,,,older-regime,a,214,,a214,address,yes,yes,-55.15544591168318,5.825347251329648
253,A,215,a,A215a,a215a,Watermolenstraat,watermolenstraat,,,older-regime,a,215,a,a215,address,yes,yes,-55.15549511007682,5.825248119594325
254,A,216,,A216,a216,Watermolenstraat,watermolenstraat,,,older-regime,a,216,,a216,address,yes,yes,-55.15555561714196,5.825189573503621
255,A,217,,A217,a217,Watermolenstraat,watermolenstraat,,,older-regime,a,217,,a217,address,yes,yes,-55.155604890624986,5.825138139114571
256,A,218,,A218,a218,Watermolenstraat,watermolenstraat,,,older-regime,a,218,,a218,address,yes,yes,-55.15564349328524,5.825065411364982
257,A,219,,A219,a219,Watermolenstraat,watermolenstraat,,,older-regime,a,219,,a219,address,yes,yes,-55.15566325747303,5.824993890745596
258,A,220,,A220,a220,Watermolenstraat,watermolenstraat,,,older-regime,a,220,,a220,address,yes,yes,-55.15582399379516,5.824814427484212
259,A,27,,A27,a27,Gravenstraat,gravenstraat,,,older-regime,a,27,,a27,address,yes,yes,-55.156012976093976,5.82949726787265
260,A,43,,A43,a43,Gravenstraat,gravenstraat,,,older-regime,a,43,,a43,address,yes,yes,-55.15285997359282,5.827399671395418
261,A,46,,A46,a46,Gouvernementsplein,gouvernementsplein,Gerechtshof,,older-regime,a,46,,a46,address,yes,yes,-55.152455794046304,5.826402807048144
262,A,,,A,a,Gouvernementsplein,gouvernementsplein,Gouvernem.tshuis en tuin,,older-regime,a,,,,non-address-annotation,no,yes,-55.15121688459268,5.82675565705784
263,A,,,A,a,Gouvernementsplein,gouvernementsplein,Wachthuis,,older-regime,a,,,,non-address-annotation,no,yes,-55.15156242581556,5.826907850107963
264,A,,,A,a,Groote Combéweg,groote combeweg,Logeergeb. waarin het kol. Museum,,older-regime,a,,,,non-address-annotation,no,yes,-55.15159072236053,5.827298919619423
265,A,,,A,a,Groote Combéweg,groote combeweg,,,older-regime,a,,,,non-address-annotation,no,yes,-55.15181149367975,5.827619534053275
266,A,,,A,a,,,Fort Zeelandia tevens gevangenis,,older-regime,a,,,,non-address-annotation,no,yes,-55.14973329256828,5.825058036721195
267,A,62,,A62,a62,Noorderkerkstraat,noorderkerkstraat,,,older-regime,a,62,,a62,address,yes,yes,-55.15450070613841,5.828114400929244
268,A,63,,A63,a63,Noorderkerkstraat,noorderkerkstraat,,,older-regime,a,63,,a63,address,yes,yes,-55.15465534811701,5.828283689534108
269,A,272,,A272,a272,Wagenwegstraat,wagenwegstraat,,,older-regime,a,272,,a272,address,yes,yes,-55.15623260476946,5.827997051106389
270,A,273,,A273,a273,Wagenwegstraat,wagenwegstraat,,,older-regime,a,273,,a273,address,yes,yes,-55.156346501889224,5.828069685715307
271,A,274,,A274,a274,Wagenwegstraat,wagenwegstraat,,,older-regime,a,274,,a274,address,yes,yes,-55.15647717493123,5.828132306084091
272,A,275,,A275,a275,Wagenwegstraat,wagenwegstraat,,,older-regime,a,275,,a275,address,yes,yes,-55.156556732781006,5.82818729625656
273,A,95,,A95,a95,Gouvernementsplein,gouvernementsplein,,,older-regime,a,95,,a95,address,yes,yes,-55.15211115274784,5.825978967885171
274,A,180,,A180,a180,Watermolenstraat,watermolenstraat,,,older-regime,a,180,,a180,address,yes,yes,-55.15523475212412,5.825110403546006
275,A,183,b,A183b,a183b,Watermolenstraat,watermolenstraat,,,older-regime,a,183,b,a183,address,yes,yes,-55.15512783510085,5.825400022472268
276,A,184,,A184,a184,Watermolenstraat,watermolenstraat,,,older-regime,a,184,,a184,address,yes,yes,-55.15504316673869,5.825505293203101
277,A,189,,A189,a189,Watermolenstraat,watermolenstraat,,,older-regime,a,189,,a189,address,yes,yes,-55.154241541797596,5.826655391714062
278,A,230,,A230,a230,Knuffelsgracht,knuffelsgracht,,,older-regime,a,230,,a230,address,yes,yes,-55.15665521346927,5.82551222754003
279,A,248,,A248,a248,Klipsteenstraat,klipsteenstraat,,,older-regime,a,248,,a248,address,yes,yes,-55.157087975920206,5.827698003146218
280,A,204,,A204,a204,Watermolenstraat,watermolenstraat,Onbekend,,older-regime,a,204,,a204,address,yes,yes,-55.154656972186466,5.826488716473251
281,A,97,a,A97a,a97a,Gouvernementsplein,gouvernementsplein,Milit.re Park Buiten Sociteit,,older-regime,a,97,a,a97,address,yes,yes,-55.15055937357131,5.825499624979444
282,A,,,A,a,Waterkant,waterkant,IJshuis,,older-regime,a,,,,non-address-annotation,no,yes,-55.15385604825884,5.824940740113707
283,A,,,A,a,,,Kazerne,,older-regime,a,,,,non-address-annotation,no,yes,-55.149211711571844,5.826093048523177
284,A,,,A,a,,,Officierswoningen,,older-regime,a,,,,non-address-annotation,no,yes,-55.14942923817461,5.825464181514723
285,A,,,A,a,Gouvernementsplein,gouvernementsplein,,,older-regime,a,,,,non-address-annotation,no,yes,-55.15064493229995,5.825013756815831
286,A,,,A,a,,,Hoofdwacht,,older-regime,a,,,,non-address-annotation,no,yes,-55.15005582773006,5.825283111699141
287,A,,,EBW,ebw,,,Politiewacht,,older-regime,a,,,,non-address-annotation,no,yes,-55.14888485577773,5.82682183210584
288,A,,,A,a,,,Milit.re keuken en Magazijnen,,older-regime,a,,,,non-address-annotation,no,yes,-55.14882254831052,5.826496682171967
289,A,,,A,a,,,Milit.re kantine,,older-regime,a,,,,non-address-annotation,no,yes,-55.14883098464788,5.826242846459282
290,A,,,A,a,,,Milit.re bakkerij,,older-regime,a,,,,non-address-annotation,no,yes,-55.14955356335996,5.825816190819728
291,A,,,A,a,,,Marinetrap,,older-regime,a,,,,non-address-annotation,no,yes,-55.151081865122414,5.824930076297606
292,A,,,A,a,,,Gouvernem.ts trap,,older-regime,a,,,,non-address-annotation,no,yes,-55.15159574845514,5.824944525239747
293,A,,,A,a,Waterkant,waterkant,Particuliere steiger,,older-regime,a,,,,non-address-annotation,no,yes,-55.15329408511433,5.824960247966712
294,A,,,A,a,Waterkant,waterkant,Koffiewaag,,older-regime,a,,,,non-address-annotation,no,yes,-55.15419303911278,5.824876904051069
295,A,,,A,a,Waterkant,waterkant,Politiestation,,older-regime,a,,,,non-address-annotation,no,yes,-55.15600840658475,5.824357323182819
296,A,,,A,a,Oranjestraat,oranjestraat,Postkantoor,,older-regime,a,,,,non-address-annotation,no,yes,-55.15233228710563,5.827031163551881
297,A,,,A,a,Oude Oranjetuin,oude oranjetuin,Hervormde Kerk,,older-regime,a,,,,non-address-annotation,no,yes,-55.15525730341029,5.827116909182484
298,A,,,A,a,Oude Hofstraat,oude hofstraat,Park,,older-regime,a,,,,non-address-annotation,no,yes,-55.15414013020736,5.826506514162305
299,A,,,,,Gravenstraat,gravenstraat,,,older-regime,a,,,,non-address-annotation,no,yes,-55.156026255668856,5.8296864862559
300,A,,,,,,,,,older-regime,a,,,,non-address-annotation,no,yes,-55.15434059573211,5.8297565639347
301,A,,,,,Gravenstraat,gravenstraat,,,older-regime,a,,,,non-address-annotation,no,yes,-55.153399174656975,5.828375697271987
302,EBW,,,EBW,ebw,,,,,renumbered-1885,1ebw,,,,non-address-annotation,no,yes,-55.15045133588086,5.82834133834143
303,A,,,,,Keizerstraat,keizerstraat,,,older-regime,a,,,,non-address-annotation,no,yes,-55.156641715154734,5.827094937769136
304,,,,,,,,,,unknown,,,,,insufficient-address-components,no,yes,-55.1402846740063,5.834258652164508
305,,,,,,,,,,unknown,,,,,insufficient-address-components,no,yes,-55.137244714058674,5.836692474098395
306,,,,,,,,,,unknown,,,,,insufficient-address-components,no,yes,-55.14609803156455,5.839227332768384
307,,,,,,,,,,unknown,,,,,insufficient-address-components,no,yes,-55.148674468517164,5.842827606460653
308,,,,,,,,,,unknown,,,,,insufficient-address-components,no,yes,-55.15956060148868,5.838136015330217
309,,,,,,,,,,unknown,,,,,insufficient-address-components,no,yes,-55.16297788350525,5.837147407909323
310,,,,,,,,,,unknown,,,,,insufficient-address-components,no,yes,-55.16807887366312,5.837645426007556
311,,,,,,,,,,unknown,,,,,insufficient-address-components,no,yes,-55.17116693623933,5.839358818964677
312,,,,,,,,,,unknown,,,,,insufficient-address-components,no,yes,-55.174049132172904,5.839948312441813
313,,,,,,,,,,unknown,,,,,insufficient-address-components,no,yes,-55.17603076319122,5.840794075876751
314,,,,,,,,,,unknown,,,,,insufficient-address-components,no,yes,-55.17885346665639,5.840729170969635
315,,,,,,,,,,unknown,,,,,insufficient-address-components,no,yes,-55.18193102138358,5.841899388410965
316,,,,,,,,,,unknown,,,,,insufficient-address-components,no,yes,-55.18583565858709,5.842677283510702
317,,,,,,Eerste Rijweg,eerste rijweg,,,unknown,,,,,insufficient-address-components,no,yes,-55.18546589452411,5.831184618219801
318,,,,,,,,,,unknown,,,,,insufficient-address-components,no,yes,-55.1843038752472,5.816912194982554
319,,,,,,,,,,unknown,,,,,insufficient-address-components,no,yes,-55.18377536754416,5.812615079453143
320,,,,,,,,,,unknown,,,,,insufficient-address-components,no,yes,-55.18407970378968,5.809949937960288
321,,,,,,,,,,unknown,,,,,insufficient-address-components,no,yes,-55.185960699606206,5.807561407209689
322,,,,,,,,,,unknown,,,,,insufficient-address-components,no,yes,-55.18540040889142,5.805485957746044
323,,,,,,,,,,unknown,,,,,insufficient-address-components,no,yes,-55.17459475984728,5.808388828811
324,,,,,,,,,,unknown,,,,,insufficient-address-components,no,yes,-55.13710264175388,5.840524448518016
325,,,,,,,,,,unknown,,,,,insufficient-address-components,no,yes,-55.13671820131677,5.844966587093991
326,B,1,,B1,b1,Gravenstraat,gravenstraat,,,older-regime,b,1,,b1,address,yes,yes,-55.15642762454964,5.8297426093422
327,B,2,,B2,b2,Gravenstraat,gravenstraat,Hospitaal,,older-regime,b,2,,b2,address,yes,yes,-55.15685854195079,5.830053055211843
328,B,3,,B3,b3,Gravenstraat,gravenstraat,,,older-regime,b,3,,b3,address,yes,yes,-55.157256155923776,5.830220441137825
329,B,4,,B4,b4,Gravenstraat,gravenstraat,,,older-regime,b,4,,b4,address,yes,yes,-55.15739516153705,5.830303844505789
330,B,5,,B5,b5,Gravenstraat,gravenstraat,,,older-regime,b,5,,b5,address,yes,yes,-55.15761062023763,5.83043821659862
331,B,12,a,B12a,b12a,Gravenstraat,gravenstraat,,,older-regime,b,12,a,b12,address,yes,yes,-55.15856193990346,5.830956591698116
332,B,11,,B11,b11,Gravenstraat,gravenstraat,,,older-regime,b,11,,b11,address,yes,yes,-55.158482011675815,5.830913731634025
333,B,10,,B10,b10,Gravenstraat,gravenstraat,,,older-regime,b,10,,b10,address,yes,yes,-55.158275530421115,5.830807739853904
334,B,9,a,B9a,b9a,Gravenstraat,gravenstraat,,,older-regime,b,9,a,b9,address,yes,yes,-55.15808323932276,5.830703485643948
335,B,6,,B6,b6,Gravenstraat,gravenstraat,,,older-regime,b,6,,b6,address,yes,yes,-55.15774499233046,5.830510036165477
336,B,7,,B7,b7,Gravenstraat,gravenstraat,,,older-regime,b,7,,b7,address,yes,yes,-55.15788399794373,5.830581855732335
337,B,8,,B8,b8,Gravenstraat,gravenstraat,,,older-regime,b,8,,b8,address,yes,yes,-55.1579685596918,5.830616607135653
338,B,13,,B13,b13,Gravenstraat,gravenstraat,,zijstraten niet aangegeven in 1885 wel in 1916,older-regime,b,13,,b13,address,yes,yes,-55.158923246161805,5.831114134689209
339,B,113,,B113,b113,Wagenwegstraat,wagenwegstraat,Tooneelgebouw Thalia,,older-regime,b,113,,b113,address,yes,yes,-55.160155252087655,5.830424662434641
340,B,14,,B14,b14,Gravenstraat,gravenstraat,,,older-regime,b,14,,b14,address,yes,yes,-55.159826890984256,5.83166030761531
341,B,15,,B15,b15,Gravenstraat,gravenstraat,,,older-regime,b,15,,b15,address,yes,yes,-55.16000652048896,5.83173020728302
342,B,16,,B16,b16,Gravenstraat,gravenstraat,,,older-regime,b,16,,b16,address,yes,yes,-55.160184903197795,5.831850147854019
343,B,17,,B17,b17,Gravenstraat,gravenstraat,,,older-regime,b,17,,b17,address,yes,yes,-55.160348795768016,5.831943383956758
344,B,18,,B18,b18,Gravenstraat,gravenstraat,,,older-regime,b,18,,b18,address,yes,yes,-55.160450307906636,5.831997010560717
345,B,19,,B19,b19,Gravenstraat,gravenstraat,,,older-regime,b,19,,b19,address,yes,yes,-55.16075930386763,5.832156836829919
346,B,20,,B20,b20,Soldatenstraat,soldatenstraat,Vl. oranjetuin Begraafplaats,Volgens WR '48 nog steeds Gravenstraat,older-regime,b,20,,b20,address,yes,yes,-55.161429359368285,5.832475155563057
347,B,21,,B21,b21,Soldatenstraat,soldatenstraat,,,older-regime,b,21,,b21,address,yes,yes,-55.16215566327804,5.832742902119612
348,B,22,,B22,b22,Soldatenstraat,soldatenstraat,,,older-regime,b,22,,b22,address,yes,yes,-55.16222674215459,5.832784342517177
349,B,23,,B23,b23,Soldatenstraat,soldatenstraat,,,older-regime,b,23,,b23,address,yes,yes,-55.16235493468438,5.832840973039672
350,B,24,,B24,b24,Soldatenstraat,soldatenstraat,,,older-regime,b,24,,b24,address,yes,yes,-55.162555240653774,5.832923833956396
351,B,25,,B25,b25,Soldatenstraat,soldatenstraat,,,older-regime,b,25,,b25,address,yes,yes,-55.16272408624678,5.833006148956777
352,B,26,,B26,b26,Soldatenstraat,soldatenstraat,,,older-regime,b,26,,b26,address,yes,yes,-55.16294517122278,5.833101174605575
353,B,27,,B27,b27,Soldatenstraat,soldatenstraat,,,older-regime,b,27,,b27,address,yes,yes,-55.16313483325668,5.833188722464275
354,B,28,,B28,b28,Soldatenstraat,soldatenstraat,,,older-regime,b,28,,b28,address,yes,yes,-55.163315279092025,5.833254769324322
355,B,29,,B29,b29,Soldatenstraat,soldatenstraat,,,older-regime,b,29,,b29,address,yes,yes,-55.16342572686702,5.833309262415892
356,B,30,,B30,b30,Soldatenstraat,soldatenstraat,,,older-regime,b,30,,b30,address,yes,yes,-55.16384768859831,5.833522358399307
357,B,31,,B31,b31,Soldatenstraat,soldatenstraat,,,older-regime,b,31,,b31,address,yes,yes,-55.164048482623535,5.833596287059335
358,B,32,,B32,b32,Soldatenstraat,soldatenstraat,,,older-regime,b,32,,b32,address,yes,yes,-55.164217759568814,5.83365546861007
359,B,33,,B33,b33,Soldatenstraat,soldatenstraat,,,older-regime,b,33,,b33,address,yes,yes,-55.16436976818303,5.83372801611275
360,B,34,,B34,b34,Soldatenstraat,soldatenstraat,,,older-regime,b,34,,b34,address,yes,yes,-55.16446880968248,5.833773192937064
361,B,35,a,B35a,b35a,Soldatenstraat,soldatenstraat,,,older-regime,b,35,a,b35,address,yes,yes,-55.16456958875211,5.833814894621046
362,B,36,b,B36b,b36b,Soldatenstraat,soldatenstraat,,,older-regime,b,36,b,b36,address,yes,yes,-55.16480068558418,5.833912198550337
363,B,37,,B37,b37,Soldatenstraat,soldatenstraat,,,older-regime,b,37,,b37,address,yes,yes,-55.164882351381976,5.833946081168572
364,B,38,,B38,b38,Soldatenstraat,soldatenstraat,,"zijstraat niet aangegeven in 1885, wel in 1916",older-regime,b,38,,b38,address,yes,yes,-55.16499624610234,5.834011461927816
365,B,39,,B39,b39,Rust en Vreedestraat,rust en vreedestraat,,,older-regime,b,39,,b39,address,yes,yes,-55.16318822047022,5.832901801498855
366,B,40,,B40,b40,Rust en Vreedestraat,rust en vreedestraat,,,older-regime,b,40,,b40,address,yes,yes,-55.163254248136525,5.832790597008237
367,B,41,,B41,b41,Rust en Vreedestraat,rust en vreedestraat,,,older-regime,b,41,,b41,address,yes,yes,-55.16340367917079,5.832514323351856
368,B,42,,B42,b42,Soldatenstraat,soldatenstraat,,,older-regime,b,42,,b42,address,yes,yes,-55.16267193445113,5.832667606855183
369,B,43,,B43,b43,Soldatenstraat,soldatenstraat,,,older-regime,b,43,,b43,address,yes,yes,-55.161854150115424,5.832316280480278
370,B,44,,B44,b44,Soldatenstraat,soldatenstraat,,,older-regime,b,44,,b44,address,yes,yes,-55.1617392005625,5.832280460367394
371,B,45,,B45,b45,Soldatenstraat,soldatenstraat,,,older-regime,b,45,,b45,address,yes,yes,-55.161651642396365,5.832215747655485
372,B,46,,B46,b46,Soldatenstraat,soldatenstraat,,,older-regime,b,46,,b46,address,yes,yes,-55.1615419225908,5.832176691750946
373,B,47,,B47,b47,Soldatenstraat,soldatenstraat,,,older-regime,b,47,,b47,address,yes,yes,-55.16145774423962,5.832120063735414
374,B,48,,B48,b48,Soldatenstraat,soldatenstraat,,,older-regime,b,48,,b48,address,yes,yes,-55.16132838223663,5.832061832885302
375,B,49,,B49,b49,Soldatenstraat,soldatenstraat,,,older-regime,b,49,,b49,address,yes,yes,-55.16110741012892,5.831985780783063
376,B,50,,B50,b50,Gravenstraat,gravenstraat,Begraafplaats oude Oranjetuin,,older-regime,b,50,,b50,address,yes,yes,-55.160693850654475,5.831722916132729
377,B,51,,B51,b51,Gravenstraat,gravenstraat,Begraafplaats oude Oranjetuin,,older-regime,b,51,,b51,address,yes,yes,-55.16043384002808,5.831594820920031
378,B,52,,B52,b52,Gravenstraat,gravenstraat,,,older-regime,b,52,,b52,address,yes,yes,-55.15934208710788,5.831011345132151
379,B,53,,B53,b53,Stoelmansstraat,stoelmansstraat,,volgens commentaar kaart 1885: Stoelmansstraat; volgens wijkregister: Gravenweg,older-regime,b,53,,b53,address,yes,yes,-55.15943224939582,5.830836172687004
380,B,54,,B54,b54,Stoelmansstraat,stoelmansstraat,,volgens commentaar kaart 1885: Stoelmansstraat; volgens wijkregister: Gravenweg,older-regime,b,54,,b54,address,yes,yes,-55.15951468348766,5.830699641222403
381,B,110,,B110,b110,Stoelmansstraat,stoelmansstraat,,volgens commentaar kaart 1885: Stoelmansstraat,older-regime,b,110,,b110,address,yes,yes,-55.15941911327955,5.830430270424986
382,B,,,B,b,Gravenstraat,gravenstraat,,,older-regime,b,,,,non-address-annotation,no,yes,-55.1576943974795,5.829853435915511
383,B,,,B,b,,,,,older-regime,b,,,,non-address-annotation,no,yes,-55.158599464009825,5.830042053291193
384,B,55,,B55,b55,Gravenstraat,gravenstraat,,,older-regime,b,55,,b55,address,yes,yes,-55.15910464098526,5.830909098113582
385,B,56,,B56,b56,Gravenstraat,gravenstraat,,,older-regime,b,56,,b56,address,yes,yes,-55.15901471583687,5.83084347179229
386,B,57,,B57,b57,Gravenstraat,gravenstraat,,,older-regime,b,57,,b57,address,yes,yes,-55.15884348706106,5.830747451499792
387,B,58,,B58,b58,Gravenstraat,gravenstraat,,,older-regime,b,58,,b58,address,yes,yes,-55.15873296105861,5.830687447048152
388,B,59,,B59,b59,Gravenstraat,gravenstraat,,,older-regime,b,59,,b59,address,yes,yes,-55.15855032936528,5.830585214973876
389,B,60,,B60,b60,Gravenstraat,gravenstraat,,,older-regime,b,60,,b60,address,yes,yes,-55.158400903881656,5.830490997057414
390,B,61,,B61,b61,Gravenstraat,gravenstraat,,,older-regime,b,61,,b61,address,yes,yes,-55.15828566624705,5.830456171490334
391,B,62,,B62,b62,Gravenstraat,gravenstraat,,,older-regime,b,62,,b62,address,yes,yes,-55.15812580979179,5.830351917280379
392,B,63,,B63,b63,Gravenstraat,gravenstraat,,,older-regime,b,63,,b63,address,yes,yes,-55.15797753713763,5.830275464193079
393,B,64,,B64,b64,Gravenstraat,gravenstraat,,,older-regime,b,64,,b64,address,yes,yes,-55.15785243208569,5.830201327866
394,B,65,,B65,b65,Gravenstraat,gravenstraat,,,older-regime,b,65,,b65,address,yes,yes,-55.15763697338512,5.830065797393059
395,B,66,,B66,b66,Gravenstraat,gravenstraat,,,older-regime,b,66,,b66,address,yes,yes,-55.15733886340982,5.829896956006253
396,B,67,,B67,b67,Gravenstraat,gravenstraat,,,older-regime,b,67,,b67,address,yes,yes,-55.15724326605941,5.829836400994947
397,B,68,,B68,b68,Gravenstraat,gravenstraat,,,older-regime,b,68,,b68,address,yes,yes,-55.15717229926384,5.829784692451081
398,B,69,,B69,b69,Gravenstraat,gravenstraat,,,older-regime,b,69,,b69,address,yes,yes,-55.157076804126845,5.829729237962036
399,B,70,,B70,b70,Gravenstraat,gravenstraat,,,older-regime,b,70,,b70,address,yes,yes,-55.15699611184621,5.829702646811041
400,B,71,,B71,b71,Gravenstraat,gravenstraat,,,older-regime,b,71,,b71,address,yes,yes,-55.156910669055776,5.829668473015118
401,B,72,,B72,b72,Gravenstraat,gravenstraat,,,older-regime,b,72,,b72,address,yes,yes,-55.15679598942482,5.829604762109035
402,B,73,a,B73a,b73a,Gravenstraat,gravenstraat,,,older-regime,b,73,a,b73,address,yes,yes,-55.156655825431436,5.829534100922289
403,B,74,,B74,b74,Gravenstraat,gravenstraat,,,older-regime,b,74,,b74,address,yes,yes,-55.15647577048121,5.829435074212312
404,B,75,,B75,b75,Gravenstraat,gravenstraat,,,older-regime,b,75,,b75,address,yes,yes,-55.15633898261485,5.829368940619777
405,B,76,a,B76a,b76a,Klipsteenstraat,klipsteenstraat,,,older-regime,b,76,a,b76,address,yes,yes,-55.15645774243253,5.829202225020595
406,B,77,,B77,b77,Klipsteenstraat,klipsteenstraat,,,older-regime,b,77,,b77,address,yes,yes,-55.15653767066016,5.829072486448206
407,B,78,,B78,b78,Klipsteenstraat,klipsteenstraat,,,older-regime,b,78,,b78,address,yes,yes,-55.1566623,5.8288937
408,B,79,,B79,b79,Heerenstraat,heerenstraat,,,older-regime,b,79,,b79,address,yes,yes,-55.15676587154195,5.82886629478852
409,B,83,,B83,b83,Heerenstraat,heerenstraat,,,older-regime,b,83,,b83,address,yes,yes,-55.157144661838124,5.829080595108981
410,B,88,,B88,b88,Heerenstraat,heerenstraat,,,older-regime,b,88,,b88,address,yes,yes,-55.15776207843708,5.8294211588615
411,B,80,,B80,b80,Heerenstraat,heerenstraat,,,older-regime,b,80,,b80,address,yes,yes,-55.15680988998615,5.828889462390733
412,B,81,b,B81b,b81b,Heerenstraat,heerenstraat,,,older-regime,b,81,b,b81,address,yes,yes,-55.15692370770098,5.828949578237475
413,B,82,,B82,b82,Heerenstraat,heerenstraat,,,older-regime,b,82,,b82,address,yes,yes,-55.157047357908816,5.829023834483563
414,B,84,,B84,b84,Heerenstraat,heerenstraat,,,older-regime,b,84,,b84,address,yes,yes,-55.15723038196631,5.829121138412853
415,B,85,b,B85b,b85b,Heerenstraat,heerenstraat,,,older-regime,b,85,b,b85,address,yes,yes,-55.15731610209449,5.829169790377498
416,B,86,,B86,b86,Heerenstraat,heerenstraat,,,older-regime,b,86,,b86,address,yes,yes,-55.157474800169645,5.829253193745462
417,B,87,,B87,b87,Heerenstraat,heerenstraat,,,older-regime,b,87,,b87,address,yes,yes,-55.15758368790004,5.829314587891324
418,B,89,,B89,b89,Malibatrumstraat,malibatrumstraat,,,older-regime,b,89,,b89,address,yes,yes,-55.15797294790105,5.829353002005639
419,B,90,b,B90b,b90b,Klipsteenstraat,klipsteenstraat,,,older-regime,b,90,b,b90,address,yes,yes,-55.15692804475741,5.828486346112239
420,B,91,a,B91a,b91a,Wagenwegstraat,wagenwegstraat,,,older-regime,b,91,a,b91,address,yes,yes,-55.157121494235895,5.828580174901199
421,B,92,c,B92c,b92c,Heerenstraat,heerenstraat,Openbare school,,older-regime,b,92,c,b92,address,yes,yes,-55.15774701949563,5.82905858588688
422,B,93,,B93,b93,Malibatrumstraat,malibatrumstraat,,,older-regime,b,93,,b93,address,yes,yes,-55.158040069103066,5.829236034324428
423,B,94,,B94,b94,Wagenwegstraat,wagenwegstraat,,,older-regime,b,94,,b94,address,yes,yes,-55.15834011011226,5.829305320850439
424,B,109,,B109,b109,Wagenwegstraat,wagenwegstraat,,,older-regime,b,109,,b109,address,yes,yes,-55.15962921079563,5.830037337207278
425,B,101,,B101,b101,Wagenwegstraat,wagenwegstraat,,,older-regime,b,101,,b101,address,yes,yes,-55.158928567208434,5.829638934322294
426,B,102,b,B102b,b102b,Wagenwegstraat,wagenwegstraat,,,older-regime,b,102,b,b102,address,yes,yes,-55.15899575325485,5.829676002485834
427,B,103,,B103,b103,Wagenwegstraat,wagenwegstraat,,,older-regime,b,103,,b103,address,yes,yes,-55.15922742927699,5.829804582678116
428,B,104,,B104,b104,Wagenwegstraat,wagenwegstraat,,,older-regime,b,104,,b104,address,yes,yes,-55.15927839800185,5.829832962990825
429,B,105,,B105,b105,Wagenwegstraat,wagenwegstraat,,,older-regime,b,105,,b105,address,yes,yes,-55.15934210890792,5.829881035765412
430,B,106,,B106,b106,Wagenwegstraat,wagenwegstraat,,,older-regime,b,106,,b106,address,yes,yes,-55.15943014579633,5.829930846110169
431,B,107,,B107,b107,Wagenwegstraat,wagenwegstraat,,,older-regime,b,107,,b107,address,yes,yes,-55.1595147075444,5.829979498074814
432,B,108,,B108,b108,Wagenwegstraat,wagenwegstraat,,,older-regime,b,108,,b108,address,yes,yes,-55.15956451788916,5.830001507296916
433,B,93,,B100,b100,Wagenwegstraat,wagenwegstraat,,,older-regime,b,93,,b93,address,yes,yes,-55.15887528172335,5.829604182918977
434,B,99,,B99,b99,Wagenwegstraat,wagenwegstraat,,,older-regime,b,99,,b99,address,yes,yes,-55.15883010489903,5.829582173696875
435,B,98,,B98,b98,Wagenwegstraat,wagenwegstraat,,,older-regime,b,98,,b98,address,yes,yes,-55.158786086454846,5.829560164474774
436,B,97,,B97,b97,Wagenwegstraat,wagenwegstraat,,,older-regime,b,97,,b97,address,yes,yes,-55.15872469230898,5.829518462790792
437,B,96,b,B96b,b96b,Wagenwegstraat,wagenwegstraat,,,older-regime,b,96,b,b96,address,yes,yes,-55.15856831099405,5.829433901042718
438,B,95,,B95,b95,Wagenwegstraat,wagenwegstraat,,,older-regime,b,95,,b95,address,yes,yes,-55.1584536313631,5.829369031756523
439,B,111,,B111,b111,Wagenwegstraat,wagenwegstraat,,,older-regime,b,111,,b111,address,yes,yes,-55.159815212242286,5.830270915081368
440,B,112,,B112,b112,Stoelmansstraat,stoelmansstraat,,,older-regime,b,112,,b112,address,yes,yes,-55.159688381274414,5.830443409804028
441,B,114,,B114,b114,Wagenwegstraat,wagenwegstraat,Begraafplaats oude Oranjetuin,,older-regime,b,114,,b114,address,yes,yes,-55.1605266272342,5.83056097223212
442,B,115,,B115,b115,Wagenwegstraat,wagenwegstraat,Begraafplaats oude Oranjetuin,,older-regime,b,115,,b115,address,yes,yes,-55.16100941206595,5.830858781097173
443,B,116,,B116,b116,Wagenwegstraat,wagenwegstraat,,,older-regime,b,116,,b116,address,yes,yes,-55.16148304428675,5.831128788087739
444,B,125,,B125,b125,Wagenwegstraat,wagenwegstraat,,,older-regime,b,125,,b125,address,yes,yes,-55.16323294187552,5.832152797970065
445,B,117,,B117,b117,Wagenwegstraat,wagenwegstraat,,,older-regime,b,117,,b117,address,yes,yes,-55.161853815150046,5.831317097364993
446,B,118,,B118,b118,Wagenwegstraat,wagenwegstraat,,,older-regime,b,118,,b118,address,yes,yes,-55.161930519090305,5.831359898777717
447,B,119,,B119,b119,Wagenwegstraat,wagenwegstraat,,,older-regime,b,119,,b119,address,yes,yes,-55.16201265315981,5.831414562030781
448,B,120,,B120,b120,Wagenwegstraat,wagenwegstraat,,,older-regime,b,120,,b120,address,yes,yes,-55.16216185912033,5.831496134675252
449,B,121,,B121,b121,Wagenwegstraat,wagenwegstraat,,,older-regime,b,121,,b121,address,yes,yes,-55.16228221672355,5.831554665463874
450,B,122,,B122,b122,Wagenwegstraat,wagenwegstraat,,,older-regime,b,122,,b122,address,yes,yes,-55.16266435696212,5.831785598225574
451,B,123,,B123,b123,Wagenwegstraat,wagenwegstraat,,,older-regime,b,123,,b123,address,yes,yes,-55.16289769385246,5.831915281134828
452,B,124,,B124,b124,Wagenwegstraat,wagenwegstraat,,,older-regime,b,124,,b124,address,yes,yes,-55.16302861478665,5.831996675238524
453,B,126,a,B126a,b126a,Wagenwegstraat,wagenwegstraat,,,older-regime,b,126,a,b126,address,yes,yes,-55.16350967095091,5.832328403344103
454,B,127,,B127,b127,Wagenwegstraat,wagenwegstraat,,,older-regime,b,127,,b127,address,yes,yes,-55.163601762169705,5.832378792878915
455,B,128,,B128,b128,Wagenwegstraat,wagenwegstraat,,,older-regime,b,128,,b128,address,yes,yes,-55.1637286047918,5.832450033255718
456,B,129,,B129,b129,Wagenwegstraat,wagenwegstraat,,,older-regime,b,129,,b129,address,yes,yes,-55.163891936387394,5.832543862044677
457,B,130,a,B130a,b130a,Wagenwegstraat,wagenwegstraat,,,older-regime,b,130,a,b130,address,yes,yes,-55.16407611882499,5.83265332896513
458,B,131,,B131,b131,Wagenwegstraat,wagenwegstraat,,,older-regime,b,131,,b131,address,yes,yes,-55.1644132074372,5.832856624674541
459,B,132,,B132,b132,Wagenwegstraat,wagenwegstraat,Krankz. gesticht,,older-regime,b,132,,b132,address,yes,yes,-55.164684268383056,5.8330321192613
460,B,133,,B133,b133,Wagenwegstraat,wagenwegstraat,,,older-regime,b,133,,b133,address,yes,yes,-55.16495532932894,5.833198925997228
461,B,134,,B134,b134,Wagenwegstraat,wagenwegstraat,,,older-regime,b,134,,b134,address,yes,yes,-55.16523855326598,5.833351832171828
462,B,135,,B135,b135,Wagenwegstraat,wagenwegstraat,,,older-regime,b,135,,b135,address,yes,yes,-55.16566338917158,5.833244971606621
463,B,147,,B147,b147,Wagenwegstraat,wagenwegstraat,,,older-regime,b,147,,b147,address,yes,yes,-55.163609581235484,5.832108166325574
464,B,136,b,B136b,b136b,Wagenwegstraat,wagenwegstraat,,,older-regime,b,136,b,b136,address,yes,yes,-55.16528286130524,5.833047323000245
465,B,137,,B137,b137,Wagenwegstraat,wagenwegstraat,,,older-regime,b,137,,b137,address,yes,yes,-55.16518772933866,5.832989548792229
466,B,138,,B138,b138,Wagenwegstraat,wagenwegstraat,,,older-regime,b,138,,b138,address,yes,yes,-55.165113448214065,5.832951322248578
467,B,139,,B139,b139,Wagenwegstraat,wagenwegstraat,,,older-regime,b,139,,b139,address,yes,yes,-55.164946641478146,5.832849240001331
468,B,140,,B140,b140,Wagenwegstraat,wagenwegstraat,,,older-regime,b,140,,b140,address,yes,yes,-55.16479373530355,5.832765402240827
469,B,141,,B141,b141,Wagenwegstraat,wagenwegstraat,,,older-regime,b,141,,b141,address,yes,yes,-55.164643435484194,5.832679826910155
470,B,142,,B142,b142,Wagenwegstraat,wagenwegstraat,,,older-regime,b,142,,b142,address,yes,yes,-55.16447749753335,5.832582088588325
471,B,143,a,B143a,b143a,Wagenwegstraat,wagenwegstraat,,,older-regime,b,143,a,b143,address,yes,yes,-55.1643806279966,5.832533436623678
472,B,144,,B144,b144,Wagenwegstraat,wagenwegstraat,,,older-regime,b,144,,b144,address,yes,yes,-55.16418341378272,5.832411372319517
473,B,145,a,B145a,b145a,Wagenwegstraat,wagenwegstraat,,,older-regime,b,145,a,b145,address,yes,yes,-55.16406352144128,5.832343607083047
474,B,146,,B146,b146,Wagenwegstraat,wagenwegstraat,,,older-regime,b,146,,b146,address,yes,yes,-55.16380766423438,5.832212854928067
475,B,148,,B148,b148,Rust en Vreedestraat,rust en vreedestraat,,,older-regime,b,148,,b148,address,yes,yes,-55.16391861905137,5.831648972014721
476,B,149,,B149,b149,Rust en Vreedestraat,rust en vreedestraat,,,older-regime,b,149,,b149,address,yes,yes,-55.1639360684685,5.831587357562371
477,B,150,,B150,b150,Rust en Vreedestraat,rust en vreedestraat,,,older-regime,b,150,,b150,address,yes,yes,-55.1639701102624,5.831506798536211
478,B,151,,B151,b151,Rust en Vreedestraat,rust en vreedestraat,,,older-regime,b,151,,b151,address,yes,yes,-55.163937186068814,5.831110442779114
479,B,152,,B152,b152,Rust en Vreedestraat,rust en vreedestraat,,,older-regime,b,152,,b152,address,yes,yes,-55.16382554980166,5.831237197215776
480,B,153,,B153,b153,Rust en Vreedestraat,rust en vreedestraat,,,older-regime,b,153,,b153,address,yes,yes,-55.1637162622682,5.831339736822538
481,B,154,,B154,b154,Rust en Vreedestraat,rust en vreedestraat,,,older-regime,b,154,,b154,address,yes,yes,-55.163640773331444,5.831530609058413
482,B,155,,B155,b155,Wagenwegstraat,wagenwegstraat,,,older-regime,b,155,,b155,address,yes,yes,-55.16339719030968,5.831863273433783
483,B,177,,B177,b177,Wagenwegstraat,wagenwegstraat,,,older-regime,b,177,,b177,address,yes,yes,-55.16020182897435,5.830004476814174
484,B,160,,B160,b160,Wagenwegstraat,wagenwegstraat,,,older-regime,b,160,,b160,address,yes,yes,-55.1624448412301,5.831325384484037
485,B,170,,B170,b170,Wagenwegstraat,wagenwegstraat,,,older-regime,b,170,,b170,address,yes,yes,-55.161273775140025,5.830653755499404
486,B,156,,B156,b156,Wagenwegstraat,wagenwegstraat,,,older-regime,b,156,,b156,address,yes,yes,-55.16311323040544,5.831719578779985
487,B,157,,B157,b157,Wagenwegstraat,wagenwegstraat,,,older-regime,b,157,,b157,address,yes,yes,-55.16292533714614,5.831616356169337
488,B,158,,B158,b158,Wagenwegstraat,wagenwegstraat,,,older-regime,b,158,,b158,address,yes,yes,-55.162831972305305,5.83155498788401
489,B,159,,B159,b159,Wagenwegstraat,wagenwegstraat,,,older-regime,b,159,,b159,address,yes,yes,-55.16272717105282,5.831464896550449
490,B,161,,B161,b161,Wagenwegstraat,wagenwegstraat,,,older-regime,b,161,,b161,address,yes,yes,-55.16234836696964,5.831276618917838
491,B,162,,B162,b162,Wagenwegstraat,wagenwegstraat,,,older-regime,b,162,,b162,address,yes,yes,-55.1622505124007,5.831207795413927
492,B,163,,B163,b163,Wagenwegstraat,wagenwegstraat,,,older-regime,b,163,,b163,address,yes,yes,-55.16214053708582,5.831155676608611
493,B,164,,B164,b164,Wagenwegstraat,wagenwegstraat,,,older-regime,b,164,,b164,address,yes,yes,-55.16203638364036,5.831080335843828
494,B,165,,B165,b165,Wagenwegstraat,wagenwegstraat,,,older-regime,b,165,,b165,address,yes,yes,-55.16192935308285,5.831026625692561
495,B,166,,B166,b166,Wagenwegstraat,wagenwegstraat,,,older-regime,b,166,,b166,address,yes,yes,-55.16186285143463,5.83100352530767
496,B,167,,B167,b167,Wagenwegstraat,wagenwegstraat,,,older-regime,b,167,,b167,address,yes,yes,-55.161668947693386,5.830869969670053
497,B,168,,B168,b168,Wagenwegstraat,wagenwegstraat,,,older-regime,b,168,,b168,address,yes,yes,-55.16156485471044,5.830806468007559
498,B,169,,B169,b169,Wagenwegstraat,wagenwegstraat,,,older-regime,b,169,,b169,address,yes,yes,-55.16140183347336,5.830719953079215
499,B,171,,B171,b171,Wagenwegstraat,wagenwegstraat,,,older-regime,b,171,,b171,address,yes,yes,-55.16117097789346,5.830593970192339
500,B,172,,B172,b172,Wagenwegstraat,wagenwegstraat,,,older-regime,b,172,,b172,address,yes,yes,-55.16108220065749,5.83053283245343
501,B,173,,B173,b173,Wagenwegstraat,wagenwegstraat,,,older-regime,b,173,,b173,address,yes,yes,-55.16098399281045,5.830486807019772
502,B,174,,B174,b174,Wagenwegstraat,wagenwegstraat,,,older-regime,b,174,,b174,address,yes,yes,-55.16079872751638,5.830352063868927
503,B,175,,B175,b175,Wagenwegstraat,wagenwegstraat,,,older-regime,b,175,,b175,address,yes,yes,-55.160613015115906,5.830262530883861
504,B,176,,B176,b176,Wagenwegstraat,wagenwegstraat,,,older-regime,b,176,,b176,address,yes,yes,-55.160511155365654,5.830207545953669
505,B,178,a,B178a,b178a,Zwartenhovenbrugstraat,zwartenhovenbrugstraat,,,older-regime,b,178,a,b178,address,yes,yes,-55.160476416431834,5.829445828737914
506,B,179,,B179,b179,Zwartenhovenbrugstraat,zwartenhovenbrugstraat,,,older-regime,b,179,,b179,address,yes,yes,-55.16057885369178,5.829308833952668
507,B,180,,B180,b180,Zwartenhovenbrugstraat,zwartenhovenbrugstraat,,,older-regime,b,180,,b180,address,yes,yes,-55.16062302391458,5.829186822185057
508,B,181,,B181,b181,Zwartenhovenbrugstraat,zwartenhovenbrugstraat,,,older-regime,b,181,,b181,address,yes,yes,-55.16043829848632,5.829060739749893
509,B,182,b,B182b,b182b,Zwartenhovenbrugstraat,zwartenhovenbrugstraat,,,older-regime,b,182,b,b182,address,yes,yes,-55.16033958278127,5.829229827046664
510,B,183,,B183,b183,Zwartenhovenbrugstraat,zwartenhovenbrugstraat,,,older-regime,b,183,,b183,address,yes,yes,-55.16024966352518,5.829402823876307
511,B,184,,B184,b184,Wagenwegstraat,wagenwegstraat,,,older-regime,b,184,,b184,address,yes,yes,-55.15987923528542,5.829868058288227
512,B,190,b,B190b,b190b,Wagenwegstraat,wagenwegstraat,,,older-regime,b,190,b,b190,address,yes,yes,-55.15824114101151,5.828946385913346
513,B,185,,B185,b185,Wagenwegstraat,wagenwegstraat,,,older-regime,b,185,,b185,address,yes,yes,-55.1596270704151,5.829717541272605
514,B,186,,B186,b186,Wagenwegstraat,wagenwegstraat,,,older-regime,b,186,,b186,address,yes,yes,-55.15946482480086,5.829629576782955
515,B,187,a,B187a,b187a,Wagenwegstraat,wagenwegstraat,,,older-regime,b,187,a,b187,address,yes,yes,-55.159235139744546,5.829502516964573
516,B,188,,B188,b188,Wagenwegstraat,wagenwegstraat,,,older-regime,b,188,,b188,address,yes,yes,-55.158942344865224,5.829304524871596
517,B,189,,B189,b189,Wagenwegstraat,wagenwegstraat,,,older-regime,b,189,,b189,address,yes,yes,-55.15869269205837,5.829186822185054
518,B,191,,B191,b191,Malibatrumstraat,malibatrumstraat,,straatnaam in wr1848: Kerkhoff of Malebatrumstraat,older-regime,b,191,,b191,address,yes,yes,-55.15852949190633,5.828349680551099
519,B,192,,B192,b192,Malibatrumstraat,malibatrumstraat,,,older-regime,b,192,,b192,address,yes,yes,-55.158653310010095,5.828198626593577
520,B,193,,B193,b193,Malibatrumstraat,malibatrumstraat,,,older-regime,b,193,,b193,address,yes,yes,-55.1584578681485,5.828059591365492
521,B,194,,B194,b194,Malibatrumstraat,malibatrumstraat,,,older-regime,b,194,,b194,address,yes,yes,-55.15838939622802,5.828152217239683
522,B,195,,B195,b195,Malibatrumstraat,malibatrumstraat,,,older-regime,b,195,,b195,address,yes,yes,-55.158345721015856,5.828242669996151
523,B,196,,B196,b196,Wagenwegstraat,wagenwegstraat,,,older-regime,b,196,,b196,address,yes,yes,-55.15797138324324,5.828764592634738
524,B,203,,B203,b203,Wagenwegstraat,wagenwegstraat,,,older-regime,b,203,,b203,address,yes,yes,-55.15713015454771,5.828292051369313
525,B,197,,B197,b197,Wagenwegstraat,wagenwegstraat,,,older-regime,b,197,,b197,address,yes,yes,-55.15777199706671,5.828678582911526
526,B,198,,B198,b198,Wagenwegstraat,wagenwegstraat,,,older-regime,b,198,,b198,address,yes,yes,-55.15757857328346,5.828558115692476
527,B,199,,B199,b199,Wagenwegstraat,wagenwegstraat,,,older-regime,b,199,,b199,address,yes,yes,-55.15747878210121,5.82851242776441
528,B,200,,B200,b200,Wagenwegstraat,wagenwegstraat,,,older-regime,b,200,,b200,address,yes,yes,-55.157372247330414,5.82845476215453
529,B,201,,B201,b201,Wagenwegstraat,wagenwegstraat,,,older-regime,b,201,,b201,address,yes,yes,-55.157301875738696,5.828409802526487
530,B,202,,B202,b202,Wagenwegstraat,wagenwegstraat,,,older-regime,b,202,,b202,address,yes,yes,-55.1572168433987,5.82834920476695
531,B,204,,B204,b204,Klipsteenstraat,klipsteenstraat,,,older-regime,b,204,,b204,address,yes,yes,-55.157061439466986,5.828266127193393
532,B,207,,B207,b207,Klipsteenstraat,klipsteenstraat,,,older-regime,b,207,,b207,address,yes,yes,-55.15729559018593,5.827838040474401
533,B,205,,B205,b205,Klipsteenstraat,klipsteenstraat,,,older-regime,b,205,,b205,address,yes,yes,-55.15720043960858,5.827993593927146
534,B,206,,B206,b206,Klipsteenstraat,klipsteenstraat,,,older-regime,b,206,,b206,address,yes,yes,-55.15723789570185,5.827898456434697
535,B,208,,B208,b208,Klipsteenstraat,klipsteenstraat,,,older-regime,b,208,,b208,address,yes,yes,-55.15742406334089,5.827653316341786
536,B,209,,B209,b209,Klipsteenstraat,klipsteenstraat,,,older-regime,b,209,,b209,address,yes,yes,-55.15746598644556,5.827553166912988
537,B,210,,B210,b210,Keizerstraat,keizerstraat,,,older-regime,b,210,,b210,address,yes,yes,-55.157630407189615,5.827270067311677
538,B,,,,,Keizerstraat,keizerstraat,,,older-regime,b,,,,non-address-annotation,no,yes,-55.15786658631374,5.827459942616553
539,B,211,,B211,b211,Keizerstraat,keizerstraat,,,older-regime,b,211,,b211,address,yes,yes,-55.15775587140705,5.827347575214954
540,B,216,,B216,b216,Keizerstraat,keizerstraat,,,older-regime,b,216,,b216,address,yes,yes,-55.15857139323646,5.827783583821503
541,B,217,,B217,b217,Keizerstraat,keizerstraat,,,older-regime,b,217,,b217,address,yes,yes,-55.158842871695086,5.827929084096714
542,B,212,,B212,b212,Keizerstraat,keizerstraat,,,older-regime,b,212,,b212,address,yes,yes,-55.15788342037881,5.827424029944397
543,B,213,,B213,b213,Keizerstraat,keizerstraat,,,older-regime,b,213,,b213,address,yes,yes,-55.15808731739814,5.827527056210918
544,B,214,,B214,b214,Keizerstraat,keizerstraat,,,older-regime,b,214,,b214,address,yes,yes,-55.15823497588665,5.827613969867236
545,B,215,,B215,b215,Keizerstraat,keizerstraat,,,older-regime,b,215,,b215,address,yes,yes,-55.158376309432114,5.827690756462582
546,B,218,,B218,b218,Keizerstraat,keizerstraat,,,older-regime,b,218,,b218,address,yes,yes,-55.158930912394794,5.827982807140462
547,B,219,,B219,b219,Keizerstraat,keizerstraat,Hoogd. Isr. Kerk,,older-regime,b,219,,b219,address,yes,yes,-55.15931683849045,5.828390825296038
548,B,224,,B224,b224,Keizerstraat,keizerstraat,,,older-regime,b,224,,b224,address,yes,yes,-55.160452059310444,5.828858939969026
549,B,220,,B220,b220,Keizerstraat,keizerstraat,,,older-regime,b,220,,b220,address,yes,yes,-55.15971704051858,5.828430705806341
550,B,221,,B221,b221,Keizerstraat,keizerstraat,,,older-regime,b,221,,b221,address,yes,yes,-55.15989237709512,5.828520765304678
551,B,222,,B222,b222,Keizerstraat,keizerstraat,,,older-regime,b,222,,b222,address,yes,yes,-55.16007386608085,5.828613930610875
552,B,223,,B223,b223,Keizerstraat,keizerstraat,,,older-regime,b,223,,b223,address,yes,yes,-55.160310674769654,5.82876866230424
553,B,225,,B225,b225,Keizerstraat,keizerstraat,,,older-regime,b,225,,b225,address,yes,yes,-55.1607305360686,5.829052920684147
554,B,247,a,B247a,b247a,Keizerstraat,keizerstraat,,,older-regime,b,247,a,b247,address,yes,yes,-55.16406243545993,5.830883070760463
555,B,240,,B240,b240,Keizerstraat,keizerstraat,,,older-regime,b,240,,b240,address,yes,yes,-55.162939910833686,5.830266341949702
556,B,230,,B230,b230,Keizerstraat,keizerstraat,,,older-regime,b,230,,b230,address,yes,yes,-55.161376586375944,5.829390117894468
557,B,241,,B241,b241,Keizerstraat,keizerstraat,,,older-regime,b,241,,b241,address,yes,yes,-55.1632604925293,5.830441782237393
558,B,239,,B239,b239,Keizerstraat,keizerstraat,,,older-regime,b,239,,b239,address,yes,yes,-55.16283630821254,5.830203789423729
559,B,234,a,B234a,b234a,Keizerstraat,keizerstraat,,,older-regime,b,234,a,b234,address,yes,yes,-55.16220687341991,5.829849488007081
560,B,235,,B235,b235,Keizerstraat,keizerstraat,,,older-regime,b,235,,b235,address,yes,yes,-55.16232904632221,5.829921325673628
561,B,233,a,B233a,b233a,Keizerstraat,keizerstraat,,,older-regime,b,233,a,b233,address,yes,yes,-55.162079324909925,5.829778139032143
562,B,242,a,B242a,b242a,Keizerstraat,keizerstraat,,,older-regime,b,242,a,b242,address,yes,yes,-55.1634290911344,5.830545384858526
563,B,243,,B243,b243,Keizerstraat,keizerstraat,,,older-regime,b,243,,b243,address,yes,yes,-55.16360892964663,5.830646544021629
564,B,246,,B246,b246,Keizerstraat,keizerstraat,,,older-regime,b,246,,b246,address,yes,yes,-55.16389921246247,5.830796083654032
565,B,245,,B245,b245,Keizerstraat,keizerstraat,,,older-regime,b,245,,b245,address,yes,yes,-55.163792677691674,5.830741350193806
566,B,244,,B244,b244,Keizerstraat,keizerstraat,,,older-regime,b,244,,b244,address,yes,yes,-55.16370178105237,5.830690526266453
567,B,238,,B238,b238,Keizerstraat,keizerstraat,,,older-regime,b,238,,b238,address,yes,yes,-55.162725863908875,5.830143191664193
568,B,237,,B237,b237,Keizerstraat,keizerstraat,,,older-regime,b,237,,b237,address,yes,yes,-55.16256703913587,5.830045453342355
569,B,236,,B236,b236,Keizerstraat,keizerstraat,,,older-regime,b,236,,b236,address,yes,yes,-55.16245854959864,5.829989253807302
570,B,232,b,B232b,b232b,Keizerstraat,keizerstraat,,,older-regime,b,232,b,b232,address,yes,yes,-55.16192636443626,5.829697504916632
571,B,231,,B231,b231,Keizerstraat,keizerstraat,,,older-regime,b,231,,b231,address,yes,yes,-55.16143913890191,5.829420416774237
572,B,229,,B229,b229,Keizerstraat,keizerstraat,,,older-regime,b,229,,b229,address,yes,yes,-55.161287644503076,5.829338316583898
573,B,226,,B226,b226,Keizerstraat,keizerstraat,,,older-regime,b,226,,b226,address,yes,yes,-55.16098758785505,5.829183890035402
574,B,228,,B228,b228,Keizerstraat,keizerstraat,,,older-regime,b,228,,b228,address,yes,yes,-55.16121238599526,5.829299221255165
575,B,227,,B227,b227,Keizerstraat,keizerstraat,,,older-regime,b,227,,b227,address,yes,yes,-55.16112930842171,5.829251329477467
576,B,248,a,B248a,b248a,Keizerstraat,keizerstraat,,,older-regime,b,248,a,b248,address,yes,yes,-55.164275876022565,5.831007441262939
577,B,260,a,B260a,b260a,Keizerstraat,keizerstraat,,,older-regime,b,260,a,b260,address,yes,yes,-55.16621919442835,5.832093396979154
578,B,259,,B259,b259,Keizerstraat,keizerstraat,,,older-regime,b,259,,b259,address,yes,yes,-55.16593928012129,5.83193608016094
579,B,258,,B258,b258,Keizerstraat,keizerstraat,,,older-regime,b,258,,b258,address,yes,yes,-55.16578204444173,5.831842455220745
580,B,257,a,B257a,b257a,Keizerstraat,keizerstraat,,,older-regime,b,257,a,b257,address,yes,yes,-55.16561864673976,5.831750226871389
581,B,256,a,B256a,b256a,Keizerstraat,keizerstraat,,,older-regime,b,256,a,b256,address,yes,yes,-55.16544011140525,5.831659438830228
582,B,255,,B255,b255,Keizerstraat,keizerstraat,,,older-regime,b,255,,b255,address,yes,yes,-55.16536713345829,5.831617737146246
583,B,254,,B254,b254,Keizerstraat,keizerstraat,,,older-regime,b,254,,b254,address,yes,yes,-55.16527156709916,5.831565610041268
584,B,253,,B253,b253,Keizerstraat,keizerstraat,,,older-regime,b,253,,b253,address,yes,yes,-55.1651542111427,5.83148244232558
585,B,252,a,B252a,b252a,Keizerstraat,keizerstraat,,,older-regime,b,252,a,b252,address,yes,yes,-55.164957580971695,5.831394948478289
586,B,251,,B251,b251,Keizerstraat,keizerstraat,,,older-regime,b,251,,b251,address,yes,yes,-55.164762459040546,5.831278910963894
587,B,250,a,B250a,b250a,Keizerstraat,keizerstraat,,,older-regime,b,250,a,b250,address,yes,yes,-55.16459999623003,5.831192901240681
588,B,249,a,B249a,b249a,Keizerstraat,keizerstraat,,,older-regime,b,249,a,b249,address,yes,yes,-55.164444497822736,5.831085188645627
589,,,,,,,,,,unknown,,,,,insufficient-address-components,no,yes,-55.161116762165655,5.833847677083105
590,,,,,,,,,,unknown,,,,,insufficient-address-components,no,yes,-55.152828724418576,5.831802460990205
591,,,,,,,,,,unknown,,,,,insufficient-address-components,no,yes,-55.15048081759283,5.835565510555634
592,,,,,,,,,,unknown,,,,,insufficient-address-components,no,yes,-55.15476855965517,5.837866121932747
593,,,,,,,,,,unknown,,,,,insufficient-address-components,no,yes,-55.15835043721552,5.839312734498455
594,,,,,,,,,,unknown,,,,,insufficient-address-components,no,yes,-55.15936077572657,5.839411701540723
595,,,,,,,,,,unknown,,,,,insufficient-address-components,no,yes,-55.16242737635977,5.838246064233394
596,,,,,,,,,,unknown,,,,,insufficient-address-components,no,yes,-55.149096715381155,5.836224388911673
597,B,,,,,,,,,older-regime,b,,,,non-address-annotation,no,yes,-55.158691694142846,5.830676836839953
598,B,,,B,b,Heerenstraat,heerenstraat,Kerk der Vrije Evangelisatie,,older-regime,b,,,,non-address-annotation,no,yes,-55.15750162322157,5.828954514917662
599,C,1,,C1,c1,Waterkant,waterkant,,,older-regime,c,1,,c1,address,yes,yes,-55.156907012918225,5.824349263945954
600,C,2,,C2,c2,Waterkant,waterkant,,,older-regime,c,2,,c2,address,yes,yes,-55.157095282100876,5.824309408681795
601,C,3,,C3,c3,Waterkant,waterkant,,,older-regime,c,3,,c3,address,yes,yes,-55.15725789349361,5.824255435156995
602,C,4,,C4,c4,Waterkant,waterkant,,,older-regime,c,4,,c4,address,yes,yes,-55.157425329340846,5.824216983840484
603,C,5,,C5,c5,Waterkant,waterkant,,,older-regime,c,5,,c5,address,yes,yes,-55.15763809854259,5.824168146669017
604,C,6,,C6,c6,Waterkant,waterkant,,,older-regime,c,6,,c6,address,yes,yes,-55.157997455261615,5.824058349726813
605,C,7,,C7,c7,Jodenbreestraat,jodenbreestraat,,,older-regime,c,7,,c7,address,yes,yes,-55.15822843502935,5.823997405987352
606,C,8,,C8,c8,Jodenbreestraat,jodenbreestraat,,,older-regime,c,8,,c8,address,yes,yes,-55.15841088775115,5.824282793401784
607,C,9,,C9,c9,Jodenbreestraat,jodenbreestraat,,,older-regime,c,9,,c9,address,yes,yes,-55.15845482144898,5.824560953746796
608,C,10,bb,C10bb,c10bb,Jodenbreestraat,jodenbreestraat,,,older-regime,c,10,bb,c10,address,yes,yes,-55.15856660962295,5.824958173690971
609,C,11,,C11,c11,Maagdenstraat,maagdenstraat,,,older-regime,c,11,,c11,address,yes,yes,-55.15850503448018,5.825340330529332
610,C,12,,C12,c12,Maagdenstraat,maagdenstraat,,,older-regime,c,12,,c12,address,yes,yes,-55.158359404380654,5.825381380624501
611,C,13,,C13,c13,Maagdenstraat,maagdenstraat,,,older-regime,c,13,,c13,address,yes,yes,-55.15819324923355,5.825411679504272
612,C,14,a,C14a,c14a,Maagdenstraat,maagdenstraat,,,older-regime,c,14,a,c14,address,yes,yes,-55.15806618941517,5.825444910533697
613,C,15,,C15,c15,Maagdenstraat,maagdenstraat,,,older-regime,c,15,,c15,address,yes,yes,-55.15728410191452,5.825613395811827
614,C,16,,C16,c16,Maagdenstraat,maagdenstraat,,,older-regime,c,16,,c16,address,yes,yes,-55.15773382481254,5.825824890615769
615,C,22,,C22,c22,Maagdenstraat,maagdenstraat,,,older-regime,c,22,,c22,address,yes,yes,-55.15849281719,5.825601291848629
616,C,21,,C21,c21,Maagdenstraat,maagdenstraat,,,older-regime,c,21,,c21,address,yes,yes,-55.1584072961584,5.82562377166265
617,C,20,b,C20b,c20b,Maagdenstraat,maagdenstraat,,,older-regime,c,20,b,c20,address,yes,yes,-55.158273394657485,5.8256638443746
618,C,19,,C19,c19,Maagdenstraat,maagdenstraat,,,older-regime,c,19,,c19,address,yes,yes,-55.15800950118853,5.825743012415286
619,C,18,,C18,c18,Maagdenstraat,maagdenstraat,,,older-regime,c,18,,c18,address,yes,yes,-55.15788732828641,5.825765980920919
620,C,17,,C17,c17,Maagdenstraat,maagdenstraat,,,older-regime,c,17,,c17,address,yes,yes,-55.15778763519813,5.825792370267814
621,C,23,b,C23b,c23b,Jodenbreestraat,jodenbreestraat,,,older-regime,c,23,b,c23,address,yes,yes,-55.158740835426585,5.825668798092794
622,C,24,,C24,c24,Jodenbreestraat,jodenbreestraat,,,older-regime,c,24,,c24,address,yes,yes,-55.15876079408826,5.825772769952165
623,C,25,,C25,c25,Jodenbreestraat,jodenbreestraat,,,older-regime,c,25,,c25,address,yes,yes,-55.158788475613534,5.825843682886773
624,C,26,,C26,c26,Jodenbreestraat,jodenbreestraat,,,older-regime,c,26,,c26,address,yes,yes,-55.158820130572224,5.825919683427076
625,C,27,,C27,c27,Jodenbreestraat,jodenbreestraat,,,older-regime,c,27,,c27,address,yes,yes,-55.158849403766936,5.826031995991059
626,C,28,,C28,c28,Jodenbreestraat,jodenbreestraat,,,older-regime,c,28,,c28,address,yes,yes,-55.15880170835031,5.826148689931265
627,C,29,,C29,c29,Jodenbreestraat,jodenbreestraat,,,older-regime,c,29,,c29,address,yes,yes,-55.15887535857212,5.826259596378806
628,C,30,,C30,c30,Jodenbreestraat,jodenbreestraat,,,older-regime,c,30,,c30,address,yes,yes,-55.15898492964042,5.82657476553408
629,C,32,,C32,c32,Domineestraat,domineestraat,,,older-regime,c,32,,c32,address,yes,yes,-55.15864089074757,5.826649046658672
630,C,31,,C31,c31,Domineestraat,domineestraat,,,older-regime,c,31,,c31,address,yes,yes,-55.158805091128244,5.826617770395686
631,C,35,,C35,c35,Domineestraat,domineestraat,,,older-regime,c,35,,c35,address,yes,yes,-55.15771474281677,5.826860460274804
632,C,33,a,C33a,c33a,Domineestraat,domineestraat,,,older-regime,c,33,a,c33,address,yes,yes,-55.15842830989761,5.826717952175565
633,C,34,,C34,c34,Domineestraat,domineestraat,,,older-regime,c,34,,c34,address,yes,yes,-55.157987603543454,5.826807352068109
634,C,36,,C36,c36,Domineestraat,domineestraat,,,older-regime,c,36,,c36,address,yes,yes,-55.15870833018966,5.826886062089117
635,C,37,b,C37b,c37b,Domineestraat,domineestraat,,,older-regime,c,37,b,c37,address,yes,yes,-55.158960006368396,5.826827419096017
636,C,38,,C38,c38,Jodenbreestraat,jodenbreestraat,,,older-regime,c,38,,c38,address,yes,yes,-55.15962120611577,5.827952387180309
637,C,42,,C42,c42,Jodenbreestraat,jodenbreestraat,,,older-regime,c,42,,c42,address,yes,yes,-55.15951305993564,5.827438743971433
638,C,39,,C39,c39,Jodenbreestraat,jodenbreestraat,,,older-regime,c,39,,c39,address,yes,yes,-55.159591884619225,5.827826304745147
639,C,40,,C40,c40,Jodenbreestraat,jodenbreestraat,,,older-regime,c,40,,c40,address,yes,yes,-55.15956158573946,5.827700222309983
640,C,41,,C41,c41,Jodenbreestraat,jodenbreestraat,,,older-regime,c,41,,c41,address,yes,yes,-55.15952737732682,5.827586845856658
641,C,43,b,C43b,c43b,Jodenbreestraat,jodenbreestraat,,,older-regime,c,43,b,c43,address,yes,yes,-55.15942768423855,5.827152887707719
642,C,45,,C45,c45,Jodenbreestraat,jodenbreestraat,,,older-regime,c,45,,c45,address,yes,yes,-55.15934362928178,5.826743364139241
643,C,44,b,C44b,c44b,Jodenbreestraat,jodenbreestraat,,,older-regime,c,44,b,c44,address,yes,yes,-55.159367086478845,5.826889971621992
644,C,46,,C46,c46,Domineestraat,domineestraat,,,older-regime,c,46,,c46,address,yes,yes,-55.15957135957163,5.826688630679015
645,C,47,,C47,c47,Domineestraat,domineestraat,,,older-regime,c,47,,c47,address,yes,yes,-55.15967398480956,5.826652467499937
646,C,48,,C48,c48,Domineestraat,domineestraat,,,older-regime,c,48,,c48,address,yes,yes,-55.15979420294541,5.826629987685916
647,C,49,,C49,c49,Domineestraat,domineestraat,,,older-regime,c,49,,c49,address,yes,yes,-55.159902692482625,5.826607507871895
648,C,50,,C50,c50,Domineestraat,domineestraat,,,older-regime,c,50,,c50,address,yes,yes,-55.160019978468824,5.826560593477415
649,C,51,,C51,c51,Domineestraat,domineestraat,,,older-regime,c,51,,c51,address,yes,yes,-55.160163653801916,5.826564503010288
650,C,52,,C52,c52,Domineestraat,domineestraat,,,older-regime,c,52,,c52,address,yes,yes,-55.16028680408743,5.826541045813048
651,C,53,,C53,c53,Domineestraat,domineestraat,,,older-regime,c,53,,c53,address,yes,yes,-55.16039333885822,5.826508792166844
652,C,54,a,C54a,c54a,Domineestraat,domineestraat,,,older-regime,c,54,a,c54,address,yes,yes,-55.16050182839546,5.826439397958342
653,C,55,,C55,c55,Domineestraat,domineestraat,,,older-regime,c,55,,c55,address,yes,yes,-55.160591747651516,5.826126635328478
654,C,56,,C56,c56,Domineestraat,domineestraat,,,older-regime,c,56,,c56,address,yes,yes,-55.16041391077577,5.8261441306563
655,C,57,,C57,c57,Domineestraat,domineestraat,,,older-regime,c,57,,c57,address,yes,yes,-55.16027053026944,5.826176062812845
656,C,58,,C58,c58,Domineestraat,domineestraat,,,older-regime,c,58,,c58,address,yes,yes,-55.160066602538734,5.826249098035422
657,C,59,,C59,c59,Domineestraat,domineestraat,,,older-regime,c,59,,c59,address,yes,yes,-55.159952912523366,5.826290326685072
658,C,60,,C60,c60,Domineestraat,domineestraat,,,older-regime,c,60,,c60,address,yes,yes,-55.159744410812024,5.826377586127582
659,C,61,,C61,c61,Domineestraat,domineestraat,,,older-regime,c,61,,c61,address,yes,yes,-55.159497078447,5.826453081323399
660,C,62,,C62,c62,Domineestraat,domineestraat,,,older-regime,c,62,,c62,address,yes,yes,-55.159368063862175,5.826486312352821
661,C,63,,C63,c63,Domineestraat,domineestraat,,,older-regime,c,63,,c63,address,yes,yes,-55.15926641600747,5.826505860017188
662,C,64,,C64,c64,Jodenbreestraat,jodenbreestraat,,,older-regime,c,64,,c64,address,yes,yes,-55.159193219772725,5.826306773802903
663,C,71,,C71,c71,Jodenbreestraat,jodenbreestraat,,,older-regime,c,71,,c71,address,yes,yes,-55.158964404593014,5.825475698105075
664,C,70,,C70,c70,Jodenbreestraat,jodenbreestraat,,,older-regime,c,70,,c70,address,yes,yes,-55.159011679104836,5.825643167641015
665,C,69,,C69,c69,Jodenbreestraat,jodenbreestraat,,,older-regime,c,69,,c69,address,yes,yes,-55.1590337988015,5.825733727274713
666,C,68,,C68,c68,Jodenbreestraat,jodenbreestraat,,,older-regime,c,68,,c68,address,yes,yes,-55.15908841545154,5.82582958853735
667,C,67,,C67,c67,Jodenbreestraat,jodenbreestraat,,,older-regime,c,67,,c67,address,yes,yes,-55.159086577495295,5.825950706349182
668,C,66,,C66,c66,Jodenbreestraat,jodenbreestraat,,,older-regime,c,66,,c66,address,yes,yes,-55.1591139442254,5.826058218503197
669,C,65,,C65,c65,Jodenbreestraat,jodenbreestraat,,,older-regime,c,65,,c65,address,yes,yes,-55.15915108478771,5.826152047292155
670,C,72,,C72,c72,Maagdenstraat,maagdenstraat,,,older-regime,c,72,,c72,address,yes,yes,-55.15908853226174,5.825435625393124
671,C,73,,C73,c73,Maagdenstraat,maagdenstraat,,,older-regime,c,73,,c73,address,yes,yes,-55.15918627058357,5.825409236046229
672,C,74,,C74,c74,Maagdenstraat,maagdenstraat,,,older-regime,c,74,,c74,address,yes,yes,-55.159252732642415,5.8253916431483
673,C,75,,C75,c75,Maagdenstraat,maagdenstraat,,,older-regime,c,75,,c75,address,yes,yes,-55.15932603638379,5.82536818595106
674,C,76,,C76,c76,Maagdenstraat,maagdenstraat,,,older-regime,c,76,,c76,address,yes,yes,-55.1594502526152,5.825346039449448
675,C,77,,C77,c77,Maagdenstraat,maagdenstraat,,,older-regime,c,77,,c77,address,yes,yes,-55.15954985714079,5.825306610808306
676,C,78,,C78,c78,Maagdenstraat,maagdenstraat,,,older-regime,c,78,,c78,address,yes,yes,-55.159840226088086,5.82525585896873
677,C,79,,C79,c79,Maagdenstraat,maagdenstraat,,,older-regime,c,79,,c79,address,yes,yes,-55.15996915454145,5.825226465384402
678,C,80,,C80,c80,Maagdenstraat,maagdenstraat,,,older-regime,c,80,,c80,address,yes,yes,-55.160235980159875,5.825138989586361
679,C,81,,C81,c81,Maagdenstraat,maagdenstraat,,,older-regime,c,81,,c81,address,yes,yes,-55.16038454240924,5.825248945198424
680,C,82,,C82,c82,Maagdenstraat,maagdenstraat,,,older-regime,c,82,,c82,address,yes,yes,-55.16025943735705,5.824850661536948
681,C,83,,C83,c83,Maagdenstraat,maagdenstraat,,,older-regime,c,83,,c83,address,yes,yes,-55.160048982566536,5.824879841576343
682,C,84,,C84,c84,Maagdenstraat,maagdenstraat,,,older-regime,c,84,,c84,address,yes,yes,-55.15956416149244,5.825023492264966
683,C,85,,C85,c85,Maagdenstraat,maagdenstraat,,,older-regime,c,85,,c85,address,yes,yes,-55.15943061638791,5.825056889396016
684,C,86,,C86,c86,Maagdenstraat,maagdenstraat,,,older-regime,c,86,,c86,address,yes,yes,-55.15932505900034,5.825091097808657
685,C,87,,C87,c87,Jodenbreestraat,jodenbreestraat,,,older-regime,c,87,,c87,address,yes,yes,-55.15887620936643,5.825191832915697
686,C,88,b,C88b,c88b,Jodenbreestraat,jodenbreestraat,,,older-regime,c,88,b,c88,address,yes,yes,-55.15885005075624,5.825008020235099
687,C,89,b,C89b,c89b,Jodenbreestraat,jodenbreestraat,,,older-regime,c,89,b,c89,address,yes,yes,-55.15882757094222,5.824916146212579
688,C,90,,C90,c90,Jodenbreestraat,jodenbreestraat,,,older-regime,c,90,,c90,address,yes,yes,-55.15878913418151,5.824788810665025
689,C,91,,C91,c91,Jodenbreestraat,jodenbreestraat,,,older-regime,c,91,,c91,address,yes,yes,-55.15873178738681,5.824704054054203
690,C,92,,C92,c92,Jodenbreestraat,jodenbreestraat,,,older-regime,c,92,,c92,address,yes,yes,-55.15869464682451,5.8245066226441
691,C,93,,C93,c93,Jodenbreestraat,jodenbreestraat,,,older-regime,c,93,,c93,address,yes,yes,-55.1586457776636,5.824241751791933
692,C,94,,C94,c94,Jodenbreestraat,jodenbreestraat,,,older-regime,c,94,,c94,address,yes,yes,-55.1586086371013,5.82411566935677
693,C,95,a,C95a,c95a,Jodenbreestraat,jodenbreestraat,,,older-regime,c,95,a,c95,address,yes,yes,-55.15858029298797,5.823972971406894
694,C,96,,C96,c96,Waterkant,waterkant,,,older-regime,c,96,,c96,address,yes,yes,-55.15871394587964,5.823857360897937
695,C,97,,C97,c97,Waterkant,waterkant,,,older-regime,c,97,,c97,address,yes,yes,-55.15882519823171,5.823834234632876
696,C,98,,C98,c98,Waterkant,waterkant,,,older-regime,c,98,,c98,address,yes,yes,-55.15889368833576,5.823823697693792
697,C,99,,C99,c99,Waterkant,waterkant,,,older-regime,c,99,,c99,address,yes,yes,-55.15897798384843,5.823807892285165
698,C,100,,C100,c100,Waterkant,waterkant,,,older-regime,c,100,,c100,address,yes,yes,-55.15910706135221,5.823778915702685
699,C,101,,C101,c101,Waterkant,waterkant,,,older-regime,c,101,,c101,address,yes,yes,-55.15920979650828,5.823744670650664
700,C,102,,C102,c102,Steenbakkerijstraat,steenbakkerijstraat,,,older-regime,c,102,,c102,address,yes,yes,-55.160117069382956,5.824098855075204
701,C,106,,C106,c106,Steenbakkerijstraat,steenbakkerijstraat,,,older-regime,c,106,,c106,address,yes,yes,-55.160189507841245,5.824496576370913
702,C,105,,C105,c105,Steenbakkerijstraat,steenbakkerijstraat,,,older-regime,c,105,,c105,address,yes,yes,-55.16019386178483,5.82439361467401
703,C,103,,C103,c103,Steenbakkerijstraat,steenbakkerijstraat,,,older-regime,c,103,,c103,address,yes,yes,-55.1601484939184,5.824233449877277
704,C,104,,C104,c104,Steenbakkerijstraat,steenbakkerijstraat,,,older-regime,c,104,,c104,address,yes,yes,-55.160179062121465,5.824327848311143
705,C,107,,C107,c107,Steenbakkerijstraat,steenbakkerijstraat,,,older-regime,c,107,,c107,address,yes,yes,-55.16043536633659,5.825392620531517
706,C,111,,C111,c111,Steenbakkerijstraat,steenbakkerijstraat,,,older-regime,c,111,,c111,address,yes,yes,-55.16062090251016,5.825975090433191
707,C,108,,C108,c108,Steenbakkerijstraat,steenbakkerijstraat,,,older-regime,c,108,,c108,address,yes,yes,-55.160469574749236,5.825499155302315
708,C,109,,C109,c109,Steenbakkerijstraat,steenbakkerijstraat,,,older-regime,c,109,,c109,address,yes,yes,-55.16051879048325,5.825681224287979
709,C,110,,C110,c110,Steenbakkerijstraat,steenbakkerijstraat,,,older-regime,c,110,,c110,address,yes,yes,-55.16058147992273,5.825780559729709
710,C,112,,C112,c112,Steenbakkerijstraat,steenbakkerijstraat,,,older-regime,c,112,,c112,address,yes,yes,-55.160781359995894,5.826680811613268
711,C,113,,C113,c113,Steenbakkerijstraat,steenbakkerijstraat,,,older-regime,c,113,,c113,address,yes,yes,-55.16081752317497,5.826795165449811
712,C,114,a,C114a,c114a,Steenbakkerijstraat,steenbakkerijstraat,,,older-regime,c,114,a,c114,address,yes,yes,-55.16084782205474,5.826889971621989
713,C,115,,C115,c115,Steenbakkerijstraat,steenbakkerijstraat,,,older-regime,c,115,,c115,address,yes,yes,-55.160900600748526,5.827125520977606
714,C,116,a,C116a,c116a,Steenbakkerijstraat,steenbakkerijstraat,,,older-regime,c,116,a,c116,address,yes,yes,-55.16096119850805,5.827340545285637
715,C,121,,C121,c121,Steenbakkerijstraat,steenbakkerijstraat,,,older-regime,c,121,,c121,address,yes,yes,-55.16106653119864,5.827887216365681
716,C,120,,C120,c120,Steenbakkerijstraat,steenbakkerijstraat,,,older-regime,c,120,,c120,address,yes,yes,-55.16107580435807,5.827740764880921
717,C,117,,C117,c117,Steenbakkerijstraat,steenbakkerijstraat,,,older-regime,c,117,,c117,address,yes,yes,-55.16098365766691,5.827452208223041
718,C,118,,C118,c118,Steenbakkerijstraat,steenbakkerijstraat,,,older-regime,c,118,,c118,address,yes,yes,-55.16103273291717,5.827537947893731
719,C,119,,C119,c119,Steenbakkerijstraat,steenbakkerijstraat,,,older-regime,c,119,,c119,address,yes,yes,-55.16104282846633,5.827602268036892
720,C,122,b,C122b,c122b,Zwartenhovenbrugstraat,zwartenhovenbrugstraat,,,older-regime,c,122,b,c122,address,yes,yes,-55.160965108040976,5.828140044758228
721,C,123,,C123,c123,Zwartenhovenbrugstraat,zwartenhovenbrugstraat,,,older-regime,c,123,,c123,address,yes,yes,-55.16092112579615,5.828225077098222
722,C,124,,C124,c124,Zwartenhovenbrugstraat,zwartenhovenbrugstraat,,,older-regime,c,124,,c124,address,yes,yes,-55.16086834710236,5.828317928503963
723,C,125,,C125,c125,Zwartenhovenbrugstraat,zwartenhovenbrugstraat,,,older-regime,c,125,,c125,address,yes,yes,-55.160811658875694,5.828428372807633
724,C,126,,C126,c126,Keizerstraat,keizerstraat,,,older-regime,c,126,,c126,address,yes,yes,-55.160682364264986,5.828637204900658
725,C,127,,C127,c127,Keizerstraat,keizerstraat,,,older-regime,c,127,,c127,address,yes,yes,-55.16054776540676,5.828592573188311
726,C,128,,C128,c128,Keizerstraat,keizerstraat,,,older-regime,c,128,,c128,address,yes,yes,-55.16040213530723,5.828530998045557
727,C,129,,C129,c129,Keizerstraat,keizerstraat,,,older-regime,c,129,,c129,address,yes,yes,-55.16032143572022,5.828451785388014
728,C,133,,C133,c133,Keizerstraat,keizerstraat,,,older-regime,c,133,,c133,address,yes,yes,-55.1597766100475,5.828195755601671
729,C,130,,C130,c130,Keizerstraat,keizerstraat,,,older-regime,c,130,,c130,address,yes,yes,-55.16021545511253,5.828405892993612
730,C,131,,C131,c131,Keizerstraat,keizerstraat,,,older-regime,c,131,,c131,address,yes,yes,-55.16012064894035,5.828350182150166
731,C,132,,C132,c132,Keizerstraat,keizerstraat,,,older-regime,c,132,,c132,address,yes,yes,-55.15999554388841,5.82830717728856
732,C,140,,C140,c140,Keizerstraat,keizerstraat,,,older-regime,c,140,,c140,address,yes,yes,-55.158098443061625,5.82722814621553
733,C,139,a,C139a,c139a,Keizerstraat,keizerstraat,,,older-regime,c,139,a,c139,address,yes,yes,-55.158391139487556,5.827390801656887
734,C,134,,C134,c134,Keizerstraat,keizerstraat,,,older-regime,c,134,,c134,address,yes,yes,-55.1593231042342,5.82795825147962
735,C,135,,C135,c135,Keizerstraat,keizerstraat,,,older-regime,c,135,,c135,address,yes,yes,-55.15914522048846,5.827866377457097
736,C,136,,C136,c136,Keizerstraat,keizerstraat,,,older-regime,c,136,,c136,address,yes,yes,-55.15903282141836,5.827810666613653
737,C,137,,C137,c137,Keizerstraat,keizerstraat,,,older-regime,c,137,,c137,address,yes,yes,-55.15881975187676,5.827642556700101
738,C,138,,C138,c138,Keizerstraat,keizerstraat,,,older-regime,c,138,,c138,address,yes,yes,-55.15867412177722,5.827563388659415
739,C,141,,C141,c141,Heiligeweg,heiligeweg,,,older-regime,c,141,,c141,address,yes,yes,-55.157527526889226,5.826519809351582
740,C,142,,C142,c142,Heiligeweg,heiligeweg,,,older-regime,c,142,,c142,address,yes,yes,-55.15742920465326,5.826206635470959
741,C,143,,C143,c143,Heiligeweg,heiligeweg,,,older-regime,c,143,,c143,address,yes,yes,-55.15736200751497,5.825948630430563
742,C,144,b,C144b,c144b,Heiligeweg,heiligeweg,,,older-regime,c,144,b,c144,address,yes,yes,-55.157143539657255,5.82536329903497
743,C,145,,C145,c145,Heiligeweg,heiligeweg,,,older-regime,c,145,,c145,address,yes,yes,-55.15708098713128,5.825165867624868
744,C,146,a,C146a,c146a,Heiligeweg,heiligeweg,,,older-regime,c,146,a,c146,address,yes,yes,-55.15704187197592,5.824916433127399
745,C,147,,C147,c147,Waterkant,waterkant,,,older-regime,c,147,,c147,address,yes,yes,-55.15956354050563,5.82340315699061
746,C,148,,C148,c148,Waterkant,waterkant,,,older-regime,c,148,,c148,address,yes,yes,-55.15973602919056,5.823349270156083
747,C,149,,C149,c149,Waterkant,waterkant,,,older-regime,c,149,,c149,address,yes,yes,-55.15991539846423,5.823323011566707
748,C,150,,C150,c150,Steenbakkerijstraat,steenbakkerijstraat,,,older-regime,c,150,,c150,address,yes,yes,-55.160372813810405,5.824202656463198
749,C,154,,C154,c154,Steenbakkerijstraat,steenbakkerijstraat,,,older-regime,c,154,,c154,address,yes,yes,-55.160506869136526,5.824671099169435
750,C,153,,C153,c153,Steenbakkerijstraat,steenbakkerijstraat,,,older-regime,c,153,,c153,address,yes,yes,-55.160469574749015,5.824594098442137
751,C,151,,C151,c151,Steenbakkerijstraat,steenbakkerijstraat,,,older-regime,c,151,,c151,address,yes,yes,-55.160407999606264,5.82435366217043
752,C,152,,C152,c152,Steenbakkerijstraat,steenbakkerijstraat,,,older-regime,c,152,,c152,address,yes,yes,-55.16045051577626,5.824470948156629
753,C,155,a,C155a,c155a,Maagdenstraat,maagdenstraat,,,older-regime,c,155,a,c155,address,yes,yes,-55.161007624210676,5.824654207510063
754,C,156,,C156,c156,Maagdenstraat,maagdenstraat,,,older-regime,c,156,,c156,address,yes,yes,-55.16183668952556,5.824703321016788
755,C,157,a,C157a,c157a,Maagdenstraat,maagdenstraat,,,older-regime,c,157,a,c157,address,yes,yes,-55.16175825452229,5.824717981765063
756,C,158,,C158,c158,Maagdenstraat,maagdenstraat,,,older-regime,c,158,,c158,address,yes,yes,-55.16159991844092,5.824762697047301
757,C,159,,C159,c159,Maagdenstraat,maagdenstraat,,,older-regime,c,159,,c159,address,yes,yes,-55.16139686707731,5.824789086394197
758,C,160,,C160,c160,Maagdenstraat,maagdenstraat,,,older-regime,c,160,,c160,address,yes,yes,-55.16131256777473,5.824815475741091
759,C,161,,C161,c161,Maagdenstraat,maagdenstraat,,,older-regime,c,161,,c161,address,yes,yes,-55.16122020506059,5.824838199900918
760,C,162,,C162,c162,Maagdenstraat,maagdenstraat,,,older-regime,c,162,,c162,address,yes,yes,-55.16111318159818,5.824888046445053
761,C,163,,C163,c163,Maagdenstraat,maagdenstraat,,,older-regime,c,163,,c163,address,yes,yes,-55.16096070981612,5.824909304530052
762,C,164,a,C164a,c164a,Maagdenstraat,maagdenstraat,"woningen, winkels en scholen der Mor. Br. Gemeente",,older-regime,c,164,a,c164,address,yes,yes,-55.16064330461597,5.824995802944873
763,C,165,,C165,c165,Steenbakkerijstraat,steenbakkerijstraat,"woningen, winkels en scholen der Mor. Br. Gemeente",,older-regime,c,165,,c165,address,yes,yes,-55.160866881027225,5.826039648222044
764,C,166,,C166,c166,Domineestraat,domineestraat,"woningen, winkels en scholen der Mor. Br. Gemeente",,older-regime,c,166,,c166,address,yes,yes,-55.16100835724808,5.826008860650667
765,C,173,,C173,c173,Domineestraat,domineestraat,,,older-regime,c,173,,c173,address,yes,yes,-55.16228237627313,5.825686324188617
766,C,172,,C172,c172,Domineestraat,domineestraat,,,older-regime,c,172,,c172,address,yes,yes,-55.16210058299453,5.825744967181717
767,C,171,,C171,c171,Domineestraat,domineestraat,"woningen, winkels en scholen der Mor. Br. Gemeente",,older-regime,c,171,,c171,address,yes,yes,-55.16193564957644,5.8257867503143
768,C,170,,C170,c170,Domineestraat,domineestraat,,,older-regime,c,170,,c170,address,yes,yes,-55.16178171171959,5.825808741436714
769,C,169,,C169,c169,Domineestraat,domineestraat,"woningen, winkels en scholen der Mor. Br. Gemeente",,older-regime,c,169,,c169,address,yes,yes,-55.161498026240444,5.825888642514812
770,C,168,,C168,c168,Domineestraat,domineestraat,"woningen, winkels en scholen der Mor. Br. Gemeente",,older-regime,c,168,,c168,address,yes,yes,-55.161261988193225,5.82594875158274
771,C,167,,C167,c167,Domineestraat,domineestraat,"woningen, winkels en scholen der Mor. Br. Gemeente",,older-regime,c,167,,c167,address,yes,yes,-55.16112417715945,5.825978806116703
772,C,,,C,c,Dominéstraat,dominestraat,Plein waarop een [onleesbaar],,older-regime,c,,,,non-address-annotation,no,yes,-55.16212691860704,5.82598819672724
773,C,174,a,C174a,c174a,Domineestraat,domineestraat,,,older-regime,c,174,a,c174,address,yes,yes,-55.16185061723665,5.826036716072397
774,C,180,,C180,c180,Domineestraat,domineestraat,"woningen, winkels en scholen der Mor. Br. Gemeente",,older-regime,c,180,,c180,address,yes,yes,-55.16121513701832,5.826213958998305
775,C,181,,C181,c181,Domineestraat,domineestraat,"woningen, winkels en scholen der Mor. Br. Gemeente",,older-regime,c,181,,c181,address,yes,yes,-55.16106049540126,5.826275204491904
776,C,182,,C182,c182,Steenbakkerijstraat,steenbakkerijstraat,"woningen, winkels en scholen der Mor. Br. Gemeente",,older-regime,c,182,,c182,address,yes,yes,-55.160913306730286,5.826306473840653
777,C,175,,C175,c175,Domineestraat,domineestraat,,,older-regime,c,175,,c175,address,yes,yes,-55.161686838177665,5.826084419671077
778,C,176,,C176,c176,Domineestraat,domineestraat,,,older-regime,c,176,,c176,address,yes,yes,-55.1615754838607,5.826112463271817
779,C,177,a,C177a,c177a,Domineestraat,domineestraat,,,older-regime,c,177,a,c177,address,yes,yes,-55.1614899628291,5.826137386543884
780,C,178,,C178,c178,Domineestraat,domineestraat,,,older-regime,c,178,,c178,address,yes,yes,-55.161380495908645,5.826161821124343
781,C,179,,C179,c179,Domineestraat,domineestraat,,,older-regime,c,179,,c179,address,yes,yes,-55.16129546356865,5.826187721779628
782,C,191,,C191,c191,Steenbakkerijstraat,steenbakkerijstraat,,,older-regime,c,191,,c191,address,yes,yes,-55.16133846843032,5.827420690709538
783,C,190,,C190,c190,Steenbakkerijstraat,steenbakkerijstraat,,,older-regime,c,190,,c190,address,yes,yes,-55.1612469029176,5.827518496059368
784,C,183,a,C183a,c183a,Steenbakkerijstraat,steenbakkerijstraat,,,older-regime,c,183,a,c183,address,yes,yes,-55.16094604906811,5.826500973101098
785,C,184,,C184,c184,Steenbakkerijstraat,steenbakkerijstraat,,,older-regime,c,184,,c184,address,yes,yes,-55.161005401552515,5.826667722906288
786,C,185,a,C185a,c185a,Steenbakkerijstraat,steenbakkerijstraat,,,older-regime,c,185,a,c185,address,yes,yes,-55.16100909028572,5.826769753486137
787,C,186,,C186,c186,Steenbakkerijstraat,steenbakkerijstraat,,,older-regime,c,186,,c186,address,yes,yes,-55.16105014038094,5.82691245143601
788,C,187,,C187,c187,Steenbakkerijstraat,steenbakkerijstraat,,,older-regime,c,187,,c187,address,yes,yes,-55.16109048301885,5.827014831855798
789,C,189,,C189,c189,Steenbakkerijstraat,steenbakkerijstraat,,,older-regime,c,189,,c189,address,yes,yes,-55.16115099643089,5.827260643455402
790,C,188,,C188,c188,Steenbakkerijstraat,steenbakkerijstraat,,,older-regime,c,188,,c188,address,yes,yes,-55.161125140623724,5.827131173072845
791,C,192,,C192,c192,Zwartenhovenbrugstraat,zwartenhovenbrugstraat,Policiestation,,older-regime,c,192,,c192,address,yes,yes,-55.16143034245284,5.827248671263114
792,C,193,b,C193b,c193b,Zwartenhovenbrugstraat,zwartenhovenbrugstraat,,,older-regime,c,193,b,c193,address,yes,yes,-55.16159845236639,5.826961320596927
793,C,195,,C195,c195,Zwartenhovenbrugstraat,zwartenhovenbrugstraat,,,older-regime,c,195,,c195,address,yes,yes,-55.16191834184278,5.826383083405799
794,C,194,,C194,c194,Zwartenhovenbrugstraat,zwartenhovenbrugstraat,,,older-regime,c,194,,c194,address,yes,yes,-55.16171132178873,5.826758164856065
795,C,196,a,C196a,c196a,Zwartenhovenbrugstraat,zwartenhovenbrugstraat,,,older-regime,c,196,a,c196,address,yes,yes,-55.162357146089334,5.825545581005179
796,C,197,a,C197a,c197a,Zwartenhovenbrugstraat,zwartenhovenbrugstraat,,,older-regime,c,197,a,c197,address,yes,yes,-55.162589518949495,5.825143143465034
797,C,198,,C198,c198,Steenbakkersgracht,steenbakkersgracht,,in w.r. '48: Steenbakkerstraat,older-regime,c,198,,c198,address,yes,yes,-55.16236270562851,5.825004727407589
798,C,199,,C199,c199,Steenbakkersgracht,steenbakkersgracht,,in w.r. '48: Steenbakkerstraat,older-regime,c,199,,c199,address,yes,yes,-55.162292638796906,5.824955485887116
799,C,200,,C200,c200,Steenbakkersgracht,steenbakkersgracht,,in w.r. '48: Steenbakkerstraat,older-regime,c,200,,c200,address,yes,yes,-55.162240088009696,5.824919408809502
800,C,201,,C201,c201,Steenbakkersgracht,steenbakkersgracht,,in w.r. '48: Steenbakkerstraat,older-regime,c,201,,c201,address,yes,yes,-55.16217254336207,5.824892395733079
801,C,202,,C202,c202,Steenbakkersgracht,steenbakkersgracht,,in w.r. '48: Steenbakkerstraat,older-regime,c,202,,c202,address,yes,yes,-55.16208562733862,5.824847836718495
802,C,203,,C203,c203,Steenbakkersgracht,steenbakkersgracht,,in w.r. '48: Steenbakkerstraat,older-regime,c,203,,c203,address,yes,yes,-55.16196277196071,5.824766362234371
803,C,204,,C204,c204,Steenbakkersgracht,steenbakkersgracht,,in w.r. '48: Steenbakkerstraat,older-regime,c,204,,c204,address,yes,yes,-55.161473836005825,5.824501735728005
804,C,,,C,c,Steenbakkerijstraat,steenbakkerijstraat,Stoom IJsfabriek,,older-regime,c,,,,non-address-annotation,no,yes,-55.16033909408937,5.823858128878739
805,C,,,C,c,Steenbakkerijstraat,steenbakkerijstraat,Willemschool,,older-regime,c,,,,non-address-annotation,no,yes,-55.15986843977593,5.823699439574236
806,C,,,C,c,Waterkant,waterkant,,Evang. Luthersche Kerk,older-regime,c,,,,non-address-annotation,no,yes,-55.159560328768805,5.823782514564749
807,C,206,,C206,c206,Waterkant,waterkant,Steiger en Bergplaats van goederen der K.W. Mail [enz.],,older-regime,c,206,,c206,address,yes,yes,-55.15833399241693,5.823702236255419
808,C,207,,C207,c207,Waterkant,waterkant,Planken stapelplaats van M.S. van Praag,,older-regime,c,207,,c207,address,yes,yes,-55.158017320254196,5.823790200745068
809,C,,,C,c,Waterkant,waterkant,Overdekte Markten,,older-regime,c,,,,non-address-annotation,no,yes,-55.15842448645361,5.82386935469995
810,C,205,,C205,c205,Waterkant,waterkant,Hijmachine bergplaats,,older-regime,c,205,,c205,address,yes,yes,-55.15848646419899,5.823582995502784
811,C,,,C,c,Waterkant,waterkant,plaats voor een 2e aanlegplaats K.W.-I. Mail,,older-regime,c,,,,non-address-annotation,no,yes,-55.15733901630069,5.823841024672424
812,C,,,C,c,Steenbakkerijstraat,steenbakkerijstraat,Kerk en bijgeb. der Mor.Br.Gem.,,older-regime,c,,,,non-address-annotation,no,yes,-55.16073640036759,5.825342529641572
813,C,,,,,,,,,older-regime,c,,,,non-address-annotation,no,yes,-55.16104056402582,5.82553221263587
814,C,,,,,Domineestraat,domineestraat,,,older-regime,c,,,,non-address-annotation,no,yes,-55.16179435472534,5.825374584443065
815,C,,,C,c,Heiligeweg,heiligeweg,Overdekte Markten,,older-regime,c,,,,non-address-annotation,no,yes,-55.15691410020767,5.825154695869071
816,C,,,C,c,Waterkant,waterkant,,,older-regime,c,,,,non-address-annotation,no,yes,-55.156964929504866,5.823836882449954
817,C,,,,,Vaillantsplein,vaillantsplein,,,older-regime,c,,,,non-address-annotation,no,yes,-55.15720422431744,5.826335466900829
818,C,,,,,Domineestraat,domineestraat,,,older-regime,c,,,,non-address-annotation,no,yes,-55.15796085803387,5.826649344279685
819,C,,,,,Keizerstraat,keizerstraat,,,older-regime,c,,,,non-address-annotation,no,yes,-55.158911625899286,5.827698267543545
820,B,39,a,B39a,b39a,Soldatenstraat,soldatenstraat,,,older-regime,b,39,a,b39,address,yes,yes,-55.16330637524155,5.832960010099414
821,A,,,,,,,,,older-regime,a,,,,non-address-annotation,no,yes,-55.155676855910116,5.824326088696623
822,D,1,,D1,d1,Keizerstraat,keizerstraat,,,older-regime,d,1,,d1,address,yes,yes,-55.160857351540855,5.828779742074616
823,D,29,,D29,d29,Keizerstraat,keizerstraat,,,older-regime,d,29,,d29,address,yes,yes,-55.164177753280136,5.830631721879482
824,D,15,,D15,d15,Keizerstraat,keizerstraat,,,older-regime,d,15,,d15,address,yes,yes,-55.16245390702795,5.829708866996541
825,D,20,,D20,d20,Keizerstraat,keizerstraat,,,older-regime,d,20,,d20,address,yes,yes,-55.16316312072575,5.830100308975481
826,D,10,,D10,d10,Keizerstraat,keizerstraat,,,older-regime,d,10,,d10,address,yes,yes,-55.16192337119981,5.82941308640009
827,D,11,,D11,d11,Keizerstraat,keizerstraat,,,older-regime,d,11,,d11,address,yes,yes,-55.16203662548024,5.829442774415347
828,D,12,,D12,d12,Keizerstraat,keizerstraat,,,older-regime,d,12,,d12,address,yes,yes,-55.1621146939648,5.82948345799181
829,D,13,,D13,d13,Keizerstraat,keizerstraat,,,older-regime,d,13,,d13,address,yes,yes,-55.16224609092116,5.829594513159997
830,D,14,,D14,d14,Keizerstraat,keizerstraat,,,older-regime,d,14,,d14,address,yes,yes,-55.16235824564546,5.829656088302752
831,D,5,,D5,d5,Keizerstraat,keizerstraat,,,older-regime,d,5,,d5,address,yes,yes,-55.1612059108311,5.829012847972185
832,D,6,a,D6a,d6a,Keizerstraat,keizerstraat,,,older-regime,d,6,a,d6,address,yes,yes,-55.16127573264476,5.829059029329252
833,D,7,,D7,d7,Keizerstraat,keizerstraat,,,older-regime,d,7,,d7,address,yes,yes,-55.161446713621515,5.829148093375021
834,D,8,,D8,d8,Keizerstraat,keizerstraat,,,older-regime,d,8,,d8,address,yes,yes,-55.16159273124024,5.829208682951551
835,D,9,b,D9b,d9b,Keizerstraat,keizerstraat,,,older-regime,d,9,b,d9,address,yes,yes,-55.16173974532767,5.829311927236994
836,D,4,a,D4a,d4a,Keizerstraat,keizerstraat,,,older-regime,d,4,a,d4,address,yes,yes,-55.161088258326195,5.828954571497794
837,D,3,,D3,d3,Keizerstraat,keizerstraat,,,older-regime,d,3,,d3,address,yes,yes,-55.161070665428255,5.828906191028487
838,D,2,a,D2a,d2a,Keizerstraat,keizerstraat,,,older-regime,d,2,a,d2,address,yes,yes,-55.160972804933515,5.828849014110215
839,D,16,a,D16a,d16a,Keizerstraat,keizerstraat,,,older-regime,d,16,a,d16,address,yes,yes,-55.16255726530329,5.829766043914813
840,D,17,,D17,d17,Keizerstraat,keizerstraat,,,older-regime,d,17,,d17,address,yes,yes,-55.16276508141011,5.829877099082992
841,D,18,a,D18a,d18a,Keizerstraat,keizerstraat,,,older-regime,d,18,a,d18,address,yes,yes,-55.16284645742998,5.829926457559701
842,D,19,a,D19a,d19a,Keizerstraat,keizerstraat,,,older-regime,d,19,a,d19,address,yes,yes,-55.163005884200494,5.830013444041952
843,D,24,,D24,d24,Keizerstraat,keizerstraat,,,older-regime,d,24,,d24,address,yes,yes,-55.16347649422012,5.830271839730297
844,D,23,,D23,d23,Keizerstraat,keizerstraat,,,older-regime,d,23,,d23,address,yes,yes,-55.16340832174064,5.830243251271161
845,D,22,,D22,d22,Keizerstraat,keizerstraat,,,older-regime,d,22,,d22,address,yes,yes,-55.16335051046671,5.830190433241519
846,D,21,,D21,d21,Keizerstraat,keizerstraat,,,older-regime,d,21,,d21,address,yes,yes,-55.16323679098583,5.830147589888667
847,D,25,b,D25b,d25b,Keizerstraat,keizerstraat,,,older-regime,d,25,b,d25,address,yes,yes,-55.16360954051071,5.830346609546499
848,D,26,b,D26b,d26b,Keizerstraat,keizerstraat,,,older-regime,d,26,b,d26,address,yes,yes,-55.16376787659208,5.830441171372872
849,D,27,,D27,d27,Keizerstraat,keizerstraat,,,older-regime,d,27,,d27,address,yes,yes,-55.16385144285725,5.830484054061576
850,D,28,,D28,d28,Keizerstraat,keizerstraat,,,older-regime,d,28,,d28,address,yes,yes,-55.163949303351984,5.830539031867607
851,D,30,,D30,d30,Rust en Vredestraat,rust en vredestraat,,,older-regime,d,30,,d30,address,yes,yes,-55.164644772598386,5.829886995088075
852,D,31,,D31,d31,Rust en Vredestraat,rust en vredestraat,,,older-regime,d,31,,d31,address,yes,yes,-55.16470579796308,5.829797931042306
853,D,32,,D32,d32,Rust en Vredestraat,rust en vredestraat,,,older-regime,d,32,,d32,address,yes,yes,-55.1647734206645,5.829697321657269
854,D,33,c,D33c,d33c,Rust en Vredestraat,rust en vredestraat,,,older-regime,d,33,c,d33,address,yes,yes,-55.164783561332754,5.830189937458181
855,D,34,,D34,d34,Keizerstraat,keizerstraat,,,older-regime,d,34,,d34,address,yes,yes,-55.164732920347696,5.83094366852
856,D,42,a,D42a,d42a,Keizerstraat,keizerstraat,,,older-regime,d,42,a,d42,address,yes,yes,-55.166689988280964,5.832037492024495
857,D,38,,D38,d38,Keizerstraat,keizerstraat,,,older-regime,d,38,,d38,address,yes,yes,-55.16548746019224,5.831365898070316
858,D,35,,D35,d35,Keizerstraat,keizerstraat,,,older-regime,d,35,,d35,address,yes,yes,-55.16491960054239,5.831047271141142
859,D,36,,D36,d36,Keizerstraat,keizerstraat,,,older-regime,d,36,,d36,address,yes,yes,-55.16510725812031,5.831143054696538
860,D,37,a,D37a,d37a,Keizerstraat,keizerstraat,,,older-regime,d,37,a,d37,address,yes,yes,-55.1652228546257,5.831197089869615
861,D,39,a,D39a,d39a,Keizerstraat,keizerstraat,,,older-regime,d,39,a,d39,address,yes,yes,-55.16565166057292,5.831451907793529
862,D,40,,D40,d40,Keizerstraat,keizerstraat,,,older-regime,d,40,,d40,address,yes,yes,-55.16583234659608,5.831548487583501
863,D,41,a,D41a,d41a,Keizerstraat,keizerstraat,,,older-regime,d,41,a,d41,address,yes,yes,-55.166189099169664,5.831768335610456
864,D,43,ba,D43ba,d43ba,Weidestraat,weidestraat,,,older-regime,d,43,ba,d43,address,yes,yes,-55.166996323526845,5.830498591899214
865,D,52,b,D52b,d52b,Weidestraat,weidestraat,,,older-regime,d,52,b,d52,address,yes,yes,-55.165205267317276,5.829498615417427
866,D,44,,D44,d44,Weidestraat,weidestraat,,,older-regime,d,44,,d44,address,yes,yes,-55.16685576395992,5.830410474134685
867,D,48,a,D48a,d48a,Weidestraat,weidestraat,,,older-regime,d,48,a,d48,address,yes,yes,-55.16623308141447,5.830057426286777
868,D,45,,D45,d45,Weidestraat,weidestraat,,,older-regime,d,45,,d45,address,yes,yes,-55.16669856290281,5.830327066763142
869,D,46,,D46,d46,Weidestraat,weidestraat,,,older-regime,d,46,,d46,address,yes,yes,-55.16657614065167,5.830261513335764
870,D,47,a,D47a,d47a,Weidestraat,weidestraat,,,older-regime,d,47,a,d47,address,yes,yes,-55.166409560171815,5.830148689444787
871,D,49,a,D49a,d49a,Weidestraat,weidestraat,,,older-regime,d,49,a,d49,address,yes,yes,-55.16607685608026,5.82996814151576
872,D,50,,D50,d50,Weidestraat,weidestraat,,,older-regime,d,50,,d50,address,yes,yes,-55.16592125188165,5.829878109237649
873,D,51,b,D51,d51,Weidestraat,weidestraat,,,older-regime,d,51,b,d51,address,yes,yes,-55.165589394167625,5.829695044831116
874,D,53,,D53,d53,Weidestraat,weidestraat,,,older-regime,d,53,,d53,address,yes,yes,-55.16493776390605,5.82930576240779
875,D,78,,D78,d78,Weidestraat,weidestraat,,,older-regime,d,78,,d78,address,yes,yes,-55.16160230081259,5.827469071178839
876,D,65,,D65,d65,Weidestraat,weidestraat,,,older-regime,d,65,,d65,address,yes,yes,-55.16349643378519,5.828512587978594
877,D,59,ab,D59ab,d59ab,Weidestraat,weidestraat,,,older-regime,d,59,ab,d59,address,yes,yes,-55.164148872787976,5.828878702125468
878,D,54,,D54,d54,Weidestraat,weidestraat,,,older-regime,d,54,,d54,address,yes,yes,-55.164856396710256,5.82925773117058
879,D,55,,D55,d55,Weidestraat,weidestraat,,,older-regime,d,55,,d55,address,yes,yes,-55.16475315238767,5.829206063989489
880,D,56,,D56,d56,Weidestraat,weidestraat,,,older-regime,d,56,,d56,address,yes,yes,-55.16459546693697,5.829107823275231
881,D,57,a,D57a,d57a,Weidestraat,weidestraat,,,older-regime,d,57,a,d57,address,yes,yes,-55.164397924402586,5.829005601868215
882,D,58,,D58,d58,Weidestraat,weidestraat,,,older-regime,d,58,,d58,address,yes,yes,-55.164261027512275,5.828951822607491
883,D,60,,D60,d60,Weidestraat,weidestraat,,,older-regime,d,60,,d60,address,yes,yes,-55.164057609629964,5.828825923431679
884,D,61,,D61,d61,Weidestraat,weidestraat,,,older-regime,d,61,,d61,address,yes,yes,-55.16393335978834,5.828767646957287
885,D,62,a,D62a,d62a,Weidestraat,weidestraat,,,older-regime,d,62,a,d62,address,yes,yes,-55.16379371616102,5.828689578472723
886,D,63,,D63,d63,Weidestraat,weidestraat,,,older-regime,d,63,,d63,address,yes,yes,-55.16364420858464,5.828629039350726
887,D,64,,D64,d64,Weidestraat,weidestraat,,,older-regime,d,64,,d64,address,yes,yes,-55.16357907916338,5.828554787704189
888,D,72,a,D72a,d72a,Weidestraat,weidestraat,,,older-regime,d,72,a,d72,address,yes,yes,-55.16252397110149,5.827974696049094
889,D,66,,D66,d66,Weidestraat,weidestraat,,,older-regime,d,66,,d66,address,yes,yes,-55.16340049868988,5.828456314230564
890,D,67,a,D67a,d67a,Weidestraat,weidestraat,,,older-regime,d,67,a,d67,address,yes,yes,-55.16330654457744,5.828400552457009
891,D,68,,D68,d68,Weidestraat,weidestraat,,,older-regime,d,68,,d68,address,yes,yes,-55.162955022526326,5.828244126360478
892,D,69,,D69,d69,Weidestraat,weidestraat,,,older-regime,d,69,,d69,address,yes,yes,-55.16282535994507,5.828141298183819
893,D,70,,D70,d70,Weidestraat,weidestraat,,,older-regime,d,70,,d70,address,yes,yes,-55.16272649147879,5.828080198722064
894,D,71,,D71,d71,Weidestraat,weidestraat,,,older-regime,d,71,,d71,address,yes,yes,-55.16267094721712,5.828048735289141
895,D,73,,D73,d73,Weidestraat,weidestraat,,,older-regime,d,73,,d73,address,yes,yes,-55.16230629455177,5.82784710133237
896,D,74,,D74,d74,Weidestraat,weidestraat,,,older-regime,d,74,,d74,address,yes,yes,-55.16214108331169,5.82775605532632
897,D,75,,D75,d75,Weidestraat,weidestraat,,,older-regime,d,75,,d75,address,yes,yes,-55.16199050328861,5.827665767199681
898,D,76,b,D76b,d76b,Weidestraat,weidestraat,,,older-regime,d,76,b,d76,address,yes,yes,-55.161820333659925,5.827576671798615
899,D,77,b,D77b,d77b,Weidestraat,weidestraat,,,older-regime,d,77,b,d77,address,yes,yes,-55.161719226419535,5.827521214051019
900,D,79,b,D79b,d79b,Weidestraat,weidestraat,,,older-regime,d,79,b,d79,address,yes,yes,-55.16213345514118,5.827452577837022
901,D,86,a,D86a,d86a,Weidestraat,weidestraat,,,older-regime,d,86,a,d86,address,yes,yes,-55.162768654967586,5.827879961556655
902,D,87,b,D87b,d87b,Weidestraat,weidestraat,,,older-regime,d,87,b,d87,address,yes,yes,-55.16292451704768,5.827956655596068
903,D,99,,D99,d99,Weidestraat,weidestraat,,,older-regime,d,99,,d99,address,yes,yes,-55.16504349913661,5.829121291694577
904,D,80,b,D80b,d80b,Weidestraat,weidestraat,,,older-regime,d,80,b,d80,address,yes,yes,-55.16229179122255,5.827555248889785
905,D,81,,D81,d81,Weidestraat,weidestraat,,,older-regime,d,81,,d81,address,yes,yes,-55.16233322395965,5.827633031967456
906,D,82,,D82,d82,Weidestraat,weidestraat,,,older-regime,d,82,,d82,address,yes,yes,-55.162409263029154,5.827681467597708
907,D,83,,D83,d83,Weidestraat,weidestraat,,,older-regime,d,83,,d83,address,yes,yes,-55.16248414482137,5.827723480976239
908,D,84,,D84,d84,Weidestraat,weidestraat,,,older-regime,d,84,,d84,address,yes,yes,-55.162564549862694,5.82776059099531
909,D,85,b,D85b,d85b,Weidestraat,weidestraat,,,older-regime,d,85,b,d85,address,yes,yes,-55.162635677399244,5.827804504517878
910,D,93,a,D93a,d93a,Weidestraat,weidestraat,,,older-regime,d,93,a,d93,address,yes,yes,-55.16397225658609,5.828547323399615
911,D,88,a,D88a,d88a,Weidestraat,weidestraat,,,older-regime,d,88,a,d88,address,yes,yes,-55.16304698011058,5.827977066106561
912,D,89,,D89,d89,Weidestraat,weidestraat,,,older-regime,d,89,,d89,address,yes,yes,-55.16326098122055,5.828080974159959
913,D,90,,D90,d90,Weidestraat,weidestraat,,,older-regime,d,90,,d90,address,yes,yes,-55.163419317301916,5.828162616201915
914,D,91,,D91,d91,Weidestraat,weidestraat,,,older-regime,d,91,,d91,address,yes,yes,-55.16353930636362,5.828240547241961
915,D,92,,D92,d92,Weidestraat,weidestraat,,,older-regime,d,92,,d92,address,yes,yes,-55.16367042843098,5.828397646322696
916,D,94,,D94,d94,Weidestraat,weidestraat,,,older-regime,d,94,,d94,address,yes,yes,-55.164136163726766,5.828630261212267
917,D,95,,D95,d95,Weidestraat,weidestraat,,,older-regime,d,95,,d95,address,yes,yes,-55.16435038432641,5.828732478794564
918,D,96,,D96,d96,Weidestraat,weidestraat,,,older-regime,d,96,,d96,address,yes,yes,-55.164503501660604,5.828831140328291
919,D,97,,D97,d97,Weidestraat,weidestraat,,,older-regime,d,97,,d97,address,yes,yes,-55.16466023856682,5.828934181686351
920,D,98,,D98,d98,Weidestraat,weidestraat,,,older-regime,d,98,,d98,address,yes,yes,-55.16483592421104,5.829024623438412
921,D,100,a,D100a,d100a,Burenstraat,burenstraat,,,older-regime,d,100,a,d100,address,yes,yes,-55.16541831032924,5.828496606373553
922,D,110,,D110,d110,Burenstraat,burenstraat,"R.C. Gesticht van Weldadigheid ""de Voorzienigheid""",,older-regime,d,110,,d110,address,yes,yes,-55.16367797117085,5.827542596616112
923,D,109,a,D109a,d109a,Burenstraat,burenstraat,,,older-regime,d,109,a,d109,address,yes,yes,-55.16411531206634,5.827784570551464
924,D,111,a,D111a,d111a,Burenstraat,burenstraat,,,older-regime,d,111,a,d111,address,yes,yes,-55.16345281230847,5.827414346314028
925,D,122,,D122,d122,Burenstraat,burenstraat,,,older-regime,d,122,,d122,address,yes,yes,-55.16225839220538,5.82668563744289
926,D,101,,D101,d101,Burenstraat,burenstraat,,,older-regime,d,101,,d101,address,yes,yes,-55.165239357570606,5.828395996988517
927,D,102,,D102,d102,Burenstraat,burenstraat,,,older-regime,d,102,,d102,address,yes,yes,-55.16516018952992,5.828353114299813
928,D,103,,D103,d103,Burenstraat,burenstraat,,,older-regime,d,103,,d103,address,yes,yes,-55.165085969491784,5.828301984940205
929,D,104,,D104,d104,Burenstraat,burenstraat,,,older-regime,d,104,,d104,address,yes,yes,-55.16499113277638,5.828249206246415
930,D,108,,D108,d108,Burenstraat,burenstraat,,,older-regime,d,108,,d108,address,yes,yes,-55.16423659454788,5.827842595972565
931,D,105,,D105,d105,Burenstraat,burenstraat,,,older-regime,d,105,,d105,address,yes,yes,-55.16487567938371,5.828181583544997
932,D,106,,D106,d106,Burenstraat,burenstraat,,,older-regime,d,106,,d106,address,yes,yes,-55.164775894665766,5.828130454185389
933,D,107,a,D107a,d107a,Burenstraat,burenstraat,,,older-regime,d,107,a,d107,address,yes,yes,-55.164626629922374,5.828040565472528
934,D,117,,D117,d117,Burenstraat,burenstraat,,,older-regime,d,117,,d117,address,yes,yes,-55.16265485090912,5.82691571956113
935,D,112,,D112,d112,Burenstraat,burenstraat,,,older-regime,d,112,,d112,address,yes,yes,-55.16328576784115,5.827330603954548
936,D,113,,D113,d113,Burenstraat,burenstraat,,,older-regime,d,113,,d113,address,yes,yes,-55.16314109825377,5.82721393696188
937,D,114,b,D114b,d114b,Burenstraat,burenstraat,,,older-regime,d,114,b,d114,address,yes,yes,-55.16292080604579,5.827064159637414
938,D,115,,D115,d115,Burenstraat,burenstraat,,,older-regime,d,115,,d115,address,yes,yes,-55.16282864949843,5.82701344261135
939,D,116,,D116,d116,Burenstraat,burenstraat,,,older-regime,d,116,,d116,address,yes,yes,-55.16273711145139,5.826961488584652
940,D,118,,D118,d118,Burenstraat,burenstraat,,,older-regime,d,118,,d118,address,yes,yes,-55.16257197186653,5.826874280039834
941,D,119,,D119,d119,Burenstraat,burenstraat,,,older-regime,d,119,,d119,address,yes,yes,-55.16249589632743,5.826827892515996
942,D,120,,D120,d120,Burenstraat,burenstraat,,,older-regime,d,120,,d120,address,yes,yes,-55.16240683228166,5.826770990486755
943,D,121,a,D121a,d121a,Burenstraat,burenstraat,,,older-regime,d,121,a,d121,address,yes,yes,-55.16235178575337,5.826741302471496
944,D,123,,D123,d123,Burenstraat,burenstraat,,,older-regime,d,123,,d123,address,yes,yes,-55.162542703559446,5.826517501739946
945,D,124,,D124,d124,Burenstraat,burenstraat,,,older-regime,d,124,,d124,address,yes,yes,-55.16273022327165,5.826612118140747
946,D,125,,D125,d125,Burenstraat,burenstraat,,,older-regime,d,125,,d125,address,yes,yes,-55.16280189682475,5.826668518449245
947,D,126,b,D126b,d126b,Burenstraat,burenstraat,,,older-regime,d,126,b,d126,address,yes,yes,-55.163130050563865,5.826845486057697
948,D,127,a,D127a,d127a,Groote Dwarsstraat,groote dwarsstraat,,,older-regime,d,127,a,d127,address,yes,yes,-55.16332952785887,5.826523837078836
949,D,128,,D128,d128,Groote Dwarsstraat,groote dwarsstraat,,,older-regime,d,128,,d128,address,yes,yes,-55.163775299426646,5.826431018993906
950,D,132,,D132,d132,Groote Dwarsstraat,groote dwarsstraat,,,older-regime,d,132,,d132,address,yes,yes,-55.16349735056313,5.826936387175041
951,D,129,,D129,d129,Groote Dwarsstraat,groote dwarsstraat,,,older-regime,d,129,,d129,address,yes,yes,-55.163736075824325,5.826507964798683
952,D,130,,D130,d130,Groote Dwarsstraat,groote dwarsstraat,,,older-regime,d,130,,d130,address,yes,yes,-55.163680854473895,5.826592581616365
953,D,131,,D131,d131,Groote Dwarsstraat,groote dwarsstraat,,,older-regime,d,131,,d131,address,yes,yes,-55.16364959070345,5.826675269366204
954,D,133,,D133,d133,Burenstraat,burenstraat,,,older-regime,d,133,,d133,address,yes,yes,-55.16360596020215,5.82710818632787
955,D,134,,D134,d134,Burenstraat,burenstraat,,,older-regime,d,134,,d134,address,yes,yes,-55.16375990694737,5.827209037353851
956,D,135,,D135,d135,Burenstraat,burenstraat,,,older-regime,d,135,,d135,address,yes,yes,-55.163942683699354,5.827315860442539
957,D,136,,D136,d136,Burenstraat,burenstraat,,,older-regime,d,136,,d136,address,yes,yes,-55.16410843887666,5.827415972626234
958,D,137,,D137,d137,Burenstraat,burenstraat,,,older-regime,d,137,,d137,address,yes,yes,-55.16423827849613,5.827476344100115
959,D,138,,D138,d138,Burenstraat,burenstraat,,,older-regime,d,138,,d138,address,yes,yes,-55.16434501951412,5.827533958464991
960,D,139,,D139,d139,Hofstraat,hofstraat,,,older-regime,d,139,,d139,address,yes,yes,-55.16455143746637,5.827210970410023
961,D,140,,D140,d140,Hofstraat,hofstraat,,,older-regime,d,140,,d140,address,yes,yes,-55.164651747215714,5.827075490870119
962,D,141,a,D141a,d141a,Hofstraat,hofstraat,,,older-regime,d,141,a,d141,address,yes,yes,-55.164781662082504,5.826840256899772
963,D,142,,D142,d142,Hofstraat,hofstraat,,,older-regime,d,142,,d142,address,yes,yes,-55.16492839932263,5.827163419415875
964,D,143,a,D143a,d143a,Hofstraat,hofstraat,,,older-regime,d,143,a,d143,address,yes,yes,-55.16489390198414,5.827235547477707
965,D,144,,D144,d144,Hofstraat,hofstraat,,,older-regime,d,144,,d144,address,yes,yes,-55.16482726248294,5.827375013386755
966,D,145,,D145,d145,Burenstraat,burenstraat,,,older-regime,d,145,,d145,address,yes,yes,-55.164634646147114,5.827728065970082
967,D,149,a,D149a,d149a,Burenstraat,burenstraat,,,older-regime,d,149,a,d149,address,yes,yes,-55.165147650089764,5.827999794739907
968,D,146,,D146,d146,Burenstraat,burenstraat,,,older-regime,d,146,,d146,address,yes,yes,-55.16481406930587,5.827835547025417
969,D,147,,D147,d147,Burenstraat,burenstraat,,,older-regime,d,147,,d147,address,yes,yes,-55.16495454764753,5.827915957474271
970,D,148,,D148,d148,Burenstraat,burenstraat,,,older-regime,d,148,,d148,address,yes,yes,-55.16505654519913,5.827969539574728
971,D,150,a,D150a,d150a,Rust en Vredestraat,rust en vredestraat,,,older-regime,d,150,a,d150,address,yes,yes,-55.165576646410635,5.828236836240052
972,D,43,bb,D43bb,d43bb,Weidestraat,weidestraat,,,older-regime,d,43,bb,d43,address,yes,yes,-55.167030992639354,5.830516307707781
973,D,151,,D151,d151,Rust en Vredestraat,rust en vredestraat,,,older-regime,d,151,,d151,address,yes,yes,-55.16580423224643,5.827825030395981
974,D,152,,D152,d152,Rust en Vredestraat,rust en vredestraat,,,older-regime,d,152,,d152,address,yes,yes,-55.165862403324326,5.827755798016842
975,D,157,a,D157a,d157a,Steenbakkersgracht,steenbakkersgracht,,,older-regime,d,157,a,d157,address,yes,yes,-55.16521859597508,5.826670380721448
976,D,154,,D154,d154,Steenbakkersgracht,steenbakkersgracht,,,older-regime,d,154,,d154,address,yes,yes,-55.16573685519969,5.82697884415281
977,D,155,,D155,d155,Steenbakkersgracht,steenbakkersgracht,,,older-regime,d,155,,d155,address,yes,yes,-55.16564287873659,5.826936963426458
978,D,156,b,D156b,d156b,Steenbakkersgracht,steenbakkersgracht,,,older-regime,d,156,b,d156,address,yes,yes,-55.16539010624063,5.82678836906522
979,D,158,,D158,d158,Steenbakkersgracht,steenbakkersgracht,,,older-regime,d,158,,d158,address,yes,yes,-55.16495072408897,5.826517405356436
980,D,163,b,D163b,d163b,Steenbakkersgracht,steenbakkersgracht,,,older-regime,d,163,b,d163,address,yes,yes,-55.16402031350875,5.82599984795652
981,D,159,b,D159b,d159b,Steenbakkersgracht,steenbakkersgracht,,,older-regime,d,159,b,d159,address,yes,yes,-55.16478063650156,5.826392468292232
982,D,160,a,D160a,d160a,Steenbakkersgracht,steenbakkersgracht,,,older-regime,d,160,a,d160,address,yes,yes,-55.16460065290909,5.826303404246461
983,D,161,b,D161b,d161b,Steenbakkersgracht,steenbakkersgracht,,,older-regime,d,161,b,d161,address,yes,yes,-55.164366859788935,5.826166097175899
984,D,162,,D162,d162,Steenbakkersgracht,steenbakkersgracht,,,older-regime,d,162,,d162,address,yes,yes,-55.164241922724734,5.826100536142207
985,D,164,,D164,d164,Steenbakkersgracht,steenbakkersgracht,,,older-regime,d,164,,d164,address,yes,yes,-55.16369369107936,5.825801068362584
986,D,172,,D172,d172,Steenbakkersgracht,steenbakkersgracht,,,older-regime,d,172,,d172,address,yes,yes,-55.162973019844344,5.825383720822361
987,D,165,,D165,d165,Steenbakkersgracht,steenbakkersgracht,,,older-regime,d,165,,d165,address,yes,yes,-55.163625569614865,5.825733325790795
988,D,171,,D171,d171,Steenbakkersgracht,steenbakkersgracht,,,older-regime,d,171,,d171,address,yes,yes,-55.16309685529197,5.825447729019182
989,D,170,a,D170a,d170a,Steenbakkersgracht,steenbakkersgracht,,,older-regime,d,170,a,d170,address,yes,yes,-55.16322510820217,5.825515434841523
990,D,166,,D166,d166,Steenbakkersgracht,steenbakkersgracht,,,older-regime,d,166,,d166,address,yes,yes,-55.16354113003295,5.82568128083478
991,D,167,,D167,d167,Steenbakkersgracht,steenbakkersgracht,,,older-regime,d,167,,d167,address,yes,yes,-55.16346949207258,5.825638316921396
992,D,184,,D184,d184,Zwartenhovenbrugstraat,zwartenhovenbrugstraat,,,older-regime,d,184,,d184,address,yes,yes,-55.16220012302309,5.826322036972686
993,D,173,,D173,d173,Zwartenhovenbrugstraat,zwartenhovenbrugstraat,,,older-regime,d,173,,d173,address,yes,yes,-55.16282013684658,5.825298719599931
994,D,174,,D174,d174,Zwartenhovenbrugstraat,zwartenhovenbrugstraat,,,older-regime,d,174,,d174,address,yes,yes,-55.16273976789238,5.825418718627309
995,D,175,,D175,d175,Zwartenhovenbrugstraat,zwartenhovenbrugstraat,,,older-regime,d,175,,d175,address,yes,yes,-55.16267761237957,5.825507312065068
996,D,183,,D183,d183,Zwartenhovenbrugstraat,zwartenhovenbrugstraat,,,older-regime,d,183,,d183,address,yes,yes,-55.16229211897794,5.826189450228354
997,D,182,,D182,d182,Zwartenhovenbrugstraat,zwartenhovenbrugstraat,,,older-regime,d,182,,d182,address,yes,yes,-55.162338160366204,5.826106520118698
998,D,176,,D176,d176,Zwartenhovenbrugstraat,zwartenhovenbrugstraat,,,older-regime,d,176,,d176,address,yes,yes,-55.1626307391197,5.825598466172241
999,D,181,,D181,d181,Zwartenhovenbrugstraat,zwartenhovenbrugstraat,,,older-regime,d,181,,d181,address,yes,yes,-55.162395859076014,5.825998819518404
1000,D,177,,D177,d177,Zwartenhovenbrugstraat,zwartenhovenbrugstraat,,,older-regime,d,177,,d177,address,yes,yes,-55.16256680208693,5.82567639913914
1001,D,178,,D178,d178,Zwartenhovenbrugstraat,zwartenhovenbrugstraat,,,older-regime,d,178,,d178,address,yes,yes,-55.162521644540554,5.825770478869419
1002,D,179,,D179,d179,Zwartenhovenbrugstraat,zwartenhovenbrugstraat,,,older-regime,d,179,,d179,address,yes,yes,-55.1624768430081,5.825823966325614
1003,D,180,,D180,d180,Zwartenhovenbrugstraat,zwartenhovenbrugstraat,,,older-regime,d,180,,d180,address,yes,yes,-55.162452876188716,5.825923824987144
1004,D,185,,D185,d185,Zwartenhovenbrugstraat,zwartenhovenbrugstraat,,,older-regime,d,185,,d185,address,yes,yes,-55.162053317346306,5.826587542770296
1005,D,190,,D190,d190,Zwartenhovenbrugstraat,zwartenhovenbrugstraat,,,older-regime,d,190,,d190,address,yes,yes,-55.16173019293393,5.827180437697168
1006,D,186,a,D186a,d186a,Zwartenhovenbrugstraat,zwartenhovenbrugstraat,,,older-regime,d,186,a,d186,address,yes,yes,-55.16201661195582,5.826651703307165
1007,D,187,,D187,d187,Zwartenhovenbrugstraat,zwartenhovenbrugstraat,,,older-regime,d,187,,d187,address,yes,yes,-55.161936625700754,5.826788111329819
1008,D,188,,D188,d188,Zwartenhovenbrugstraat,zwartenhovenbrugstraat,,,older-regime,d,188,,d188,address,yes,yes,-55.16189471401848,5.826853869529344
1009,D,189,,D189,d189,Zwartenhovenbrugstraat,zwartenhovenbrugstraat,,,older-regime,d,189,,d189,address,yes,yes,-55.16184399699242,5.826946644577021
1010,D,191,,D191,d191,Zwartenhovenbrugstraat,zwartenhovenbrugstraat,,,older-regime,d,191,,d191,address,yes,yes,-55.16145842911849,5.827651543001663
1011,D,194,,D194,d194,Zwartenhovenbrugstraat,zwartenhovenbrugstraat,,,older-regime,d,194,,d194,address,yes,yes,-55.16126485611468,5.828015259693593
1012,D,199,,D199,d199,Zwartenhovenbrugstraat,zwartenhovenbrugstraat,,,older-regime,d,199,,d199,address,yes,yes,-55.16097080892816,5.828569063838945
1013,D,195,,D195,d195,Zwartenhovenbrugstraat,zwartenhovenbrugstraat,,,older-regime,d,195,,d195,address,yes,yes,-55.16115573827323,5.828170559351923
1014,D,192,,D192,d192,Zwartenhovenbrugstraat,zwartenhovenbrugstraat,,,older-regime,d,192,,d192,address,yes,yes,-55.16139322910953,5.827769131921818
1015,D,193,,D193,d193,Zwartenhovenbrugstraat,zwartenhovenbrugstraat,,,older-regime,d,193,,d193,address,yes,yes,-55.16131213061385,5.827909650209897
1016,D,198,,D198,d198,Zwartenhovenbrugstraat,zwartenhovenbrugstraat,,,older-regime,d,198,,d198,address,yes,yes,-55.161017172174965,5.828456956223773
1017,D,196,,D196,d196,Zwartenhovenbrugstraat,zwartenhovenbrugstraat,,,older-regime,d,196,,d196,address,yes,yes,-55.16113748774427,5.828265218725478
1018,D,197,,D197,d197,Zwartenhovenbrugstraat,zwartenhovenbrugstraat,,,older-regime,d,197,,d197,address,yes,yes,-55.16110848627998,5.82837065827789
1019,D,,,D,d,,,Begraaflplaats Jacobus Rust,,older-regime,d,,,,non-address-annotation,no,yes,-55.16662128328206,5.829527397159207
1020,D,,,D,d,,,R.C. Begraafplaats,,older-regime,d,,,,non-address-annotation,no,yes,-55.16664874629546,5.827989676688683
1021,D,,,D,d,,,Nieuwe begraafplaats,,older-regime,d,,,,non-address-annotation,no,yes,-55.167581572248764,5.829065429036928
1022,D,,,,,Wanicastraat,wanicastraat,Chineesche begraafplaats,,older-regime,d,,,,non-address-annotation,no,yes,-55.16860849585745,5.828843724104646
1023,D,,,D,d,,,,,older-regime,d,,,,non-address-annotation,no,yes,-55.16266056382622,5.828981881195895
1024,D,43,ag,D43ag,d43ag,Weidestraat,weidestraat,,,older-regime,d,43,ag,d43,address,yes,yes,-55.16711455890452,5.830552959578468
1025,D,43,af,D43af,d43af,Weidestraat,weidestraat,,,older-regime,d,43,af,d43,address,yes,yes,-55.16718346442141,5.830588145374328
1026,E,1,,E1,e1,Saramaccastraat,saramaccastraat,,,older-regime,e,1,,e1,address,yes,yes,-55.16013932004353,5.823222795877888
1027,E,2,,E2,e2,Saramaccastraat,saramaccastraat,,,older-regime,e,2,,e2,address,yes,yes,-55.160268544575956,5.823162060347647
1028,E,3,a,E3a,e3a,Saramaccastraat,saramaccastraat,Gouvernement smederij,,older-regime,e,3,a,e3,address,yes,yes,-55.16036546297527,5.823116831761299
1029,E,4,a,E4a,e4a,Saramaccastraat,saramaccastraat,,,older-regime,e,4,a,e4,address,yes,yes,-55.160778999394914,5.822866234267667
1030,E,36,,E36,e36,Saramaccastraat,saramaccastraat,,,older-regime,e,36,,e36,address,yes,yes,-55.16440760634965,5.820860894486452
1031,E,20,,E20,e20,Saramaccastraat,saramaccastraat,,,older-regime,e,20,,e20,address,yes,yes,-55.16264692209529,5.821821355823706
1032,E,13,,E13,e13,Saramaccastraat,saramaccastraat,,,older-regime,e,13,,e13,address,yes,yes,-55.16172252334121,5.822343411760809
1033,E,12,,E12,e12,Saramaccastraat,saramaccastraat,,,older-regime,e,12,,e12,address,yes,yes,-55.16162618002445,5.822389676462399
1034,E,5,,E5,e5,Saramaccastraat,saramaccastraat,,,older-regime,e,5,,e5,address,yes,yes,-55.16089079734766,5.822818035127266
1035,E,6,,E6,e6,Saramaccastraat,saramaccastraat,,,older-regime,e,6,,e6,address,yes,yes,-55.16095551472008,5.822777070662377
1036,E,7,,E7,e7,Saramaccastraat,saramaccastraat,,,older-regime,e,7,,e7,address,yes,yes,-55.16104518401585,5.822720112446743
1037,E,8,,E8,e8,Saramaccastraat,saramaccastraat,,,older-regime,e,8,,e8,address,yes,yes,-55.16116083997237,5.822657438548516
1038,E,11,,E11,e11,Saramaccastraat,saramaccastraat,,,older-regime,e,11,,e11,address,yes,yes,-55.161500165888576,5.822451693917752
1039,E,10,,E10,e10,Saramaccastraat,saramaccastraat,,,older-regime,e,10,,e10,address,yes,yes,-55.16141349436687,5.822519714012279
1040,E,9,a,E9a,e9a,Saramaccastraat,saramaccastraat,,,older-regime,e,9,a,e9,address,yes,yes,-55.16124612816377,5.822609625471517
1041,E,14,,E14,e14,Saramaccastraat,saramaccastraat,,,older-regime,e,14,,e14,address,yes,yes,-55.161868344287406,5.822251673516692
1042,E,19,,E19,e19,Saramaccastraat,saramaccastraat,,,older-regime,e,19,,e19,address,yes,yes,-55.16250219061896,5.821888552580568
1043,E,18,,E18,e18,Saramaccastraat,saramaccastraat,,,older-regime,e,18,,e18,address,yes,yes,-55.162327737500185,5.821985470979889
1044,E,15,,E15,e15,Saramaccastraat,saramaccastraat,,,older-regime,e,15,,e15,address,yes,yes,-55.16195363247881,5.822194814722424
1045,E,16,,E16,e16,Saramaccastraat,saramaccastraat,,,older-regime,e,16,,e16,address,yes,yes,-55.162022121480994,5.822162508589317
1046,E,17,,E17,e17,Saramaccastraat,saramaccastraat,,,older-regime,e,17,,e17,address,yes,yes,-55.16212291661629,5.8221030653044
1047,E,29,b,E29b,e29b,Saramaccastraat,saramaccastraat,,,older-regime,e,29,b,e29,address,yes,yes,-55.163461359710944,5.821378115677483
1048,E,21,,E21,e21,Saramaccastraat,saramaccastraat,,,older-regime,e,21,,e21,address,yes,yes,-55.162760639683825,5.821750282330872
1049,E,22,,E22,e22,Saramaccastraat,saramaccastraat,,,older-regime,e,22,,e22,address,yes,yes,-55.162864019309765,5.821692131291279
1050,E,23,,E23,e23,Saramaccastraat,saramaccastraat,,,older-regime,e,23,,e23,address,yes,yes,-55.16293767729325,5.821650779440901
1051,E,24,,E24,e24,Saramaccastraat,saramaccastraat,,,older-regime,e,24,,e24,address,yes,yes,-55.16298355200228,5.821621703921109
1052,E,25,a,E25a,e25a,Saramaccastraat,saramaccastraat,,,older-regime,e,25,a,e25,address,yes,yes,-55.16304881039114,5.821586167174693
1053,E,28,a,E28a,e28a,Saramaccastraat,saramaccastraat,,,older-regime,e,28,a,e28,address,yes,yes,-55.163374456212885,5.821417529159872
1054,E,27,,E27,e27,Saramaccastraat,saramaccastraat,,,older-regime,e,27,,e27,address,yes,yes,-55.16328141454953,5.821461465500898
1055,E,26,a,E26a,e26a,Saramaccastraat,saramaccastraat,,,older-regime,e,26,a,e26,address,yes,yes,-55.16316317410234,5.821522847153803
1056,E,30,,E30,e30,Saramaccastraat,saramaccastraat,,,older-regime,e,30,,e30,address,yes,yes,-55.16354890933166,5.821314472595263
1057,E,31,,E31,e31,Saramaccastraat,saramaccastraat,,,older-regime,e,31,,e31,address,yes,yes,-55.16372530081842,5.821228215219869
1058,E,32,,E32,e32,Saramaccastraat,saramaccastraat,,,older-regime,e,32,,e32,address,yes,yes,-55.16381931166576,5.821172002548265
1059,E,33,,E33,e33,Saramaccastraat,saramaccastraat,,,older-regime,e,33,,e33,address,yes,yes,-55.16390750740914,5.821127420084578
1060,E,34,,E34,e34,Saramaccastraat,saramaccastraat,,,older-regime,e,34,,e34,address,yes,yes,-55.163971823989364,5.821091418189964
1061,E,35,,E35,e35,Saramaccastraat,saramaccastraat,,,older-regime,e,35,,e35,address,yes,yes,-55.164172199387046,5.820990777714692
1062,E,37,,E37,e37,Saramaccastraat,saramaccastraat,,,older-regime,e,37,,e37,address,yes,yes,-55.16458738998047,5.821043585669191
1063,E,46,a,E46a,e46a,Saramaccastraat,saramaccastraat,,,older-regime,e,46,a,e46,address,yes,yes,-55.163518380035974,5.821598928097287
1064,E,38,b,E38b,e38b,Saramaccastraat,saramaccastraat,,,older-regime,e,38,b,e38,address,yes,yes,-55.16442010455861,5.821135420678744
1065,E,39,,E39,e39,Saramaccastraat,saramaccastraat,,,older-regime,e,39,,e39,address,yes,yes,-55.16426852844671,5.821200593476087
1066,E,40,,E40,e40,Saramaccastraat,saramaccastraat,,,older-regime,e,40,,e40,address,yes,yes,-55.16411636655978,5.821277159011549
1067,E,41,,E41,e41,Saramaccastraat,saramaccastraat,,,older-regime,e,41,,e41,address,yes,yes,-55.16400587958456,5.821340155971106
1068,E,42,,E42,e42,Saramaccastraat,saramaccastraat,,,older-regime,e,42,,e42,address,yes,yes,-55.16390944577722,5.82138522302679
1069,E,43,,E43,e43,Saramaccastraat,saramaccastraat,,,older-regime,e,43,,e43,address,yes,yes,-55.163771821650194,5.821483110610102
1070,E,44,,E44,e44,Saramaccastraat,saramaccastraat,,,older-regime,e,44,,e44,address,yes,yes,-55.16368653345879,5.821528662257782
1071,E,45,,E45,e45,Saramaccastraat,saramaccastraat,,,older-regime,e,45,,e45,address,yes,yes,-55.163593772697325,5.821570749938081
1072,E,47,,E47,e47,Saramaccastraat,saramaccastraat,,,older-regime,e,47,,e47,address,yes,yes,-55.163235378309956,5.821768535296087
1073,E,57,,E57,e57,Saramaccastraat,saramaccastraat,,,older-regime,e,57,,e57,address,yes,yes,-55.162139715805665,5.822367491003881
1074,E,48,b,E48b,e48b,Saramaccastraat,saramaccastraat,,,older-regime,e,48,b,e48,address,yes,yes,-55.16311956082278,5.82183201684764
1075,E,49,,E49,e49,Saramaccastraat,saramaccastraat,,,older-regime,e,49,,e49,address,yes,yes,-55.16297612159179,5.821904705647131
1076,E,50,,E50,e50,Saramaccastraat,saramaccastraat,,,older-regime,e,50,,e50,address,yes,yes,-55.16286224247258,5.821970125566673
1077,E,51,,E51,e51,Saramaccastraat,saramaccastraat,,,older-regime,e,51,,e51,address,yes,yes,-55.16277016999323,5.822019553950326
1078,E,52,,E52,e52,Saramaccastraat,saramaccastraat,,,older-regime,e,52,,e52,address,yes,yes,-55.16266307516198,5.822079643357903
1079,E,53,,E53,e53,Saramaccastraat,saramaccastraat,,,older-regime,e,53,,e53,address,yes,yes,-55.162560341658704,5.82213876358149
1080,E,54,,E54,e54,Saramaccastraat,saramaccastraat,,,older-regime,e,54,,e54,address,yes,yes,-55.162458653834285,5.822201022042757
1081,E,55,a,E55a,e55a,Saramaccastraat,saramaccastraat,,,older-regime,e,55,a,e55,address,yes,yes,-55.162318045660406,5.822266695868589
1082,E,56,,E56,e56,Saramaccastraat,saramaccastraat,,,older-regime,e,56,,e56,address,yes,yes,-55.16223178828502,5.822314670476252
1083,E,58,,E58,e58,Saramaccastraat,saramaccastraat,,,older-regime,e,58,,e58,address,yes,yes,-55.161866706212514,5.822518893756061
1084,E,69,,E69,e69,Saramaccastraat,saramaccastraat,R.C. Kerk,,older-regime,e,69,,e69,address,yes,yes,-55.160532494233564,5.823268633334104
1085,E,59,b,E59b,e59b,Saramaccastraat,saramaccastraat,,,older-regime,e,59,b,e59,address,yes,yes,-55.16165367003302,5.822634501193988
1086,E,60,,E60,e60,Saramaccastraat,saramaccastraat,,,older-regime,e,60,,e60,address,yes,yes,-55.161530583665886,5.822700890297522
1087,E,68,,E68,e68,Saramaccastraat,saramaccastraat,,,older-regime,e,68,,e68,address,yes,yes,-55.16058407412018,5.823238440229741
1088,E,67,,E67,e67,Saramaccastraat,saramaccastraat,,,older-regime,e,67,,e67,address,yes,yes,-55.16067150831823,5.823182457182069
1089,E,66,,E66,e66,Saramaccastraat,saramaccastraat,,,older-regime,e,66,,e66,address,yes,yes,-55.160786734951124,5.823116670230601
1090,E,61,,E61,e61,Saramaccastraat,saramaccastraat,,,older-regime,e,61,,e61,address,yes,yes,-55.161421065874656,5.822758556745116
1091,E,62,,E62,e62,Saramaccastraat,saramaccastraat,,,older-regime,e,62,,e62,address,yes,yes,-55.161264542659744,5.822846267896501
1092,E,63,,E63,e63,Saramaccastraat,saramaccastraat,,,older-regime,e,63,,e63,address,yes,yes,-55.161124010980764,5.822926710167938
1093,E,64,,E64,e64,Saramaccastraat,saramaccastraat,,,older-regime,e,64,,e64,address,yes,yes,-55.16098251011775,5.823008121623364
1094,E,65,,E65,e65,Saramaccastraat,saramaccastraat,,,older-regime,e,65,,e65,address,yes,yes,-55.16086814640655,5.823074995318893
1095,E,70,,E70,e70,Steenbakkersgracht,steenbakkersgracht,,,older-regime,e,70,,e70,address,yes,yes,-55.160909821318306,5.823786860961898
1096,E,71,b,E71b,e71b,Steenbakkersgracht,steenbakkersgracht,,,older-regime,e,71,b,e71,address,yes,yes,-55.16134207737927,5.824054355744018
1097,E,72,,E72,e72,Steenbakkersgracht,steenbakkersgracht,Kong Ngie Tong. Inrichting voor behoeftige en gebrekkige Chineezen,,older-regime,e,72,,e72,address,yes,yes,-55.16198497459943,5.824244359185562
1098,E,73,a,E73a,e73a,Steenbakkersgracht,steenbakkersgracht,,,older-regime,e,73,a,e73,address,yes,yes,-55.162095617933964,5.824492426908949
1099,E,74,a,E74a,e74a,Steenbakkersgracht,steenbakkersgracht,,,older-regime,e,74,a,e74,address,yes,yes,-55.16243095559561,5.824692078811546
1100,E,75,a,E75a,e75a,Steenbakkersgracht,steenbakkersgracht,,,older-regime,e,75,a,e75,address,yes,yes,-55.163015858135516,5.824857324682391
1101,E,80,a,E80a,e80a,Steenbakkersgracht,steenbakkersgracht,,,older-regime,e,80,a,e80,address,yes,yes,-55.16398504503023,5.82536110063879
1102,E,76,,E76,e76,Steenbakkersgracht,steenbakkersgracht,,,older-regime,e,76,,e76,address,yes,yes,-55.163417100308706,5.825085082920792
1103,E,77,a,E77a,e77a,Steenbakkersgracht,steenbakkersgracht,,,older-regime,e,77,a,e77,address,yes,yes,-55.16356538545966,5.825173278664172
1104,E,78,,E78,e78,Steenbakkersgracht,steenbakkersgracht,,,older-regime,e,78,,e78,address,yes,yes,-55.16367974917086,5.825240152359702
1105,E,79,,E79,e79,Steenbakkersgracht,steenbakkersgracht,,,older-regime,e,79,,e79,address,yes,yes,-55.16381490044507,5.82527990509222
1106,E,,,,,,,,,older-regime,e,,,,non-address-annotation,no,yes,-55.163549056511215,5.824682669524338
1107,E,82,,E82,e82,Steenbakkersgracht,steenbakkersgracht,,,older-regime,e,82,,e82,address,yes,yes,-55.16425977006476,5.825584067024885
1108,E,89,,E89,e89,Steenbakkersgracht,steenbakkersgracht,,,older-regime,e,89,,e89,address,yes,yes,-55.16521109027598,5.826098366423153
1109,E,88,a,E88a,e88a,Steenbakkersgracht,steenbakkersgracht,,,older-regime,e,88,a,e88,address,yes,yes,-55.16496845019861,5.82599260972319
1110,E,83,,E83,e83,Steenbakkersgracht,steenbakkersgracht,,,older-regime,e,83,,e83,address,yes,yes,-55.16457342350346,5.825746903250158
1111,E,84,,E84,e84,Steenbakkersgracht,steenbakkersgracht,,,older-regime,e,84,,e84,address,yes,yes,-55.1646547703557,5.82580049527829
1112,E,87,,E87,e87,Steenbakkersgracht,steenbakkersgracht,,,older-regime,e,87,,e87,address,yes,yes,-55.164893789471435,5.825940789454941
1113,E,86,,E86,e86,Steenbakkersgracht,steenbakkersgracht,,,older-regime,e,86,,e86,address,yes,yes,-55.16481480856847,5.825880331587753
1114,E,85,,E85,e85,Steenbakkersgracht,steenbakkersgracht,,,older-regime,e,85,,e85,address,yes,yes,-55.16473456059893,5.82584786741853
1115,E,90,,E90,e90,Steenbakkersgracht,steenbakkersgracht,,,older-regime,e,90,,e90,address,yes,yes,-55.165453341221614,5.826223783423567
1116,E,95,a,E95a,e95a,Steenbakkersgracht,steenbakkersgracht,,,older-regime,e,95,a,e95,address,yes,yes,-55.16639954019662,5.826775810651907
1117,E,94,,E94,e94,Steenbakkersgracht,steenbakkersgracht,,,older-regime,e,94,,e94,address,yes,yes,-55.1662717773931,5.826712224757616
1118,E,93,,E93,e93,Steenbakkersgracht,steenbakkersgracht,,,older-regime,e,93,,e93,address,yes,yes,-55.16618552400239,5.826671018781933
1119,E,92,a,E92a,e92a,Steenbakkersgracht,steenbakkersgracht,,,older-regime,e,92,a,e92,address,yes,yes,-55.16596284985771,5.826550246364484
1120,E,91,,E91,e91,Steenbakkersgracht,steenbakkersgracht,,,older-regime,e,91,,e91,address,yes,yes,-55.165781691231544,5.826465328258465
1121,E,95,b,E95b,e95b,Steenbakkersgracht,steenbakkersgracht,,,older-regime,e,95,b,e95,address,yes,yes,-55.166637374482725,5.82689531086934
1122,E,100,,E100,e100,Steenbakkersgracht,steenbakkersgracht,,,older-regime,e,100,,e100,address,yes,yes,-55.16768466046854,5.827516003785577
1123,E,96,,E96,e96,Steenbakkersgracht,steenbakkersgracht,,,older-regime,e,96,,e96,address,yes,yes,-55.16684000619077,5.827045684926365
1124,E,99,,E99,e99,Steenbakkersgracht,steenbakkersgracht,,,older-regime,e,99,,e99,address,yes,yes,-55.16742123924807,5.827388025864703
1125,E,98,b,E98b,e98b,Steenbakkersgracht,steenbakkersgracht,,,older-regime,e,98,b,e98,address,yes,yes,-55.16728792891382,5.827316571525547
1126,E,97,,E97,e97,Steenbakkersgracht,steenbakkersgracht,,,older-regime,e,97,,e97,address,yes,yes,-55.167020241762664,5.827142734849694
1127,E,101,,E101,e101,Steenbakkersgracht,steenbakkersgracht,,,older-regime,e,101,,e101,address,yes,yes,-55.16795496050233,5.827688400709828
1128,E,105,,E105,e105,Wanicastraat,wanicastraat,,volgens WR46: Pad van Wanica,older-regime,e,105,,e105,address,yes,yes,-55.16902213639002,5.828260621988537
1129,E,104,a,E104a,e104a,Steenbakkersgracht,steenbakkersgracht,,,older-regime,e,104,a,e104,address,yes,yes,-55.168489108349576,5.827987389127471
1130,E,103,,E103,e103,Steenbakkersgracht,steenbakkersgracht,,,older-regime,e,103,,e103,address,yes,yes,-55.16837040882797,5.827922440332627
1131,E,102,a,E102a,e102a,Steenbakkersgracht,steenbakkersgracht,,,older-regime,e,102,a,e102,address,yes,yes,-55.16815092669367,5.827798141776978
1132,E,106,,E106,e106,Wanicastraat,wanicastraat,,,older-regime,e,106,,e106,address,yes,yes,-55.169277651796946,5.827844969935258
1133,E,107,,E107,e107,Wanicastraat,wanicastraat,,,older-regime,e,107,,e107,address,yes,yes,-55.169326828135986,5.827761876789105
1134,E,108,,E108,e108,Wanicastraat,wanicastraat,,,older-regime,e,108,,e108,address,yes,yes,-55.169986290051405,5.826599948492793
1135,E,109,,E109,e109,Wanicastraat,wanicastraat,,Volgens WR46 hier al Drambrandersgracht,older-regime,e,109,,e109,address,yes,yes,-55.17011618764109,5.826409581335493
1136,E,110,,E110,e110,Drambrandersgracht,drambrandersgracht,,,older-regime,e,110,,e110,address,yes,yes,-55.170395019536194,5.825935903055856
1137,E,115,b,E115b,e115b,Drambrandersgracht,drambrandersgracht,,,older-regime,e,115,b,e115,address,yes,yes,-55.169416401895106,5.825299783921632
1138,E,111,,E111,e111,Drambrandersgracht,drambrandersgracht,,,older-regime,e,111,,e111,address,yes,yes,-55.170107229186634,5.825744416091748
1139,E,112,,E112,e112,Drambrandersgracht,drambrandersgracht,,,older-regime,e,112,,e112,address,yes,yes,-55.169973972176514,5.825646992899483
1140,E,113,,E113,e113,Drambrandersgracht,drambrandersgracht,,,older-regime,e,113,,e113,address,yes,yes,-55.169792563473685,5.825537251832333
1141,E,114,b,E114b,e114b,Drambrandersgracht,drambrandersgracht,,,older-regime,e,114,b,e114,address,yes,yes,-55.16956412288492,5.825393916560953
1142,E,116,,E116,e116,Fredericistraat,fredericistraat,,,older-regime,e,116,,e116,address,yes,yes,-55.16903557407171,5.825809364886593
1143,E,117,,E117,e117,Fredericistraat,fredericistraat,,,older-regime,e,117,,e117,address,yes,yes,-55.16890119725479,5.82601988856643
1144,E,118,,E118,e118,Fredericistraat,fredericistraat,,,older-regime,e,118,,e118,address,yes,yes,-55.168192448077505,5.82721079073926
1145,E,119,,E119,e119,Fredericistraat,fredericistraat,,,older-regime,e,119,,e119,address,yes,yes,-55.167766779634434,5.82737096214192
1146,E,122,,E122,e122,Fredericistraat,fredericistraat,,,older-regime,e,122,,e122,address,yes,yes,-55.168063261817785,5.826926238866884
1147,E,120,,E120,e120,Fredericistraat,fredericistraat,,,older-regime,e,120,,e120,address,yes,yes,-55.167860630109736,5.827218455119546
1148,E,121,b,E121b,e121b,Fredericistraat,fredericistraat,,,older-regime,e,121,b,e121,address,yes,yes,-55.16798860803061,5.82699556024069
1149,E,123,,E123,e123,Fredericistraat,fredericistraat,,,older-regime,e,123,,e123,address,yes,yes,-55.16876479655837,5.82568609214611
1150,E,124,,E124,e124,Fredericistraat,fredericistraat,,,older-regime,e,124,,e124,address,yes,yes,-55.168858998072054,5.825510112539487
1151,E,125,,E125,e125,Fredericistraat,fredericistraat,,,older-regime,e,125,,e125,address,yes,yes,-55.16893807284624,5.825379092874864
1152,E,126,,E126,e126,Drambrandersgracht,drambrandersgracht,,,older-regime,e,126,,e126,address,yes,yes,-55.168924282906865,5.825011473490799
1153,E,127,b,E127b,e127b,Drambrandersgracht,drambrandersgracht,,,older-regime,e,127,b,e127,address,yes,yes,-55.168729920991105,5.824890817565154
1154,E,128,,E128,e128,Drambrandersgracht,drambrandersgracht,,,older-regime,e,128,,e128,address,yes,yes,-55.16855025791803,5.824801198557299
1155,E,129,a,E129a,e129a,Drambrandersgracht,drambrandersgracht,,,older-regime,e,129,a,e129,address,yes,yes,-55.16838960551609,5.824691957664961
1156,E,130,a,E130a,e130a,Drambrandersgracht,drambrandersgracht,,,older-regime,e,130,a,e130,address,yes,yes,-55.16811658595156,5.824701556009027
1157,E,131,,E131,e131,Drambrandersgracht,drambrandersgracht,,,older-regime,e,131,,e131,address,yes,yes,-55.16805455372407,5.82444580949426
1158,E,132,,E132,e132,Rust en Vreedestraat,rust en vreedestraat,,,older-regime,e,132,,e132,address,yes,yes,-55.167750516656355,5.824954189096341
1159,E,136,a,E136a,e136a,Rust en Vreedestraat,rust en vreedestraat,,,older-regime,e,136,a,e136,address,yes,yes,-55.16737867065469,5.825609412364411
1160,E,133,,E133,e133,Rust en Vreedestraat,rust en vreedestraat,,,older-regime,e,133,,e133,address,yes,yes,-55.167654040761875,5.825122604029211
1161,E,134,,E134,e134,Rust en Vreedestraat,rust en vreedestraat,,,older-regime,e,134,,e134,address,yes,yes,-55.16754773130425,5.825329873409369
1162,E,135,,E135,e135,Rust en Vreedestraat,rust en vreedestraat,,,older-regime,e,135,,e135,address,yes,yes,-55.16746271888472,5.825449038049912
1163,E,137,,E137,e137,Rust en Vreedestraat,rust en vreedestraat,,,older-regime,e,137,,e137,address,yes,yes,-55.167072499413706,5.826113579069334
1164,E,141,b,E141b,e141b,Rust en Vreedestraat,rust en vreedestraat,,,older-regime,e,141,b,e141,address,yes,yes,-55.16675575405954,5.826674548955832
1165,E,138,,E138,e138,Rust en Vreedestraat,rust en vreedestraat,,,older-regime,e,138,,e138,address,yes,yes,-55.167018108797336,5.826214894923361
1166,E,139,,E139,e139,Rust en Vreedestraat,rust en vreedestraat,,,older-regime,e,139,,e139,address,yes,yes,-55.16697225004236,5.826287415745189
1167,E,140,aa,E140aa,e140aa,Rust en Vreedestraat,rust en vreedestraat,,,older-regime,e,140,aa,e140,address,yes,yes,-55.16687626660171,5.826465518351739
1168,E,142,,E142,e142,Rust en Vreedestraat,rust en vreedestraat,,,older-regime,e,142,,e142,address,yes,yes,-55.16663974394196,5.826330261104767
1169,E,143,,E143,e143,Rust en Vreedestraat,rust en vreedestraat,,,older-regime,e,143,,e143,address,yes,yes,-55.16668756764676,5.826224238761508
1170,E,144,,E144,e144,Rust en Vreedestraat,rust en vreedestraat,,,older-regime,e,144,,e144,address,yes,yes,-55.16676023340664,5.826125836719367
1171,E,145,,E145,e145,Rust en Vreedestraat,rust en vreedestraat,,,older-regime,e,145,,e145,address,yes,yes,-55.167264927483366,5.825246281669838
1172,E,148,,E148,e148,Rust en Vreedestraat,rust en vreedestraat,,,older-regime,e,148,,e148,address,yes,yes,-55.16761403525257,5.82464147604808
1173,E,147,,E147,e147,Rust en Vreedestraat,rust en vreedestraat,,,older-regime,e,147,,e147,address,yes,yes,-55.16750364171474,5.824875472606889
1174,E,146,b,E146b,e146b,Rust en Vreedestraat,rust en vreedestraat,,,older-regime,e,146,b,e146,address,yes,yes,-55.167366829210586,5.825084937268403
1175,E,149,,E149,e149,Hofstraat,hofstraat,,,older-regime,e,149,,e149,address,yes,yes,-55.166612001601536,5.824132281923468
1176,E,154,,E154,e154,Hofstraat,hofstraat,,,older-regime,e,154,,e154,address,yes,yes,-55.16617105647324,5.824918560682905
1177,E,153,a,E153a,e153a,Hofstraat,hofstraat,,,older-regime,e,153,a,e153,address,yes,yes,-55.1662421360731,5.824787723897336
1178,E,152,a,E152a,e152a,Hofstraat,hofstraat,,,older-regime,e,152,a,e152,address,yes,yes,-55.166349069984385,5.824606565271161
1179,E,150,,E150,e150,Hofstraat,hofstraat,,,older-regime,e,150,,e150,address,yes,yes,-55.166510099874316,5.824320988825733
1180,E,151,,E151,e151,Hofstraat,hofstraat,,,older-regime,e,151,,e151,address,yes,yes,-55.166418262515215,5.824465664117469
1181,E,155,a,E155a,e155a,Hofstraat,hofstraat,,,older-regime,e,155,a,e155,address,yes,yes,-55.16598455115146,5.825267982963592
1182,E,161,,E161,e161,Hofstraat,hofstraat,,,older-regime,e,161,,e161,address,yes,yes,-55.16550287678346,5.826126127601645
1183,E,160,a,E160a,e160a,Hofstraat,hofstraat,,,older-regime,e,160,a,e160,address,yes,yes,-55.16558213368241,5.825975162079832
1184,E,156,a,E156a,e156a,Hofstraat,hofstraat,,,older-regime,e,156,a,e156,address,yes,yes,-55.1658883106313,5.825447254520744
1185,E,157,,E157,e157,Hofstraat,hofstraat,,,older-regime,e,157,,e157,address,yes,yes,-55.16578452183507,5.825616147198271
1186,E,158,,E158,e158,Hofstraat,hofstraat,,,older-regime,e,158,,e158,address,yes,yes,-55.16572460739361,5.82573267371042
1187,E,159,,E159,e159,Hofstraat,hofstraat,,,older-regime,e,159,,e159,address,yes,yes,-55.16568167657333,5.825825611859786
1188,E,162,,E162,e162,Hofstraat,hofstraat,,,older-regime,e,162,,e162,address,yes,yes,-55.16531652288309,5.825905911537551
1189,E,166,a,E166a,e166a,Hofstraat,hofstraat,,,older-regime,e,166,a,e166,address,yes,yes,-55.165630921521036,5.825200309488439
1190,E,165,,E165,e165,Hofstraat,hofstraat,,,older-regime,e,165,,e165,address,yes,yes,-55.16557568489552,5.825386644947293
1191,E,164,,E164,e164,Hofstraat,hofstraat,,,older-regime,e,164,,e164,address,yes,yes,-55.16549004685106,5.825541350168955
1192,E,163,a,E163a,e163a,Hofstraat,hofstraat,,,older-regime,e,163,a,e163,address,yes,yes,-55.165408952674404,5.825717371560761
1193,E,167,a,E167a,e167a,Hofstraat,hofstraat,,,older-regime,e,167,a,e167,address,yes,yes,-55.16586283519948,5.824830182950334
1194,E,170,b,E170b,e170b,Hofstraat,hofstraat,,,older-regime,e,170,b,e170,address,yes,yes,-55.16630818348884,5.824188579482629
1195,E,169,,E169,e169,Hofstraat,hofstraat,,,older-regime,e,169,,e169,address,yes,yes,-55.166228031687645,5.824334133767781
1196,E,168,a,E168a,e168a,Hofstraat,hofstraat,,,older-regime,e,168,a,e168,address,yes,yes,-55.16603455848055,5.824547122596936
1197,E,171,a,E171a,e171a,Princestraat,princestraat,,,older-regime,e,171,a,e171,address,yes,yes,-55.166348450964705,5.823959580300342
1198,E,172,,E172,e172,Hofstraat,hofstraat,,,older-regime,e,172,,e172,address,yes,yes,-55.166618315038235,5.823517427811822
1199,E,173,,E173,e173,Hofstraat,hofstraat,,,older-regime,e,173,,e173,address,yes,yes,-55.16681454324899,5.823167223068325
1200,E,174,,E174,e174,Drambrandersgracht,drambrandersgracht,,,older-regime,e,174,,e174,address,yes,yes,-55.165191676200266,5.821720560688449
1201,E,175,b,E175b,e175b,Drambrandersgracht,drambrandersgracht,,,older-regime,e,175,b,e175,address,yes,yes,-55.16528471786359,5.821797126223911
1202,E,176,,E176,e176,Drambrandersgracht,drambrandersgracht,,,older-regime,e,176,,e176,address,yes,yes,-55.16534311471638,5.821859608384548
1203,E,177,,E177,e177,Drambrandersgracht,drambrandersgracht,,,older-regime,e,177,,e177,address,yes,yes,-55.166146453158376,5.822524151468252
1204,E,178,,E178,e178,Drambrandersgracht,drambrandersgracht,ingetr. bij 273a,,older-regime,e,178,,e178,address,yes,yes,-55.16646706546598,5.822792287838623
1205,E,179,,E179,e179,Drambrandersgracht,drambrandersgracht,ingetr. bij 274,,older-regime,e,179,,e179,address,yes,yes,-55.1665473661144,5.822850327251905
1206,E,180,,E180,e180,Drambrandersgracht,drambrandersgracht,ingetr. bij 173,,older-regime,e,180,,e180,address,yes,yes,-55.166667316792115,5.822942504824772
1207,E,181,,E181,e181,Groote Dwarsstraat,groote dwarsstraat,,,older-regime,e,181,,e181,address,yes,yes,-55.16598173874283,5.822427196544171
1208,E,183,b,E183b,e183b,Groote Dwarsstraat,groote dwarsstraat,,,older-regime,e,183,b,e183,address,yes,yes,-55.165767371492215,5.822713974281468
1209,E,182,,E182,e182,Groote Dwarsstraat,groote dwarsstraat,,,older-regime,e,182,,e182,address,yes,yes,-55.16591342658709,5.822523996731781
1210,E,184,aa,E184aa,e184aa,Groote Dwarsstraat,groote dwarsstraat,,,older-regime,e,184,aa,e184,address,yes,yes,-55.16541088216858,5.823425260062969
1211,E,190,,E190,e190,Groote Dwarsstraat,groote dwarsstraat,,,older-regime,e,190,,e190,address,yes,yes,-55.164908615408876,5.824316490070609
1212,E,189,,E189,e189,Groote Dwarsstraat,groote dwarsstraat,,,older-regime,e,189,,e189,address,yes,yes,-55.164977575007256,5.824207236775119
1213,E,185,,E185,e185,Groote Dwarsstraat,groote dwarsstraat,,,older-regime,e,185,,e185,address,yes,yes,-55.16522867873853,5.823752973491371
1214,E,186,,E186,e186,Groote Dwarsstraat,groote dwarsstraat,,,older-regime,e,186,,e186,address,yes,yes,-55.16518960065589,5.823834426480327
1215,E,187,,E187,e187,Groote Dwarsstraat,groote dwarsstraat,,,older-regime,e,187,,e187,address,yes,yes,-55.16512091740328,5.823988732114914
1216,E,188,,E188,e188,Groote Dwarsstraat,groote dwarsstraat,,,older-regime,e,188,,e188,address,yes,yes,-55.165059491170965,5.824108808202482
1217,E,191,,E191,e191,Groote Dwarsstraat,groote dwarsstraat,,,older-regime,e,191,,e191,address,yes,yes,-55.16477305283891,5.824561275614606
1218,E,81,,E81,e81,Groote Dwarsstraat,groote dwarsstraat,,,older-regime,e,81,,e81,address,yes,yes,-55.164470178260785,5.825109469165688
1219,E,195,,E195,e195,Groote Dwarsstraat,groote dwarsstraat,,,older-regime,e,195,,e195,address,yes,yes,-55.16452207265891,5.825016059249067
1220,E,194,a,E194a,e194a,Groote Dwarsstraat,groote dwarsstraat,,,older-regime,e,194,a,e194,address,yes,yes,-55.164627748524175,5.824813199329132
1221,E,193,,E193,e193,Groote Dwarsstraat,groote dwarsstraat,,,older-regime,e,193,,e193,address,yes,yes,-55.164698513612514,5.824701862256795
1222,E,192,,E192,e192,Groote Dwarsstraat,groote dwarsstraat,,,older-regime,e,192,,e192,address,yes,yes,-55.16471644076826,5.824663177341831
1223,E,196,,E196,e196,Groote Dwarsstraat,groote dwarsstraat,,,older-regime,e,196,,e196,address,yes,yes,-55.16417512491354,5.825070099049889
1224,E,199,b,E199b,e199b,Groote Dwarsstraat,groote dwarsstraat,,,older-regime,e,199,b,e199,address,yes,yes,-55.164744397787345,5.824006865728363
1225,E,197,a,E197a,e197a,Groote Dwarsstraat,groote dwarsstraat,,,older-regime,e,197,a,e197,address,yes,yes,-55.16423926841414,5.824924028714867
1226,E,198,,E198,e198,Groote Dwarsstraat,groote dwarsstraat,,,older-regime,e,198,,e198,address,yes,yes,-55.164344706489,5.824748086862587
1227,E,200,,E200,e200,Groote Dwarsstraat,groote dwarsstraat,,,older-regime,e,200,,e200,address,yes,yes,-55.16477638085916,5.823933207744891
1228,E,206,,E206,e206,Groote Dwarsstraat,groote dwarsstraat,,,older-regime,e,206,,e206,address,yes,yes,-55.16510299586487,5.823373988580823
1229,E,201,,E201,e201,Groote Dwarsstraat,groote dwarsstraat,,,older-regime,e,201,,e201,address,yes,yes,-55.164818055770866,5.823859549761409
1230,E,205,,E205,e205,Groote Dwarsstraat,groote dwarsstraat,,,older-regime,e,205,,e205,address,yes,yes,-55.16506035176917,5.823452492484271
1231,E,204,,E204,e204,Groote Dwarsstraat,groote dwarsstraat,,,older-regime,e,204,,e204,address,yes,yes,-55.16500801583354,5.823548441699595
1232,E,203,,E203,e203,Groote Dwarsstraat,groote dwarsstraat,,,older-regime,e,203,,e203,address,yes,yes,-55.16491788172217,5.82369866521854
1233,E,202,,E202,e202,Groote Dwarsstraat,groote dwarsstraat,,,older-regime,e,202,,e202,address,yes,yes,-55.16487523762647,5.823778138305982
1234,E,207,b,E207b,e207b,Groote Dwarsstraat,groote dwarsstraat,,,older-regime,e,207,b,e207,address,yes,yes,-55.16539418658064,5.822879626765459
1235,E,214,,E214,e214,Drambrandersgracht,drambrandersgracht,onbekend,niet op kaart 1885 gemarkeerd maar volgens Concordans op Drambrandersgracht,older-regime,e,214,,e214,address,yes,yes,-55.16542815709459,5.82193959627091
1236,E,213,,E213,e213,Drambrandersgracht,drambrandersgracht,onbekend,niet op kaart 1885 gemarkeerd maar volgens Concordans op Drambrandersgracht,older-regime,e,213,,e213,address,yes,yes,-55.16550084589407,5.822004531598453
1237,E,212,,E212,e212,Drambrandersgracht,drambrandersgracht,onbekend,niet op kaart 1885 gemarkeerd maar volgens Concordans op Drambrandersgracht; geplaatst in GLIS perceel 212A,older-regime,e,212,,e212,address,yes,yes,-55.165570627141584,5.822058805902071
1238,E,211,,E211,e211,Groote Dwarsstraat,groote dwarsstraat,,,older-regime,e,211,,e211,address,yes,yes,-55.165580523886725,5.822556785177071
1239,E,208,,E208,e208,Groote Dwarsstraat,groote dwarsstraat,,,older-regime,e,208,,e208,address,yes,yes,-55.165436204941116,5.82279817119337
1240,E,209,,E209,e209,Groote Dwarsstraat,groote dwarsstraat,,,older-regime,e,209,,e209,address,yes,yes,-55.165472780571555,5.822728852638904
1241,E,210,,E210,e210,Groote Dwarsstraat,groote dwarsstraat,,,older-regime,e,210,,e210,address,yes,yes,-55.1655257336638,5.822651371742652
1242,E,215,,E215,e215,Zwartenhovenbrugstraat,zwartenhovenbrugstraat,,,older-regime,e,215,,e215,address,yes,yes,-55.16491144778971,5.821490528382022
1243,E,224,,E224,e224,Zwartenhovenbrugstraat,zwartenhovenbrugstraat,,,older-regime,e,224,,e224,address,yes,yes,-55.16438495116799,5.822404598578117
1244,E,223,,E223,e223,Zwartenhovenbrugstraat,zwartenhovenbrugstraat,,,older-regime,e,223,,e223,address,yes,yes,-55.16443237680697,5.8223215827636
1245,E,216,,E216,e216,Zwartenhovenbrugstraat,zwartenhovenbrugstraat,,,older-regime,e,216,,e216,address,yes,yes,-55.16477710012281,5.821699803619075
1246,E,217,,E217,e217,Zwartenhovenbrugstraat,zwartenhovenbrugstraat,,,older-regime,e,217,,e217,address,yes,yes,-55.16470100075451,5.821839093472345
1247,E,222,,E222,e222,Zwartenhovenbrugstraat,zwartenhovenbrugstraat,,,older-regime,e,222,,e222,address,yes,yes,-55.16447508158004,5.822245410132148
1248,E,218,,E218,e218,Zwartenhovenbrugstraat,zwartenhovenbrugstraat,,,older-regime,e,218,,e218,address,yes,yes,-55.16466245449072,5.821917098164935
1249,E,221,,E221,e221,Zwartenhovenbrugstraat,zwartenhovenbrugstraat,,,older-regime,e,221,,e221,address,yes,yes,-55.16452888367942,5.822158292018461
1250,E,219,,E219,e219,Zwartenhovenbrugstraat,zwartenhovenbrugstraat,,,older-regime,e,219,,e219,address,yes,yes,-55.164615917274574,5.821998037983787
1251,E,220,,E220,e220,Zwartenhovenbrugstraat,zwartenhovenbrugstraat,,,older-regime,e,220,,e220,address,yes,yes,-55.16457254120678,5.82207364007806
1252,E,225,a,E225a,e225a,Zwartenhovenbrugstraat,zwartenhovenbrugstraat,,,older-regime,e,225,a,e225,address,yes,yes,-55.164192863056485,5.822770016353818
1253,E,232,,E232,e232,Zwartenhovenbrugstraat,zwartenhovenbrugstraat,,,older-regime,e,232,,e232,address,yes,yes,-55.16373882767533,5.823568041935245
1254,E,231,,E231,e231,Zwartenhovenbrugstraat,zwartenhovenbrugstraat,,,older-regime,e,231,,e231,address,yes,yes,-55.163760716234364,5.823513125099985
1255,E,227,,E227,e227,Zwartenhovenbrugstraat,zwartenhovenbrugstraat,,,older-regime,e,227,,e227,address,yes,yes,-55.16401799438449,5.823057550007047
1256,E,228,,E228,e228,Zwartenhovenbrugstraat,zwartenhovenbrugstraat,,,older-regime,e,228,,e228,address,yes,yes,-55.163974381104794,5.823147684118413
1257,E,229,,E229,e229,Zwartenhovenbrugstraat,zwartenhovenbrugstraat,,,older-regime,e,229,,e229,address,yes,yes,-55.163922045169166,5.823224249653874
1258,E,230,,E230,e230,Zwartenhovenbrugstraat,zwartenhovenbrugstraat,,,older-regime,e,230,,e230,address,yes,yes,-55.163883086547386,5.823312858569293
1259,E,233,,E233,e233,Zwartenhovenbrugstraat,zwartenhovenbrugstraat,,,older-regime,e,233,,e233,address,yes,yes,-55.163585395342906,5.8238726259366
1260,E,239,,E239,e239,Zwartenhovenbrugstraat,zwartenhovenbrugstraat,,,older-regime,e,239,,e239,address,yes,yes,-55.16310889979884,5.824690140443566
1261,E,238,,E238,e238,Zwartenhovenbrugstraat,zwartenhovenbrugstraat,,,older-regime,e,238,,e238,address,yes,yes,-55.163165112470445,5.82457286918039
1262,E,234,c,E234c,e234c,Zwartenhovenbrugstraat,zwartenhovenbrugstraat,,,older-regime,e,234,c,e234,address,yes,yes,-55.16348300482022,5.824005411952381
1263,D,43,ad,D43ad,d43ad,Weidestraat,weidestraat,,,older-regime,d,43,ad,d43,address,yes,yes,-55.167291953958646,5.830648254442255
1264,E,236,a,E236a,e236a,Zwartenhovenbrugstraat,zwartenhovenbrugstraat,,,older-regime,e,236,a,e236,address,yes,yes,-55.16335701090111,5.824230262638801
1265,E,237,,E237,e237,Zwartenhovenbrugstraat,zwartenhovenbrugstraat,,,older-regime,e,237,,e237,address,yes,yes,-55.16323489371797,5.8244575362852
1266,E,240,,E240,e240,Zwartenhovenbrugstraat,zwartenhovenbrugstraat,,,older-regime,e,240,,e240,address,yes,yes,-55.16275579534305,5.824828313237216
1267,E,246,,E246,e246,Zwartenhovenbrugstraat,zwartenhovenbrugstraat,,,older-regime,e,246,,e246,address,yes,yes,-55.163356456448156,5.823732164533462
1268,E,241,,E241,e241,Zwartenhovenbrugstraat,zwartenhovenbrugstraat,,,older-regime,e,241,,e241,address,yes,yes,-55.1628236974184,5.824702118381063
1269,E,242,a,E242a,e242a,Zwartenhovenbrugstraat,zwartenhovenbrugstraat,,,older-regime,e,242,a,e242,address,yes,yes,-55.16290116381308,5.824607696510724
1270,E,243,,E243,e243,Zwartenhovenbrugstraat,zwartenhovenbrugstraat,,,older-regime,e,243,,e243,address,yes,yes,-55.16303496757775,5.824338667504899
1271,E,244,,E244,e244,Zwartenhovenbrugstraat,zwartenhovenbrugstraat,,,older-regime,e,244,,e244,address,yes,yes,-55.16323470769285,5.824044420723034
1272,E,245,,E245,e245,Zwartenhovenbrugstraat,zwartenhovenbrugstraat,,,older-regime,e,245,,e245,address,yes,yes,-55.163297041048516,5.823920143188837
1273,E,247,a,E247a,e247a,Zwartenhovenbrugstraat,zwartenhovenbrugstraat,,,older-regime,e,247,a,e247,address,yes,yes,-55.16353873289982,5.823461699732191
1274,E,252,,E252,e252,Zwartenhovenbrugstraat,zwartenhovenbrugstraat,,,older-regime,e,252,,e252,address,yes,yes,-55.163996709651514,5.82259350343134
1275,E,251,a,E251a,e251a,Zwartenhovenbrugstraat,zwartenhovenbrugstraat,,,older-regime,e,251,a,e251,address,yes,yes,-55.16387608547041,5.822869197602341
1276,E,250,,E250,e250,Zwartenhovenbrugstraat,zwartenhovenbrugstraat,,,older-regime,e,250,,e250,address,yes,yes,-55.16382523579703,5.822962912625502
1277,E,249,,E249,e249,Zwartenhovenbrugstraat,zwartenhovenbrugstraat,,,older-regime,e,249,,e249,address,yes,yes,-55.16374218465249,5.823085378841291
1278,E,248,,E248,e248,Zwartenhovenbrugstraat,zwartenhovenbrugstraat,,,older-regime,e,248,,e248,address,yes,yes,-55.16367736638349,5.823208002402755
1279,E,253,,E253,e253,Zwartenhovenbrugstraat,zwartenhovenbrugstraat,,,older-regime,e,253,,e253,address,yes,yes,-55.16433486008244,5.822046827612265
1280,E,258,,E258,e258,Zwartenhovenbrugstraat,zwartenhovenbrugstraat,,,older-regime,e,258,,e258,address,yes,yes,-55.164636728370105,5.821475589179169
1281,E,254,,E254,e254,Zwartenhovenbrugstraat,zwartenhovenbrugstraat,,,older-regime,e,254,,e254,address,yes,yes,-55.164366729472675,5.821957605183738
1282,E,255,,E255,e255,Zwartenhovenbrugstraat,zwartenhovenbrugstraat,,,older-regime,e,255,,e255,address,yes,yes,-55.16445528328583,5.821804648597372
1283,E,256,,E256,e256,Zwartenhovenbrugstraat,zwartenhovenbrugstraat,,,older-regime,e,256,,e256,address,yes,yes,-55.164513935811435,5.821699994090912
1284,E,257,,E257,e257,Zwartenhovenbrugstraat,zwartenhovenbrugstraat,,,older-regime,e,257,,e257,address,yes,yes,-55.16457143828751,5.821586139188279
1285,E,259,,E259,e259,Timmermanstraat,timmermanstraat,,,older-regime,e,259,,e259,address,yes,yes,-55.16355641381313,5.821871444717301
1286,E,260,a,E260a,e260a,Princestraat,princestraat,,,older-regime,e,260,a,e260,address,yes,yes,-55.16362789782721,5.8220806125419
1287,E,261,,E261,e261,Princestraat,princestraat,,,older-regime,e,261,,e261,address,yes,yes,-55.16386232698708,5.822208409226047
1288,E,262,,E262,e262,Princestraat,princestraat,,,older-regime,e,262,,e262,address,yes,yes,-55.16399573273036,5.822298113089794
1289,E,263,,E263,e263,Princestraat,princestraat,,,older-regime,e,263,,e263,address,yes,yes,-55.1640992371873,5.822357915664916
1290,E,264,,E264,e264,Princestraat,princestraat,,,older-regime,e,264,,e264,address,yes,yes,-55.16439940011243,5.822526972944582
1291,E,265,,E265,e265,Princestraat,princestraat,,,older-regime,e,265,,e265,address,yes,yes,-55.16456500724353,5.822612076609175
1292,E,266,a,E266a,e266a,Princestraat,princestraat,,,older-regime,e,266,a,e266,address,yes,yes,-55.16469036264138,5.82269833032329
1293,E,267,,E267,e267,Princestraat,princestraat,,,older-regime,e,267,,e267,address,yes,yes,-55.16485021952487,5.822781133888841
1294,E,268,,E268,e268,Princestraat,princestraat,,,older-regime,e,268,,e268,address,yes,yes,-55.16502042685406,5.822876587999128
1295,E,269,,E269,e269,Princestraat,princestraat,,,older-regime,e,269,,e269,address,yes,yes,-55.16510323041961,5.822934090475209
1296,E,207,a,E207a,e207a,Groote Dwarsstraat,groote dwarsstraat,,,older-regime,e,207,a,e207,address,yes,yes,-55.16536408825683,5.822939854447934
1297,E,271,,E271,e271,Princestraat,princestraat,,,older-regime,e,271,,e271,address,yes,yes,-55.1655987334774,5.823244117925743
1298,E,272,,E272,e272,Princestraat,princestraat,,,older-regime,e,272,,e272,address,yes,yes,-55.16573805775551,5.823310156668753
1299,E,273,a,E273a,e273a,Princestraat,princestraat,,,older-regime,e,273,a,e273,address,yes,yes,-55.16587398173147,5.823402094916631
1300,E,274,,E274,e274,Princestraat,princestraat,,,older-regime,e,274,,e274,address,yes,yes,-55.16604552729825,5.823497074947965
1301,E,275,,E275,e275,Princestraat,princestraat,,,older-regime,e,275,,e275,address,yes,yes,-55.16613566140963,5.823540688227657
1302,E,276,a,E276a,e276a,Princestraat,princestraat,,,older-regime,e,276,a,e276,address,yes,yes,-55.16621707286506,5.82358430150735
1303,E,277,b,E277b,e277b,Princestraat,princestraat,,,older-regime,e,277,b,e277,address,yes,yes,-55.16639013583423,5.823657471624257
1304,E,278,,E278,e278,Princestraat,princestraat,,,older-regime,e,278,,e278,address,yes,yes,-55.1667834527706,5.823859880340048
1305,E,279,,E279,e279,Princestraat,princestraat,,,older-regime,e,279,,e279,address,yes,yes,-55.16689615762372,5.823933483509426
1306,E,280,,E280,e280,Princestraat,princestraat,,,older-regime,e,280,,e280,address,yes,yes,-55.16700426227874,5.824008236728327
1307,E,281,,E281,e281,Princestraat,princestraat,,,older-regime,e,281,,e281,address,yes,yes,-55.16715031856798,5.824110591135744
1308,E,282,,E282,e282,Princestraat,princestraat,,,older-regime,e,282,,e282,address,yes,yes,-55.16729407475817,5.824191094602252
1309,E,283,,E283,e283,Princestraat,princestraat,,,older-regime,e,283,,e283,address,yes,yes,-55.16749188327587,5.824295749108712
1310,E,284,,E284,e284,Princestraat,princestraat,,,older-regime,e,284,,e284,address,yes,yes,-55.16767704124884,5.824394653367567
1311,E,285,,E285,e285,Princestraat,princestraat,,,older-regime,e,285,,e285,address,yes,yes,-55.16748382749001,5.824544921016421
1312,E,286,,E286,e286,Princestraat,princestraat,,,older-regime,e,286,,e286,address,yes,yes,-55.1673831838088,5.824488308945742
1313,E,287,a,E287a,e287a,Princestraat,princestraat,,,older-regime,e,287,a,e287,address,yes,yes,-55.16728631426564,5.824440503197168
1314,E,288,,E288,e288,Princestraat,princestraat,,,older-regime,e,288,,e288,address,yes,yes,-55.1670913171333,5.824343633654005
1315,E,289,,E289,e289,Princestraat,princestraat,,,older-regime,e,289,,e289,address,yes,yes,-55.166926513105324,5.824242989972797
1316,E,290,,E290,e290,Princestraat,princestraat,,,older-regime,e,290,,e290,address,yes,yes,-55.16614287518711,5.823828829002967
1317,E,291,a,E291a,e291a,Princestraat,princestraat,,,older-regime,e,291,a,e291,address,yes,yes,-55.16598832528951,5.823721529899525
1318,E,292,a,E292a,e292a,Princestraat,princestraat,,,older-regime,e,292,a,e292,address,yes,yes,-55.16508167381702,5.823189843622118
1319,E,293,b,E293b,e293b,Princestraat,princestraat,,,older-regime,e,293,b,e293,address,yes,yes,-55.16479188780307,5.823047373575118
1320,E,294,,E294,e294,Princestraat,princestraat,,,older-regime,e,294,,e294,address,yes,yes,-55.164616950092295,5.822944640071841
1321,E,295,,E295,e295,Princestraat,princestraat,,,older-regime,e,295,,e295,address,yes,yes,-55.16378182351939,5.822459120022811
1322,E,296,,E296,e296,Princestraat,princestraat,,,older-regime,e,296,,e296,address,yes,yes,-55.16361966653685,5.822378616556303
1323,E,297,,E297,e297,Princestraat,princestraat,,,older-regime,e,297,,e297,address,yes,yes,-55.163511561881826,5.822317663931658
1324,E,298,,E298,e298,Timmermanstraat,timmermanstraat,,,older-regime,e,298,,e298,address,yes,yes,-55.163327450789296,5.822197883805075
1325,E,299,,E299,e299,Timmermanstraat,timmermanstraat,,,older-regime,e,299,,e299,address,yes,yes,-55.16312101459875,5.822319031804224
1326,E,300,a,E300a,e300a,Timmermanstraat,timmermanstraat,,,older-regime,e,300,a,e300,address,yes,yes,-55.16301052762353,5.822392689787706
1327,E,301,b,E301b,e301b,Timmermanstraat,timmermanstraat,,,older-regime,e,301,b,e301,address,yes,yes,-55.16257148727462,5.822660184569827
1328,E,302,,E302,e302,Hoogestraat,hoogestraat,,,older-regime,e,302,,e302,address,yes,yes,-55.16256967132369,5.823000793347453
1329,E,303,,E303,e303,Hoogestraat,hoogestraat,,,older-regime,e,303,,e303,address,yes,yes,-55.162658225136845,5.823055995724488
1330,E,304,,E304,e304,Hoogestraat,hoogestraat,,,older-regime,e,304,,e304,address,yes,yes,-55.16273527845479,5.823095097408221
1331,E,305,,E305,e305,Hoogestraat,hoogestraat,,,older-regime,e,305,,e305,address,yes,yes,-55.16281348182225,5.823150299785254
1332,E,306,,E306,e306,Hoogestraat,hoogestraat,,,older-regime,e,306,,e306,address,yes,yes,-55.162906635833494,5.823203202063245
1333,E,307,,E307,e307,Hoogestraat,hoogestraat,,,older-regime,e,307,,e307,address,yes,yes,-55.16305123335125,5.82331535294922
1334,E,308,,E308,e308,Hoogestraat,hoogestraat,,,older-regime,e,308,,e308,address,yes,yes,-55.16311810704678,5.823351212756968
1335,E,309,b,E309b,e309b,Hoogestraat,hoogestraat,,,older-regime,e,309,b,e309,address,yes,yes,-55.163293529349545,5.823443285236321
1336,E,310,b,E310b,e310b,Hoogestraat,hoogestraat,,,older-regime,e,310,b,e310,address,yes,yes,-55.16345150634044,5.823540203635639
1337,E,311,,E311,e311,Hoogestraat,hoogestraat,,,older-regime,e,311,,e311,address,yes,yes,-55.16368847182681,5.823671043474733
1338,E,312,,E312,e312,Hoogestraat,hoogestraat,,,older-regime,e,312,,e312,address,yes,yes,-55.16389975393733,5.823798975761834
1339,E,313,,E313,e313,Hoogestraat,hoogestraat,,,older-regime,e,313,,e313,address,yes,yes,-55.16403253214438,5.823862941905385
1340,E,314,,E314,e314,Hoogestraat,hoogestraat,,,older-regime,e,314,,e314,address,yes,yes,-55.164110066863834,5.823921092944976
1341,E,315,,E315,e315,Hoogestraat,hoogestraat,,,older-regime,e,315,,e315,address,yes,yes,-55.16424866017486,5.823996204704447
1342,E,316,,E316,e316,Hoogestraat,hoogestraat,,,older-regime,e,316,,e316,address,yes,yes,-55.16434993990215,5.824055809520028
1343,E,317,a,E317a,e317a,Hoogestraat,hoogestraat,,,older-regime,e,317,a,e317,address,yes,yes,-55.164515185773,5.82414206689542
1344,E,368,,E368,e368,Hoogestraat,hoogestraat,,,older-regime,e,368,,e368,address,yes,yes,-55.163119076230764,5.8235886628353
1345,E,318,,E318,e318,Hoogestraat,hoogestraat,,,older-regime,e,318,,e318,address,yes,yes,-55.16526538740216,5.824545884879651
1346,E,319,,E319,e319,Hoogestraat,hoogestraat,,,older-regime,e,319,,e319,address,yes,yes,-55.165379242304795,5.82460453740525
1347,E,320,,E320,e320,Hoogestraat,hoogestraat,,,older-regime,e,320,,e320,address,yes,yes,-55.1654758464646,5.824659739782285
1348,E,321,,E321,e321,Hoogestraat,hoogestraat,,,older-regime,e,321,,e321,address,yes,yes,-55.16632139297205,5.825193443737206
1349,E,322,,E322,e322,Hoogestraat,hoogestraat,,,older-regime,e,322,,e322,address,yes,yes,-55.16647518909738,5.825258547618487
1350,E,323,,E323,e323,Hoogestraat,hoogestraat,,,older-regime,e,323,,e323,address,yes,yes,-55.16663181582628,5.825351014000597
1351,E,277,,E277,e277,Princestraat,princestraat,,,older-regime,e,277,,e277,address,yes,yes,-55.16630236105646,5.823624038051071
1352,E,273,b,E273b,e273b,Princestraat,princestraat,,,older-regime,e,273,b,e273,address,yes,yes,-55.16594667053094,5.823448615748306
1353,E,170,a,E170a,e170a,Hofstraat,hofstraat,,,older-regime,e,170,a,e170,address,yes,yes,-55.16626666797033,5.824277271726694
1354,E,327,a,E327a,e327a,Hoogestraat,hoogestraat,,,older-regime,e,327,a,e327,address,yes,yes,-55.16754175179031,5.825861889158285
1355,E,328,,E328,e328,Hoogestraat,hoogestraat,,,older-regime,e,328,,e328,address,yes,yes,-55.16776038073847,5.825989867079159
1356,E,329,a,E329a,e329a,Hoogestraat,hoogestraat,,,older-regime,e,329,a,e329,address,yes,yes,-55.167874494384584,5.826068786797032
1357,E,330,a,E330a,e330a,Hoogestraat,hoogestraat,,,older-regime,e,330,a,e330,address,yes,yes,-55.168090990367396,5.826178634512448
1358,E,331,,E331,e331,Hoogestraat,hoogestraat,,,older-regime,e,331,,e331,address,yes,yes,-55.16829921803999,5.826288209904789
1359,E,332,a,E332a,e332a,Hoogestraat,hoogestraat,,,older-regime,e,332,a,e332,address,yes,yes,-55.16843052328262,5.826357872489783
1360,E,333,,E333,e333,Hoogestraat,hoogestraat,,,older-regime,e,333,,e333,address,yes,yes,-55.16867758433256,5.82646991772919
1361,E,334,,E334,e334,Hoogestraat,hoogestraat,,,older-regime,e,334,,e334,address,yes,yes,-55.168827090770364,5.82658722278039
1362,E,335,a,E335a,e335a,Hoogestraat,hoogestraat,,,older-regime,e,335,a,e335,address,yes,yes,-55.16903109484448,5.826701850912289
1363,E,336,a,E336a,e336a,Hoogestraat,hoogestraat,,,older-regime,e,336,a,e336,address,yes,yes,-55.16920578470647,5.826800393911363
1364,E,337,,E337,e337,Hoogestraat,hoogestraat,,,older-regime,e,337,,e337,address,yes,yes,-55.169409015828265,5.826900036250249
1365,E,338,a,E338a,e338a,Hoogestraat,hoogestraat,,,older-regime,e,338,a,e338,address,yes,yes,-55.16956748230534,5.827022115659277
1366,E,339,,E339,e339,Hoogestraat,hoogestraat,,,older-regime,e,339,,e339,address,yes,yes,-55.16952977102792,5.827338205117954
1367,E,340,,E340,e340,Hoogestraat,hoogestraat,,,older-regime,e,340,,e340,address,yes,yes,-55.16931816191595,5.827204799373455
1368,E,341,,E341,e341,Hoogestraat,hoogestraat,,,older-regime,e,341,,e341,address,yes,yes,-55.16915945508198,5.827092094520345
1369,E,342,,E342,e342,Hoogestraat,hoogestraat,,,older-regime,e,342,,e342,address,yes,yes,-55.16899384795088,5.82698398986532
1370,E,343,,E343,e343,Hoogestraat,hoogestraat,,,older-regime,e,343,,e343,address,yes,yes,-55.16881214012648,5.826885085606468
1371,E,344,a,E344a,e344a,Hoogestraat,hoogestraat,,,older-regime,e,344,a,e344,address,yes,yes,-55.168625832103984,5.826786181347613
1372,E,345,a,E345a,e345a,Hoogestraat,hoogestraat,,,older-regime,e,345,a,e345,address,yes,yes,-55.1682605611125,5.826547637517634
1373,E,346,,E346,e346,Hoogestraat,hoogestraat,,,older-regime,e,346,,e346,address,yes,yes,-55.16804513161236,5.826422859044781
1374,E,347,,E347,e347,Hoogestraat,hoogestraat,,,older-regime,e,347,,e347,address,yes,yes,-55.167950214654375,5.826364202497714
1375,E,348,a,E348a,e348a,Hoogestraat,hoogestraat,,,older-regime,e,348,a,e348,address,yes,yes,-55.16785636417907,5.826309811881343
1376,E,349,,E349,e349,Hoogestraat,hoogestraat,,,older-regime,e,349,,e349,address,yes,yes,-55.16765693191904,5.826203163613948
1377,E,350,,E350,e350,Hoogestraat,hoogestraat,,,older-regime,e,350,,e350,address,yes,yes,-55.167572679787796,5.826150905962924
1378,E,351,a,E351a,e351a,Hoogestraat,hoogestraat,,,older-regime,e,351,a,e351,address,yes,yes,-55.16747562986447,5.826092249415857
1379,E,352,,E352,e352,Hoogestraat,hoogestraat,,,older-regime,e,352,,e352,address,yes,yes,-55.16718234712912,5.825940808876154
1380,E,353,,E353,e353,Hoogestraat,hoogestraat,,,older-regime,e,353,,e353,address,yes,yes,-55.16695261756012,5.825778435134224
1381,E,354,a,E354a,e354a,Hoogestraat,hoogestraat,,,older-regime,e,354,a,e354,address,yes,yes,-55.16685732057448,5.825728899572375
1382,E,355,,E355,e355,Hoogestraat,hoogestraat,,,older-regime,e,355,,e355,address,yes,yes,-55.16669456087128,5.825639263793799
1383,E,356,,E356,e356,Hoogestraat,hoogestraat,,,older-regime,e,356,,e356,address,yes,yes,-55.16660350979094,5.825591615300977
1384,E,357,,E357,e357,Hoogestraat,hoogestraat,,,older-regime,e,357,,e357,address,yes,yes,-55.16651198694334,5.825539720902858
1385,E,358,a,E358a,e358a,Hoogestraat,hoogestraat,,,older-regime,e,358,a,e358,address,yes,yes,-55.16642801237183,5.825488770039247
1386,E,359,,E359,e359,Hoogestraat,hoogestraat,,,older-regime,e,359,,e359,address,yes,yes,-55.16553629591035,5.824966248694788
1387,E,360,,E360,e360,Hoogestraat,hoogestraat,,,older-regime,e,360,,e360,address,yes,yes,-55.1653741389278,5.824874244733063
1388,E,361,,E361,e361,Hoogestraat,hoogestraat,,,older-regime,e,361,,e361,address,yes,yes,-55.16520163149958,5.824806391811292
1389,E,362,,E362,e362,Hoogestraat,hoogestraat,,,older-regime,e,362,,e362,address,yes,yes,-55.165126878280674,5.824770740276123
1390,E,363,a,E363a,e363a,Hoogestraat,hoogestraat,,,older-regime,e,363,a,e363,address,yes,yes,-55.16451373199697,5.824405200349565
1391,E,364,,E364,e364,Hoogestraat,hoogestraat,,,older-regime,e,364,,e364,address,yes,yes,-55.164360600926045,5.824316035422191
1392,E,365,,E365,e365,Hoogestraat,hoogestraat,,,older-regime,e,365,,e365,address,yes,yes,-55.16426562089471,5.824262730302566
1393,E,366,,E366,e366,Hoogestraat,hoogestraat,,,older-regime,e,366,,e366,address,yes,yes,-55.16412945054366,5.824175503743183
1394,E,367,a,E367a,e367a,Hoogestraat,hoogestraat,,,older-regime,e,367,a,e367,address,yes,yes,-55.16403010918437,5.824127529135518
1395,E,369,,E369,e369,Hoogestraat,hoogestraat,,,older-regime,e,369,,e369,address,yes,yes,-55.163026034567416,5.823532450163696
1396,E,370,,E370,e370,Hoogestraat,hoogestraat,,,older-regime,e,370,,e370,address,yes,yes,-55.16287096512852,5.82343940850035
1397,E,371,,E371,e371,Hoogestraat,hoogestraat,,,older-regime,e,371,,e371,address,yes,yes,-55.16277986183316,5.823392887668677
1398,E,372,,E372,e372,Hoogestraat,hoogestraat,,,older-regime,e,372,,e372,address,yes,yes,-55.16270038874572,5.823338613365059
1399,E,373,,E373,e373,Hoogestraat,hoogestraat,,,older-regime,e,373,,e373,address,yes,yes,-55.16256470298667,5.823266893749563
1400,E,374,,E374,e374,Hoogestraat,hoogestraat,,,older-regime,e,374,,e374,address,yes,yes,-55.162417387019694,5.823191297398094
1401,E,375,,E375,e375,Ladesmastraat,ladesmastraat,,,older-regime,e,375,,e375,address,yes,yes,-55.16229430065256,5.823295969269358
1402,E,376,a,E376a,e376a,Ladesmastraat,ladesmastraat,,,older-regime,e,376,a,e376,address,yes,yes,-55.1624512162228,5.823878856157161
1403,E,377,,E377,e377,Ladesmastraat,ladesmastraat,,,older-regime,e,377,,e377,address,yes,yes,-55.16240381844379,5.82375245493015
1404,E,378,a,E378a,e378a,Ladesmastraat,ladesmastraat,,,older-regime,e,378,a,e378,address,yes,yes,-55.16236496250868,5.823606294420554
1405,E,398,a,E398a,e398a,Ladesmastraat,ladesmastraat,,,older-regime,e,398,a,e398,address,yes,yes,-55.16232531454035,5.823416148084513
1406,E,379,a,E379a,e379a,Ladesmastraat,ladesmastraat,,,older-regime,e,379,a,e379,address,yes,yes,-55.161571773985656,5.824136736383438
1407,E,380,,E380,e380,Ladesmastraat,ladesmastraat,,,older-regime,e,380,,e380,address,yes,yes,-55.16177096193081,5.824071489452018
1408,E,381,,E381,e381,Ladesmastraat,ladesmastraat,,,older-regime,e,381,,e381,address,yes,yes,-55.16188191286348,5.82403691043214
1409,E,382,a,E382a,e382a,Ladesmastraat,ladesmastraat,,,older-regime,e,382,a,e382,address,yes,yes,-55.16198949228672,5.824009773280331
1410,E,383,,E383,e383,Ladesmastraat,ladesmastraat,,,older-regime,e,383,,e383,address,yes,yes,-55.16212862733201,5.82396798499508
1411,E,384,a,E384a,e384a,Ladesmastraat,ladesmastraat,,,older-regime,e,384,a,e384,address,yes,yes,-55.16226667890876,5.823918669984969
1412,E,385,a,E385a,e385a,Ladesmastraat,ladesmastraat,,,older-regime,e,385,a,e385,address,yes,yes,-55.16223857257296,5.823766508098038
1413,E,386,a,E386a,e386a,Ladesmastraat,ladesmastraat,,,older-regime,e,386,a,e386,address,yes,yes,-55.162198780352824,5.823631020485267
1414,E,387,,E387,e387,Ladesmastraat,ladesmastraat,,,older-regime,e,387,,e387,address,yes,yes,-55.16215231519757,5.823435047172368
1415,E,388,,E388,e388,Ladesmastraat,ladesmastraat,,,older-regime,e,388,,e388,address,yes,yes,-55.162120576985366,5.823311306718278
1416,E,389,,E389,e389,Ladesmastraat,ladesmastraat,,,older-regime,e,389,,e389,address,yes,yes,-55.162091825747325,5.823218152707033
1417,E,390,,E390,e390,Ladesmastraat,ladesmastraat,,,older-regime,e,390,,e390,address,yes,yes,-55.16205962436072,5.823113498200573
1418,E,391,,E391,e391,Ladesmastraat,ladesmastraat,,,older-regime,e,391,,e391,address,yes,yes,-55.162122302059615,5.822587925569228
1419,E,392,,E392,e392,Ladesmastraat,ladesmastraat,,,older-regime,e,392,,e392,address,yes,yes,-55.162148753198615,5.822691430026038
1420,E,393,,E393,e393,Ladesmastraat,ladesmastraat,,,older-regime,e,393,,e393,address,yes,yes,-55.16217060413952,5.822794934483105
1421,E,394,,E394,e394,Ladesmastraat,ladesmastraat,,,older-regime,e,394,,e394,address,yes,yes,-55.16219130503091,5.822875437949614
1422,E,395,,E395,e395,Ladesmastraat,ladesmastraat,,,older-regime,e,395,,e395,address,yes,yes,-55.162221781343234,5.822981817530361
1423,E,396,a,E396a,e396a,Ladesmastraat,ladesmastraat,,,older-regime,e,396,a,e396,address,yes,yes,-55.16235633713725,5.822985842703679
1424,E,397,,E397,e397,Timmermanstraat,timmermanstraat,,,older-regime,e,397,,e397,address,yes,yes,-55.1633258288839,5.821969198926639
1425,E,,,,,,,,,older-regime,e,,,,non-address-annotation,no,yes,-55.163829343591274,5.824321957689461
1426,E,,,,,,,,,older-regime,e,,,,non-address-annotation,no,yes,-55.164192777351104,5.823144860659038
1427,E,,,E,e,Saramaccastraat,saramaccastraat,,,older-regime,e,,,,non-address-annotation,no,yes,-55.16377185922618,5.820035126752785
1428,E,,,E,e,,,,,older-regime,e,,,,non-address-annotation,no,yes,-55.16151776216395,5.821325482315951
1429,F,1,,F1,f1,Saramaccastraat,saramaccastraat,,,renumbered-1885,f,1,,f1,address,yes,yes,-55.16482259699097,5.820641131053393
1430,F,2,,F2,f2,Saramaccastraat,saramaccastraat,,,renumbered-1885,f,2,,f2,address,yes,yes,-55.16496499125787,5.820576130287425
1431,F,3,,F3,f3,Saramaccastraat,saramaccastraat,,,renumbered-1885,f,3,,f3,address,yes,yes,-55.165077812406146,5.820517155596282
1432,F,4,,F4,f4,Saramaccastraat,saramaccastraat,,,renumbered-1885,f,4,,f4,address,yes,yes,-55.16517524885238,5.820453052671126
1433,F,5,,F5,f5,Saramaccastraat,saramaccastraat,,,renumbered-1885,f,5,,f5,address,yes,yes,-55.16523935177754,5.820412026799025
1434,F,6,,F6,f6,Zwartenhovenbrugstraat,zwartenhovenbrugstraat,,,renumbered-1885,f,6,,f6,address,yes,yes,-55.165303454702695,5.820317154469794
1435,F,7,,F7,f7,Zwartenhovenbrugstraat,zwartenhovenbrugstraat,,,renumbered-1885,f,7,,f7,address,yes,yes,-55.165330377931255,5.820254333603141
1436,F,8,,F8,f8,Zwartenhovenbrugstraat,zwartenhovenbrugstraat,,,renumbered-1885,f,8,,f8,address,yes,yes,-55.16540601938294,5.820136384220853
1437,F,9,,F9,f9,Saramaccastraat,saramaccastraat,,,renumbered-1885,f,9,,f9,address,yes,yes,-55.16470184179121,5.820385820059615
1438,F,10,,F10,f10,Saramaccastraat,saramaccastraat,,,renumbered-1885,f,10,,f10,address,yes,yes,-55.164812246545274,5.820165010551477
1439,F,11,,F11,f11,Saramaccastraat,saramaccastraat,,,renumbered-1885,f,11,,f11,address,yes,yes,-55.16487664931848,5.820063806193582
1440,F,12,,F12,f12,Saramaccastraat,saramaccastraat,,,renumbered-1885,f,12,,f12,address,yes,yes,-55.164936451893595,5.819935000647169
1441,F,13,,F13,f13,Saramaccastraat,saramaccastraat,,,renumbered-1885,f,13,,f13,address,yes,yes,-55.16417281901129,5.819495681729942
1442,F,14,,F14,f14,Saramaccastraat,saramaccastraat,,,renumbered-1885,f,14,,f14,address,yes,yes,-55.16429702435962,5.819369176282571
1443,F,15,,F15,f15,Saramaccastraat,saramaccastraat,,,renumbered-1885,f,15,,f15,address,yes,yes,-55.16503190600388,5.819759043070372
1444,F,16,,F16,f16,Saramaccastraat,saramaccastraat,,,renumbered-1885,f,16,,f16,address,yes,yes,-55.16513771055987,5.819571584998362
1445,F,17,,F17,f17,Saramaccastraat,saramaccastraat,,,renumbered-1885,f,17,,f17,address,yes,yes,-55.165227414422546,5.819403677768216
1446,F,18,,F18,f18,Saramaccastraat,saramaccastraat,,,renumbered-1885,f,18,,f18,address,yes,yes,-55.16530216764145,5.81929442306367
1447,F,19,,F19,f19,Saramaccastraat,saramaccastraat,,,renumbered-1885,f,19,,f19,address,yes,yes,-55.165361970216566,5.819141466477306
1448,F,20,,F20,f20,Saramaccastraat,saramaccastraat,,,renumbered-1885,f,20,,f20,address,yes,yes,-55.165518376951496,5.818817152512233
1449,F,21,,F21,f21,Saramaccastraat,saramaccastraat,,,renumbered-1885,f,21,,f21,address,yes,yes,-55.16551371229719,5.818426759206939
1450,F,22,,F22,f22,Zwartenhovenbrugstraat,zwartenhovenbrugstraat,,,renumbered-1885,f,22,,f22,address,yes,yes,-55.165537026312215,5.819828022263014
1451,F,23,,F23,f23,Zwartenhovenbrugstraat,zwartenhovenbrugstraat,,,renumbered-1885,f,23,,f23,address,yes,yes,-55.16560048820812,5.819764560367108
1452,F,24,,F24,f24,Zwartenhovenbrugstraat,zwartenhovenbrugstraat,,,renumbered-1885,f,24,,f24,address,yes,yes,-55.16563510378771,5.819670329067129
1453,F,25,,F25,f25,Zwartenhovenbrugstraat,zwartenhovenbrugstraat,,,renumbered-1885,f,25,,f25,address,yes,yes,-55.16574279670197,5.819468404852887
1454,F,26,,F26,f26,Zwartenhovenbrugstraat,zwartenhovenbrugstraat,,,renumbered-1885,f,26,,f26,address,yes,yes,-55.16580433551012,5.819349173412096
1455,F,27,,F27,f27,Zwartenhovenbrugstraat,zwartenhovenbrugstraat,,,renumbered-1885,f,27,,f27,address,yes,yes,-55.16584664344072,5.819249172848852
1456,F,28,,F28,f28,Zwartenhovenbrugstraat,zwartenhovenbrugstraat,,,renumbered-1885,f,28,,f28,address,yes,yes,-55.16589279754683,5.819158787724382
1457,F,29,,F29,f29,Zwartenhovenbrugstraat,zwartenhovenbrugstraat,,,renumbered-1885,f,29,,f29,address,yes,yes,-55.16612452962129,5.818759747015283
1458,F,30,,F30,f30,Zwartenhovenbrugstraat,zwartenhovenbrugstraat,,,renumbered-1885,f,30,,f30,address,yes,yes,-55.16618606842944,5.81865590027653
1459,F,31,,F31,f31,Zwartenhovenbrugstraat,zwartenhovenbrugstraat,,,renumbered-1885,f,31,,f31,address,yes,yes,-55.16621530696156,5.818565291667015
1460,F,32,,F32,f32,Zwartenhovenbrugstraat,zwartenhovenbrugstraat,,,renumbered-1885,f,32,,f32,address,yes,yes,-55.16638551429075,5.818300780277059
1461,F,33,a,F33a,f33a,Zwartenhovenbrugstraat,zwartenhovenbrugstraat,,,renumbered-1885,f,33,a,f33,address,yes,yes,-55.16645451726204,5.818151273839259
1462,F,34,,F34,f34,Zwartenhovenbrugstraat,zwartenhovenbrugstraat,,,renumbered-1885,f,34,,f34,address,yes,yes,-55.16656607206563,5.817982216559591
1463,F,35,,F35,f35,Zwartenhovenbrugstraat,zwartenhovenbrugstraat,,,renumbered-1885,f,35,,f35,address,yes,yes,-55.166653475829264,5.817822359676097
1464,F,36,,F36,f36,Zwartenhovenbrugstraat,zwartenhovenbrugstraat,,,renumbered-1885,f,36,,f36,address,yes,yes,-55.16669372756252,5.817725755516287
1465,F,37,,F37,f37,Zwartenhovenbrugstraat,zwartenhovenbrugstraat,,,renumbered-1885,f,37,,f37,address,yes,yes,-55.16682943340606,5.817519896651935
1466,F,38,,F38,f38,Zwartenhovenbrugstraat,zwartenhovenbrugstraat,,,renumbered-1885,f,38,,f38,address,yes,yes,-55.16686738504027,5.817445143433034
1467,F,39,,F39,f39,Zwartenhovenbrugstraat,zwartenhovenbrugstraat,,,renumbered-1885,f,39,,f39,address,yes,yes,-55.16701459137903,5.817174881795473
1468,F,40,,F40,f40,Limesgracht,limesgracht,,,renumbered-1885,f,40,,f40,address,yes,yes,-55.16635791310222,5.816641258817476
1469,F,463,,F463,f463,,,Stoomhoutzaagmolen,,renumbered-1885,f,463,,f463,address,yes,yes,-55.165769087747194,5.815741920091629
1470,F,464,,F464,f464,Molenpad,molenpad,,,renumbered-1885,f,464,,f464,address,yes,yes,-55.1679525224077,5.8161835116425
1471,F,41,,F41,f41,Zwartenhovenbrugstraat,zwartenhovenbrugstraat,,,renumbered-1885,f,41,,f41,address,yes,yes,-55.16729405341275,5.817289886747624
1472,F,42,,F42,f42,Zwartenhovenbrugstraat,zwartenhovenbrugstraat,,,renumbered-1885,f,42,,f42,address,yes,yes,-55.167172148163466,5.817473894671071
1473,F,43,,F43,f43,Commissarisstraat,commissarisstraat,,,renumbered-1885,f,43,,f43,address,yes,yes,-55.16756086490176,5.817876412003613
1474,F,44,,F44,f44,Commissarisstraat,commissarisstraat,,,renumbered-1885,f,44,,f44,address,yes,yes,-55.1677287721319,5.818002917450982
1475,F,45,,F45,f45,Commissarisstraat,commissarisstraat,,,renumbered-1885,f,45,,f45,address,yes,yes,-55.16787597847066,5.818085721016534
1476,F,46,,F46,f46,Commissarisstraat,commissarisstraat,,,renumbered-1885,f,46,,f46,address,yes,yes,-55.16799098342282,5.818168524582085
1477,F,47,,F47,f47,Commissarisstraat,commissarisstraat,,,renumbered-1885,f,47,,f47,address,yes,yes,-55.16788517886683,5.818387033991176
1478,F,48,,F48,f48,Commissarisstraat,commissarisstraat,,,renumbered-1885,f,48,,f48,address,yes,yes,-55.16782307619267,5.818357132703618
1479,F,49,,F49,f49,Commissarisstraat,commissarisstraat,,,renumbered-1885,f,49,,f49,address,yes,yes,-55.16773797252808,5.818320331118929
1480,F,50,,F50,f50,Commissarisstraat,commissarisstraat,,,renumbered-1885,f,50,,f50,address,yes,yes,-55.167627567774005,5.818260528543808
1481,F,51,,F51,f51,Commissarisstraat,commissarisstraat,,,renumbered-1885,f,51,,f51,address,yes,yes,-55.167514862920896,5.818191525572515
1482,F,52,,F52,f52,Commissarisstraat,commissarisstraat,,,renumbered-1885,f,52,,f52,address,yes,yes,-55.167363056384055,5.818104121808878
1483,F,53,,F53,f53,Commissarisstraat,commissarisstraat,,,renumbered-1885,f,53,,f53,address,yes,yes,-55.16716064766826,5.818021318243326
1484,F,54,a,F54a,f54a,Commissarisstraat,commissarisstraat,,,renumbered-1885,f,54,a,f54,address,yes,yes,-55.166946738457256,5.817924714083516
1485,F,55,,F55,f55,Zwartenhovenbrugstraat,zwartenhovenbrugstraat,,,renumbered-1885,f,55,,f55,address,yes,yes,-55.16684093390127,5.818060419927058
1486,F,56,,F56,f56,Zwartenhovenbrugstraat,zwartenhovenbrugstraat,,,renumbered-1885,f,56,,f56,address,yes,yes,-55.16673742944433,5.818200725968688
1487,F,57,,F57,f57,Zwartenhovenbrugstraat,zwartenhovenbrugstraat,,,renumbered-1885,f,57,,f57,address,yes,yes,-55.16664542548261,5.818318031019884
1488,F,58,,F58,f58,Zwartenhovenbrugstraat,zwartenhovenbrugstraat,,,renumbered-1885,f,58,,f58,address,yes,yes,-55.16657182231323,5.818444536467255
1489,F,59,,F59,f59,Zwartenhovenbrugstraat,zwartenhovenbrugstraat,,,renumbered-1885,f,59,,f59,address,yes,yes,-55.1665281204314,5.818573342013667
1490,F,60,,F60,f60,Zwartenhovenbrugstraat,zwartenhovenbrugstraat,,,renumbered-1885,f,60,,f60,address,yes,yes,-55.16617620527781,5.819233470439034
1491,F,61,,F61,f61,Zwartenhovenbrugstraat,zwartenhovenbrugstraat,,,renumbered-1885,f,61,,f61,address,yes,yes,-55.166134803495034,5.819309373707456
1492,F,62,,F62,f62,Zwartenhovenbrugstraat,zwartenhovenbrugstraat,,,renumbered-1885,f,62,,f62,address,yes,yes,-55.16608650141513,5.81941057806535
1493,F,63,,F63,f63,Zwartenhovenbrugstraat,zwartenhovenbrugstraat,,,renumbered-1885,f,63,,f63,address,yes,yes,-55.16601749844383,5.819539383611765
1494,F,67,,F67,f67,Zwartenhovenbrugstraat,zwartenhovenbrugstraat,,,renumbered-1885,f,67,,f67,address,yes,yes,-55.16577828814335,5.819962601835692
1495,F,66,,F66,f66,Zwartenhovenbrugstraat,zwartenhovenbrugstraat,,,renumbered-1885,f,66,,f66,address,yes,yes,-55.165840390817515,5.819849896982581
1496,F,64,,F64,f64,Zwartenhovenbrugstraat,zwartenhovenbrugstraat,,,renumbered-1885,f,64,,f64,address,yes,yes,-55.16594389527445,5.819635987771576
1497,F,65,,F65,f65,Zwartenhovenbrugstraat,zwartenhovenbrugstraat,,,renumbered-1885,f,65,,f65,address,yes,yes,-55.16588639279837,5.819748692624686
1498,F,68,,F68,f68,Zwartenhovenbrugstraat,zwartenhovenbrugstraat,,,renumbered-1885,f,68,,f68,address,yes,yes,-55.16552757734765,5.820360518970146
1499,F,69,,F69,f69,Zwartenhovenbrugstraat,zwartenhovenbrugstraat,,,renumbered-1885,f,69,,f69,address,yes,yes,-55.16544707388115,5.820505425209861
1500,F,70,,F70,f70,Zwartenhovenbrugstraat,zwartenhovenbrugstraat,,,renumbered-1885,f,70,,f70,address,yes,yes,-55.16537117061272,5.820636530855314
1501,F,71,a,F71a,f71a,Zwartenhovenbrugstraat,zwartenhovenbrugstraat,,,renumbered-1885,f,71,a,f71,address,yes,yes,-55.16528261679956,5.82081823867972
1502,F,72,,F72,f72,Drambrandersgracht,drambrandersgracht,Kong Ngie Tong. Inrichting voor behoeftige en gebrekkige Chinezen,,renumbered-1885,f,72,,f72,address,yes,yes,-55.16529411729477,5.821116101505798
1503,F,73,,F73,f73,Drambrandersgracht,drambrandersgracht,,,renumbered-1885,f,73,,f73,address,yes,yes,-55.165360820167024,5.821178204179961
1504,F,74,,F74,f74,Drambrandersgracht,drambrandersgracht,,,renumbered-1885,f,74,,f74,address,yes,yes,-55.16546547467348,5.821281708636901
1505,F,75,,F75,f75,Drambrandersgracht,drambrandersgracht,,,renumbered-1885,f,75,,f75,address,yes,yes,-55.16555747863521,5.821367962351014
1506,F,76,,F76,f76,Drambrandersgracht,drambrandersgracht,,,renumbered-1885,f,76,,f76,address,yes,yes,-55.16562993175506,5.821424314777571
1507,F,77,,F77,f77,Drambrandersgracht,drambrandersgracht,,,renumbered-1885,f,77,,f77,address,yes,yes,-55.16575528715291,5.821531269383076
1508,F,78,,F78,f78,Drambrandersgracht,drambrandersgracht,,,renumbered-1885,f,78,,f78,address,yes,yes,-55.16585189131273,5.821615222998147
1509,F,79,,F79,f79,Drambrandersgracht,drambrandersgracht,,,renumbered-1885,f,79,,f79,address,yes,yes,-55.1659841470077,5.821723327653172
1510,F,80,,F80,f80,Groote Dwarsstraat,groote dwarsstraat,,,renumbered-1885,f,80,,f80,address,yes,yes,-55.16614515394072,5.821466866609868
1511,F,81,,F81,f81,Groote Dwarsstraat,groote dwarsstraat,,,renumbered-1885,f,81,,f81,address,yes,yes,-55.16622335730818,5.821309309825418
1512,F,82,,F82,f82,Groote Dwarsstraat,groote dwarsstraat,,,renumbered-1885,f,82,,f82,address,yes,yes,-55.16629466037852,5.821209255517042
1513,F,83,,F83,f83,Groote Dwarsstraat,groote dwarsstraat,,,renumbered-1885,f,83,,f83,address,yes,yes,-55.16635331290411,5.821030997841205
1514,F,84,,F84,f84,Groote Dwarsstraat,groote dwarsstraat,,,renumbered-1885,f,84,,f84,address,yes,yes,-55.16665700132016,5.82116326687269
1515,F,85,,F85,f85,Groote Dwarsstraat,groote dwarsstraat,,,renumbered-1885,f,85,,f85,address,yes,yes,-55.1665415385376,5.821351653517916
1516,F,86,,F86,f86,Groote Dwarsstraat,groote dwarsstraat,,,renumbered-1885,f,86,,f86,address,yes,yes,-55.16647165316921,5.821521809197474
1517,F,87,,F87,f87,Groote Dwarsstraat,groote dwarsstraat,,,renumbered-1885,f,87,,f87,address,yes,yes,-55.16639872930654,5.821664618428533
1518,F,88,,F88,f88,Drambrandersgracht,drambrandersgracht,,,renumbered-1885,f,88,,f88,address,yes,yes,-55.16620122717848,5.821910736465039
1519,F,89,,F89,f89,Drambrandersgracht,drambrandersgracht,,,renumbered-1885,f,89,,f89,address,yes,yes,-55.16627111254687,5.821992775810541
1520,F,90,,F90,f90,Drambrandersgracht,drambrandersgracht,,,renumbered-1885,f,90,,f90,address,yes,yes,-55.166362513300285,5.822074092757244
1521,F,91,,F91,f91,Drambrandersgracht,drambrandersgracht,,,renumbered-1885,f,91,,f91,address,yes,yes,-55.166469467905785,5.82216724676849
1522,F,92,,F,f,Drambrandersgracht,drambrandersgracht,,,renumbered-1885,f,92,,f92,address,yes,yes,-55.16655227147134,5.822224749244567
1523,F,93,,F93,f93,Drambrandersgracht,drambrandersgracht,,,renumbered-1885,f,93,,f93,address,yes,yes,-55.166650025680674,5.822299502463467
1524,F,94,,F94,f94,Drambrandersgracht,drambrandersgracht,,,renumbered-1885,f,94,,f94,address,yes,yes,-55.16669832776058,5.822346654493851
1525,F,95,,F95,f95,Drambrandersgracht,drambrandersgracht,,,renumbered-1885,f,95,,f95,address,yes,yes,-55.16676963083091,5.822397256672798
1526,F,96,,F96,f96,Drambrandersgracht,drambrandersgracht,,,renumbered-1885,f,96,,f96,address,yes,yes,-55.1668650849412,5.822474309990741
1527,F,97,,F97,f97,Drambrandersgracht,drambrandersgracht,,,renumbered-1885,f,97,,f97,address,yes,yes,-55.16698584014097,5.822564013853421
1528,F,98,,F98,f98,Drambrandersgracht,drambrandersgracht,,,renumbered-1885,f,98,,f98,address,yes,yes,-55.167060593359864,5.82263071672567
1529,F,99,,F99,f99,Hofstraat,hofstraat,,,renumbered-1885,f,99,,f99,address,yes,yes,-55.167346955690725,5.822254650532126
1530,F,100,,F100,f100,Hofstraat,hofstraat,,,renumbered-1885,f,100,,f100,address,yes,yes,-55.16741135846394,5.822131595233321
1531,F,101,,F101,f101,Hofstraat,hofstraat,,,renumbered-1885,f,101,,f101,address,yes,yes,-55.16746771089049,5.822022340528775
1532,F,102,,F102,f102,Hofstraat,hofstraat,,,renumbered-1885,f,102,,f102,address,yes,yes,-55.16752176321799,5.821894685031884
1533,F,103,,F103,f103,Hofstraat,hofstraat,,,renumbered-1885,f,103,,f103,address,yes,yes,-55.167588466090244,5.821780830129251
1534,F,104,,F104,f104,Hofstraat,hofstraat,,,renumbered-1885,f,104,,f104,address,yes,yes,-55.167848596339155,5.821906349819892
1535,F,105,,F105,f105,Hofstraat,hofstraat,,,renumbered-1885,f,105,,f105,address,yes,yes,-55.16781683306666,5.821969876364895
1536,F,106,,F106,f106,Hofstraat,hofstraat,,,renumbered-1885,f,106,,f106,address,yes,yes,-55.1677708310858,5.822044355762481
1537,F,107,,F107,f107,Hofstraat,hofstraat,,,renumbered-1885,f,107,,f107,address,yes,yes,-55.1677204479639,5.82213745500946
1538,F,108,,F108,f108,Hofstraat,hofstraat,,,renumbered-1885,f,108,,f108,address,yes,yes,-55.16767335069778,5.822237125967993
1539,F,109,,F109,f109,Hofstraat,hofstraat,,,renumbered-1885,f,109,,f109,address,yes,yes,-55.16761311000856,5.822352130920146
1540,F,110,,F110,f110,Hofstraat,hofstraat,,,renumbered-1885,f,110,,f110,address,yes,yes,-55.167551774034074,5.822498899144801
1541,F,111,,F111,f111,Drambrandersgracht,drambrandersgracht,,,renumbered-1885,f,111,,f111,address,yes,yes,-55.16737762367796,5.822818722440311
1542,F,112,,F112,f112,Drambrandersgracht,drambrandersgracht,,,renumbered-1885,f,112,,f112,address,yes,yes,-55.16744224550821,5.822989586940654
1543,F,113,,F113,f113,Drambrandersgracht,drambrandersgracht,,,renumbered-1885,f,113,,f113,address,yes,yes,-55.167529868328906,5.823082686187636
1544,F,114,,F114,f114,Drambrandersgracht,drambrandersgracht,,,renumbered-1885,f,114,,f114,address,yes,yes,-55.16764049214002,5.823172499578841
1545,F,115,,F115,f115,Drambrandersgracht,drambrandersgracht,,,renumbered-1885,f,115,,f115,address,yes,yes,-55.16771825739338,5.82323602612384
1546,F,116,,F116,f116,Drambrandersgracht,drambrandersgracht,,,renumbered-1885,f,116,,f116,address,yes,yes,-55.167838738771835,5.82335322164651
1547,F,117,,F117,f117,Drambrandersgracht,drambrandersgracht,,,renumbered-1885,f,117,,f117,address,yes,yes,-55.167931838018816,5.823420034047286
1548,F,118,,F118,f118,Drambrandersgracht,drambrandersgracht,,,renumbered-1885,f,118,,f118,address,yes,yes,-55.1680380806889,5.823513133294269
1549,F,119,,F119,f119,Drambrandersgracht,drambrandersgracht,,,renumbered-1885,f,119,,f119,address,yes,yes,-55.16817061020519,5.823587612691853
1550,F,120,,F120,f120,Rust en Vredestraat,rust en vredestraat,,,renumbered-1885,f,120,,f120,address,yes,yes,-55.16848276650389,5.82303230306574
1551,F,121,,F121,f121,Rust en Vredestraat,rust en vredestraat,,,renumbered-1885,f,121,,f121,address,yes,yes,-55.168545197763635,5.822933727392465
1552,F,122,,F122,f122,Rust en Vredestraat,rust en vredestraat,,,renumbered-1885,f,122,,f122,address,yes,yes,-55.16861639130544,5.822816531869795
1553,F,123,,F123,f123,Rust en Vredestraat,rust en vredestraat,,,renumbered-1885,f,123,,f123,address,yes,yes,-55.16867006028311,5.822703717488157
1554,F,124,,F124,f124,Rust en Vredestraat,rust en vredestraat,,,renumbered-1885,f,124,,f124,address,yes,yes,-55.16873577739863,5.822599665388589
1555,F,125,,F125,f125,Rust en Vredestraat,rust en vredestraat,,,renumbered-1885,f,125,,f125,address,yes,yes,-55.16880697094044,5.82249013686273
1556,F,126,,F126,f126,,,Begraafplaats der Morav. Broeders,,renumbered-1885,f,126,,f126,address,yes,yes,-55.16894650675851,5.824203280397667
1557,F,127,,F127,f127,Drambrandersgracht,drambrandersgracht,,,renumbered-1885,f,127,,f127,address,yes,yes,-55.16913939001643,5.824559678358863
1558,F,128,a,F128a,f128a,Drambrandersgracht,drambrandersgracht,,,renumbered-1885,f,128,a,f128,address,yes,yes,-55.16945483217093,5.824799545830492
1559,F,129,,F129,f129,Drambrandersgracht,drambrandersgracht,,,renumbered-1885,f,129,,f129,address,yes,yes,-55.16966074579954,5.824927694205748
1560,F,130,,F130,f130,Drambrandersgracht,drambrandersgracht,,,renumbered-1885,f,130,,f130,address,yes,yes,-55.16983599144092,5.825055842581005
1561,F,131,,F131,f131,Drambrandersgracht,drambrandersgracht,,,renumbered-1885,f,131,,f131,address,yes,yes,-55.17005614377789,5.825201515520399
1562,F,132,,F132,f132,Drambrandersgracht,drambrandersgracht,,,renumbered-1885,f,132,,f132,address,yes,yes,-55.17016129116272,5.825285852485311
1563,F,133,,F133,f133,Drambrandersgracht,drambrandersgracht,,,renumbered-1885,f,133,,f133,address,yes,yes,-55.170240151701336,5.825348283745052
1564,F,134,,F134,f134,Drambrandersgracht,drambrandersgracht,,,renumbered-1885,f,134,,f134,address,yes,yes,-55.17032284573836,5.825401405080094
1565,F,135,,F135,f135,Wanicastraat,wanicastraat,,,renumbered-1885,f,135,,f135,address,yes,yes,-55.17054518864586,5.825519148245394
1566,F,136,,F136,f136,Wanicastraat,wanicastraat,,,renumbered-1885,f,136,,f136,address,yes,yes,-55.17074891170396,5.825278185488501
1567,F,137,,F137,f137,Wanicastraat,wanicastraat,,,renumbered-1885,f,137,,f137,address,yes,yes,-55.17086610722663,5.825100749276606
1568,F,138,,F138,f138,Wanicastraat,wanicastraat,,,renumbered-1885,f,138,,f138,address,yes,yes,-55.17096577818516,5.824925503635229
1569,F,139,,F139,f139,Wanicastraat,wanicastraat,,,renumbered-1885,f,139,,f139,address,yes,yes,-55.171058877432145,5.824742590997044
1570,F,140,,F140,f140,Nieuwe Dominéstraat,nieuwe dominestraat,,,renumbered-1885,f,140,,f140,address,yes,yes,-55.17131079304162,5.824304476893598
1571,F,141,,F141,f141,Nieuwe Dominéstraat,nieuwe dominestraat,,,renumbered-1885,f,141,,f141,address,yes,yes,-55.17109283127515,5.824265046624288
1572,F,142,,F142,f142,Nieuwe Dominéstraat,nieuwe dominestraat,,,renumbered-1885,f,142,,f142,address,yes,yes,-55.170832153383614,5.824311048605149
1573,F,143,,F143,f143,Nieuwe Dominéstraat,nieuwe dominestraat,,,renumbered-1885,f,143,,f143,address,yes,yes,-55.17055942735422,5.82435047887446
1574,F,144,,F144,f144,Nieuwe Dominéstraat,nieuwe dominestraat,,,renumbered-1885,f,144,,f144,address,yes,yes,-55.17028889189534,5.824396480855321
1575,F,145,,F145,f145,Nieuwe Dominéstraat,nieuwe dominestraat,,,renumbered-1885,f,145,,f145,address,yes,yes,-55.17006216784681,5.824421672416269
1576,F,146,,F146,f146,Pontenwerfstraat,pontenwerfstraat,,,renumbered-1885,f,146,,f146,address,yes,yes,-55.170383086427556,5.822985753442235
1577,F,150,a,F150a,f150a,Nepveustraat,nepveustraat,,,renumbered-1885,f,150,a,f150,address,yes,yes,-55.16981791923411,5.82398903473912
1578,F,149,,F149,f149,Nepveustraat,nepveustraat,,,renumbered-1885,f,149,,f149,address,yes,yes,-55.16994716289463,5.823730547418088
1579,F,148,,F148,f148,Nepveustraat,nepveustraat,,,renumbered-1885,f,148,,f148,address,yes,yes,-55.1700829782667,5.823559682917746
1580,F,147,a,F147a,f147a,Nepveustraat,nepveustraat,,,renumbered-1885,f,147,a,f147,address,yes,yes,-55.17021222192721,5.823277099321025
1581,F,151,,F151,f151,Nieuwe Dominéstraat,nieuwe dominestraat,,F145 en F140 vormen samen F151 in 1885,renumbered-1885,f,151,,f151,address,yes,yes,-55.170131170818074,5.824107325547049
1582,F,152,,F152,f152,Nieuwe Dominéstraat,nieuwe dominestraat,,,renumbered-1885,f,152,,f152,address,yes,yes,-55.17040280156221,5.824111706688083
1583,F,153,,F153,f153,Nieuwe Dominéstraat,nieuwe dominestraat,,,renumbered-1885,f,153,,f153,address,yes,yes,-55.170619668043415,5.824081038700842
1584,F,154,,F154,f154,Nieuwe Dominéstraat,nieuwe dominestraat,,,renumbered-1885,f,154,,f154,address,yes,yes,-55.17087158365289,5.824030655578946
1585,F,155,,F155,f155,Nieuwe Dominéstraat,nieuwe dominestraat,,,renumbered-1885,f,155,,f155,address,yes,yes,-55.171134452114956,5.823993415880152
1586,F,156,,F156,f156,Nieuwe Dominéstraat,nieuwe dominestraat,,,renumbered-1885,f,156,,f156,address,yes,yes,-55.17131626946788,5.823978081886532
1587,F,157,,F157,f157,Wanicastraat,wanicastraat,,,renumbered-1885,f,157,,f157,address,yes,yes,-55.171541898231155,5.823934270476189
1588,F,158,,F158,f158,Wanicastraat,wanicastraat,,,renumbered-1885,f,158,,f158,address,yes,yes,-55.1715221830965,5.823787502251535
1589,F,159,,F159,f159,Wanicastraat,wanicastraat,,,renumbered-1885,f,159,,f159,address,yes,yes,-55.1716492361865,5.82363416231533
1590,F,160,,F160,f160,Pontenwerfstraat,pontenwerfstraat,,,renumbered-1885,f,160,,f160,address,yes,yes,-55.171088450134086,5.8233121484493
1591,F,161,,F161,f161,Pontenwerfstraat,pontenwerfstraat,,,renumbered-1885,f,161,,f161,address,yes,yes,-55.17090991863694,5.823210286920252
1592,F,162,,F162,f162,Pontenwerfstraat,pontenwerfstraat,,,renumbered-1885,f,162,,f162,address,yes,yes,-55.17073795885134,5.823104044250164
1593,F,163,,F163,f163,Pontenwerfstraat,pontenwerfstraat,,,renumbered-1885,f,163,,f163,address,yes,yes,-55.17057147549203,5.823016421429474
1594,F,164,,F164,f164,Pontenwerfstraat,pontenwerfstraat,,,renumbered-1885,f,164,,f164,address,yes,yes,-55.169935114756775,5.822646215012066
1595,F,165,,F165,f165,Pontenwerfstraat,pontenwerfstraat,,,renumbered-1885,f,165,,f165,address,yes,yes,-55.169511964986896,5.822405019505481
1596,F,166,,F166,f166,Pontenwerfstraat,pontenwerfstraat,,,renumbered-1885,f,166,,f166,address,yes,yes,-55.16925165675541,5.82226505574207
1597,F,167,,F167,f167,Pontenwerfstraat,pontenwerfstraat,,,renumbered-1885,f,167,,f167,address,yes,yes,-55.1689734542997,5.822142383793106
1598,F,168,,F168,f168,Pontenwerfstraat,pontenwerfstraat,,,renumbered-1885,f,168,,f168,address,yes,yes,-55.168868306914874,5.822085428959659
1599,F,169,a,F169a,f169a,Pontenwerfstraat,pontenwerfstraat,,,renumbered-1885,f,169,a,f169,address,yes,yes,-55.16880039922884,5.822028474126212
1600,F,170,,F170,f170,Pontenwerfstraat,pontenwerfstraat,,,renumbered-1885,f,170,,f170,address,yes,yes,-55.16865363100419,5.821935374879231
1601,F,171,,F171,f171,Pontenwerfstraat,pontenwerfstraat,,,renumbered-1885,f,171,,f171,address,yes,yes,-55.16853205434048,5.821868562478455
1602,F,172,,F172,f172,Pontenwerfstraat,pontenwerfstraat,,,renumbered-1885,f,172,,f172,address,yes,yes,-55.16843347866721,5.821812702930266
1603,F,173,,F173,f173,Pontenwerfstraat,pontenwerfstraat,,,renumbered-1885,f,173,,f173,address,yes,yes,-55.16830094915092,5.821730556535873
1604,F,174,,F174,f174,Pontenwerfstraat,pontenwerfstraat,,,renumbered-1885,f,174,,f174,address,yes,yes,-55.16821442161549,5.821687840410787
1605,F,175,,F175,f175,Pontenwerfstraat,pontenwerfstraat,,,renumbered-1885,f,175,,f175,address,yes,yes,-55.1680632722498,5.821627599721563
1606,F,176,,F176,f176,Pontenwerfstraat,pontenwerfstraat,,,renumbered-1885,f,176,,f176,address,yes,yes,-55.167759878233156,5.821441401227595
1607,F,177,a,F177a,f177a,Pontenwerfstraat,pontenwerfstraat,,,renumbered-1885,f,177,a,f177,address,yes,yes,-55.167656921418846,5.821377874682596
1608,F,178,,F178,f178,Pontenwerfstraat,pontenwerfstraat,,,renumbered-1885,f,178,,f178,address,yes,yes,-55.167516724905745,5.821292442432425
1609,F,179,,F179,f179,Pontenwerfstraat,pontenwerfstraat,,,renumbered-1885,f,179,,f179,address,yes,yes,-55.167415958661955,5.821236582884237
1610,F,180,,F180,f180,Pontenwerfstraat,pontenwerfstraat,,,renumbered-1885,f,180,,f180,address,yes,yes,-55.1673195735592,5.821184009191824
1611,F,181,,F181,f181,Pontenwerfstraat,pontenwerfstraat,,,renumbered-1885,f,181,,f181,address,yes,yes,-55.1672691904373,5.821157722345617
1612,F,182,,F182,f182,Pontenwerfstraat,pontenwerfstraat,,,renumbered-1885,f,182,,f182,address,yes,yes,-55.16721771203015,5.821123768502598
1613,F,183,,F183,f183,Pontenwerfstraat,pontenwerfstraat,,,renumbered-1885,f,183,,f183,address,yes,yes,-55.16708080137282,5.821047098534498
1614,F,184,a,F184a,f184a,Pontenwerfstraat,pontenwerfstraat,,,renumbered-1885,f,184,a,f184,address,yes,yes,-55.16699536912265,5.820996715412599
1615,F,185,,F185,f185,Pontenwerfstraat,pontenwerfstraat,,,renumbered-1885,f,185,,f185,address,yes,yes,-55.166863934891616,5.820921140729756
1616,F,186,,F186,f186,Pontenwerfstraat,pontenwerfstraat,,,renumbered-1885,f,186,,f186,address,yes,yes,-55.16659230414748,5.820730561094761
1617,F,190,,F190,f190,Pontenwerfstraat,pontenwerfstraat,,,renumbered-1885,f,190,,f190,address,yes,yes,-55.166293291271884,5.820599126863729
1618,F,187,,F187,f187,Pontenwerfstraat,pontenwerfstraat,,,renumbered-1885,f,187,,f187,address,yes,yes,-55.16650468132679,5.820679082687607
1619,F,188,,F188,f188,Pontenwerfstraat,pontenwerfstraat,,,renumbered-1885,f,188,,f188,address,yes,yes,-55.166433487784985,5.820647319415108
1620,F,189,,F189,f189,Pontenwerfstraat,pontenwerfstraat,,,renumbered-1885,f,189,,f189,address,yes,yes,-55.16636448481369,5.820616651427867
1621,F,191,,F191,f191,Pontenwerfstraat,pontenwerfstraat,,,renumbered-1885,f,191,,f191,address,yes,yes,-55.166242360507354,5.820571197089633
1622,F,192,,F192,f192,Pontenwerfstraat,pontenwerfstraat,,,renumbered-1885,f,192,,f192,address,yes,yes,-55.16609778285322,5.820497812977307
1623,F,193,,F193,f193,Pontenwerfstraat,pontenwerfstraat,,,renumbered-1885,f,193,,f193,address,yes,yes,-55.16597511090426,5.820439762858601
1624,F,194,,F194,f194,Pontenwerfstraat,pontenwerfstraat,,,renumbered-1885,f,194,,f194,address,yes,yes,-55.165862296522626,5.820386093880928
1625,F,195,,F195,f195,Pontenwerfstraat,pontenwerfstraat,,,renumbered-1885,f,195,,f195,address,yes,yes,-55.1657461962852,5.820315995624378
1626,F,196,,F196,f196,Pontenwerfstraat,pontenwerfstraat,,,renumbered-1885,f,196,,f196,address,yes,yes,-55.16594444291701,5.820043269594986
1627,F,198,,F198,f198,Pontenwerfstraat,pontenwerfstraat,,,renumbered-1885,f,198,,f198,address,yes,yes,-55.166237979366315,5.820204276528001
1628,F,197,,F197,f197,Pontenwerfstraat,pontenwerfstraat,,,renumbered-1885,f,197,,f197,address,yes,yes,-55.166079163003815,5.820126511274639
1629,F,199,,F199,f199,Pontenwerfstraat,pontenwerfstraat,,,renumbered-1885,f,199,,f199,address,yes,yes,-55.16630479176709,5.820273279499292
1630,F,200,,F200,f200,Pontenwerfstraat,pontenwerfstraat,,,renumbered-1885,f,200,,f200,address,yes,yes,-55.16642855900131,5.820369664602047
1631,F,201,,F201,f201,Pontenwerfstraat,pontenwerfstraat,,,renumbered-1885,f,201,,f201,address,yes,yes,-55.16650741953993,5.820411285441875
1632,F,202,,F202,f202,Pontenwerfstraat,pontenwerfstraat,,,renumbered-1885,f,202,,f202,address,yes,yes,-55.16655999323235,5.820458382707994
1633,F,203,,F203,f203,Pontenwerfstraat,pontenwerfstraat,,,renumbered-1885,f,203,,f203,address,yes,yes,-55.166656378335105,5.820525195108768
1634,F,204,,F204,f204,Groote Dwarsstraat,groote dwarsstraat,,,renumbered-1885,f,204,,f204,address,yes,yes,-55.166867768390006,5.820172513255495
1635,F,205,,F205,f205,Groote Dwarsstraat,groote dwarsstraat,,,renumbered-1885,f,205,,f205,address,yes,yes,-55.16693019964975,5.820065175300152
1636,F,206,a,F206a,f206a,Groote Dwarsstraat,groote dwarsstraat,,,renumbered-1885,f,206,a,f206,address,yes,yes,-55.166984963912675,5.81995674205955
1637,F,207,,F207,f207,Groote Dwarsstraat,groote dwarsstraat,,,renumbered-1885,f,207,,f207,address,yes,yes,-55.1672675475094,5.820070651726445
1638,F,208,,F208,f208,Groote Dwarsstraat,groote dwarsstraat,,,renumbered-1885,f,208,,f208,address,yes,yes,-55.167190877541294,5.820185656678598
1639,F,209,,F209,f209,Groote Dwarsstraat,groote dwarsstraat,,,renumbered-1885,f,209,,f209,address,yes,yes,-55.16712625571104,5.820292994633943
1640,F,210,,F210,f210,Pontenwerfstraat,pontenwerfstraat,,,renumbered-1885,f,210,,f210,address,yes,yes,-55.16693567607604,5.820643485916696
1641,F,211,,F211,f211,Pontenwerfstraat,pontenwerfstraat,,,renumbered-1885,f,211,,f211,address,yes,yes,-55.16707806315966,5.820727822881609
1642,F,212,,F212,f212,Pontenwerfstraat,pontenwerfstraat,,,renumbered-1885,f,212,,f212,address,yes,yes,-55.16720073510862,5.820793539997124
1643,F,213,,F213,f213,Pontenwerfstraat,pontenwerfstraat,,,renumbered-1885,f,213,,f213,address,yes,yes,-55.16728507207353,5.820847208974797
1644,F,214,,F214,f214,Pontenwerfstraat,pontenwerfstraat,,,renumbered-1885,f,214,,f214,address,yes,yes,-55.16743074501292,5.820919497801865
1645,F,215,,F215,f215,Pontenwerfstraat,pontenwerfstraat,,,renumbered-1885,f,215,,f215,address,yes,yes,-55.167521106046756,5.820972071494278
1646,F,216,,F216,f216,Pontenwerfstraat,pontenwerfstraat,,,renumbered-1885,f,216,,f216,address,yes,yes,-55.16765801670408,5.821055860816561
1647,F,217,,F217,f217,Pontenwerfstraat,pontenwerfstraat,,,renumbered-1885,f,217,,f217,address,yes,yes,-55.16776152116102,5.821117196791043
1648,F,218,,F218,f218,Pontenwerfstraat,pontenwerfstraat,,,renumbered-1885,f,218,,f218,address,yes,yes,-55.16788528839524,5.821192223831257
1649,F,219,,F219,f219,Hofstraat,hofstraat,,,renumbered-1885,f,219,,f219,address,yes,yes,-55.168119679440586,5.820863090611047
1650,F,220,,F220,f220,Hofstraat,hofstraat,,,renumbered-1885,f,220,,f220,address,yes,yes,-55.168166776706705,5.820754657370445
1651,F,221,,F221,f221,Hofstraat,hofstraat,,,renumbered-1885,f,221,,f221,address,yes,yes,-55.168220445684376,5.820659367552946
1652,F,222,,F222,f222,Hofstraat,hofstraat,,,renumbered-1885,f,222,,f222,address,yes,yes,-55.16849317171375,5.820778753646133
1653,F,223,,F223,f223,Hofstraat,hofstraat,,,renumbered-1885,f,223,,f223,address,yes,yes,-55.16842964516875,5.820898139739322
1654,F,224,,F224,f224,Hofstraat,hofstraat,,,renumbered-1885,f,224,,f224,address,yes,yes,-55.168362832767976,5.821006572979922
1655,F,225,,F225,f225,Pontenwerfstraat,pontenwerfstraat,,,renumbered-1885,f,225,,f225,address,yes,yes,-55.168219350399106,5.821365826544747
1656,F,226,,F226,f226,Pontenwerfstraat,pontenwerfstraat,,,renumbered-1885,f,226,,f226,address,yes,yes,-55.16830040150824,5.821427162519228
1657,F,227,,F227,f227,Pontenwerfstraat,pontenwerfstraat,,,renumbered-1885,f,227,,f227,address,yes,yes,-55.16843074045401,5.821509308913623
1658,F,228,,F228,f228,Pontenwerfstraat,pontenwerfstraat,,,renumbered-1885,f,228,,f228,address,yes,yes,-55.1685369831241,5.821573930743882
1659,F,229,,F229,f229,Pontenwerfstraat,pontenwerfstraat,,,renumbered-1885,f,229,,f229,address,yes,yes,-55.16865527393201,5.821633076147847
1660,F,230,,F230,f230,Pontenwerfstraat,pontenwerfstraat,,,renumbered-1885,f,230,,f230,address,yes,yes,-55.16876261188736,5.821702079119138
1661,F,231,,F231,f231,Pontenwerfstraat,pontenwerfstraat,,,renumbered-1885,f,231,,f231,address,yes,yes,-55.16883161485866,5.821750271670517
1662,F,232,,F232,f232,Pontenwerfstraat,pontenwerfstraat,,,renumbered-1885,f,232,,f232,address,yes,yes,-55.16893566695823,5.821807226503966
1663,F,233,,F233,f233,Pontenwerfstraat,pontenwerfstraat,,,renumbered-1885,f,233,,f233,address,yes,yes,-55.16899700293271,5.821846656773276
1664,F,234,,F234,f234,Rust en Vredestraat,rust en vredestraat,,,renumbered-1885,f,234,,f234,address,yes,yes,-55.169333255507105,5.821556406179743
1665,F,235,,F235,f235,Rust en Vredestraat,rust en vredestraat,,,renumbered-1885,f,235,,f235,address,yes,yes,-55.16939787733735,5.821434829516042
1666,F,236,,F236,f236,Rust en Vredestraat,rust en vredestraat,,,renumbered-1885,f,236,,f236,address,yes,yes,-55.16945921331183,5.821320919849144
1667,F,237,,F237,f237,Rust en Vredestraat,rust en vredestraat,,,renumbered-1885,f,237,,f237,address,yes,yes,-55.16968374678985,5.821401970958282
1668,F,238,,F238,f238,Rust en Vredestraat,rust en vredestraat,,,renumbered-1885,f,238,,f238,address,yes,yes,-55.16961364853329,5.821538881615608
1669,F,239,,F239,f239,Rust en Vredestraat,rust en vredestraat,,,renumbered-1885,f,239,,f239,address,yes,yes,-55.169550121988294,5.821651695997245
1670,F,240,,F240,f240,Pontenwerfstraat,pontenwerfstraat,,,renumbered-1885,f,240,,f240,address,yes,yes,-55.16936939992064,5.822016425988359
1671,F,241,,F241,f241,Pontenwerfstraat,pontenwerfstraat,,,renumbered-1885,f,241,,f241,address,yes,yes,-55.16947673787598,5.822098572382753
1672,F,242,,F242,f242,Pontenwerfstraat,pontenwerfstraat,,,renumbered-1885,f,242,,f242,address,yes,yes,-55.16958298054607,5.822156622501462
1673,F,243,,F243,f243,Pontenwerfstraat,pontenwerfstraat,,,renumbered-1885,f,243,,f243,address,yes,yes,-55.169664031655195,5.822198243341288
1674,F,244,,F244,f244,Pontenwerfstraat,pontenwerfstraat,,,renumbered-1885,f,244,,f244,address,yes,yes,-55.169818466876656,5.822279294450424
1675,F,245,,F245,f245,Pontenwerfstraat,pontenwerfstraat,,,renumbered-1885,f,245,,f245,address,yes,yes,-55.16992251897622,5.822343916280682
1676,F,246,,F246,f246,Pontenwerfstraat,pontenwerfstraat,,,renumbered-1885,f,246,,f246,address,yes,yes,-55.16999699837381,5.822396489973094
1677,F,247,,F247,f247,Pontenwerfstraat,pontenwerfstraat,,,renumbered-1885,f,247,,f247,address,yes,yes,-55.17004847678096,5.822420586248785
1678,F,248,,F248,f248,Pontenwerfstraat,pontenwerfstraat,,,renumbered-1885,f,248,,f248,address,yes,yes,-55.17013500431639,5.82247206465594
1679,F,249,,F249,f249,Pontenwerfstraat,pontenwerfstraat,,,renumbered-1885,f,249,,f249,address,yes,yes,-55.170282867826295,5.822519161922057
1680,F,250,,F250,f250,Nepveustraat,nepveustraat,,,renumbered-1885,f,250,,f250,address,yes,yes,-55.170425254909915,5.822352678562748
1681,F,251,,F251,f251,Nepveustraat,nepveustraat,,,renumbered-1885,f,251,,f251,address,yes,yes,-55.17054135514733,5.82207666667758
1682,F,252,,F252,f252,Nepveustraat,nepveustraat,,,renumbered-1885,f,252,,f252,address,yes,yes,-55.170604881692334,5.821993424997927
1683,F,253,,F253,f253,Nepveustraat,nepveustraat,,,renumbered-1885,f,253,,f253,address,yes,yes,-55.170627882682766,5.821944137161291
1684,F,254,,F254,f254,Nepveustraat,nepveustraat,,,renumbered-1885,f,254,,f254,address,yes,yes,-55.17068155166044,5.82181817935655
1685,F,255,,F255,f255,Nepveustraat,nepveustraat,,,renumbered-1885,f,255,,f255,address,yes,yes,-55.170763069713686,5.821688907359484
1686,F,256,,F256,f256,Nepveustraat,nepveustraat,Landsgrond Boniface,,renumbered-1885,f,256,,f256,address,yes,yes,-55.17118863482216,5.821949038193336
1687,F,257,,F257,f257,Gemeenelandsweg,gemeenelandsweg,Schoolmrs woning der Morav. Broeders,,renumbered-1885,f,257,,f257,address,yes,yes,-55.170735980809134,5.821541306273593
1688,F,258,,F258,f258,Gemeenelandsweg,gemeenelandsweg,,,renumbered-1885,f,258,,f258,address,yes,yes,-55.170472352176034,5.821416209666639
1689,F,259,,F259,f259,Gemeenelandsweg,gemeenelandsweg,,,renumbered-1885,f,259,,f259,address,yes,yes,-55.170315726384054,5.821328586845953
1690,F,260,,F260,f260,Gemeenelandsweg,gemeenelandsweg,,,renumbered-1885,f,260,,f260,address,yes,yes,-55.170208388428705,5.821270536727245
1691,F,261,,F261,f261,Gemeenelandsweg,gemeenelandsweg,,,renumbered-1885,f,261,,f261,address,yes,yes,-55.17009995518811,5.82120372432647
1692,F,262,,F262,f262,Gemeenelandsweg,gemeenelandsweg,,,renumbered-1885,f,262,,f262,address,yes,yes,-55.170009046511645,5.821145674207764
1693,F,263,,F263,f263,Gemeenelandsweg,gemeenelandsweg,,,renumbered-1885,f,263,,f263,address,yes,yes,-55.16990280384156,5.821067908954404
1694,F,264,,F264,f264,Gemeenelandsweg,gemeenelandsweg,,,renumbered-1885,f,264,,f264,address,yes,yes,-55.16962241081536,5.820912378447681
1695,F,265,,F265,f265,Gemeenelandsweg,gemeenelandsweg,,,renumbered-1885,f,265,,f265,address,yes,yes,-55.16952821628312,5.820868567037337
1696,F,266,,F266,f266,Gemeenelandsweg,gemeenelandsweg,,,renumbered-1885,f,266,,f266,address,yes,yes,-55.16935735178278,5.820782039501907
1697,F,267,,F267,f267,Gemeenelandsweg,gemeenelandsweg,,,renumbered-1885,f,267,,f267,address,yes,yes,-55.16917553442985,5.820684559113891
1698,F,268,,F268,f268,Gemeenelandsweg,gemeenelandsweg,,,renumbered-1885,f,268,,f268,address,yes,yes,-55.16906381533346,5.820616651427858
1699,F,269,,F269,f269,Gemeenelandsweg,gemeenelandsweg,,,renumbered-1885,f,269,,f269,address,yes,yes,-55.16899152650639,5.820578316443807
1700,F,270,,F270,f270,Gemeenelandsweg,gemeenelandsweg,,,renumbered-1885,f,270,,f270,address,yes,yes,-55.168854615849064,5.820509313472514
1701,F,271,,F271,f271,Gemeenelandsweg,gemeenelandsweg,,,renumbered-1885,f,271,,f271,address,yes,yes,-55.16871660990648,5.820438119930706
1702,F,272,,F272,f272,Gemeenelandsweg,gemeenelandsweg,,,renumbered-1885,f,272,,f272,address,yes,yes,-55.16844388387709,5.82025192143674
1703,F,273,,F273,f273,Gemeenelandsweg,gemeenelandsweg,,,renumbered-1885,f,273,,f273,address,yes,yes,-55.16829163922614,5.820176346753898
1704,F,274,,F274,f274,Gemeenelandsweg,gemeenelandsweg,,,renumbered-1885,f,274,,f274,address,yes,yes,-55.168187587126575,5.820116106064674
1705,F,275,,F275,f275,Gemeenelandsweg,gemeenelandsweg,,,renumbered-1885,f,275,,f275,address,yes,yes,-55.16807696331546,5.820052579519674
1706,F,276,,F276,f276,Gemeenelandsweg,gemeenelandsweg,,,renumbered-1885,f,276,,f276,address,yes,yes,-55.16799481692106,5.820007672824071
1707,F,277,,F277,f277,Gemeenelandsweg,gemeenelandsweg,,,renumbered-1885,f,277,,f277,address,yes,yes,-55.16788309782468,5.819947432134848
1708,F,278,,F278,f278,Gemeenelandsweg,gemeenelandsweg,,,renumbered-1885,f,278,,f278,address,yes,yes,-55.167752758878905,5.819876238593038
1709,F,279,,F279,f279,Gemeenelandsweg,gemeenelandsweg,,,renumbered-1885,f,279,,f279,address,yes,yes,-55.16766951719925,5.819831331897436
1710,F,280,,F280,f280,Gemeenelandsweg,gemeenelandsweg,,,renumbered-1885,f,280,,f280,address,yes,yes,-55.16760160951322,5.819792996913385
1711,F,281,,F281,f281,Gemeenelandsweg,gemeenelandsweg,,,renumbered-1885,f,281,,f281,address,yes,yes,-55.16750522441046,5.819746994932526
1712,F,282,,F282,f282,Gemeenelandsweg,gemeenelandsweg,,,renumbered-1885,f,282,,f282,address,yes,yes,-55.167173352977116,5.819556415297527
1713,F,283,,F283,f283,Gemeenelandsweg,gemeenelandsweg,,,renumbered-1885,f,283,,f283,address,yes,yes,-55.16705287159867,5.819491793467269
1714,F,284,,F284,f284,Gemeenelandsweg,gemeenelandsweg,,,renumbered-1885,f,284,,f284,address,yes,yes,-55.166977296915825,5.819443600915891
1715,F,285,,F285,f285,Gemeenelandsweg,gemeenelandsweg,,,renumbered-1885,f,285,,f285,address,yes,yes,-55.16684476739953,5.819383360226666
1716,F,286,,F286,f286,Gemeenelandsweg,gemeenelandsweg,,,renumbered-1885,f,286,,f286,address,yes,yes,-55.16672976244738,5.819331881819511
1717,F,287,,F287,f287,Gemeenelandsweg,gemeenelandsweg,,,renumbered-1885,f,287,,f287,address,yes,yes,-55.16661037635419,5.819277117556581
1718,F,288,,F288,f288,Gemeenelandsweg,gemeenelandsweg,,,renumbered-1885,f,288,,f288,address,yes,yes,-55.16650194311359,5.819216876867357
1719,F,289,,F289,f289,Gemeenelandsweg,gemeenelandsweg,,,renumbered-1885,f,289,,f289,address,yes,yes,-55.16641486793553,5.819179637168565
1720,F,290,,F290,f290,Gemeenelandsweg,gemeenelandsweg,,,renumbered-1885,f,290,,f290,address,yes,yes,-55.166536444599245,5.818826955315294
1721,F,291,,F291,f291,Gemeenelandsweg,gemeenelandsweg,,,renumbered-1885,f,291,,f291,address,yes,yes,-55.166678831682866,5.818923340418052
1722,F,292,,F292,f292,Gemeenelandsweg,gemeenelandsweg,,,renumbered-1885,f,292,,f292,address,yes,yes,-55.16677412150036,5.818979199966241
1723,F,293,,F293,f293,Gemeenelandsweg,gemeenelandsweg,,,renumbered-1885,f,293,,f293,address,yes,yes,-55.16684750561269,5.819039440655465
1724,F,294,,F294,f294,Gemeenelandsweg,gemeenelandsweg,,,renumbered-1885,f,294,,f294,address,yes,yes,-55.16698441627001,5.819118301194083
1725,F,295,,F295,f295,Gemeenelandsweg,gemeenelandsweg,,,renumbered-1885,f,295,,f295,address,yes,yes,-55.16709723065165,5.81917635131279
1726,F,296,,F296,f296,Gemeenelandsweg,gemeenelandsweg,,,renumbered-1885,f,296,,f296,address,yes,yes,-55.16719252046915,5.819240973143047
1727,F,297,,F297,f297,Gemeenelandsweg,gemeenelandsweg,,,renumbered-1885,f,297,,f297,address,yes,yes,-55.16731847827389,5.819316547825891
1728,F,298,,F298,f298,Groote Dwarsstraat,groote dwarsstraat,,,renumbered-1885,f,298,,f298,address,yes,yes,-55.167549583463455,5.81895729426107
1729,F,299,,F299,f299,Groote Dwarsstraat,groote dwarsstraat,,,renumbered-1885,f,299,,f299,address,yes,yes,-55.167610919437934,5.818843384594174
1730,F,300,,F300,f300,Groote Dwarsstraat,groote dwarsstraat,,,renumbered-1885,f,300,,f300,address,yes,yes,-55.16768539883552,5.818731665497796
1731,F,301,,F301,f301,Groote Dwarsstraat,groote dwarsstraat,,,renumbered-1885,f,301,,f301,address,yes,yes,-55.16843347866717,5.817977013954617
1732,F,302,,F302,f302,Groote Dwarsstraat,groote dwarsstraat,,,renumbered-1885,f,302,,f302,address,yes,yes,-55.16833271242338,5.818139116172889
1733,F,303,,F303,f303,Groote Dwarsstraat,groote dwarsstraat,,,renumbered-1885,f,303,,f303,address,yes,yes,-55.16828232930148,5.818220167282027
1734,F,304,,F304,f304,Groote Dwarsstraat,groote dwarsstraat,,,renumbered-1885,f,304,,f304,address,yes,yes,-55.168247280173205,5.818303408961682
1735,F,305,,F305,f305,Groote Dwarsstraat,groote dwarsstraat,,,renumbered-1885,f,305,,f305,address,yes,yes,-55.16819470648079,5.818388841211851
1736,F,306,,F306,f306,Groote Dwarsstraat,groote dwarsstraat,,,renumbered-1885,f,306,,f306,address,yes,yes,-55.16816403849355,5.818472082891506
1737,F,307,,F307,f307,Groote Dwarsstraat,groote dwarsstraat,,,renumbered-1885,f,307,,f307,address,yes,yes,-55.168115845942175,5.818553134000643
1738,F,308,,F308,f308,Groote Dwarsstraat,groote dwarsstraat,,,renumbered-1885,f,308,,f308,address,yes,yes,-55.16806546282028,5.818642947391849
1739,F,309,,F309,f309,Groote Dwarsstraat,groote dwarsstraat,,,renumbered-1885,f,309,,f309,address,yes,yes,-55.16803260426252,5.818717426789433
1740,F,310,,F310,f310,Groote Dwarsstraat,groote dwarsstraat,,,renumbered-1885,f,310,,f310,address,yes,yes,-55.16798660228166,5.818800668469087
1741,F,311,,F311,f311,Groote Dwarsstraat,groote dwarsstraat,,,renumbered-1885,f,311,,f311,address,yes,yes,-55.16794498144183,5.818886100719257
1742,F,312,,F312,f312,Groote Dwarsstraat,groote dwarsstraat,,,renumbered-1885,f,312,,f312,address,yes,yes,-55.16788583603787,5.818949627264256
1743,F,313,,F313,f313,Groote Dwarsstraat,groote dwarsstraat,,,renumbered-1885,f,313,,f313,address,yes,yes,-55.167833262345454,5.819052584078567
1744,F,314,,F314,f314,Groote Dwarsstraat,groote dwarsstraat,,,renumbered-1885,f,314,,f314,address,yes,yes,-55.16777411694149,5.819133635187703
1745,F,315,,F315,f315,Gemeenelandsweg,gemeenelandsweg,,,renumbered-1885,f,315,,f315,address,yes,yes,-55.167587918447516,5.819442505630629
1746,F,316,,F316,f316,Gemeenelandsweg,gemeenelandsweg,,,renumbered-1885,f,316,,f316,address,yes,yes,-55.16771716210803,5.819510413316663
1747,F,317,,F317,f317,Gemeenelandsweg,gemeenelandsweg,,,renumbered-1885,f,317,,f317,address,yes,yes,-55.16781902363708,5.819578321002696
1748,F,318,a,F318a,f318a,Gemeenelandsweg,gemeenelandsweg,,,renumbered-1885,f,318,a,f318,address,yes,yes,-55.16791540873984,5.819635275836144
1749,F,319,,F319,f319,Gemeenelandsweg,gemeenelandsweg,,,renumbered-1885,f,319,,f319,address,yes,yes,-55.1680829873844,5.819739327935712
1750,F,320,,F320,f320,Gemeenelandsweg,gemeenelandsweg,,,renumbered-1885,f,320,,f320,address,yes,yes,-55.16822756503854,5.81981052147752
1751,F,321,,F321,f321,Gemeenelandsweg,gemeenelandsweg,,,renumbered-1885,f,321,,f321,address,yes,yes,-55.16833161713811,5.819852142317347
1752,F,322,,F322,f322,Gemeenelandsweg,gemeenelandsweg,,,renumbered-1885,f,322,,f322,address,yes,yes,-55.16844771737552,5.819923335859158
1753,F,323,,F323,f323,Gemeenelandsweg,gemeenelandsweg,,,renumbered-1885,f,323,,f323,address,yes,yes,-55.168522196773104,5.819987410046783
1754,F,324,,F324,f324,Gemeenelandsweg,gemeenelandsweg,,,renumbered-1885,f,324,,f324,address,yes,yes,-55.168578056321294,5.820018078034026
1755,F,325,,F325,f325,Hofstraat,hofstraat,,,renumbered-1885,f,325,,f325,address,yes,yes,-55.16878725580569,5.819679634889115
1756,F,326,,F326,f326,Hofstraat,hofstraat,,,renumbered-1885,f,326,,f326,address,yes,yes,-55.16886392577379,5.819506579818257
1757,F,327,,F327,f327,Hofstraat,hofstraat,,,renumbered-1885,f,327,,f327,address,yes,yes,-55.16892088060724,5.819388289010327
1758,F,328,,F328,f328,Hofstraat,hofstraat,,,renumbered-1885,f,328,,f328,address,yes,yes,-55.16902602799206,5.819215233939468
1759,F,329,,F329,f329,Hofstraat,hofstraat,,,renumbered-1885,f,329,,f329,address,yes,yes,-55.16909831681913,5.819085990278951
1760,F,330,,F330,f330,Hofstraat,hofstraat,,,renumbered-1885,f,330,,f330,address,yes,yes,-55.16915965279361,5.818983033464643
1761,F,331,,F331,f331,Hofstraat,hofstraat,,,renumbered-1885,f,331,,f331,address,yes,yes,-55.16926699074896,5.818805597252751
1762,F,332,,F332,f332,Hofstraat,hofstraat,,,renumbered-1885,f,332,,f332,address,yes,yes,-55.16936118528118,5.818645685604992
1763,F,333,,F333,f333,Hofstraat,hofstraat,,,renumbered-1885,f,333,,f333,address,yes,yes,-55.16959119518549,5.818849956305723
1764,F,334,,F334,f334,Hofstraat,hofstraat,,,renumbered-1885,f,334,,f334,address,yes,yes,-55.16952657335523,5.818949627264256
1765,F,335,,F335,f335,Hofstraat,hofstraat,,,renumbered-1885,f,335,,f335,address,yes,yes,-55.16945976095445,5.819076680354254
1766,F,336,,F336,f336,Hofstraat,hofstraat,,,renumbered-1885,f,336,,f336,address,yes,yes,-55.16941375897358,5.819150064466582
1767,F,337,,F337,f337,Hofstraat,hofstraat,,,renumbered-1885,f,337,,f337,address,yes,yes,-55.16933161257919,5.819312166684855
1768,F,338,,F338,f338,Hofstraat,hofstraat,,,renumbered-1885,f,338,,f338,address,yes,yes,-55.16926041903738,5.819426076351749
1769,F,339,,F339,f339,Hofstraat,hofstraat,,,renumbered-1885,f,339,,f339,address,yes,yes,-55.16920346420393,5.819547653015456
1770,F,340,,F340,f340,Hofstraat,hofstraat,,,renumbered-1885,f,340,,f340,address,yes,yes,-55.16914103294418,5.819670324964418
1771,F,341,,F341,f341,Gemeenelandsweg,gemeenelandsweg,,,renumbered-1885,f,341,,f341,address,yes,yes,-55.16891211832512,5.820184013750702
1772,F,342,,F342,f342,Gemeenelandsweg,gemeenelandsweg,,,renumbered-1885,f,342,,f342,address,yes,yes,-55.16899864586055,5.820244254439926
1773,F,343,,F343,f343,Gemeenelandsweg,gemeenelandsweg,,,renumbered-1885,f,343,,f343,address,yes,yes,-55.16908079225494,5.820299018702856
1774,F,344,,F344,f344,Gemeenelandsweg,gemeenelandsweg,,,renumbered-1885,f,344,,f344,address,yes,yes,-55.169187034925024,5.820355973536302
1775,F,345,,F345,f345,Gemeenelandsweg,gemeenelandsweg,,,renumbered-1885,f,345,,f345,address,yes,yes,-55.1693809004158,5.820477550200007
1776,F,346,,F346,f346,Gemeenelandsweg,gemeenelandsweg,,,renumbered-1885,f,346,,f346,address,yes,yes,-55.16944771281658,5.820518075754576
1777,F,347,,F347,f347,Gemeenelandsweg,gemeenelandsweg,,,renumbered-1885,f,347,,f347,address,yes,yes,-55.16953095449623,5.82055312488285
1778,F,348,,F348,f348,Gemeenelandsweg,gemeenelandsweg,,,renumbered-1885,f,348,,f348,address,yes,yes,-55.169595576326486,5.820578316443799
1779,F,349,,F349,f349,Gemeenelandsweg,gemeenelandsweg,Kerk der Morav. Broeder gem.e,,renumbered-1885,f,349,,f349,address,yes,yes,-55.169731391698555,5.820644033559316
1780,F,350,,F350,f350,Rust en Vredestraat,rust en vredestraat,,,renumbered-1885,f,350,,f350,address,yes,yes,-55.17008407355183,5.820209205311649
1781,F,351,,F351,f351,Rust en Vredestraat,rust en vredestraat,,,renumbered-1885,f,351,,f351,address,yes,yes,-55.17014979066734,5.820075580510101
1782,F,352,,F352,f352,Rust en Vredestraat,rust en vredestraat,,,renumbered-1885,f,352,,f352,address,yes,yes,-55.1701957926482,5.819948527420101
1783,F,353,,F353,f353,Rust en Vredestraat,rust en vredestraat,,,renumbered-1885,f,353,,f353,address,yes,yes,-55.17027465318682,5.81983899889424
1784,F,354,,F354,f354,Rust en Vredestraat,rust en vredestraat,,,renumbered-1885,f,354,,f354,address,yes,yes,-55.1703359891613,5.819720708086311
1785,F,355,,F355,f355,Rust en Vredestraat,rust en vredestraat,,,renumbered-1885,f,355,,f355,address,yes,yes,-55.17039294399475,5.819617751272001
1786,F,356,,F356,f356,Rust en Vredestraat,rust en vredestraat,,,renumbered-1885,f,356,,f356,address,yes,yes,-55.17046304225131,5.81949288875252
1787,F,357,,F357,f357,Rust en Vredestraat,rust en vredestraat,,,renumbered-1885,f,357,,f357,address,yes,yes,-55.17054190278993,5.819368026233037
1788,F,358,,F358,f358,Rust en Vredestraat,rust en vredestraat,,,renumbered-1885,f,358,,f358,address,yes,yes,-55.170775198550075,5.819466054263697
1789,F,359,,F359,f359,Rust en Vredestraat,rust en vredestraat,,,renumbered-1885,f,359,,f359,address,yes,yes,-55.17065033603057,5.81969825473852
1790,F,360,,F360,f360,Rust en Vredestraat,rust en vredestraat,,,renumbered-1885,f,360,,f360,address,yes,yes,-55.17057147549195,5.819825307828518
1791,F,361,,F361,f361,Rust en Vredestraat,rust en vredestraat,,,renumbered-1885,f,361,,f361,address,yes,yes,-55.170503567805916,5.81994140806593
1792,F,362,,F362,f362,Rust en Vredestraat,rust en vredestraat,,,renumbered-1885,f,362,,f362,address,yes,yes,-55.170429088408326,5.820055317732824
1793,F,363,,F363,f363,Rust en Vredestraat,rust en vredestraat,,,renumbered-1885,f,363,,f363,address,yes,yes,-55.170358990151776,5.82018456139334
1794,F,364,,F364,f364,Rust en Vredestraat,rust en vredestraat,,,renumbered-1885,f,364,,f364,address,yes,yes,-55.17029984474782,5.820309423912821
1795,F,365,,F365,f365,Gemeenelandsweg,gemeenelandsweg,,,renumbered-1885,f,365,,f365,address,yes,yes,-55.170016165865825,5.820824207984368
1796,F,366,,F366,f366,Gemeenelandsweg,gemeenelandsweg,,,renumbered-1885,f,366,,f366,address,yes,yes,-55.17005997727617,5.820858161827384
1797,F,367,,F367,f367,Gemeenelandsweg,gemeenelandsweg,,,renumbered-1885,f,367,,f367,address,yes,yes,-55.170125694391686,5.820874591106263
1798,F,368,,F368,f368,Gemeenelandsweg,gemeenelandsweg,,,renumbered-1885,f,368,,f368,address,yes,yes,-55.17026041447849,5.820957832785917
1799,F,369,,F369,f369,Gemeenelandsweg,gemeenelandsweg,,,renumbered-1885,f,369,,f369,address,yes,yes,-55.17037761000117,5.821020264045656
1800,F,370,,F370,f370,Gemeenelandsweg,gemeenelandsweg,,,renumbered-1885,f,370,,f370,address,yes,yes,-55.170483852671246,5.821079409449622
1801,F,371,,F371,f371,Gemeenelandsweg,gemeenelandsweg,,,renumbered-1885,f,371,,f371,address,yes,yes,-55.17059776233813,5.821125411430485
1802,F,372,,F372,f372,Gemeenelandsweg,gemeenelandsweg,,,renumbered-1885,f,372,,f372,address,yes,yes,-55.170707290863994,5.821182366263932
1803,F,373,,F373,f373,Gemeenelandsweg,gemeenelandsweg,,,renumbered-1885,f,373,,f373,address,yes,yes,-55.170819009960375,5.821261226802549
1804,F,374,,F374,f374,Gemeenelandsweg,gemeenelandsweg,,,renumbered-1885,f,374,,f374,address,yes,yes,-55.17092853848623,5.821313800494963
1805,F,375,,F375,f375,Nepveustraat,nepveustraat,,,renumbered-1885,f,375,,f375,address,yes,yes,-55.17120235980089,5.820809969276002
1806,F,376,,F376,f376,Nepveustraat,nepveustraat,,,renumbered-1885,f,376,,f376,address,yes,yes,-55.171257124063814,5.820691678468074
1807,F,377,,F377,f377,Nepveustraat,nepveustraat,,,renumbered-1885,f,377,,f377,address,yes,yes,-55.171325031749845,5.820582149942213
1808,F,378,,F378,f378,Nepveustraat,nepveustraat,,,renumbered-1885,f,378,,f378,address,yes,yes,-55.17139074886536,5.820479193127905
1809,F,379,,F379,f379,Nepveustraat,nepveustraat,,,renumbered-1885,f,379,,f379,address,yes,yes,-55.17147837168605,5.820360902319975
1810,F,380,,F380,f380,Nepveustraat,nepveustraat,,,renumbered-1885,f,380,,f380,address,yes,yes,-55.17155285108364,5.820255754935151
1811,F,381,,F381,f381,Nepveustraat,nepveustraat,,,renumbered-1885,f,381,,f381,address,yes,yes,-55.171611996487606,5.820165941543945
1812,F,382,,F382,f382,Nepveustraat,nepveustraat,,,renumbered-1885,f,382,,f382,address,yes,yes,-55.17187376966441,5.820222896377391
1813,F,383,,F383,f383,Nepveustraat,nepveustraat,,,renumbered-1885,f,383,,f383,address,yes,yes,-55.171778479846914,5.820383903310407
1814,F,384,,F384,f384,Nepveustraat,nepveustraat,,,renumbered-1885,f,384,,f384,address,yes,yes,-55.17167990417364,5.820551481954973
1815,F,385,,F385,f385,Nepveustraat,nepveustraat,,,renumbered-1885,f,385,,f385,address,yes,yes,-55.171633902192774,5.820628151923072
1816,F,386,,F386,f386,Nepveustraat,nepveustraat,,,renumbered-1885,f,386,,f386,address,yes,yes,-55.17157913792984,5.820736585163676
1817,F,387,,F387,f387,Nepveustraat,nepveustraat,,,renumbered-1885,f,387,,f387,address,yes,yes,-55.17152437366691,5.820820922128589
1818,F,388,,F388,f388,Nepveustraat,nepveustraat,,,renumbered-1885,f,388,,f388,address,yes,yes,-55.17148713396812,5.820876781676778
1819,F,389,,F389,f389,Nepveustraat,nepveustraat,,,renumbered-1885,f,389,,f389,address,yes,yes,-55.17143784613148,5.820961118641689
1820,F,390,,F390,f390,Gemeenelandsweg,gemeenelandsweg,,,renumbered-1885,f,390,,f390,address,yes,yes,-55.17121988436501,5.821460568719614
1821,F,391,,F391,f391,Gemeenelandsweg,gemeenelandsweg,,,renumbered-1885,f,391,,f391,address,yes,yes,-55.17128450619526,5.821523547621984
1822,F,392,,F392,f392,Gemeenelandsweg,gemeenelandsweg,,,renumbered-1885,f,392,,f392,address,yes,yes,-55.17142798856414,5.821595836449052
1823,F,393,,F393,f393,Gemeenelandsweg,gemeenelandsweg,,,renumbered-1885,f,393,,f393,address,yes,yes,-55.171536421804745,5.821664839420345
1824,F,394,,F394,f394,Gemeenelandsweg,gemeenelandsweg,,,renumbered-1885,f,394,,f394,address,yes,yes,-55.17163609276328,5.821729461250602
1825,F,395,,F395,f395,Gemeenelandsweg,gemeenelandsweg,,,renumbered-1885,f,395,,f395,address,yes,yes,-55.171744526003884,5.821791892510342
1826,F,396,,F396,f396,Gemeenelandsweg,gemeenelandsweg,,,renumbered-1885,f,396,,f396,address,yes,yes,-55.17182448182776,5.82183351335017
1827,F,397,,F397,f397,Gemeenelandsweg,gemeenelandsweg,,,renumbered-1885,f,397,,f397,address,yes,yes,-55.17193291506837,5.821910183318272
1828,F,398,,F398,f398,Gemeenelandsweg,gemeenelandsweg,,,renumbered-1885,f,398,,f398,address,yes,yes,-55.17213992398225,5.822016425988357
1829,F,399,,F399,f399,Gemeenelandsweg,gemeenelandsweg,,,renumbered-1885,f,399,,f399,address,yes,yes,-55.17231407433837,5.822112811091114
1830,F,400,,F400,f400,Gemeenelandsweg,gemeenelandsweg,,,renumbered-1885,f,400,,f400,address,yes,yes,-55.17255832295104,5.822235483040078
1831,F,401,,F401,f401,Wanicastraat,wanicastraat,,,renumbered-1885,f,401,,f401,address,yes,yes,-55.172725901595605,5.822006568421028
1832,F,402,,F402,f402,Wanicastraat,wanicastraat,,,renumbered-1885,f,402,,f402,address,yes,yes,-55.17278504699957,5.821890468183618
1833,F,403,,F403,f403,Wanicastraat,wanicastraat,,,renumbered-1885,f,403,,f403,address,yes,yes,-55.17285404997086,5.821807226503963
1834,F,404,,F404,f404,Wanicastraat,wanicastraat,,,renumbered-1885,f,404,,f404,address,yes,yes,-55.1729219576569,5.821677982843446
1835,F,405,,F405,f405,Wanicastraat,wanicastraat,,,renumbered-1885,f,405,,f405,address,yes,yes,-55.17297234077879,5.821584883596465
1836,F,406,,F406,f406,Wanicastraat,wanicastraat,,,renumbered-1885,f,406,,f406,address,yes,yes,-55.17303805789431,5.821485212637931
1837,F,407,,F407,f407,Wanicastraat,wanicastraat,,,renumbered-1885,f,407,,f407,address,yes,yes,-55.17309939386879,5.821380065253106
1838,F,408,,F408,f408,Wanicastraat,wanicastraat,,,renumbered-1885,f,408,,f408,address,yes,yes,-55.17316511098431,5.82128368015035
1839,F,409,,F409,f409,Wanicastraat,wanicastraat,,,renumbered-1885,f,409,,f409,address,yes,yes,-55.173283401792226,5.82106024195759
1840,F,410,,F410,f410,Wanicastraat,wanicastraat,,,renumbered-1885,f,410,,f410,address,yes,yes,-55.17332721320257,5.820928807726558
1841,F,411,,F411,f411,Wanicastraat,wanicastraat,,,renumbered-1885,f,411,,f411,address,yes,yes,-55.17338635860654,5.820808326348111
1842,F,412,,F412,f412,Wanicastraat,wanicastraat,,,renumbered-1885,f,412,,f412,address,yes,yes,-55.1734696002862,5.820679082687596
1843,F,413,,F413,f413,Wanicastraat,wanicastraat,,,renumbered-1885,f,413,,f413,address,yes,yes,-55.17355722310688,5.820516980469321
1844,F,414,,F414,f414,Wanicastraat,wanicastraat,,,renumbered-1885,f,414,,f414,address,yes,yes,-55.173662370491705,5.82033735368691
1845,F,415,,F415,f415,Wanicastraat,wanicastraat,,,renumbered-1885,f,415,,f415,address,yes,yes,-55.173734659318775,5.820212491167429
1846,F,416,,F416,f416,Wanicastraat,wanicastraat,,,renumbered-1885,f,416,,f416,address,yes,yes,-55.17386390297928,5.819998910542
1847,F,417,,F417,f417,Molenpad,molenpad,,,renumbered-1885,f,417,,f417,address,yes,yes,-55.17342359830532,5.819691135384331
1848,F,418,,F418,f418,Molenpad,molenpad,,,renumbered-1885,f,418,,f418,address,yes,yes,-55.173245066808164,5.819596940852094
1849,F,419,,F419,f419,Molenpad,molenpad,,,renumbered-1885,f,419,,f419,address,yes,yes,-55.17309172687196,5.819506032175627
1850,F,420,,F420,f420,Koningsstraat,koningsstraat,,,renumbered-1885,f,420,,f420,address,yes,yes,-55.17271166288724,5.819957289702174
1851,F,421,,F421,f421,Koningsstraat,koningsstraat,,,renumbered-1885,f,421,,f421,address,yes,yes,-55.17261308721396,5.820101867356309
1852,F,422,,F422,f422,Koningsstraat,koningsstraat,,,renumbered-1885,f,422,,f422,address,yes,yes,-55.17251341625544,5.820260683718806
1853,F,423,,F423,f423,Limesgracht,limesgracht,,,renumbered-1885,f,423,,f423,address,yes,yes,-55.1723688386013,5.82021030059691
1854,F,424,,F424,f424,Limesgracht,limesgracht,,,renumbered-1885,f,424,,f424,address,yes,yes,-55.17219797410095,5.820173060898118
1855,F,425,,F425,f425,Limesgracht,limesgracht,,,renumbered-1885,f,425,,f425,address,yes,yes,-55.172022728459574,5.820008768109326
1856,F,426,,F426,f426,Molenpad,molenpad,,,renumbered-1885,f,426,,f426,address,yes,yes,-55.17284638297404,5.819394313079247
1857,F,427,,F427,f427,Molenpad,molenpad,,,renumbered-1885,f,427,,f427,address,yes,yes,-55.172656898624304,5.819302309117523
1858,F,428,,F428,f428,Molenpad,molenpad,,,renumbered-1885,f,428,,f428,address,yes,yes,-55.17250027283232,5.819221258008387
1859,F,429,,F429,f429,Molenpad,molenpad,,,renumbered-1885,f,429,,f429,address,yes,yes,-55.17220783166827,5.818987962248301
1860,F,430,,F430,f430,Molenpad,molenpad,,,renumbered-1885,f,430,,f430,address,yes,yes,-55.17211144656551,5.818935388555889
1861,F,431,,F431,f431,Molenpad,molenpad,,,renumbered-1885,f,431,,f431,address,yes,yes,-55.17199644161336,5.818881719578216
1862,F,432,,F432,f432,Molenpad,molenpad,,,renumbered-1885,f,432,,f432,address,yes,yes,-55.1718365299656,5.818780953334425
1863,F,433,a,F433a,f433a,Molenpad,molenpad,,,renumbered-1885,f,433,a,f433,address,yes,yes,-55.17164266447483,5.818670329523306
1864,F,434,,F434,f434,Molenpad,molenpad,,,renumbered-1885,f,434,,f434,address,yes,yes,-55.17146960940397,5.818568467994257
1865,F,435,,F435,f435,Molenpad,molenpad,,,renumbered-1885,f,435,,f435,address,yes,yes,-55.17138527243905,5.81852575186917
1866,F,436,,F436,f436,Limesgracht,limesgracht,,,renumbered-1885,f,436,,f436,address,yes,yes,-55.17180367140782,5.819815997903803
1867,F,437,,F437,f437,Limesgracht,limesgracht,,,renumbered-1885,f,437,,f437,address,yes,yes,-55.171665665465234,5.819737137365185
1868,F,438,,F438,f438,Limesgracht,limesgracht,,,renumbered-1885,f,438,,f438,address,yes,yes,-55.17151232552903,5.819671420249668
1869,F,439,,F439,f439,Limesgracht,limesgracht,,,renumbered-1885,f,439,,f439,address,yes,yes,-55.171307896311106,5.819563537978388
1870,F,440,,F440,f440,Limesgracht,limesgracht,,,renumbered-1885,f,440,,f440,address,yes,yes,-55.17120345508611,5.819491793467257
1871,F,441,,F441,f441,Limesgracht,limesgracht,,,renumbered-1885,f,441,,f441,address,yes,yes,-55.1706558124568,5.819112824767779
1872,F,442,,F442,f442,Limesgracht,limesgracht,,,renumbered-1885,f,442,,f442,address,yes,yes,-55.17029436832148,5.818865290299337
1873,F,443,,F443,f443,Limesgracht,limesgracht,,,renumbered-1885,f,443,,f443,address,yes,yes,-55.17018155393985,5.818818193033214
1874,F,444,,F444,f444,Limesgracht,limesgracht,,,renumbered-1885,f,444,,f444,address,yes,yes,-55.17003807157097,5.81873495135356
1875,F,445,,F445,f445,Limesgracht,limesgracht,,,renumbered-1885,f,445,,f445,address,yes,yes,-55.169872683496926,5.818633089824509
1876,F,446,,F446,f446,Limesgracht,limesgracht,,,renumbered-1885,f,446,,f446,address,yes,yes,-55.169662388727275,5.818495083881925
1877,F,447,a,F447a,f447a,Molenpad,molenpad,,,renumbered-1885,f,447,a,f447,address,yes,yes,-55.17108516427819,5.818343934516236
1878,F,448,,F448,f448,Molenpad,molenpad,,,renumbered-1885,f,448,,f448,address,yes,yes,-55.17092853848621,5.818263978692358
1879,F,449,,F449,f449,Molenpad,molenpad,,,renumbered-1885,f,449,,f449,address,yes,yes,-55.170728101283885,5.818156640737015
1880,F,450,,F450,f450,Molenpad,molenpad,,,renumbered-1885,f,450,,f450,address,yes,yes,-55.17060104819389,5.818076684913136
1881,F,451,,F451,f451,Molenpad,molenpad,,,renumbered-1885,f,451,,f451,address,yes,yes,-55.17043237426406,5.817979204525121
1882,F,452,,F452,f452,Molenpad,molenpad,,,renumbered-1885,f,452,,f452,address,yes,yes,-55.17025822390794,5.817857627861416
1883,F,453,,F453,f453,Molenpad,molenpad,,,renumbered-1885,f,453,,f453,address,yes,yes,-55.170128980247426,5.817779862608054
1884,F,454,a,F454a,f454a,Molenpad,molenpad,,,renumbered-1885,f,454,a,f454,address,yes,yes,-55.16983889765248,5.817613707284612
1885,F,455,,F455,f455,Molenpad,molenpad,,,renumbered-1885,f,455,,f455,address,yes,yes,-55.169759930861545,5.817573683020719
1886,F,456,,F456,f456,Limesgracht,limesgracht,,,renumbered-1885,f,456,,f456,address,yes,yes,-55.16897674015538,5.817975918669341
1887,F,457,b,F457b,f457b,Molenpad,molenpad,,,renumbered-1885,f,457,b,f457,address,yes,yes,-55.16856929403917,5.816915682539012
1888,F,458,,F458,f458,Molenpad,molenpad,,,renumbered-1885,f,458,,f458,address,yes,yes,-55.168344760561176,5.81679301059005
1889,F,459,,F459,f459,Molenpad,molenpad,,,renumbered-1885,f,459,,f459,address,yes,yes,-55.16824728017314,5.816747008609182
1890,F,460,,F460,f460,Molenpad,molenpad,,,renumbered-1885,f,460,,f460,address,yes,yes,-55.16806874867599,5.816633098942289
1891,F,461,,F461,f461,Molenpad,molenpad,,,renumbered-1885,f,461,,f461,address,yes,yes,-55.16782559534859,5.816511522278584
1892,F,462,,F462,f462,Zwartenhovenbrugstraat,zwartenhovenbrugstraat,,,renumbered-1885,f,462,,f462,address,yes,yes,-55.1674652464985,5.816826964433062
1893,F,465,,F465,f465,,,,,renumbered-1885,f,465,,f465,address,yes,yes,-55.17256270409195,5.814889952453204
1894,F,466,,F466,f466,Molenpad,molenpad,,,renumbered-1885,f,466,,f466,address,yes,yes,-55.170471713716765,5.81758233691562
1895,F,467,,F467,f467,Korte Dwarsstraat,korte dwarsstraat,,,renumbered-1885,f,467,,f467,address,yes,yes,-55.1714630376923,5.817669786439539
1896,F,468,,F468,f468,Korte Dwarsstraat,korte dwarsstraat,,,renumbered-1885,f,468,,f468,address,yes,yes,-55.17154627937195,5.817505493650749
1897,F,469,,F469,f469,Korte Dwarsstraat,korte dwarsstraat,,,renumbered-1885,f,469,,f469,address,yes,yes,-55.17164485504522,5.817345582002993
1898,F,470,,F470,f470,Korte Dwarsstraat,korte dwarsstraat,,,renumbered-1885,f,470,,f470,address,yes,yes,-55.17171276273127,5.817233862906613
1899,F,471,,F471,f471,Korte Dwarsstraat,korte dwarsstraat,,,renumbered-1885,f,471,,f471,address,yes,yes,-55.171842006391785,5.817048759697908
1900,F,472,,F472,f472,Korte Dwarsstraat,korte dwarsstraat,,,renumbered-1885,f,472,,f472,address,yes,yes,-55.17189458008419,5.816953469880411
1901,F,473,,F473,f473,Korte Dwarsstraat,korte dwarsstraat,,,renumbered-1885,f,473,,f473,address,yes,yes,-55.17216182968729,5.817056426694717
1902,F,474,,F474,f474,Molenpad,molenpad,,,renumbered-1885,f,474,,f474,address,yes,yes,-55.172609801358035,5.818905268211244
1903,F,475,,F475,f475,Molenpad,molenpad,,,renumbered-1885,f,475,,f475,address,yes,yes,-55.17279380928149,5.819021368448655
1904,F,476,,F476,f476,Molenpad,molenpad,,,renumbered-1885,f,476,,f476,address,yes,yes,-55.17300958047743,5.819078323282107
1905,F,477,,F477,f477,Koningsstraat,koningsstraat,,,renumbered-1885,f,477,,f477,address,yes,yes,-55.17318044497777,5.818779310406506
1906,F,478,,F478,f478,Koningsstraat,koningsstraat,,,renumbered-1885,f,478,,f478,address,yes,yes,-55.173281211221564,5.818569015636854
1907,F,479,,F479,f479,Koningsstraat,koningsstraat,,,renumbered-1885,f,479,,f479,address,yes,yes,-55.1733754057538,5.818410199274354
1908,F,480,,F480,f480,Koningsstraat,koningsstraat,,,renumbered-1885,f,480,,f480,address,yes,yes,-55.173452075721904,5.818283146184356
1909,F,481,,F481,f481,Koningsstraat,koningsstraat,,,renumbered-1885,f,481,,f481,address,yes,yes,-55.1735396985426,5.81813856853022
1910,F,482,,F482,f482,Koningsstraat,koningsstraat,,,renumbered-1885,f,482,,f482,address,yes,yes,-55.17364265535691,5.817967704029877
1911,F,483,,F483,f483,Koningsstraat,koningsstraat,,,renumbered-1885,f,483,,f483,address,yes,yes,-55.173719872967645,5.817840650939882
1912,F,484,,F484,f484,Koningsstraat,koningsstraat,,,renumbered-1885,f,484,,f484,address,yes,yes,-55.17382830620824,5.817659928872213
1913,F,485,,F485,f485,Koningsstraat,koningsstraat,,,renumbered-1885,f,485,,f485,address,yes,yes,-55.17391702431419,5.817532875782213
1914,F,486,,F486,f486,Koningsstraat,koningsstraat,,,renumbered-1885,f,486,,f486,address,yes,yes,-55.17398274142971,5.817402536836439
1915,F,487,,F487,f487,Koningsstraat,koningsstraat,,,renumbered-1885,f,487,,f487,address,yes,yes,-55.174078031247205,5.817254673326527
1916,F,488,,F488,f488,Koningsstraat,koningsstraat,,,renumbered-1885,f,488,,f488,address,yes,yes,-55.17418536920257,5.817083808826183
1917,F,489,,F489,f489,Koningsstraat,koningsstraat,,,renumbered-1885,f,489,,f489,address,yes,yes,-55.17435185256188,5.816759604389635
1918,F,490,,F490,f490,Koningsstraat,koningsstraat,,,renumbered-1885,f,490,,f490,address,yes,yes,-55.17444495180886,5.816605169168173
1919,F,491,,F491,f491,Koningsstraat,koningsstraat,,,renumbered-1885,f,491,,f491,address,yes,yes,-55.174621292735466,5.816266726023263
1920,F,492,,F492,f492,Koningsstraat,koningsstraat,,,renumbered-1885,f,492,,f492,address,yes,yes,-55.17471329669719,5.816096956808178
1921,F,493,,F493,f493,Koningsstraat,koningsstraat,,,renumbered-1885,f,493,,f493,address,yes,yes,-55.17481515822624,5.815941426301456
1922,F,494,,F494,f494,Koningsstraat,koningsstraat,,,renumbered-1885,f,494,,f494,address,yes,yes,-55.17491482918478,5.815778228797924
1923,F,495,,F495,f495,Koningsstraat,koningsstraat,,,renumbered-1885,f,495,,f495,address,yes,yes,-55.17500573786124,5.81561722186491
1924,F,496,,F496,f496,Koningsstraat,koningsstraat,,,renumbered-1885,f,496,,f496,address,yes,yes,-55.17510759939031,5.815443071508788
1925,F,497,,F497,f497,Koningsstraat,koningsstraat,,,renumbered-1885,f,497,,f497,address,yes,yes,-55.175219318486675,5.815228395598103
1926,F,498,,F498,f498,Koningsstraat,koningsstraat,,,renumbered-1885,f,498,,f498,address,yes,yes,-55.17527079689384,5.815138582206895
1927,F,499,,F499,f499,Koningsstraat,koningsstraat,,,renumbered-1885,f,499,,f499,address,yes,yes,-55.17537484899341,5.814954574283448
1928,F,500,,F500,f500,Koningsstraat,koningsstraat,,,renumbered-1885,f,500,,f500,address,yes,yes,-55.175431803826854,5.814843950472328
1929,F,501,,F501,f501,Koningsstraat,koningsstraat,,,renumbered-1885,f,501,,f501,address,yes,yes,-55.17557642996861,5.814626490940162
1930,F,502,,F502,f502,Koningsstraat,koningsstraat,,,renumbered-1885,f,502,,f502,address,yes,yes,-55.17515688722692,5.815962236721365
1931,F,503,,F503,f503,Koningsstraat,koningsstraat,,,renumbered-1885,f,503,,f503,address,yes,yes,-55.17505831155364,5.816139672933259
1932,F,504,,F504,f504,Koningsstraat,koningsstraat,,,renumbered-1885,f,504,,f504,address,yes,yes,-55.17494221131623,5.816317109145153
1933,F,505,,F505,f505,Koningsstraat,koningsstraat,,,renumbered-1885,f,505,,f505,address,yes,yes,-55.17485458849554,5.816483592504462
1934,F,506,,F506,f506,Koningsstraat,koningsstraat,,,renumbered-1885,f,506,,f506,address,yes,yes,-55.17474505996968,5.81664788529325
1935,F,507,,F507,f507,Koningsstraat,koningsstraat,,,renumbered-1885,f,507,,f507,address,yes,yes,-55.17464210315537,5.816809987511526
1936,F,508,,F508,f508,Koningsstraat,koningsstraat,,,renumbered-1885,f,508,,f508,address,yes,yes,-55.17460924459761,5.81689322919118
1937,F,509,,F509,f509,Koningsstraat,koningsstraat,,,renumbered-1885,f,509,,f509,address,yes,yes,-55.17439456868693,5.817283150743243
1938,F,510,,F510,f510,Koningsstraat,koningsstraat,,,renumbered-1885,f,510,,f510,address,yes,yes,-55.17429599301366,5.817436490679447
1939,F,511,,F511,f511,Koningsstraat,koningsstraat,,,renumbered-1885,f,511,,f511,address,yes,yes,-55.17420398905193,5.8175832589041
1940,F,512,,F512,f512,Koningsstraat,koningsstraat,,,renumbered-1885,f,512,,f512,address,yes,yes,-55.17410103223762,5.817758504545476
1941,F,513,,F513,f513,Koningsstraat,koningsstraat,,,renumbered-1885,f,513,,f513,address,yes,yes,-55.17399150371176,5.817929369045816
1942,F,514,,F514,f514,Koningsstraat,koningsstraat,,,renumbered-1885,f,514,,f514,address,yes,yes,-55.17386664119228,5.818152807238572
1943,F,515,,F515,f515,Koningsstraat,koningsstraat,,,renumbered-1885,f,515,,f515,address,yes,yes,-55.17373082582021,5.818371864290294
1944,F,516,,F516,f516,Koningsstraat,koningsstraat,,,renumbered-1885,f,516,,f516,address,yes,yes,-55.17362129729435,5.818555872213738
1945,F,517,,F517,f517,Koningsstraat,koningsstraat,,,renumbered-1885,f,517,,f517,address,yes,yes,-55.173522721621076,5.81873549899615
1946,F,518,,F518,f518,Koningsstraat,koningsstraat,,,renumbered-1885,f,518,,f518,address,yes,yes,-55.173421955377286,5.818875695509255
1947,F,519,,F519,f519,Koningsstraat,koningsstraat,,,renumbered-1885,f,519,,f519,address,yes,yes,-55.17332557027453,5.819037797727526
1948,F,520,,F520,f520,Koningsstraat,koningsstraat,,,renumbered-1885,f,520,,f520,address,yes,yes,-55.17322480403074,5.819204281086836
1949,F,521,,F521,f521,Wanicastraat,wanicastraat,,,renumbered-1885,f,521,,f521,address,yes,yes,-55.17404594653929,5.819725250850947
1950,F,522,,F522,f522,Wanicastraat,wanicastraat,,,renumbered-1885,f,522,,f522,address,yes,yes,-55.174138271936414,5.819602964920965
1951,F,523,,F523,f523,Wanicastraat,wanicastraat,,,renumbered-1885,f,523,,f523,address,yes,yes,-55.17421932304555,5.819443053273209
1952,F,524,,F524,f524,Wanicastraat,wanicastraat,,,renumbered-1885,f,524,,f524,address,yes,yes,-55.174315708148306,5.819239330215109
1953,F,525,,F525,f525,Wanicastraat,wanicastraat,,,renumbered-1885,f,525,,f525,address,yes,yes,-55.17439894982796,5.819112277125111
1954,F,526,,F526,f526,Wanicastraat,wanicastraat,,,renumbered-1885,f,526,,f526,address,yes,yes,-55.17446904808451,5.818978652323562
1955,F,527,,F527,f527,Wanicastraat,wanicastraat,,,renumbered-1885,f,527,,f527,address,yes,yes,-55.17471877312347,5.818566825066324
1956,F,528,,F528,f528,Wanicastraat,wanicastraat,,,renumbered-1885,f,528,,f528,address,yes,yes,-55.174766965674856,5.818479202245636
1957,F,529,,F529,f529,Wanicastraat,wanicastraat,,,renumbered-1885,f,529,,f529,address,yes,yes,-55.174898399905885,5.818332434020983
1958,F,530,,F530,f530,Wanicastraat,wanicastraat,,,renumbered-1885,f,530,,f530,address,yes,yes,-55.1750145001433,5.8181309015334
1959,F,531,,F531,f531,Wanicastraat,wanicastraat,,,renumbered-1885,f,531,,f531,address,yes,yes,-55.17512402866917,5.817949084180468
1960,F,532,,F532,f532,Wanicastraat,wanicastraat,,,renumbered-1885,f,532,,f532,address,yes,yes,-55.17516126836796,5.817830793372539
1961,F,533,,F533,f533,Wanicastraat,wanicastraat,,,renumbered-1885,f,533,,f533,address,yes,yes,-55.175329942297786,5.8175328757822
1962,F,534,,F534,f534,Wanicastraat,wanicastraat,,,renumbered-1885,f,534,,f534,address,yes,yes,-55.1754460425352,5.817377345275478
1963,F,535,,F535,f535,Wanicastraat,wanicastraat,,,renumbered-1885,f,535,,f535,address,yes,yes,-55.175531474785366,5.817217433627722
1964,F,536,,F536,f536,Wanicastraat,wanicastraat,,,renumbered-1885,f,536,,f536,address,yes,yes,-55.17555995220209,5.81711666738393
1965,F,537,,F537,f537,Wanicastraat,wanicastraat,,,renumbered-1885,f,537,,f537,address,yes,yes,-55.1756629090164,5.817015901140137
1966,F,538,,F538,f538,Wanicastraat,wanicastraat,,,renumbered-1885,f,538,,f538,address,yes,yes,-55.17574286484028,5.816904182043758
1967,F,539,,F539,f539,Wanicastraat,wanicastraat,,,renumbered-1885,f,539,,f539,address,yes,yes,-55.17584144051355,5.816738793969709
1968,F,540,,F540,f540,Wanicastraat,wanicastraat,,,renumbered-1885,f,540,,f540,address,yes,yes,-55.1759805417414,5.816523022773761
1969,F,541,,F541,f541,Willemstraat,willemstraat,,,renumbered-1885,f,541,,f541,address,yes,yes,-55.17534199043562,5.815689510691959
1970,F,542,,F542,f542,Willemstraat,willemstraat,,,renumbered-1885,f,542,,f542,address,yes,yes,-55.17548218694873,5.815783705224197
1971,F,543,,F543,f543,Willemstraat,willemstraat,,,renumbered-1885,f,543,,f543,address,yes,yes,-55.17575381769286,5.815945807442473
1972,F,544,,F544,f544,Willemstraat,willemstraat,,,renumbered-1885,f,544,,f544,address,yes,yes,-55.1760013521613,5.81607943224402
1973,F,545,,F545,f545,Wanicastraat,wanicastraat,Poelepantje (Politie Station),,renumbered-1885,f,545,,f545,address,yes,yes,-55.17674553997636,5.814992874741557
1974,F,,,F,f,Wanicastraat,wanicastraat,R.C. Kerk (in aanbouw),,renumbered-1885,f,,,,non-address-annotation,no,yes,-55.17184834093524,5.823056733224693
1975,F,,,F,f,Wanicastraat,wanicastraat,,,renumbered-1885,f,,,,non-address-annotation,no,yes,-55.17190593889457,5.822819565156886
1976,F,,,F,f,Gemeenelandsweg,gemeenelandsweg,,,renumbered-1885,f,,,,non-address-annotation,no,yes,-55.17219392869119,5.822450260594156
1977,F,,,,,Saramaccastraat,saramaccastraat,,,renumbered-1885,f,,,,non-address-annotation,no,yes,-55.16461098301214,5.820334394938198
1978,F,,,F,f,Saramaccastraat,saramaccastraat,,,renumbered-1885,f,,,,non-address-annotation,no,yes,-55.164111532934214,5.819011290345802
1979,F,,,F,f,Saramaccastraat,saramaccastraat,,,renumbered-1885,f,,,,non-address-annotation,no,yes,-55.16514110107731,5.818577557383393
1980,F,,,F,f,,,,,renumbered-1885,f,,,,non-address-annotation,no,yes,-55.16521558047489,5.817574276086512
1981,F,,,F,f,,,,,renumbered-1885,f,,,,non-address-annotation,no,yes,-55.16508414624384,5.81677690841825
1982,F,,,F,f,,,,,renumbered-1885,f,,,,non-address-annotation,no,yes,-55.165233105039015,5.816566613648599
1983,F,,,,,Molenpad,molenpad,,,renumbered-1885,f,,,,non-address-annotation,no,yes,-55.16918051311103,5.816562232507561
1984,F,,,,,Wanicastraat,wanicastraat,,,renumbered-1885,f,,,,non-address-annotation,no,yes,-55.17253646714335,5.822121900480242
1985,F,,,,,,,,,renumbered-1885,f,,,,non-address-annotation,no,yes,-55.17598004399641,5.815335513017924
1986,F,,,,,,,,,renumbered-1885,f,,,,non-address-annotation,no,yes,-55.176251674740556,5.814748440119314
1987,F,,,,,Poelepantjebrug,poelepantjebrug,,,renumbered-1885,f,,,,non-address-annotation,no,yes,-55.175944994868146,5.814362899708283
1988,F,,,,,,,,,renumbered-1885,f,,,,non-address-annotation,no,yes,-55.16879935384098,5.812064991235725
1989,F,,,,,Nieuwe Dominéstraat,nieuwe dominestraat,,,renumbered-1885,f,,,,non-address-annotation,no,yes,-55.16979825399683,5.824148178208658
1990,E,,,,,,,,,older-regime,e,,,,non-address-annotation,no,yes,-55.163540724220795,5.822490098669326
1991,EBW,1,,EBW1,ebw1,Groote Combéweg,groote combeweg,,,renumbered-1885,1ebw,1,,1ebw1,address,yes,yes,-55.15057088226995,5.829950068085048
1992,EBW,2,,EBW2,ebw2,Groote Combéweg,groote combeweg,,,renumbered-1885,1ebw,2,,1ebw2,address,yes,yes,-55.150439592804005,5.830156743115577
1993,EBW,3,,EBW3,ebw3,Groote Combéweg,groote combeweg,,,renumbered-1885,1ebw,3,,1ebw3,address,yes,yes,-55.15023630588874,5.830526047678307
1994,EBW,4,,EBW4,ebw4,Groote Combéweg,groote combeweg,,,renumbered-1885,1ebw,4,,1ebw4,address,yes,yes,-55.150088922875184,5.830742887054591
1995,EBW,5,,EBW5,ebw5,Groote Combéweg,groote combeweg,,,renumbered-1885,1ebw,5,,1ebw5,address,yes,yes,-55.149966950726025,5.830939397739344
1996,EBW,6,,EBW6,ebw6,Groote Combéweg,groote combeweg,,,renumbered-1885,1ebw,6,,1ebw6,address,yes,yes,-55.1498974943633,5.831044429312231
1997,EBW,7,,EBW7,ebw7,Groote Combéweg,groote combeweg,,,renumbered-1885,1ebw,7,,1ebw7,address,yes,yes,-55.14968234904465,5.831434062566488
1998,EBW,8,,EBW8,ebw8,Groote Combéweg,groote combeweg,,,renumbered-1885,1ebw,8,,1ebw8,address,yes,yes,-55.149611198624314,5.831550952542764
1999,EBW,9,,EBW9,ebw9,Groote Combéweg,groote combeweg,,,renumbered-1885,1ebw,9,,1ebw9,address,yes,yes,-55.149536660088714,5.831676312807176
2000,EBW,10,,EBW10,ebw10,Groote Combéweg,groote combeweg,,,renumbered-1885,1ebw,10,,1ebw10,address,yes,yes,-55.149428240400574,5.831899928413967
2001,EBW,11,,EBW11,ebw11,Groote Combéweg,groote combeweg,,,renumbered-1885,1ebw,11,,1ebw11,address,yes,yes,-55.14933337317345,5.832064252003804
2002,EBW,12,,EBW12,ebw12,Groote Combéweg,groote combeweg,,,renumbered-1885,1ebw,12,,1ebw12,address,yes,yes,-55.149233423773445,5.832235351824151
2003,EBW,13,,EBW13,ebw13,Groote Combéweg,groote combeweg,,,renumbered-1885,1ebw,13,,1ebw13,address,yes,yes,-55.149153803064955,5.83238104078009
2004,EBW,14,,EBW14,ebw14,Groote Combéweg,groote combeweg,,,renumbered-1885,1ebw,14,,1ebw14,address,yes,yes,-55.14909112293275,5.832513177275012
2005,EBW,24,a,EBW24a,ebw24a,Groote Combéweg,groote combeweg,,,renumbered-1885,1ebw,24,a,1ebw24,address,yes,yes,-55.148037868009126,5.834487444092799
2006,EBW,19,,EBW19,ebw19,Groote Combéweg,groote combeweg,,,renumbered-1885,1ebw,19,,1ebw19,address,yes,yes,-55.14858629375987,5.833580433580149
2007,EBW,22,,EBW22,ebw22,Groote Combéweg,groote combeweg,,,renumbered-1885,1ebw,22,,1ebw22,address,yes,yes,-55.14831524453952,5.834068322176784
2008,EBW,23,,EBW23,ebw23,Groote Combéweg,groote combeweg,,,renumbered-1885,1ebw,23,,1ebw23,address,yes,yes,-55.14817294369884,5.83430549024459
2009,EBW,20,,EBW20,ebw20,Groote Combéweg,groote combeweg,,,renumbered-1885,1ebw,20,,1ebw20,address,yes,yes,-55.14848126218698,5.833760003688631
2010,EBW,21,,EBW21,ebw21,Groote Combéweg,groote combeweg,,,renumbered-1885,1ebw,21,,1ebw21,address,yes,yes,-55.14837961872936,5.833926021336098
2011,EBW,17,,EBW17,ebw17,Groote Combéweg,groote combeweg,,,renumbered-1885,1ebw,17,,1ebw17,address,yes,yes,-55.14884379051921,5.833099321214024
2012,EBW,16,,EBW16,ebw16,Groote Combéweg,groote combeweg,,,renumbered-1885,1ebw,16,,1ebw16,address,yes,yes,-55.14894204586158,5.832909586759777
2013,EBW,15,,EBW15,ebw15,Groote Combéweg,groote combeweg,,,renumbered-1885,1ebw,15,,1ebw15,address,yes,yes,-55.149019972512434,5.832723240420784
2014,EBW,18,,EBW18,ebw18,Groote Combéweg,groote combeweg,,,renumbered-1885,1ebw,18,,1ebw18,address,yes,yes,-55.148691325332756,5.833377146664885
2015,EBW,25,,EBW25,ebw25,Groote Combéweg,groote combeweg,,,renumbered-1885,1ebw,25,,1ebw25,address,yes,yes,-55.147905693508044,5.834687984715137
2016,EBW,26,,EBW26,ebw26,Groote Combéweg,groote combeweg,,,renumbered-1885,1ebw,26,,1ebw26,address,yes,yes,-55.14780086545546,5.834829274699056
2017,EBW,27,,EBW27,ebw27,Groote Combéweg,groote combeweg,,,renumbered-1885,1ebw,27,,1ebw27,address,yes,yes,-55.147737057075624,5.834950054846599
2018,EBW,28,,EBW28,ebw28,Groote Combéweg,groote combeweg,,,renumbered-1885,1ebw,28,,1ebw28,address,yes,yes,-55.1476755275665,5.835093623701227
2019,EBW,29,,EBW29,ebw29,Groote Combéweg,groote combeweg,,,renumbered-1885,1ebw,29,,1ebw29,address,yes,yes,-55.1474173939971,5.834892481212416
2020,EBW,30,,EBW30,ebw30,Groote Combéweg,groote combeweg,,,renumbered-1885,1ebw,30,,1ebw30,address,yes,yes,-55.14752815947844,5.834695927381437
2021,EBW,31,,EBW31,ebw31,Groote Combéweg,groote combeweg,,,renumbered-1885,1ebw,31,,1ebw31,address,yes,yes,-55.14764225516797,5.834482959812465
2022,EBW,32,,EBW32,ebw32,Groote Combéweg,groote combeweg,,,renumbered-1885,1ebw,32,,1ebw32,address,yes,yes,-55.147752368913736,5.834296613473475
2023,EBW,33,,EBW33,ebw33,Groote Combéweg,groote combeweg,,,renumbered-1885,1ebw,33,,1ebw33,address,yes,yes,-55.147840459910356,5.834145842344655
2024,EBW,34,,EBW34,ebw34,Groote Combéweg,groote combeweg,,,renumbered-1885,1ebw,34,,1ebw34,address,yes,yes,-55.147911610330695,5.834023870195495
2025,EBW,35,,EBW35,ebw35,Groote Combéweg,groote combeweg,,,renumbered-1885,1ebw,35,,1ebw35,address,yes,yes,-55.14813861405273,5.833639319114124
2026,EBW,36,a,EBW36a,ebw36a,Groote Combéweg,groote combeweg,,,renumbered-1885,1ebw,36,a,1ebw36,address,yes,yes,-55.14836900589003,5.833175147324271
2027,EBW,37,a,EBW37a,ebw37a,Groote Combéweg,groote combeweg,,,renumbered-1885,1ebw,37,a,1ebw37,address,yes,yes,-55.14853841165276,5.832799066531032
2028,EBW,38,,EBW38,ebw38,Groote Combéweg,groote combeweg,,,renumbered-1885,1ebw,38,,1ebw38,address,yes,yes,-55.14875186291379,5.832461949063221
2029,EBW,39,,EBW39,ebw39,Groote Combéweg,groote combeweg,,,renumbered-1885,1ebw,39,,1ebw39,address,yes,yes,-55.148877223178204,5.832207840419141
2030,EBW,40,,EBW40,ebw40,Groote Combéweg,groote combeweg,,,renumbered-1885,1ebw,40,,1ebw40,address,yes,yes,-55.14902968836465,5.8319062981615
2031,EBW,41,,EBW41,ebw41,Groote Combéweg,groote combeweg,Kerk der Morav. Broeder Gemeente,,renumbered-1885,1ebw,41,,1ebw41,address,yes,yes,-55.14908728632398,5.831801266588611
2032,EBW,42,,EBW42,ebw42,Groote Combéweg,groote combeweg,,,renumbered-1885,1ebw,42,,1ebw42,address,yes,yes,-55.14918215355111,5.831648801402164
2033,EBW,43,,EBW43,ebw43,Groote Combéweg,groote combeweg,,,renumbered-1885,1ebw,43,,1ebw43,address,yes,yes,-55.14937527612061,5.831330318568253
2034,EBW,44,,EBW44,ebw44,Groote Combéweg,groote combeweg,,,renumbered-1885,1ebw,44,,1ebw44,address,yes,yes,-55.14947183740535,5.83121681670723
2035,EBW,45,,EBW45,ebw45,Groote Combéweg,groote combeweg,,,renumbered-1885,1ebw,45,,1ebw45,address,yes,yes,-55.14957856303587,5.831027082252984
2036,EBW,46,,EBW46,ebw46,Groote Combéweg,groote combeweg,,,renumbered-1885,1ebw,46,,1ebw46,address,yes,yes,-55.14965648968672,5.830894945758061
2037,EBW,47,,EBW47,ebw47,Groote Combéweg,groote combeweg,,,renumbered-1885,1ebw,47,,1ebw47,address,yes,yes,-55.14973272227994,5.830722151880088
2038,EBW,48,,EBW48,ebw48,Groote Combéweg,groote combeweg,,,renumbered-1885,1ebw,48,,1ebw48,address,yes,yes,-55.149858082544355,5.830523947137705
2039,EBW,49,,EBW49,ebw49,Groote Combéweg,groote combeweg,,,renumbered-1885,1ebw,49,,1ebw49,address,yes,yes,-55.15013590799523,5.829868346835977
2040,EBW,50,,EBW50,ebw50,Sommelsdijkschestraat (Palmenlaan),sommelsdijkschestraat (palmenlaan),,,renumbered-1885,1ebw,50,,1ebw50,address,yes,yes,-55.14968867678168,5.829997095215645
2041,EBW,51,,EBW51,ebw51,Sommelsdijkschestraat (Palmenlaan),sommelsdijkschestraat (palmenlaan),,,renumbered-1885,1ebw,51,,1ebw51,address,yes,yes,-55.14944812059861,5.82991578044954
2042,EBW,52,,EBW52,ebw52,Sommelsdijkschestraat (Palmenlaan),sommelsdijkschestraat (palmenlaan),,,renumbered-1885,1ebw,52,,1ebw52,address,yes,yes,-55.14921434064606,5.829817525107162
2043,EBW,53,,EBW53,ebw53,Sommelsdijksche kreek,sommelsdijksche kreek,,,renumbered-1885,1ebw,53,,1ebw53,address,yes,yes,-55.14940068698505,5.829041646713907
2044,EBW,54,,EBW54,ebw54,Sommelsdijksche kreek,sommelsdijksche kreek,,,renumbered-1885,1ebw,54,,1ebw54,address,yes,yes,-55.14927193860538,5.828916286449494
2045,EBW,55,,EBW55,ebw55,Sommelsdijksche kreek,sommelsdijksche kreek,,,renumbered-1885,1ebw,55,,1ebw55,address,yes,yes,-55.149143190225715,5.828785844012199
2046,EBW,56,,EBW56,ebw56,Sommelsdijksche kreek,sommelsdijksche kreek,,,renumbered-1885,1ebw,56,,1ebw56,address,yes,yes,-55.14897971366468,5.828646931286773
2047,EBW,57,,EBW57,ebw57,Kleine Combéweg,kleine combeweg,,,renumbered-1885,1ebw,57,,1ebw57,address,yes,yes,-55.14985723551555,5.826746198629052
2048,EBW,58,,EBW58,ebw58,Kleine Combéweg,kleine combeweg,,,renumbered-1885,1ebw,58,,1ebw58,address,yes,yes,-55.14965564265791,5.826937627140924
2049,EBW,59,,EBW59,ebw59,Kleine Combéweg,kleine combeweg,,,renumbered-1885,1ebw,59,,1ebw59,address,yes,yes,-55.14956924571892,5.827022330022287
2050,EBW,60,,EBW60,ebw60,Kleine Combéweg,kleine combeweg,,,renumbered-1885,1ebw,60,,1ebw60,address,yes,yes,-55.14947946066468,5.827113809134155
2051,EBW,61,,EBW61,ebw61,Kleine Combéweg,kleine combeweg,,,renumbered-1885,1ebw,61,,1ebw61,address,yes,yes,-55.14941169835959,5.827193429842634
2052,EBW,62,,EBW62,ebw62,Kleine Combéweg,kleine combeweg,,,renumbered-1885,1ebw,62,,1ebw62,address,yes,yes,-55.149340547939254,5.827276438666366
2053,EBW,63,,EBW63,ebw63,Kleine Combéweg,kleine combeweg,,,renumbered-1885,1ebw,63,,1ebw63,address,yes,yes,-55.149267703461284,5.827349283144335
2054,EBW,64,,EBW64,ebw64,Kleine Combéweg,kleine combeweg,,,renumbered-1885,1ebw,64,,1ebw64,address,yes,yes,-55.14919824709857,5.827439068198577
2055,EBW,65,,EBW65,ebw65,Kleine Combéweg,kleine combeweg,,,renumbered-1885,1ebw,65,,1ebw65,address,yes,yes,-55.14912370856299,5.82752885325282
2056,EBW,66,,EBW66,ebw66,Kleine Combéweg,kleine combeweg,,,renumbered-1885,1ebw,66,,1ebw66,address,yes,yes,-55.14906780466129,5.827593227442654
2057,EBW,67,,EBW67,ebw67,Kleine Dwarsstraat,kleine dwarsstraat,Gouvernements Smederij,,renumbered-1885,1ebw,67,,1ebw67,address,yes,yes,-55.14843761522397,5.827964226063008
2058,EBW,68,,EBW68,ebw68,Kleine Dwarsstraat,kleine dwarsstraat,,,renumbered-1885,1ebw,68,,1ebw68,address,yes,yes,-55.14841220435956,5.828194617900309
2059,EBW,69,,EBW69,ebw69,Kleine Dwarsstraat,kleine dwarsstraat,,,renumbered-1885,1ebw,69,,1ebw69,address,yes,yes,-55.14844947362736,5.828340306856247
2060,EBW,70,,EBW70,ebw70,Kleine Dwarsstraat,kleine dwarsstraat,,,renumbered-1885,1ebw,70,,1ebw70,address,yes,yes,-55.14851045970194,5.828482607696932
2061,EBW,71,,EBW71,ebw71,Kleine Dwarsstraat,kleine dwarsstraat,,,renumbered-1885,1ebw,71,,1ebw71,address,yes,yes,-55.14862565562059,5.828757045032538
2062,EBW,72,,EBW72,ebw72,Kleine Dwarsstraat,kleine dwarsstraat,,,renumbered-1885,1ebw,72,,1ebw72,address,yes,yes,-55.148696806040945,5.828923062680004
2063,EBW,73,,EBW73,ebw73,Kleine Dwarsstraat,kleine dwarsstraat,,,renumbered-1885,1ebw,73,,1ebw73,address,yes,yes,-55.1488001435562,5.829192417842727
2064,EBW,74,,EBW74,ebw74,Kleine Dwarsstraat,kleine dwarsstraat,,,renumbered-1885,1ebw,74,,1ebw74,address,yes,yes,-55.148878070207054,5.829375376066467
2065,EBW,75,b,EBW75b,ebw75b,Kleine Dwarsstraat,kleine dwarsstraat,,,renumbered-1885,1ebw,75,b,1ebw75,address,yes,yes,-55.148935668166374,5.829563416463086
2066,EBW,76,,EBW76,ebw76,Sommelsdijkschestraat (Palmenlaan),sommelsdijkschestraat (palmenlaan),,,renumbered-1885,1ebw,76,,1ebw76,address,yes,yes,-55.1484952131833,5.829546475886814
2067,EBW,77,,EBW77,ebw77,Kleine Dwarsstraat,kleine dwarsstraat,,,renumbered-1885,1ebw,77,,1ebw77,address,yes,yes,-55.14856466954602,5.829299143473244
2068,EBW,78,,EBW78,ebw78,Kleine Dwarsstraat,kleine dwarsstraat,,,renumbered-1885,1ebw,78,,1ebw78,address,yes,yes,-55.14852909433584,5.829207664361376
2069,EBW,79,,EBW79,ebw79,Sommelsdijkschestraat (Palmenlaan),sommelsdijkschestraat (palmenlaan),,,renumbered-1885,1ebw,79,,1ebw79,address,yes,yes,-55.14824449265448,5.829436362141045
2070,EBW,102,,EBW102,ebw102,Leemsteeg,leemsteeg,,,renumbered-1885,1ebw,102,,1ebw102,address,yes,yes,-55.14828982697747,5.829319545671628
2071,EBW,80,,EBW80,ebw80,Kleine Dwarsstraat,kleine dwarsstraat,,,renumbered-1885,1ebw,80,,1ebw80,address,yes,yes,-55.14847996666468,5.829009459618995
2072,EBW,81,,EBW81,ebw81,Kleine Dwarsstraat,kleine dwarsstraat,,,renumbered-1885,1ebw,81,,1ebw81,address,yes,yes,-55.148444391454504,5.828899345873228
2073,EBW,82,,EBW82,ebw82,Kleine Dwarsstraat,kleine dwarsstraat,,,renumbered-1885,1ebw,82,,1ebw82,address,yes,yes,-55.14839356972569,5.828796008357969
2074,EBW,83,,EBW83,ebw83,Kleine Dwarsstraat,kleine dwarsstraat,,,renumbered-1885,1ebw,83,,1ebw83,address,yes,yes,-55.14836646480366,5.828680812439319
2075,EBW,84,,EBW84,ebw84,Kleine Dwarsstraat,kleine dwarsstraat,,,renumbered-1885,1ebw,84,,1ebw84,address,yes,yes,-55.14828006786467,5.828484301754563
2076,EBW,85,,EBW85,ebw85,Kleine Dwarsstraat,kleine dwarsstraat,,,renumbered-1885,1ebw,85,,1ebw85,address,yes,yes,-55.14823094019348,5.828377576124051
2077,EBW,86,,EBW86,ebw86,Kleine Dwarsstraat,kleine dwarsstraat,Bureau vh Bouwdepartement,,renumbered-1885,1ebw,86,,1ebw86,address,yes,yes,-55.148151319485,5.828169207035905
2078,EBW,87,,EBW87,ebw87,Kleine Waterstraat,kleine waterstraat,,,renumbered-1885,1ebw,87,,1ebw87,address,yes,yes,-55.147906528157876,5.82819631195794
2079,EBW,88,,EBW88,ebw88,Kleine Waterstraat,kleine waterstraat,,,renumbered-1885,1ebw,88,,1ebw88,address,yes,yes,-55.14776422731719,5.828220028764719
2080,EBW,89,,EBW89,ebw89,Kleine Waterstraat,kleine waterstraat,,,renumbered-1885,1ebw,89,,1ebw89,address,yes,yes,-55.147635478937524,5.828260686147773
2081,EBW,90,,EBW90,ebw90,Kleine Waterstraat,kleine waterstraat,,,renumbered-1885,1ebw,90,,1ebw90,address,yes,yes,-55.14750503650023,5.828306425703708
2082,EBW,91,,EBW91,ebw91,Kleine Waterstraat,kleine waterstraat,,,renumbered-1885,1ebw,91,,1ebw91,address,yes,yes,-55.14738645246632,5.82835216525964
2083,EBW,92,,EBW92,ebw92,Nepveugracht,nepveugracht,,,renumbered-1885,1ebw,92,,1ebw92,address,yes,yes,-55.147113709188346,5.828485995812191
2084,EBW,93,,EBW93,ebw93,Nepveugracht,nepveugracht,,,renumbered-1885,1ebw,93,,1ebw93,address,yes,yes,-55.14703747659512,5.828584251154568
2085,EBW,94,,EBW94,ebw94,Nepveugracht,nepveugracht,,,renumbered-1885,1ebw,94,,1ebw94,address,yes,yes,-55.1469866548663,5.828694364900336
2086,EBW,95,,EBW95,ebw95,Nepveugracht,nepveugracht,,,renumbered-1885,1ebw,95,,1ebw95,address,yes,yes,-55.146903646042574,5.828834971683394
2087,EBW,96,,EBW96,ebw96,Sommelsdijkschestraat (Palmenlaan),sommelsdijkschestraat (palmenlaan),,,renumbered-1885,1ebw,96,,1ebw96,address,yes,yes,-55.14732885450701,5.829060281347812
2088,EBW,97,,EBW97,ebw97,Sommelsdijkschestraat (Palmenlaan),sommelsdijkschestraat (palmenlaan),,,renumbered-1885,1ebw,97,,1ebw97,address,yes,yes,-55.14745421477142,5.829102632788492
2089,EBW,98,,EBW98,ebw98,Sommelsdijkschestraat (Palmenlaan),sommelsdijkschestraat (palmenlaan),,,renumbered-1885,1ebw,98,,1ebw98,address,yes,yes,-55.14756263445956,5.829156842632562
2090,EBW,99,,EBW99,ebw99,Sommelsdijkschestraat (Palmenlaan),sommelsdijkschestraat (palmenlaan),,,renumbered-1885,1ebw,99,,1ebw99,address,yes,yes,-55.14769646501211,5.829190723785106
2091,EBW,100,,EBW100,ebw100,Sommelsdijkschestraat (Palmenlaan),sommelsdijkschestraat (palmenlaan),,,renumbered-1885,1ebw,100,,1ebw100,address,yes,yes,-55.14778625006635,5.829246627686802
2092,EBW,101,,EBW101,ebw101,Sommelsdijkschestraat (Palmenlaan),sommelsdijkschestraat (palmenlaan),,,renumbered-1885,1ebw,101,,1ebw101,address,yes,yes,-55.147962123844046,5.829312812045599
2093,EBW,103,,EBW103,ebw103,Sommelsdijkschestraat (Palmenlaan),sommelsdijkschestraat (palmenlaan),,,renumbered-1885,1ebw,103,,1ebw103,address,yes,yes,-55.149606870492,5.830409404960163
2094,EBW,104,,EBW104,ebw104,Sommelsdijkschestraat (Palmenlaan),sommelsdijkschestraat (palmenlaan),,,renumbered-1885,1ebw,104,,1ebw104,address,yes,yes,-55.14940632986966,5.830331923356078
2095,EBW,105,,EBW105,ebw105,Sommelsdijkschestraat (Palmenlaan),sommelsdijkschestraat (palmenlaan),,,renumbered-1885,1ebw,105,,1ebw105,address,yes,yes,-55.149205789247326,5.830238489657035
2096,EBW,106,,EBW106,ebw106,Sommelsdijkschestraat (Palmenlaan),sommelsdijkschestraat (palmenlaan),,,renumbered-1885,1ebw,106,,1ebw106,address,yes,yes,-55.14904171055632,5.830170123535782
2097,EBW,107,,EBW107,ebw107,Wichersstraat,wichersstraat,,,renumbered-1885,1ebw,107,,1ebw107,address,yes,yes,-55.148857122028936,5.8302293741742
2098,EBW,108,,EBW108,ebw108,Wichersstraat,wichersstraat,,,renumbered-1885,1ebw,108,,1ebw108,address,yes,yes,-55.14879787139052,5.830325086743952
2099,EBW,109,,EBW109,ebw109,Wichersstraat,wichersstraat,,,renumbered-1885,1ebw,109,,1ebw109,address,yes,yes,-55.148736341881396,5.830470934469288
2100,EBW,110,,EBW110,ebw110,Wichersstraat,wichersstraat,,,renumbered-1885,1ebw,110,,1ebw110,address,yes,yes,-55.148645187053056,5.830628176548166
2101,EBW,111,,EBW111,ebw111,Wichersstraat,wichersstraat,,,renumbered-1885,1ebw,111,,1ebw111,address,yes,yes,-55.1485471956126,5.830796812980586
2102,EBW,112,a,EBW112a,ebw112a,Wichersstraat,wichersstraat,,,renumbered-1885,1ebw,112,a,1ebw112,address,yes,yes,-55.148476550620636,5.83094493957663
2103,EBW,113,,EBW113,ebw113,Eerste dwarsstraat,eerste dwarsstraat,,,renumbered-1885,1ebw,113,,1ebw113,address,yes,yes,-55.1489229627342,5.831213428591983
2104,EBW,114,,EBW114,ebw114,Eerste dwarsstraat,eerste dwarsstraat,,,renumbered-1885,1ebw,114,,1ebw114,address,yes,yes,-55.148804378700284,5.831462455063183
2105,EBW,115,,EBW115,ebw115,Eerste dwarsstraat,eerste dwarsstraat,,,renumbered-1885,1ebw,115,,1ebw115,address,yes,yes,-55.148633278879934,5.831408245219112
2106,EBW,116,,EBW116,ebw116,Wichersstraat,wichersstraat,,,renumbered-1885,1ebw,116,,1ebw116,address,yes,yes,-55.147886199466335,5.832206146361523
2107,EBW,117,,EBW117,ebw117,Tweede Dwarsstraat,tweede dwarsstraat,,,renumbered-1885,1ebw,117,,1ebw117,address,yes,yes,-55.1480894863816,5.832292543300511
2108,EBW,118,,EBW118,ebw118,Tweede Dwarsstraat,tweede dwarsstraat,,,renumbered-1885,1ebw,118,,1ebw118,address,yes,yes,-55.14827413866297,5.832372164008988
2109,EBW,119,,EBW119,ebw119,Wichersstraat,wichersstraat,,,renumbered-1885,1ebw,119,,1ebw119,address,yes,yes,-55.14770493530022,5.832482277754757
2110,EBW,120,,EBW120,ebw120,Wichersstraat,wichersstraat,,,renumbered-1885,1ebw,120,,1ebw120,address,yes,yes,-55.147540611710376,5.832602555846289
2111,EBW,121,,EBW121,ebw121,Wichersstraat,wichersstraat,,,renumbered-1885,1ebw,121,,1ebw121,address,yes,yes,-55.1473610416019,5.832927814910711
2112,EBW,122,,EBW122,ebw122,Wichersstraat,wichersstraat,,,renumbered-1885,1ebw,122,,1ebw122,address,yes,yes,-55.147269562490024,5.833097220673431
2113,EBW,123,,EBW123,ebw123,Derde Dwarsstraat,derde dwarsstraat,,,renumbered-1885,1ebw,123,,1ebw123,address,yes,yes,-55.14747793157818,5.833757903148037
2114,EBW,124,,EBW124,ebw124,Wichersstraat,wichersstraat,,,renumbered-1885,1ebw,124,,1ebw124,address,yes,yes,-55.146938312892445,5.833765042078245
2115,EBW,125,,EBW125,ebw125,Wichersstraat,wichersstraat,,,renumbered-1885,1ebw,125,,1ebw125,address,yes,yes,-55.14683348483986,5.83396786157129
2116,EBW,126,,EBW126,ebw126,Wichersstraat,wichersstraat,,,renumbered-1885,1ebw,126,,1ebw126,address,yes,yes,-55.14666940614885,5.834248162668421
2117,EBW,127,,EBW127,ebw127,Wichersstraat,wichersstraat,,,renumbered-1885,1ebw,127,,1ebw127,address,yes,yes,-55.14661927099327,5.834359827333131
2118,EBW,128,,EBW128,ebw128,Wichersstraat,wichersstraat,,,renumbered-1885,1ebw,128,,1ebw128,address,yes,yes,-55.14652811616494,5.834469213127133
2119,EBW,129,,EBW129,ebw129,Wichersstraat,wichersstraat,,,renumbered-1885,1ebw,129,,1ebw129,address,yes,yes,-55.14618197749337,5.834459243005698
2120,EBW,130,,EBW130,ebw130,Wichersstraat,wichersstraat,,,renumbered-1885,1ebw,130,,1ebw130,address,yes,yes,-55.146237881395066,5.83433727085654
2121,EBW,131,,EBW131,ebw131,Wichersstraat,wichersstraat,,,renumbered-1885,1ebw,131,,1ebw131,address,yes,yes,-55.14629717341202,5.834194970015854
2122,EBW,132,,EBW132,ebw132,Wichersstraat,wichersstraat,,,renumbered-1885,1ebw,132,,1ebw132,address,yes,yes,-55.146371711947616,5.834066221636187
2123,EBW,133,,EBW133,ebw133,Wichersstraat,wichersstraat,,,renumbered-1885,1ebw,133,,1ebw133,address,yes,yes,-55.146459802944236,5.833884957470076
2124,EBW,134,,EBW134,ebw134,Wichersstraat,wichersstraat,,,renumbered-1885,1ebw,134,,1ebw134,address,yes,yes,-55.14663598493747,5.833554616232769
2125,EBW,135,,EBW135,ebw135,Wichersstraat,wichersstraat,,,renumbered-1885,1ebw,135,,1ebw135,address,yes,yes,-55.146840965910364,5.833156512690382
2126,EBW,136,,EBW136,ebw136,Wichersstraat,wichersstraat,,,renumbered-1885,1ebw,136,,1ebw136,address,yes,yes,-55.146995125154426,5.833017599964951
2127,EBW,137,,EBW137,ebw137,Wichersstraat,wichersstraat,,,renumbered-1885,1ebw,137,,1ebw137,address,yes,yes,-55.14733141808959,5.832415950618884
2128,EBW,138,,EBW138,ebw138,Wichersstraat,wichersstraat,,,renumbered-1885,1ebw,138,,1ebw138,address,yes,yes,-55.1474965662121,5.832053681175072
2129,EBW,139,,EBW139,ebw139,Wichersstraat,wichersstraat,,,renumbered-1885,1ebw,139,,1ebw139,address,yes,yes,-55.147748980798546,5.831603061846238
2130,EBW,140,,EBW140,ebw140,Wichersstraat,wichersstraat,,,renumbered-1885,1ebw,140,,1ebw140,address,yes,yes,-55.147901445985,5.831333706683512
2131,EBW,141,,EBW141,ebw141,Wichersstraat,wichersstraat,,,renumbered-1885,1ebw,141,,1ebw141,address,yes,yes,-55.148004783500255,5.831169383093673
2132,EBW,142,,EBW142,ebw142,Wichersstraat,wichersstraat,,,renumbered-1885,1ebw,142,,1ebw142,address,yes,yes,-55.14817249520536,5.830855982432644
2133,EBW,143,,EBW143,ebw143,Wichersstraat,wichersstraat,,,renumbered-1885,1ebw,143,,1ebw143,address,yes,yes,-55.14823348127995,5.830728928110602
2134,EBW,144,a,EBW144a,ebw144a,Wichersstraat,wichersstraat,,,renumbered-1885,1ebw,144,a,1ebw144,address,yes,yes,-55.148323266334195,5.830583239154664
2135,EBW,145,,EBW145,ebw145,Wichersstraat,wichersstraat,,,renumbered-1885,1ebw,145,,1ebw145,address,yes,yes,-55.14845032065624,5.830357929490245
2136,EBW,146,,EBW146,ebw146,Wichersstraat,wichersstraat,,,renumbered-1885,1ebw,146,,1ebw146,address,yes,yes,-55.14852485919184,5.830230875168207
2137,EBW,147,a,EBW147a,ebw147a,Wichersstraat,wichersstraat,,,renumbered-1885,1ebw,147,a,1ebw147,address,yes,yes,-55.148640055110484,5.830052999117351
2138,EBW,148,,EBW148,ebw148,Sommelsdijkschestraat (Palmenlaan),sommelsdijkschestraat (palmenlaan),,,renumbered-1885,1ebw,148,,1ebw148,address,yes,yes,-55.14857568092065,5.829927638852939
2139,EBW,149,,EBW149,ebw149,Sommelsdijkschestraat (Palmenlaan),sommelsdijkschestraat (palmenlaan),,,renumbered-1885,1ebw,149,,1ebw149,address,yes,yes,-55.148351212731676,5.829857918248735
2140,EBW,150,,EBW150,ebw150,Sommelsdijkschestraat (Palmenlaan),sommelsdijkschestraat (palmenlaan),,,renumbered-1885,1ebw,150,,1ebw150,address,yes,yes,-55.148182576299256,5.829775878903233
2141,EBW,151,,EBW151,ebw151,Sommelsdijkschestraat (Palmenlaan),sommelsdijkschestraat (palmenlaan),,,renumbered-1885,1ebw,151,,1ebw151,address,yes,yes,-55.14782023585663,5.829639146660731
2142,EBW,152,,EBW152,ebw152,Crommelinstraat,crommelinstraat,,,renumbered-1885,1ebw,152,,1ebw152,address,yes,yes,-55.14773542833755,5.829773479608865
2143,EBW,153,,EBW153,ebw153,Crommelinstraat,crommelinstraat,,,renumbered-1885,1ebw,153,,1ebw153,address,yes,yes,-55.147620232418895,5.829978460581756
2144,EBW,154,,EBW154,ebw154,Crommelinstraat,crommelinstraat,,,renumbered-1885,1ebw,154,,1ebw154,address,yes,yes,-55.14752197707652,5.830113985191931
2145,EBW,155,,EBW155,ebw155,Crommelinstraat,crommelinstraat,,,renumbered-1885,1ebw,155,,1ebw155,address,yes,yes,-55.14742202767651,5.830303719646175
2146,EBW,156,,EBW156,ebw156,Crommelinstraat,crommelinstraat,,,renumbered-1885,1ebw,156,,1ebw156,address,yes,yes,-55.14730005552737,5.830540887713988
2147,EBW,157,,EBW157,ebw157,Eerste dwarsstraat,eerste dwarsstraat,,,renumbered-1885,1ebw,157,,1ebw157,address,yes,yes,-55.147703241242645,5.831038940656384
2148,EBW,158,,EBW158,ebw158,Eerste dwarsstraat,eerste dwarsstraat,,,renumbered-1885,1ebw,158,,1ebw158,address,yes,yes,-55.14755077605619,5.830972872408925
2149,EBW,159,,EBW159,ebw159,Eerste dwarsstraat,eerste dwarsstraat,,,renumbered-1885,1ebw,159,,1ebw159,address,yes,yes,-55.14736104160195,5.830896639815697
2150,EBW,160,,EBW160,ebw160,Eerste dwarsstraat,eerste dwarsstraat,,,renumbered-1885,1ebw,160,,1ebw160,address,yes,yes,-55.14717977743584,5.83082887751061
2151,EBW,161,,EBW161,ebw161,Crommelinstraat,crommelinstraat,,,renumbered-1885,1ebw,161,,1ebw161,address,yes,yes,-55.14686880733577,5.831344881385947
2152,EBW,162,,EBW162,ebw162,Tweede dwarsstraat,tweede dwarsstraat,,,renumbered-1885,1ebw,162,,1ebw162,address,yes,yes,-55.14660901607502,5.831786982303372
2153,EBW,163,,EBW163,ebw163,Tweede dwarsstraat,tweede dwarsstraat,,,renumbered-1885,1ebw,163,,1ebw163,address,yes,yes,-55.146824025334126,5.831845312086934
2154,EBW,164,,EBW164,ebw164,Tweede dwarsstraat,tweede dwarsstraat,,,renumbered-1885,1ebw,164,,1ebw164,address,yes,yes,-55.14699512515449,5.831908839247952
2155,EBW,165,,EBW165,ebw165,Tweede dwarsstraat,tweede dwarsstraat,,,renumbered-1885,1ebw,165,,1ebw165,address,yes,yes,-55.14714420222568,5.831961355034395
2156,EBW,166,,EBW166,ebw166,Tweede dwarsstraat,tweede dwarsstraat,,,renumbered-1885,1ebw,166,,1ebw166,address,yes,yes,-55.14728819712399,5.832015564878466
2157,EBW,167,,EBW167,ebw167,Tweede dwarsstraat,tweede dwarsstraat,,,renumbered-1885,1ebw,167,,1ebw167,address,yes,yes,-55.1471422718208,5.832302007083466
2158,EBW,168,,EBW168,ebw168,Tweede dwarsstraat,tweede dwarsstraat,,,renumbered-1885,1ebw,168,,1ebw168,address,yes,yes,-55.1469257791035,5.832245035315756
2159,EBW,169,,EBW169,ebw169,Tweede dwarsstraat,tweede dwarsstraat,,,renumbered-1885,1ebw,169,,1ebw169,address,yes,yes,-55.146624968169995,5.832149322746004
2160,EBW,170,,EBW170,ebw170,Crommelinstraat,crommelinstraat,,,renumbered-1885,1ebw,170,,1ebw170,address,yes,yes,-55.14621021370109,5.832486595610845
2161,EBW,171,,EBW171,ebw171,Derde Dwarsstraat,derde dwarsstraat,,,renumbered-1885,1ebw,171,,1ebw171,address,yes,yes,-55.14652248307651,5.833130254797167
2162,EBW,172,,EBW172,ebw172,Derde Dwarsstraat,derde dwarsstraat,,,renumbered-1885,1ebw,172,,1ebw172,address,yes,yes,-55.14621021370104,5.833370797445693
2163,EBW,173,,EBW173,ebw173,Crommelinstraat,crommelinstraat,,,renumbered-1885,1ebw,173,,1ebw173,address,yes,yes,-55.14498076295395,5.834033948821833
2164,EBW,174,,EBW174,ebw174,Crommelinstraat,crommelinstraat,,,renumbered-1885,1ebw,174,,1ebw174,address,yes,yes,-55.14509926423079,5.83384252368233
2165,EBW,175,,EBW175,ebw175,Crommelinstraat,crommelinstraat,,,renumbered-1885,1ebw,175,,1ebw175,address,yes,yes,-55.14519497680054,5.833623752094326
2166,EBW,176,,EBW176,ebw176,Crommelinstraat,crommelinstraat,,,renumbered-1885,1ebw,176,,1ebw176,address,yes,yes,-55.14527245840462,5.833491577593239
2167,EBW,177,,EBW177,ebw177,Crommelinstraat,crommelinstraat,,,renumbered-1885,1ebw,177,,1ebw177,address,yes,yes,-55.14537306497647,5.833318295193788
2168,EBW,178,,EBW178,ebw178,Crommelinstraat,crommelinstraat,,,renumbered-1885,1ebw,178,,1ebw178,address,yes,yes,-55.14547132031885,5.833130254797169
2169,EBW,179,,EBW179,ebw179,Crommelinstraat,crommelinstraat,,,renumbered-1885,1ebw,179,,1ebw179,address,yes,yes,-55.145642774894704,5.832837541699935
2170,EBW,180,,EBW180,ebw180,Crommelinstraat,crommelinstraat,,,renumbered-1885,1ebw,180,,1ebw180,address,yes,yes,-55.145900287284746,5.832422787231011
2171,EBW,181,,EBW181,ebw181,Crommelinstraat,crommelinstraat,,,renumbered-1885,1ebw,181,,1ebw181,address,yes,yes,-55.14611450113133,5.831989801796418
2172,EBW,182,,EBW182,ebw182,Crommelinstraat,crommelinstraat,,,renumbered-1885,1ebw,182,,1ebw182,address,yes,yes,-55.14643810077189,5.831547700878993
2173,EBW,183,,EBW183,ebw183,Crommelinstraat,crommelinstraat,,,renumbered-1885,1ebw,183,,1ebw183,address,yes,yes,-55.14700783058673,5.830458725919081
2174,EBW,184,,EBW184,ebw184,Crommelinstraat,crommelinstraat,,,renumbered-1885,1ebw,184,,1ebw184,address,yes,yes,-55.14714335519692,5.83017412423771
2175,EBW,185,,EBW185,ebw185,Crommelinstraat,crommelinstraat,,,renumbered-1885,1ebw,185,,1ebw185,address,yes,yes,-55.14721619967489,5.830074174837707
2176,EBW,186,,EBW186,ebw186,Crommelinstraat,crommelinstraat,,,renumbered-1885,1ebw,186,,1ebw186,address,yes,yes,-55.1473229253054,5.829879358210579
2177,EBW,187,,EBW187,ebw187,Crommelinstraat,crommelinstraat,,,renumbered-1885,1ebw,187,,1ebw187,address,yes,yes,-55.14740932224439,5.829701482159726
2178,EBW,188,,EBW188,ebw188,Crommelinstraat,crommelinstraat,,,renumbered-1885,1ebw,188,,1ebw188,address,yes,yes,-55.14751774193253,5.829499889302086
2179,EBW,189,,EBW189,ebw189,Nepveugracht,nepveugracht,Woning v.d. Districts Commissaris,,renumbered-1885,1ebw,189,,1ebw189,address,yes,yes,-55.146634199116036,5.8293355321192
2180,EBW,190,,EBW190,ebw190,Nepveugracht,nepveugracht,,,renumbered-1885,1ebw,190,,1ebw190,address,yes,yes,-55.14639822053458,5.829618636824352
2181,EBW,192,,EBW192,ebw192,Nepveugracht,nepveugracht,,,renumbered-1885,1ebw,192,,1ebw192,address,yes,yes,-55.14618400668799,5.830190633372156
2182,EBW,191,,EBW191,ebw191,Nepveugracht,nepveugracht,,,renumbered-1885,1ebw,191,,1ebw191,address,yes,yes,-55.146263767162786,5.829937678723526
2183,EBW,193,,EBW193,ebw193,Nepveugracht,nepveugracht,,,renumbered-1885,1ebw,193,,1ebw193,address,yes,yes,-55.14600283089938,5.830403245531791
2184,EBW,194,,EBW194,ebw194,Nepveugracht,nepveugracht,,,renumbered-1885,1ebw,194,,1ebw194,address,yes,yes,-55.1458435894824,5.830655660118242
2185,EBW,195,,EBW195,ebw195,Nepveugracht,nepveugracht,,,renumbered-1885,1ebw,195,,1ebw195,address,yes,yes,-55.14577413311969,5.830770856036892
2186,EBW,196,,EBW196,ebw196,Nepveugracht,nepveugracht,,,renumbered-1885,1ebw,196,,1ebw196,address,yes,yes,-55.14569620646885,5.830909768762325
2187,EBW,197,,EBW197,ebw197,Tweede Dwarsstraat,tweede dwarsstraat,,,renumbered-1885,1ebw,197,,1ebw197,address,yes,yes,-55.1457741331197,5.831443396914894
2188,EBW,198,,EBW198,ebw198,Tweede Dwarsstraat,tweede dwarsstraat,,,renumbered-1885,1ebw,198,,1ebw198,address,yes,yes,-55.14596556163158,5.831521323565745
2189,EBW,199,,EBW199,ebw199,Tweede Dwarsstraat,tweede dwarsstraat,,,renumbered-1885,1ebw,199,,1ebw199,address,yes,yes,-55.14588921299916,5.831856194610352
2190,EBW,200,,EBW200,ebw200,Tweede Dwarsstraat,tweede dwarsstraat,,,renumbered-1885,1ebw,200,,1ebw200,address,yes,yes,-55.145765546792376,5.831813843169671
2191,EBW,201,,EBW201,ebw201,Tweede Dwarsstraat,tweede dwarsstraat,,,renumbered-1885,1ebw,201,,1ebw201,address,yes,yes,-55.14561985783644,5.831761327383227
2192,EBW,202,,EBW202,ebw202,Tweede Dwarsstraat,tweede dwarsstraat,,,renumbered-1885,1ebw,202,,1ebw202,address,yes,yes,-55.145394548172014,5.831685094790003
2193,EBW,203,,EBW203,ebw203,Nepveugracht,nepveugracht,,,renumbered-1885,1ebw,203,,1ebw203,address,yes,yes,-55.145140283903544,5.831832559717542
2194,EBW,204,,EBW204,ebw204,Nepveugracht,nepveugracht,,,renumbered-1885,1ebw,204,,1ebw204,address,yes,yes,-55.14501494601459,5.832067283400504
2195,EBW,205,,EBW205,ebw205,Nepveugracht,nepveugracht,,,renumbered-1885,1ebw,205,,1ebw205,address,yes,yes,-55.14487137715996,5.832370373204719
2196,EBW,207,,EBW207,ebw207,Nepveugracht,nepveugracht,,,renumbered-1885,1ebw,207,,1ebw207,address,yes,yes,-55.14494743299754,5.831611108619986
2197,EBW,206,,EBW206,ebw206,Nepveugracht,nepveugracht,,,renumbered-1885,1ebw,206,,1ebw206,address,yes,yes,-55.144632338278875,5.832153207060689
2198,EBW,208,,EBW208,ebw208,Nepveugracht,nepveugracht,,,renumbered-1885,1ebw,208,,1ebw208,address,yes,yes,-55.144920328075486,5.831097809158941
2199,EBW,209,,EBW209,ebw209,Nepveugracht,nepveugracht,,,renumbered-1885,1ebw,209,,1ebw209,address,yes,yes,-55.14498470226532,5.83090468658944
2200,EBW,210,,EBW210,ebw210,Nepveugracht,nepveugracht,,,renumbered-1885,1ebw,210,,1ebw210,address,yes,yes,-55.14505924080092,5.830755609518244
2201,EBW,211,a,EBW211a,ebw211a,Grote Waterstraat,grote waterstraat,,,renumbered-1885,1ebw,211,a,1ebw211,address,yes,yes,-55.14601638336028,5.829439326741908
2202,EBW,212,,EBW212,ebw212,Grote Waterstraat,grote waterstraat,,,renumbered-1885,1ebw,212,,1ebw212,address,yes,yes,-55.14464576895988,5.829889822438654
2203,EBW,213,aa,EBW213aa,ebw213aa,Grote Waterstraat,grote waterstraat,,,renumbered-1885,1ebw,213,aa,1ebw213,address,yes,yes,-55.14374151612005,5.830721918074548
2204,EBW,214,a,EBW214a,ebw214a,Tweede Dwarsstraat,tweede dwarsstraat,,,renumbered-1885,1ebw,214,a,1ebw214,address,yes,yes,-55.144816143531386,5.831410362791158
2205,EBW,215,,EBW215,ebw215,Tweede Dwarsstraat,tweede dwarsstraat,,,renumbered-1885,1ebw,215,,1ebw215,address,yes,yes,-55.144239316909335,5.831215546164032
2206,EBW,216,,EBW216,ebw216,Tweede Dwarsstraat,tweede dwarsstraat,,,renumbered-1885,1ebw,216,,1ebw216,address,yes,yes,-55.144142755624586,5.831193523414877
2207,EBW,217,,EBW217,ebw217,Tweede Dwarsstraat,tweede dwarsstraat,,,renumbered-1885,1ebw,217,,1ebw217,address,yes,yes,-55.14398690232288,5.831125761109789
2208,EBW,218,,EBW218,ebw218,Tweede Dwarsstraat,tweede dwarsstraat,,,renumbered-1885,1ebw,218,,1ebw218,address,yes,yes,-55.14381749656016,5.831068163150464
2209,EBW,219,,EBW219,ebw219,Tweede Dwarsstraat,tweede dwarsstraat,,,renumbered-1885,1ebw,219,,1ebw219,address,yes,yes,-55.14363453833642,5.83100378896063
2210,EBW,220,a,EBW220a,ebw220a,Mauriciusstraat,mauriciusstraat,,,renumbered-1885,1ebw,220,a,1ebw220,address,yes,yes,-55.1434143108449,5.831383257869123
2211,EBW,221,a,EBW221a,ebw221a,Mauriciusstraat,mauriciusstraat,,,renumbered-1885,1ebw,221,a,1ebw221,address,yes,yes,-55.143217800160144,5.831664471435239
2212,EBW,222,a,EBW222a,ebw222a,Mauriciusstraat,mauriciusstraat,,,renumbered-1885,1ebw,222,a,1ebw222,address,yes,yes,-55.14299757266859,5.832071045265769
2213,EBW,223,a,EBW223a,ebw223a,Mauriciusstraat,mauriciusstraat,,,renumbered-1885,1ebw,223,a,1ebw223,address,yes,yes,-55.14273137689022,5.832492525875377
2214,EBW,224,a,EBW224a,ebw224a,Vierde dwarsstraat of Bamboeslaan,vierde dwarsstraat of bamboeslaan,,,renumbered-1885,1ebw,224,a,1ebw224,address,yes,yes,-55.142502907841425,5.832919768136999
2215,EBW,225,,EBW225,ebw225,Mauriciusstraat,mauriciusstraat,,,renumbered-1885,1ebw,225,,1ebw225,address,yes,yes,-55.142313173387166,5.83266396543529
2216,EBW,226,,EBW226,ebw226,Grote Waterstraat,grote waterstraat,,,renumbered-1885,1ebw,226,,1ebw226,address,yes,yes,-55.14344754179867,5.830334510054124
2217,EBW,227,,EBW227,ebw227,Grote Waterstraat,grote waterstraat,,,renumbered-1885,1ebw,227,,1ebw227,address,yes,yes,-55.14335410809963,5.830355019890499
2218,EBW,228,,EBW228,ebw228,Grote Waterstraat,grote waterstraat,,,renumbered-1885,1ebw,228,,1ebw228,address,yes,yes,-55.143244722305624,5.830421107141042
2219,EBW,229,,EBW229,ebw229,Grote Waterstraat,grote waterstraat,,,renumbered-1885,1ebw,229,,1ebw229,address,yes,yes,-55.14292340153575,5.83055100277142
2220,EBW,230,,EBW230,ebw230,Grote Waterstraat,grote waterstraat,,,renumbered-1885,1ebw,230,,1ebw230,address,yes,yes,-55.14268586606515,5.830609073533492
2221,EBW,231,a,EBW231a,ebw231a,Grote Waterstraat,grote waterstraat,,,renumbered-1885,1ebw,231,a,1ebw231,address,yes,yes,-55.14194895099732,5.830908074704695
2222,EBW,232,,EBW232,ebw232,Grote Waterstraat,grote waterstraat,,,renumbered-1885,1ebw,232,,1ebw232,address,yes,yes,-55.14175413437019,5.830980919182663
2223,EBW,233,,EBW233,ebw233,Grote Waterstraat,grote waterstraat,,,renumbered-1885,1ebw,233,,1ebw233,address,yes,yes,-55.141581340492216,5.831038517141987
2224,EBW,234,,EBW234,ebw234,Grote Waterstraat,grote waterstraat,,,renumbered-1885,1ebw,234,,1ebw234,address,yes,yes,-55.14079360369554,5.831343447514882
2225,EBW,235,a,EBW235a,ebw235a,Grote Waterstraat,grote waterstraat,,,renumbered-1885,1ebw,235,a,1ebw235,address,yes,yes,-55.14068179589214,5.831375634609798
2226,EBW,236,,EBW236,ebw236,Grote Waterstraat,grote waterstraat,,,renumbered-1885,1ebw,236,,1ebw236,address,yes,yes,-55.14050053172603,5.831441702857259
2227,EBW,237,,EBW237,ebw237,Grote Waterstraat,grote waterstraat,,,renumbered-1885,1ebw,237,,1ebw237,address,yes,yes,-55.14010242818364,5.831592473986079
2228,EBW,238,,EBW238,ebw238,Grote Waterstraat,grote waterstraat,,,renumbered-1885,1ebw,238,,1ebw238,address,yes,yes,-55.1397398998514,5.831348529687761
2229,EBW,239,,EBW239,ebw239,Grote Waterstraat,grote waterstraat,,,renumbered-1885,1ebw,239,,1ebw239,address,yes,yes,-55.140248117139556,5.831148630887753
2230,EBW,240,a,EBW240a,ebw240a,Grote Waterstraat,grote waterstraat,,,renumbered-1885,1ebw,240,a,1ebw240,address,yes,yes,-55.14042938130568,5.831118137850463
2231,EBW,241,,EBW241,ebw241,Grote Waterstraat,grote waterstraat,Stoom Houtzaagmolen,,renumbered-1885,1ebw,241,,1ebw241,address,yes,yes,-55.140568294031105,5.831060539891139
2232,EBW,242,,EBW242,ebw242,Grote Waterstraat,grote waterstraat,Stoom Houtzaagmolen,,renumbered-1885,1ebw,242,,1ebw242,address,yes,yes,-55.141004592399284,5.830876881282719
2233,EBW,243,,EBW243,ebw243,Grote Waterstraat,grote waterstraat,,,renumbered-1885,1ebw,243,,1ebw243,address,yes,yes,-55.14207261720406,5.830486254355517
2234,EBW,244,,EBW244,ebw244,Grote Waterstraat,grote waterstraat,,,renumbered-1885,1ebw,244,,1ebw244,address,yes,yes,-55.14268586606511,5.830242310057201
2235,EBW,250,,EBW250,ebw250,Grote Waterstraat,grote waterstraat,,,renumbered-1885,1ebw,250,,1ebw250,address,yes,yes,-55.14579887753833,5.829069428983638
2236,EBW,251,,EBW251,ebw251,Grote Waterstraat,grote waterstraat,,,renumbered-1885,1ebw,251,,1ebw251,address,yes,yes,-55.14688361999552,5.828039379423452
2237,EBW,248,,EBW248,ebw248,Grote Waterstraat,grote waterstraat,,,renumbered-1885,1ebw,248,,1ebw248,address,yes,yes,-55.14428844458044,5.82965955423344
2238,EBW,247,,EBW247,ebw247,Grote Waterstraat,grote waterstraat,,,renumbered-1885,1ebw,247,,1ebw247,address,yes,yes,-55.14410209824145,5.829727316538528
2239,EBW,246,,EBW246,ebw246,Grote Waterstraat,grote waterstraat,,,renumbered-1885,1ebw,246,,1ebw246,address,yes,yes,-55.14392252813296,5.829795078843615
2240,EBW,245,,EBW245,ebw245,Grote Waterstraat,grote waterstraat,,,renumbered-1885,1ebw,245,,1ebw245,address,yes,yes,-55.14370568875668,5.829873005494466
2241,EBW,253,,EBW253,ebw253,Kleine Waterstraat,kleine waterstraat,Koelie Depot Spiritus Entrpot en Marine Magazijnen,,renumbered-1885,1ebw,253,,1ebw253,address,yes,yes,-55.14811362670266,5.827342083399421
2242,EBW,252,,EBW252,ebw252,Kleine Waterstraat,kleine waterstraat,Woning v.d. Chef v.h. Bouwdepartement,,renumbered-1885,1ebw,252,,1ebw252,address,yes,yes,-55.1476494549128,5.827846912572329
2243,EBW,,,EBW,ebw,Kleine Waterstraat,kleine waterstraat,,,renumbered-1885,1ebw,,,,non-address-annotation,no,yes,-55.148344018539916,5.827709693904527
2244,EBW,,,EBW,ebw,,,,,renumbered-1885,1ebw,,,,non-address-annotation,no,yes,-55.14449850772615,5.829285167497826
2245,EBW,,,EBW,ebw,,,,,renumbered-1885,1ebw,,,,non-address-annotation,no,yes,-55.14687018840423,5.827624991023165
2246,,,,,,,,,,unknown,,,,,insufficient-address-components,no,yes,-55.14568095994992,5.840086478928876
2247,TBW,2,,TBW2,tbw2,Weg van Charlesburg,weg van charlesburg,,,renumbered-1885,2ebw,2,,2ebw2,address,yes,yes,-55.16428077136734,5.838965248946954
2248,TBW,3,,TBW3,tbw3,Weg van Charlesburg,weg van charlesburg,,,renumbered-1885,2ebw,3,,2ebw3,address,yes,yes,-55.1655314467068,5.839245272543843
2249,TBW,4,,TBW4,tbw4,Weg van Charlesburg,weg van charlesburg,,,renumbered-1885,2ebw,4,,2ebw4,address,yes,yes,-55.166361361201226,5.839503532648746
2250,TBW,10,,TBW10,tbw10,Weg naar Zee,weg naar zee,,,renumbered-1885,2ebw,10,,2ebw10,address,yes,yes,-55.16672408606765,5.840696172009589
2251,TBW,9,,TBW9,tbw9,Weg naar Zee,weg naar zee,,,renumbered-1885,2ebw,9,,2ebw9,address,yes,yes,-55.166673304586354,5.842467720257264
2252,TBW,7,,TBW7,tbw7,Weg naar Zee,weg naar zee,,,renumbered-1885,2ebw,7,,2ebw7,address,yes,yes,-55.166319285116714,5.844723868926496
2253,TBW,8,a,TBW8a,tbw8a,Weg naar Zee,weg naar zee,,,renumbered-1885,2ebw,8,a,2ebw8,address,yes,yes,-55.16668200998315,5.844741279720085
2254,TBW,11,a,TBW11a,tbw11a,Oude laan van Charlesburg,oude laan van charlesburg,,,renumbered-1885,2ebw,11,a,2ebw11,address,yes,yes,-55.16464784893217,5.838511117414186
2255,TBW,12,,TBW12,tbw12,Oude laan van Charlesburg,oude laan van charlesburg,,,renumbered-1885,2ebw,12,,2ebw12,address,yes,yes,-55.16533291502457,5.835885328849237
2256,TBW,13,,TBW13,tbw13,Oude laan van Charlesburg,oude laan van charlesburg,,,renumbered-1885,2ebw,13,,2ebw13,address,yes,yes,-55.16539385280213,5.835690908320827
2257,TBW,14,,TBW14,tbw14,Oude laan van Charlesburg,oude laan van charlesburg,,,renumbered-1885,2ebw,14,,2ebw14,address,yes,yes,-55.16541416539465,5.835505193189213
2258,TBW,15,,TBW15,tbw15,Oude laan van Charlesburg,oude laan van charlesburg,,,renumbered-1885,2ebw,15,,2ebw15,address,yes,yes,-55.165457692378624,5.835374612237295
2259,TBW,16,,TBW16,tbw16,Oude laan van Charlesburg,oude laan van charlesburg,,,renumbered-1885,2ebw,16,,2ebw16,address,yes,yes,-55.165533139150845,5.835159879116365
2260,TBW,17,a,TBW17a,tbw17a,Oude laan van Charlesburg,oude laan van charlesburg,,,renumbered-1885,2ebw,17,a,2ebw17,address,yes,yes,-55.16565211290703,5.834715903879848
2261,TBW,18,a,TBW18a,tbw18a,Rijweg naar Kwatta,rijweg naar kwatta,,,renumbered-1885,2ebw,18,a,2ebw18,address,yes,yes,-55.166142516926456,5.834443134780288
2262,TBW,19,b,TBW19b,tbw19b,Rijweg naar Kwatta,rijweg naar kwatta,,,renumbered-1885,2ebw,19,b,2ebw19,address,yes,yes,-55.16632242846021,5.834495367161056
2263,TBW,20,,TBW20,tbw20,Rijweg naar Kwatta,rijweg naar kwatta,Begraafplaats der Israel. Gemeente,,renumbered-1885,2ebw,20,,2ebw20,address,yes,yes,-55.167248102319355,5.834890011815736
2264,TBW,21,,TBW21,tbw21,Rijweg naar Kwatta,rijweg naar kwatta,,,renumbered-1885,2ebw,21,,2ebw21,address,yes,yes,-55.167753015333425,5.835069923349488
2265,TBW,22,,TBW22,tbw22,Rijweg naar Kwatta,rijweg naar kwatta,,,renumbered-1885,2ebw,22,,2ebw22,address,yes,yes,-55.16797065025329,5.835130861127048
2266,TBW,23,,TBW23,tbw23,Rijweg naar Kwatta,rijweg naar kwatta,,,renumbered-1885,2ebw,23,,2ebw23,address,yes,yes,-55.168109936602,5.835191798904612
2267,TBW,24,,TBW24,tbw24,Rijweg naar Kwatta,rijweg naar kwatta,,,renumbered-1885,2ebw,24,,2ebw24,address,yes,yes,-55.16828694633683,5.835238227687515
2268,TBW,25,,TBW25,tbw25,Rijweg naar Kwatta,rijweg naar kwatta,,,renumbered-1885,2ebw,25,,2ebw25,address,yes,yes,-55.16851038485455,5.83532818345439
2269,TBW,26,a,TBW26a,tbw26a,Rijweg naar Kwatta,rijweg naar kwatta,,,renumbered-1885,2ebw,26,a,2ebw26,address,yes,yes,-55.168847421078645,5.835410695168674
2270,TBW,27,,TBW27,tbw27,Rijweg naar Kwatta,rijweg naar kwatta,,,renumbered-1885,2ebw,27,,2ebw27,address,yes,yes,-55.16951730908377,5.835670595728305
2271,TBW,28,,TBW28,tbw28,Rijweg naar Kwatta,rijweg naar kwatta,,,renumbered-1885,2ebw,28,,2ebw28,address,yes,yes,-55.16972188590844,5.835746042500526
2272,TBW,29,,TBW29,tbw29,Rijweg naar Kwatta,rijweg naar kwatta,,,renumbered-1885,2ebw,29,,2ebw29,address,yes,yes,-55.16992791363258,5.83582294017221
2273,TBW,30,,TBW30,tbw30,Rijweg naar Kwatta,rijweg naar kwatta,,,renumbered-1885,2ebw,30,,2ebw30,address,yes,yes,-55.170196330033754,5.835917248637484
2274,TBW,31,,TBW31,tbw31,Rijweg naar Kwatta,rijweg naar kwatta,,,renumbered-1885,2ebw,31,,2ebw31,address,yes,yes,-55.17032691098567,5.835940463028938
2275,TBW,32,,TBW32,tbw32,Rijweg naar Kwatta,rijweg naar kwatta,Begraafplaats der Isr. Gemeente,,renumbered-1885,2ebw,32,,2ebw32,address,yes,yes,-55.17103930262335,5.836187115938115
2276,TBW,33,,TBW33,tbw33,Rijweg naar Kwatta,rijweg naar kwatta,,,renumbered-1885,2ebw,33,,2ebw33,address,yes,yes,-55.17335348727121,5.836857431491286
2277,TBW,34,,TBW34,tbw34,Tweede Rijweg,tweede rijweg,,,renumbered-1885,2ebw,34,,2ebw34,address,yes,yes,-55.192238394717315,5.835688006521896
2278,TBW,35,,TBW35,tbw35,Tweede Rijweg,tweede rijweg,,,renumbered-1885,2ebw,35,,2ebw35,address,yes,yes,-55.191820535671184,5.837521943446595
2279,TBW,36,,TBW36,tbw36,Rijweg naar Kwatta,rijweg naar kwatta,,,renumbered-1885,2ebw,36,,2ebw36,address,yes,yes,-55.190462493771236,5.840980887772927
2280,TBW,37,,TBW37,tbw37,Rijweg naar Kwatta,rijweg naar kwatta,,,renumbered-1885,2ebw,37,,2ebw37,address,yes,yes,-55.18947588213453,5.840853208619941
2281,TBW,39,a,TBW39a,tbw39a,Rijweg naar Kwatta,rijweg naar kwatta,,,renumbered-1885,2ebw,39,a,2ebw39,address,yes,yes,-55.188524092085004,5.840679100684053
2282,TBW,40,,TBW40,tbw40,Rijweg naar Kwatta,rijweg naar kwatta,,,renumbered-1885,2ebw,40,,2ebw40,address,yes,yes,-55.18763614161197,5.840534010737477
2283,TBW,41,,TBW41,tbw41,Rijweg naar Kwatta,rijweg naar kwatta,,,renumbered-1885,2ebw,41,,2ebw41,address,yes,yes,-55.186870066694055,5.840455662166327
2284,TBW,45,,TBW45,tbw45,Eerste Rijweg,eerste rijweg,,,renumbered-1885,2ebw,45,,2ebw45,address,yes,yes,-55.185236353895654,5.831312093733217
2285,TBW,47,,TBW47,tbw47,Eerste Rijweg,eerste rijweg,,,renumbered-1885,2ebw,47,,2ebw47,address,yes,yes,-55.18556135537597,5.829095119349564
2286,TBW,46,,TBW46,tbw46,Eerste Rijweg,eerste rijweg,,,renumbered-1885,2ebw,46,,2ebw46,address,yes,yes,-55.18539305103794,5.830424143260183
2287,TBW,44,,TBW44,tbw44,Eerste Rijweg,eerste rijweg,,,renumbered-1885,2ebw,44,,2ebw44,address,yes,yes,-55.185271175482804,5.833180852245093
2288,TBW,43,,TBW43,tbw43,Eerste Rijweg,eerste rijweg,,,renumbered-1885,2ebw,43,,2ebw43,address,yes,yes,-55.1852247466999,5.834956753191163
2289,TBW,42,,TBW42,tbw42,Eerste Rijweg,eerste rijweg,,,renumbered-1885,2ebw,42,,2ebw42,address,yes,yes,-55.18524796109135,5.836570153397067
2290,TBW,48,,TBW48,tbw48,Eerste Rijweg,eerste rijweg,,,renumbered-1885,2ebw,48,,2ebw48,address,yes,yes,-55.184846737878985,5.829856237099503
2291,TBW,49,,TBW49,tbw49,Eerste Rijweg,eerste rijweg,,,renumbered-1885,2ebw,49,,2ebw49,address,yes,yes,-55.18473144088155,5.832455402512222
2292,TBW,50,,TBW50,tbw50,Eerste Rijweg,eerste rijweg,,,renumbered-1885,2ebw,50,,2ebw50,address,yes,yes,-55.184673404902924,5.833285317006625
2293,TBW,51,,TBW51,tbw51,Eerste Rijweg,eerste rijweg,,,renumbered-1885,2ebw,51,,2ebw51,address,yes,yes,-55.18461536892429,5.834266125045469
2294,TBW,52,,TBW52,tbw52,Rijweg naar Kwatta,rijweg naar kwatta,,,renumbered-1885,2ebw,52,,2ebw52,address,yes,yes,-55.18426715305251,5.839704096243072
2295,TBW,53,,TBW53,tbw53,Rijweg naar Kwatta,rijweg naar kwatta,Begraafplaats der Israel. Gemeente,,renumbered-1885,2ebw,53,,2ebw53,address,yes,yes,-55.17215504431248,5.836129079959481
2296,TBW,54,,TBW54,tbw54,Rijweg naar Kwatta,rijweg naar kwatta,,,renumbered-1885,2ebw,54,,2ebw54,address,yes,yes,-55.171137963787004,5.835914346838552
2297,TBW,55,,TBW55,tbw55,Rijweg naar Kwatta,rijweg naar kwatta,,,renumbered-1885,2ebw,55,,2ebw55,address,yes,yes,-55.17093338696233,5.835865016256719
2298,TBW,56,,TBW56,tbw56,Rijweg naar Kwatta,rijweg naar kwatta,,,renumbered-1885,2ebw,56,,2ebw56,address,yes,yes,-55.17078684611629,5.835837449166868
2299,TBW,57,,TBW57,tbw57,Rijweg naar Kwatta,rijweg naar kwatta,,,renumbered-1885,2ebw,57,,2ebw57,address,yes,yes,-55.17061273818041,5.835784491336369
2300,TBW,58,,TBW58,tbw58,Rijweg naar Kwatta,rijweg naar kwatta,,,renumbered-1885,2ebw,58,,2ebw58,address,yes,yes,-55.170474902731165,5.835738788003197
2301,TBW,59,a,TBW59a,tbw59a,Rijweg naar Kwatta,rijweg naar kwatta,,,renumbered-1885,2ebw,59,a,2ebw59,address,yes,yes,-55.17029208939848,5.835682928373767
2302,TBW,60,aa,TBW60aa,tbw60aa,Rijweg naar Kwatta,rijweg naar kwatta,,,renumbered-1885,2ebw,60,aa,2ebw60,address,yes,yes,-55.16984521236303,5.835514624035739
2303,TBW,61,,TBW61,tbw61,Rijweg naar Kwatta,rijweg naar kwatta,,,renumbered-1885,2ebw,61,,2ebw61,address,yes,yes,-55.16938600268211,5.835349221496644
2304,TBW,62,,TBW62,tbw62,Rijweg naar Kwatta,rijweg naar kwatta,,,renumbered-1885,2ebw,62,,2ebw62,address,yes,yes,-55.16909727368843,5.835249109433508
2305,TBW,63,,TBW63,tbw63,Rijweg naar Kwatta,rijweg naar kwatta,,,renumbered-1885,2ebw,63,,2ebw63,address,yes,yes,-55.16893187114933,5.835179466259153
2306,TBW,64,,TBW64,tbw64,Rijweg naar Kwatta,rijweg naar kwatta,,,renumbered-1885,2ebw,64,,2ebw64,address,yes,yes,-55.16824559570204,5.834945871445168
2307,TBW,65,,TBW65,tbw65,Rijweg naar Kwatta,rijweg naar kwatta,,,renumbered-1885,2ebw,65,,2ebw65,address,yes,yes,-55.16795686670836,5.83483995578417
2308,TBW,66,,TBW66,tbw66,Rijweg naar Kwatta,rijweg naar kwatta,,,renumbered-1885,2ebw,66,,2ebw66,address,yes,yes,-55.16734168533488,5.834606360970184
2309,TBW,67,,TBW67,tbw67,Rijweg naar Kwatta,rijweg naar kwatta,,,renumbered-1885,2ebw,67,,2ebw67,address,yes,yes,-55.1668919065005,5.834455467425745
2310,TBW,68,,TBW68,tbw68,Rijweg naar Kwatta,rijweg naar kwatta,,,renumbered-1885,2ebw,68,,2ebw68,address,yes,yes,-55.16663074459667,5.834356806262075
2311,TBW,69,,TBW69,tbw69,Rijweg naar Kwatta,rijweg naar kwatta,,,renumbered-1885,2ebw,69,,2ebw69,address,yes,yes,-55.16641891327467,5.834266850495201
2312,TBW,70,a,TBW70a,tbw70a,Rijweg naar Kwatta,rijweg naar kwatta,,,renumbered-1885,2ebw,70,a,2ebw70,address,yes,yes,-55.16603587581571,5.834147876739007
2313,TBW,71,,TBW71,tbw71,Wanicastraat,wanicastraat,,,renumbered-1885,2ebw,71,,2ebw71,address,yes,yes,-55.16607359920182,5.833699548804094
2314,TBW,72,,TBW72,tbw72,Wanicastraat,wanicastraat,,,renumbered-1885,2ebw,72,,2ebw72,address,yes,yes,-55.1662029047081,5.833522114048088
2315,TBW,73,b,TBW73b,tbw73b,Wanicastraat,wanicastraat,,,renumbered-1885,2ebw,73,b,2ebw73,address,yes,yes,-55.16682661602454,5.832427109972637
2316,TBW,74,,TBW74,tbw74,Koningsstraat,koningsstraat,,,renumbered-1885,2ebw,74,,2ebw74,address,yes,yes,-55.16764637422266,5.832852223516098
2317,TBW,75,,TBW75,tbw75,Koningsstraat,koningsstraat,,,renumbered-1885,2ebw,75,,2ebw75,address,yes,yes,-55.16793075051795,5.833014724256261
2318,TBW,76,,TBW76,tbw76,Koningsstraat,koningsstraat,,,renumbered-1885,2ebw,76,,2ebw76,address,yes,yes,-55.168091800358646,5.833106130922602
2319,TBW,77,,TBW77,tbw77,Koningsstraat,koningsstraat,,,renumbered-1885,2ebw,77,,2ebw77,address,yes,yes,-55.168206421416436,5.83317577409696
2320,TBW,78,,TBW78,tbw78,Koningsstraat,koningsstraat,,,renumbered-1885,2ebw,78,,2ebw78,address,yes,yes,-55.168397940145915,5.833271533461698
2321,TBW,79,,TBW79,tbw79,Koningsstraat,koningsstraat,,,renumbered-1885,2ebw,79,,2ebw79,address,yes,yes,-55.16848934681227,5.833317962244601
2322,TBW,80,,TBW80,tbw80,Koningsstraat,koningsstraat,,,renumbered-1885,2ebw,80,,2ebw80,address,yes,yes,-55.16859236067434,5.833371645524833
2323,TBW,81,,TBW81,tbw81,Koningsstraat,koningsstraat,,,renumbered-1885,2ebw,81,,2ebw81,address,yes,yes,-55.16875195961557,5.833454346794381
2324,TBW,82,,TBW82,tbw82,Koningsstraat,koningsstraat,,,renumbered-1885,2ebw,82,,2ebw82,address,yes,yes,-55.16891446035574,5.83353994986286
2325,TBW,83,,TBW83,tbw83,Koningsstraat,koningsstraat,,,renumbered-1885,2ebw,83,,2ebw83,address,yes,yes,-55.16916401506384,5.833693745206229
2326,TBW,84,,TBW84,tbw84,Koningsstraat,koningsstraat,,,renumbered-1885,2ebw,84,,2ebw84,address,yes,yes,-55.169240912735525,5.833740173989132
2327,TBW,85,,TBW85,tbw85,Koningsstraat,koningsstraat,,,renumbered-1885,2ebw,85,,2ebw85,address,yes,yes,-55.169401962576224,5.833837384253338
2328,TBW,86,,TBW86,tbw86,Koningsstraat,koningsstraat,,,renumbered-1885,2ebw,86,,2ebw86,address,yes,yes,-55.169564463316384,5.833920085522885
2329,TBW,87,,TBW87,tbw87,Koningsstraat,koningsstraat,,,renumbered-1885,2ebw,87,,2ebw87,address,yes,yes,-55.16980821442664,5.834050666474801
2330,TBW,88,,TBW88,tbw88,Koningsstraat,koningsstraat,,,renumbered-1885,2ebw,88,,2ebw88,address,yes,yes,-55.16989962109297,5.834104349755033
2331,TBW,89,,TBW89,tbw89,Koningsstraat,koningsstraat,,,renumbered-1885,2ebw,89,,2ebw89,address,yes,yes,-55.17006647453154,5.834176894728321
2332,TBW,90,a,TBW90a,tbw90a,Koningsstraat,koningsstraat,,,renumbered-1885,2ebw,90,a,2ebw90,address,yes,yes,-55.170305872943366,5.834329239172223
2333,TBW,91,,TBW91,tbw91,Koningsstraat,koningsstraat,,,renumbered-1885,2ebw,91,,2ebw91,address,yes,yes,-55.17052205696377,5.834452565626811
2334,TBW,92,,TBW92,tbw92,Koningsstraat,koningsstraat,,,renumbered-1885,2ebw,92,,2ebw92,address,yes,yes,-55.17065989241301,5.834539619594755
2335,TBW,93,,TBW93,tbw93,Koningsstraat,koningsstraat,,,renumbered-1885,2ebw,93,,2ebw93,address,yes,yes,-55.1707788661692,5.834597655573384
2336,TBW,94,,TBW94,tbw94,Koningsstraat,koningsstraat,,,renumbered-1885,2ebw,94,,2ebw94,address,yes,yes,-55.17092975971364,5.834691964038658
2337,TBW,95,,TBW95,tbw95,Koningsstraat,koningsstraat,,,renumbered-1885,2ebw,95,,2ebw95,address,yes,yes,-55.17105888976608,5.834760156313549
2338,TBW,96,,TBW96,tbw96,Koningsstraat,koningsstraat,,,renumbered-1885,2ebw,96,,2ebw96,address,yes,yes,-55.171227194104105,5.834850112080425
2339,TBW,97,a,TBW97a,tbw97a,Koningsstraat,koningsstraat,,,renumbered-1885,2ebw,97,a,2ebw97,address,yes,yes,-55.17136067685495,5.834924107953176
2340,TBW,98,,TBW98,tbw98,Koningsstraat,koningsstraat,,,renumbered-1885,2ebw,98,,2ebw98,address,yes,yes,-55.17159862436734,5.835044532608832
2341,TBW,99,a,TBW99a,tbw99a,Koningsstraat,koningsstraat,,,renumbered-1885,2ebw,99,a,2ebw99,address,yes,yes,-55.171688580134216,5.834789174302863
2342,TBW,100,,TBW100,tbw100,Koningsstraat,koningsstraat,,,renumbered-1885,2ebw,100,,2ebw100,address,yes,yes,-55.171350520558704,5.834623771763766
2343,TBW,101,,TBW101,tbw101,Koningsstraat,koningsstraat,,,renumbered-1885,2ebw,101,,2ebw101,address,yes,yes,-55.1711938234164,5.834516405203303
2344,TBW,104,b,TBW104b,tbw104b,Koningsstraat,koningsstraat,,,renumbered-1885,2ebw,104,b,2ebw104,address,yes,yes,-55.17043500299583,5.834087664411176
2345,TBW,102,,TBW102,tbw102,Koningsstraat,koningsstraat,,,renumbered-1885,2ebw,102,,2ebw102,address,yes,yes,-55.17094644505751,5.834373491605924
2346,TBW,103,,TBW103,tbw103,Koningsstraat,koningsstraat,,,renumbered-1885,2ebw,103,,2ebw103,address,yes,yes,-55.17072300653978,5.834248714251869
2347,TBW,105,,TBW105,tbw105,Koningsstraat,koningsstraat,,,renumbered-1885,2ebw,105,,2ebw105,address,yes,yes,-55.17022099532464,5.83398029785071
2348,TBW,106,,TBW106,tbw106,Koningsstraat,koningsstraat,,,renumbered-1885,2ebw,106,,2ebw106,address,yes,yes,-55.17002657479623,5.833875833089175
2349,TBW,107,,TBW107,tbw107,Koningsstraat,koningsstraat,,,renumbered-1885,2ebw,107,,2ebw107,address,yes,yes,-55.169942422627216,5.833823600708412
2350,TBW,108,,TBW108,tbw108,Koningsstraat,koningsstraat,,,renumbered-1885,2ebw,108,,2ebw108,address,yes,yes,-55.1698539177598,5.833777171925506
2351,TBW,109,,TBW109,tbw109,Koningsstraat,koningsstraat,,,renumbered-1885,2ebw,109,,2ebw109,address,yes,yes,-55.169705926014295,5.833691568857029
2352,TBW,110,,TBW110,tbw110,Koningsstraat,koningsstraat,,,renumbered-1885,2ebw,110,,2ebw110,address,yes,yes,-55.16948829109444,5.833594358592823
2353,TBW,111,a,TBW111a,tbw111a,Koningsstraat,koningsstraat,,,renumbered-1885,2ebw,111,a,2ebw111,address,yes,yes,-55.16936206284092,5.83351746092114
2354,TBW,112,,TBW112,tbw112,Van Radersstraat,van radersstraat,,,renumbered-1885,2ebw,112,,2ebw112,address,yes,yes,-55.16894855649318,5.83327516071036
2355,TBW,113,,TBW113,tbw113,Van Radersstraat,van radersstraat,,,renumbered-1885,2ebw,113,,2ebw113,address,yes,yes,-55.16902545416486,5.833119914467523
2356,TBW,114,,TBW114,tbw114,Van Radersstraat,van radersstraat,,,renumbered-1885,2ebw,114,,2ebw114,address,yes,yes,-55.169157486016246,5.832953061028964
2357,TBW,115,a,TBW115a,tbw115a,Van Radersstraat,van radersstraat,,,renumbered-1885,2ebw,115,a,2ebw115,address,yes,yes,-55.169285165169235,5.832731073410704
2358,TBW,116,,TBW116,tbw116,Van Radersstraat,van radersstraat,,,renumbered-1885,2ebw,116,,2ebw116,address,yes,yes,-55.169385277232365,5.832575827167869
2359,TBW,117,,TBW117,tbw117,Van Radersstraat,van radersstraat,,,renumbered-1885,2ebw,117,,2ebw117,address,yes,yes,-55.16943750961313,5.832471362406336
2360,TBW,118,,TBW118,tbw118,Van Radersstraat,van radersstraat,,,renumbered-1885,2ebw,118,,2ebw118,address,yes,yes,-55.16952311268161,5.832289999973118
2361,TBW,119,a,TBW119a,tbw119a,Van Radersstraat,van radersstraat,,,renumbered-1885,2ebw,119,a,2ebw119,address,yes,yes,-55.169263401677256,5.832233414893954
2362,TBW,120,,TBW120,tbw120,Van Radersstraat,van radersstraat,,,renumbered-1885,2ebw,120,,2ebw120,address,yes,yes,-55.16914297702158,5.832443795316487
2363,TBW,121,,TBW121,tbw121,Van Radersstraat,van radersstraat,,,renumbered-1885,2ebw,121,,2ebw121,address,yes,yes,-55.169021101466456,5.832646921241692
2364,TBW,122,,TBW122,tbw122,Van Radersstraat,van radersstraat,,,renumbered-1885,2ebw,122,,2ebw122,address,yes,yes,-55.16896596728676,5.832749935103758
2365,TBW,123,,TBW123,tbw123,Koningsstraat,koningsstraat,,,renumbered-1885,2ebw,123,,2ebw123,address,yes,yes,-55.16871351077972,5.833146030657907
2366,TBW,124,,TBW124,tbw124,Koningsstraat,koningsstraat,,,renumbered-1885,2ebw,124,,2ebw124,address,yes,yes,-55.16850748305558,5.833031409600113
2367,TBW,125,,TBW125,tbw125,Koningsstraat,koningsstraat,,,renumbered-1885,2ebw,125,,2ebw125,address,yes,yes,-55.16838125480206,5.832961766425757
2368,TBW,126,,TBW126,tbw126,Koningsstraat,koningsstraat,,,renumbered-1885,2ebw,126,,2ebw126,address,yes,yes,-55.168208597765634,5.832890672351935
2369,TBW,127,,TBW127,tbw127,Koningsstraat,koningsstraat,,,renumbered-1885,2ebw,127,,2ebw127,address,yes,yes,-55.16806060602013,5.832797814786127
2370,TBW,128,,TBW128,tbw128,Koningsstraat,koningsstraat,,,renumbered-1885,2ebw,128,,2ebw128,address,yes,yes,-55.16796774845432,5.832741229706963
2371,TBW,129,,TBW129,tbw129,Koningsstraat,koningsstraat,,,renumbered-1885,2ebw,129,,2ebw129,address,yes,yes,-55.16789085078264,5.832693350024593
2372,TBW,130,a,TBW130a,tbw130a,Koningsstraat,koningsstraat,,,renumbered-1885,2ebw,130,a,2ebw130,address,yes,yes,-55.16779364051844,5.832642568543292
2373,TBW,131,,TBW131,tbw131,Koningsstraat,koningsstraat,,,renumbered-1885,2ebw,131,,2ebw131,address,yes,yes,-55.16764709967239,5.832551161876951
2374,TBW,132,,TBW132,tbw132,Koningsstraat,koningsstraat,,,renumbered-1885,2ebw,132,,2ebw132,address,yes,yes,-55.16741495575788,5.832430737221292
2375,TBW,133,,TBW133,tbw133,Wanicastraat,wanicastraat,,,renumbered-1885,2ebw,133,,2ebw133,address,yes,yes,-55.16720167353641,5.832294352671514
2376,TBW,134,,TBW134,tbw134,Wanicastraat,wanicastraat,,,renumbered-1885,2ebw,134,,2ebw134,address,yes,yes,-55.167081248880756,5.83201287817516
2377,TBW,135,,TBW135,tbw135,Wanicastraat,wanicastraat,,,renumbered-1885,2ebw,135,,2ebw135,address,yes,yes,-55.167249553218774,5.831888100821105
2378,TBW,136,,TBW136,tbw136,Wanicastraat,wanicastraat,,,renumbered-1885,2ebw,136,,2ebw136,address,yes,yes,-55.167295982001676,5.831806850451024
2379,TBW,137,,TBW137,tbw137,Wanicastraat,wanicastraat,,,renumbered-1885,2ebw,137,,2ebw137,address,yes,yes,-55.16732935268939,5.831721247382545
2380,TBW,138,,TBW138,tbw138,Wanicastraat,wanicastraat,,,renumbered-1885,2ebw,138,,2ebw138,address,yes,yes,-55.167439621048786,5.83155584484345
2381,TBW,139,,TBW139,tbw139,Wanicastraat,wanicastraat,,,renumbered-1885,2ebw,139,,2ebw139,address,yes,yes,-55.16750346062528,5.831390442304356
2382,TBW,140,,TBW140,tbw140,Wanicastraat,wanicastraat,,,renumbered-1885,2ebw,140,,2ebw140,address,yes,yes,-55.167586161894825,5.831206178072207
2383,TBW,141,a,TBW141a,tbw141a,Wanicastraat,wanicastraat,,,renumbered-1885,2ebw,141,a,2ebw141,address,yes,yes,-55.167681921259565,5.831027717437921
2384,TBW,142,,TBW142,tbw142,Verlengde Weidestraat,verlengde weidestraat,,,renumbered-1885,2ebw,142,,2ebw142,address,yes,yes,-55.16804685276628,5.831114711377733
2385,TBW,143,a,TBW143a,tbw143a,Verlengde Weidestraat,verlengde weidestraat,,,renumbered-1885,2ebw,143,a,2ebw143,address,yes,yes,-55.168210048665095,5.831216334368467
2386,TBW,144,,TBW144,tbw144,Verlengde Weidestraat,verlengde weidestraat,,,renumbered-1885,2ebw,144,,2ebw144,address,yes,yes,-55.16842659232924,5.831316910365804
2387,TBW,145,,TBW145,tbw145,Verlengde Weidestraat,verlengde weidestraat,,,renumbered-1885,2ebw,145,,2ebw145,address,yes,yes,-55.16854988439514,5.831389241711131
2388,TBW,146,,TBW146,tbw146,Verlengde Weidestraat,verlengde weidestraat,,,renumbered-1885,2ebw,146,,2ebw146,address,yes,yes,-55.16861920231443,5.831444125584587
2389,TBW,147,,TBW147,tbw147,Verlengde Weidestraat,verlengde weidestraat,,,renumbered-1885,2ebw,147,,2ebw147,address,yes,yes,-55.168704805382916,5.831483299870166
2390,TBW,148,,TBW148,tbw148,Verlengde Weidestraat,verlengde weidestraat,,,renumbered-1885,2ebw,148,,2ebw148,address,yes,yes,-55.16879318073851,5.831524041036512
2391,TBW,149,,TBW149,tbw149,Verlengde Weidestraat,verlengde weidestraat,,,renumbered-1885,2ebw,149,,2ebw149,address,yes,yes,-55.168875375449105,5.83156513839181
2392,TBW,150,,TBW150,tbw150,Verlengde Weidestraat,verlengde weidestraat,,,renumbered-1885,2ebw,150,,2ebw150,address,yes,yes,-55.16895921405391,5.831611167429745
2393,TBW,151,,TBW151,tbw151,Verlengde Weidestraat,verlengde weidestraat,,,renumbered-1885,2ebw,151,,2ebw151,address,yes,yes,-55.169036477081875,5.831648976996621
2394,TBW,152,,TBW152,tbw152,Verlengde Weidestraat,verlengde weidestraat,,,renumbered-1885,2ebw,152,,2ebw152,address,yes,yes,-55.1691923076034,5.831764774366517
2395,TBW,153,,TBW153,tbw153,Verlengde Weidestraat,verlengde weidestraat,,,renumbered-1885,2ebw,153,,2ebw153,address,yes,yes,-55.16935480834356,5.831857631932325
2396,TBW,154,,TBW154,tbw154,Verlengde Weidestraat,verlengde weidestraat,,,renumbered-1885,2ebw,154,,2ebw154,address,yes,yes,-55.16967980982389,5.832054954259666
2397,TBW,155,,TBW155,tbw155,Verlengde Weidestraat,verlengde weidestraat,,,renumbered-1885,2ebw,155,,2ebw155,address,yes,yes,-55.16986697585497,5.832160869920664
2398,TBW,156,,TBW156,tbw156,Verlengde Weidestraat,verlengde weidestraat,,,renumbered-1885,2ebw,156,,2ebw156,address,yes,yes,-55.16998304781221,5.832229062195556
2399,TBW,157,,TBW157,tbw157,Verlengde Weidestraat,verlengde weidestraat,,,renumbered-1885,2ebw,157,,2ebw157,address,yes,yes,-55.170168762943824,5.832329174258693
2400,TBW,158,,TBW158,tbw158,Verlengde Weidestraat,verlengde weidestraat,,,renumbered-1885,2ebw,158,,2ebw158,address,yes,yes,-55.170244209716046,5.832372701242663
2401,TBW,159,,TBW159,tbw159,Verlengde Weidestraat,verlengde weidestraat,,,renumbered-1885,2ebw,159,,2ebw159,address,yes,yes,-55.17031965648827,5.832426384522895
2402,TBW,160,,TBW160,tbw160,Verlengde Weidestraat,verlengde weidestraat,,,renumbered-1885,2ebw,160,,2ebw160,address,yes,yes,-55.170408161355674,5.832469911506871
2403,TBW,161,,TBW161,tbw161,Verlengde Weidestraat,verlengde weidestraat,,,renumbered-1885,2ebw,161,,2ebw161,address,yes,yes,-55.17049086262522,5.832523594787101
2404,TBW,162,,TBW162,tbw162,Verlengde Weidestraat,verlengde weidestraat,,,renumbered-1885,2ebw,162,,2ebw162,address,yes,yes,-55.170569211196366,5.832565670871609
2405,TBW,163,,TBW163,tbw163,Verlengde Weidestraat,verlengde weidestraat,,,renumbered-1885,2ebw,163,,2ebw163,address,yes,yes,-55.170650461566446,5.832617903252375
2406,TBW,164,,TBW164,tbw164,Verlengde Weidestraat,verlengde weidestraat,,,renumbered-1885,2ebw,164,,2ebw164,address,yes,yes,-55.17087825278257,5.832747033304827
2407,TBW,175,,TBW175,tbw175,Van Idsingastraat,van idsingastraat,,,renumbered-1885,2ebw,175,,2ebw175,address,yes,yes,-55.17223339288357,5.833590005894423
2408,TBW,166,,TBW166,tbw166,Nassaustraat,nassaustraat,,,renumbered-1885,2ebw,166,,2ebw166,address,yes,yes,-55.170742017326795,5.833372600077857
2409,TBW,167,a,TBW167a,tbw167a,Sophialaan,sophialaan,,,renumbered-1885,2ebw,167,a,2ebw167,address,yes,yes,-55.17125960952504,5.832414012726017
2410,TBW,168,,TBW168,tbw168,Sophialaan,sophialaan,,,renumbered-1885,2ebw,168,,2ebw168,address,yes,yes,-55.17142258953061,5.83248078746787
2411,TBW,169,a,TBW169a,tbw169a,Sophialaan,sophialaan,,,renumbered-1885,2ebw,169,a,2ebw169,address,yes,yes,-55.171593554528656,5.832566269966891
2412,TBW,170,a,TBW170a,tbw170a,Sophialaan,sophialaan,,,renumbered-1885,2ebw,170,a,2ebw170,address,yes,yes,-55.17174314890194,5.832663259725398
2413,TBW,171,,TBW171,tbw171,Sophialaan,sophialaan,,,renumbered-1885,2ebw,171,,2ebw171,address,yes,yes,-55.17190918221735,5.832775044531811
2414,TBW,172,,TBW172,tbw172,Sophialaan,sophialaan,,,renumbered-1885,2ebw,172,,2ebw172,address,yes,yes,-55.17211960067648,5.8328835415498
2415,TBW,173,a,TBW173a,tbw173a,Sophialaan,sophialaan,,,renumbered-1885,2ebw,173,a,2ebw173,address,yes,yes,-55.17223960495395,5.832957516789338
2416,TBW,174,,TBW174,tbw174,Sophialaan,sophialaan,,,renumbered-1885,2ebw,174,,2ebw174,address,yes,yes,-55.17243194057675,5.833082452749447
2417,TBW,165,,TBW165,tbw165,Nassaustraat,nassaustraat,,,renumbered-1885,2ebw,165,,2ebw165,address,yes,yes,-55.17168205108661,5.833855520496654
2418,TBW,176,,TBW176,tbw176,Van Idsingastraat,van idsingastraat,,,renumbered-1885,2ebw,176,,2ebw176,address,yes,yes,-55.172308839655805,5.834139896791937
2419,TBW,177,,TBW177,tbw177,Van Idsingastraat,van idsingastraat,,,renumbered-1885,2ebw,177,,2ebw177,address,yes,yes,-55.172613528543614,5.833492795630217
2420,TBW,178,,TBW178,tbw178,Van Sypesteynlaan,van sypesteynlaan,,,renumbered-1885,2ebw,178,,2ebw178,address,yes,yes,-55.1742777102308,5.834154405786594
2421,TBW,179,,TBW179,tbw179,Van Sypesteynlaan,van sypesteynlaan,,,renumbered-1885,2ebw,179,,2ebw179,address,yes,yes,-55.17462592610258,5.834331415521414
2422,TBW,180,,TBW180,tbw180,Van Sypesteynlaan,van sypesteynlaan,,,renumbered-1885,2ebw,180,,2ebw180,address,yes,yes,-55.174698471075864,5.834100722506363
2423,TBW,181,b,TBW181b,tbw181b,Sophialaan,sophialaan,,,renumbered-1885,2ebw,181,b,2ebw181,address,yes,yes,-55.17257870695643,5.832818127378646
2424,TBW,182,,TBW182,tbw182,Sophialaan,sophialaan,,,renumbered-1885,2ebw,182,,2ebw182,address,yes,yes,-55.172268214470755,5.832645470342224
2425,TBW,183,,TBW183,tbw183,Sophialaan,sophialaan,,,renumbered-1885,2ebw,183,,2ebw183,address,yes,yes,-55.1721434371167,5.832574376268403
2426,TBW,184,,TBW184,tbw184,Sophialaan,sophialaan,,,renumbered-1885,2ebw,184,,2ebw184,address,yes,yes,-55.171959172884556,5.832469911506868
2427,TBW,185,,TBW185,tbw185,Oranjelaan,oranjelaan,,,renumbered-1885,2ebw,185,,2ebw185,address,yes,yes,-55.1714996857661,5.832205139609752
2428,TBW,186,a,TBW186a,tbw186a,Oranjelaan,oranjelaan,,,renumbered-1885,2ebw,186,a,2ebw186,address,yes,yes,-55.17159499711865,5.832060757857527
2429,TBW,187,,TBW187,tbw187,Oranjelaan,oranjelaan,,,renumbered-1885,2ebw,187,,2ebw187,address,yes,yes,-55.171686403784996,5.83191711881042
2430,TBW,188,,TBW188,tbw188,Oranjelaan,oranjelaan,,,renumbered-1885,2ebw,188,,2ebw188,address,yes,yes,-55.17176330145668,5.831745912673462
2431,TBW,189,,TBW189,tbw189,Oranjelaan,oranjelaan,,,renumbered-1885,2ebw,189,,2ebw189,address,yes,yes,-55.17180827934012,5.831677720398574
2432,TBW,190,,TBW190,tbw190,Oranjelaan,oranjelaan,,,renumbered-1885,2ebw,190,,2ebw190,address,yes,yes,-55.17189243150913,5.831570353838107
2433,TBW,191,a,TBW191a,tbw191a,Oranjelaan,oranjelaan,,,renumbered-1885,2ebw,191,a,2ebw191,address,yes,yes,-55.17195336928669,5.831464438177106
2434,TBW,192,,TBW192,tbw192,Oranjelaan,oranjelaan,,,renumbered-1885,2ebw,192,,2ebw192,address,yes,yes,-55.172028816058905,5.831304839235875
2435,TBW,193,,TBW193,tbw193,Oranjelaan,oranjelaan,,,renumbered-1885,2ebw,193,,2ebw193,address,yes,yes,-55.17212747722258,5.831161200188768
2436,TBW,194,,TBW194,tbw194,Oranjelaan,oranjelaan,,,renumbered-1885,2ebw,194,,2ebw194,address,yes,yes,-55.17215794611136,5.831077048019753
2437,TBW,195,,TBW195,tbw195,Oranjelaan,oranjelaan,,,renumbered-1885,2ebw,195,,2ebw195,address,yes,yes,-55.17221162939159,5.830997248549138
2438,TBW,196,,TBW196,tbw196,Oranjelaan,oranjelaan,,,renumbered-1885,2ebw,196,,2ebw196,address,yes,yes,-55.1722406473809,5.830911645480658
2439,TBW,197,,TBW197,tbw197,Oranjelaan,oranjelaan,,,renumbered-1885,2ebw,197,,2ebw197,address,yes,yes,-55.17230738875633,5.830802828020729
2440,TBW,198,,TBW198,tbw198,Oranjelaan,oranjelaan,,,renumbered-1885,2ebw,198,,2ebw198,address,yes,yes,-55.17208104843967,5.830660639873085
2441,TBW,199,,TBW199,tbw199,Oranjelaan,oranjelaan,,,renumbered-1885,2ebw,199,,2ebw199,address,yes,yes,-55.172025914259976,5.830769457333016
2442,TBW,200,,TBW200,tbw200,Oranjelaan,oranjelaan,,,renumbered-1885,2ebw,200,,2ebw200,address,yes,yes,-55.171964976482414,5.830850707703099
2443,TBW,201,,TBW201,tbw201,Oranjelaan,oranjelaan,,,renumbered-1885,2ebw,201,,2ebw201,address,yes,yes,-55.17189823510699,5.831005953945931
2444,TBW,202,,TBW202,tbw202,Oranjelaan,oranjelaan,,,renumbered-1885,2ebw,202,,2ebw202,address,yes,yes,-55.17180247574225,5.83117716008289
2445,TBW,203,,TBW203,tbw203,Oranjelaan,oranjelaan,,,renumbered-1885,2ebw,203,,2ebw203,address,yes,yes,-55.17170236367912,5.83131354463267
2446,TBW,204,,TBW204,tbw204,Oranjelaan,oranjelaan,,,renumbered-1885,2ebw,204,,2ebw204,address,yes,yes,-55.171610957012774,5.831476045372832
2447,TBW,205,,TBW205,tbw205,Oranjelaan,oranjelaan,,,renumbered-1885,2ebw,205,,2ebw205,address,yes,yes,-55.171529706642694,5.831641447911927
2448,TBW,206,,TBW206,tbw206,Oranjelaan,oranjelaan,,,renumbered-1885,2ebw,206,,2ebw206,address,yes,yes,-55.171422340082216,5.831805399551558
2449,TBW,207,,TBW207,tbw207,Oranjelaan,oranjelaan,,,renumbered-1885,2ebw,207,,2ebw207,address,yes,yes,-55.171361402304655,5.831908413413623
2450,TBW,208,,TBW208,tbw208,Oranjelaan,oranjelaan,,,renumbered-1885,2ebw,208,,2ebw208,address,yes,yes,-55.171278701035114,5.832057856058595
2451,TBW,209,b,TBW209b,tbw209b,Verlengde Weidestraat,verlengde weidestraat,,,renumbered-1885,2ebw,209,b,2ebw209,address,yes,yes,-55.17086448744559,5.832418319487815
2452,TBW,210,,TBW210,tbw210,Verlengde Weidestraat,verlengde weidestraat,,,renumbered-1885,2ebw,210,,2ebw210,address,yes,yes,-55.17077233712154,5.832372701242661
2453,TBW,211,,TBW211,tbw211,Verlengde Weidestraat,verlengde weidestraat,,,renumbered-1885,2ebw,211,,2ebw211,address,yes,yes,-55.170609836381374,5.832287098174183
2454,TBW,212,a,TBW212a,tbw212a,Verlengde Weidestraat,verlengde weidestraat,,,renumbered-1885,2ebw,212,a,2ebw212,address,yes,yes,-55.17044153204335,5.832178280714253
2455,TBW,213,,TBW213,tbw213,Verlengde Weidestraat,verlengde weidestraat,,,renumbered-1885,2ebw,213,,2ebw213,address,yes,yes,-55.17023985701761,5.832076717751649
2456,TBW,214,a,TBW214a,tbw214a,Verlengde Weidestraat,verlengde weidestraat,,,renumbered-1885,2ebw,214,a,2ebw214,address,yes,yes,-55.170078807176914,5.831966449392255
2457,TBW,215,a,TBW215a,tbw215a,Verlengde Weidestraat,verlengde weidestraat,,,renumbered-1885,2ebw,215,a,2ebw215,address,yes,yes,-55.169946775325535,5.831898257117363
2458,TBW,216,,TBW216,tbw216,Verlengde Weidestraat,verlengde weidestraat,,,renumbered-1885,2ebw,216,,2ebw216,address,yes,yes,-55.16968271162277,5.831756068969721
2459,TBW,219,a,TBW219a,tbw219a,Verlengde Weidestraat,verlengde weidestraat,,,renumbered-1885,2ebw,219,a,2ebw219,address,yes,yes,-55.16917924950817,5.831461536378176
2460,TBW,218,,TBW218,tbw218,Verlengde Weidestraat,verlengde weidestraat,,,renumbered-1885,2ebw,218,,2ebw218,address,yes,yes,-55.169266303476114,5.831522474155735
2461,TBW,217,,TBW217,tbw217,Verlengde Weidestraat,verlengde weidestraat,,,renumbered-1885,2ebw,217,,2ebw217,address,yes,yes,-55.169540523475135,5.831658858705516
2462,TBW,220,,TBW220,tbw220,Verlengde Weidestraat,verlengde weidestraat,,,renumbered-1885,2ebw,220,,2ebw220,address,yes,yes,-55.16899643617548,5.831359973415573
2463,TBW,221,,TBW221,tbw221,Verlengde Weidestraat,verlengde weidestraat,,,renumbered-1885,2ebw,221,,2ebw221,address,yes,yes,-55.16887020792196,5.831291781140684
2464,TBW,222,,TBW222,tbw222,Verlengde Weidestraat,verlengde weidestraat,,,renumbered-1885,2ebw,222,,2ebw222,address,yes,yes,-55.16874107786951,5.831206178072206
2465,TBW,223,,TBW223,tbw223,Verlengde Weidestraat,verlengde weidestraat,,,renumbered-1885,2ebw,223,,2ebw223,address,yes,yes,-55.16859453702347,5.83111912410426
2466,TBW,224,,TBW224,tbw224,Verlengde Weidestraat,verlengde weidestraat,,,renumbered-1885,2ebw,224,,2ebw224,address,yes,yes,-55.16844364347904,5.83103061923685
2467,TBW,225,,TBW225,tbw225,Verlengde Weidestraat,verlengde weidestraat,,,renumbered-1885,2ebw,225,,2ebw225,address,yes,yes,-55.16831306252712,5.830956623364095
2468,TBW,226,,TBW226,tbw226,Verlengde Weidestraat,verlengde weidestraat,,,renumbered-1885,2ebw,226,,2ebw226,address,yes,yes,-55.168189736072534,5.830901489184397
2469,TBW,227,a,TBW227a,tbw227a,Verlengde Weidestraat,verlengde weidestraat,,,renumbered-1885,2ebw,227,a,2ebw227,address,yes,yes,-55.16803884252809,5.830824591512714
2470,TBW,228,,TBW228,tbw228,Wanicastraat,wanicastraat,Kerk der Morav. Br. Gemeente (in aanbouw),,renumbered-1885,2ebw,228,,2ebw228,address,yes,yes,-55.16847411236781,5.830007735113503
2471,TBW,229,a,TBW229a,tbw229a,Wanicastraat,wanicastraat,,,renumbered-1885,2ebw,229,a,2ebw229,address,yes,yes,-55.16858002802881,5.829550701781792
2472,TBW,230,,TBW230,tbw230,Steenbakkersgracht,steenbakkersgracht,,,renumbered-1885,2ebw,230,,2ebw230,address,yes,yes,-55.171008108284745,5.830021518658427
2473,TBW,231,,TBW231,tbw231,Steenbakkersgracht,steenbakkersgracht,,,renumbered-1885,2ebw,231,,2ebw231,address,yes,yes,-55.17162183875877,5.830391498022192
2474,TBW,232,a,TBW232a,tbw232a,Steenbakkersgracht,steenbakkersgracht,,,renumbered-1885,2ebw,232,a,2ebw232,address,yes,yes,-55.17284620191818,5.831088409070339
2475,TBW,233,,TBW233,tbw233,Steenbakkersgracht,steenbakkersgracht,,,renumbered-1885,2ebw,233,,2ebw233,address,yes,yes,-55.17306403282771,5.831209805320871
2476,TBW,234,,TBW234,tbw234,Steenbakkersgracht,steenbakkersgracht,,,renumbered-1885,2ebw,234,,2ebw234,address,yes,yes,-55.17364729441295,5.831544963097458
2477,TBW,235,,TBW235,tbw235,Steenbakkersgracht,steenbakkersgracht,,,renumbered-1885,2ebw,235,,2ebw235,address,yes,yes,-55.17419283261207,5.831845299286867
2478,TBW,236,,TBW236,tbw236,Steenbakkersgracht,steenbakkersgracht,,,renumbered-1885,2ebw,236,,2ebw236,address,yes,yes,-55.174725312716,5.832151439074138
2479,TBW,237,,TBW237,tbw237,Steenbakkersgracht,steenbakkersgracht,,,renumbered-1885,2ebw,237,,2ebw237,address,yes,yes,-55.17564953567569,5.832704231770586
2480,TBW,238,,TBW238,tbw238,Steenbakkersgracht,steenbakkersgracht,,,renumbered-1885,2ebw,238,,2ebw238,address,yes,yes,-55.176328556625656,5.833148207007104
2481,TBW,239,,TBW239,tbw239,Steenbakkersgracht,steenbakkersgracht,,,renumbered-1885,2ebw,239,,2ebw239,address,yes,yes,-55.17854843284818,5.834384373334392
2482,TBW,240,,TBW240,tbw240,Steenbakkersgracht,steenbakkersgracht,,,renumbered-1885,2ebw,240,,2ebw240,address,yes,yes,-55.180614513647484,5.83514174287304
2483,TBW,241,,TBW241,tbw241,Steenbakkersgracht,steenbakkersgracht,,,renumbered-1885,2ebw,241,,2ebw241,address,yes,yes,-55.18302300676063,5.833354234731244
2484,TBW,242,,TBW242,tbw242,Steenbakkersgracht,steenbakkersgracht,,,renumbered-1885,2ebw,242,,2ebw242,address,yes,yes,-55.182175681472636,5.833145305208177
2485,TBW,243,,TBW243,tbw243,Steenbakkersgracht,steenbakkersgracht,,,renumbered-1885,2ebw,243,,2ebw243,address,yes,yes,-55.181397999359,5.832924768489385
2486,TBW,244,,TBW244,tbw244,Steenbakkersgracht,steenbakkersgracht,,,renumbered-1885,2ebw,244,,2ebw244,address,yes,yes,-55.18062612084322,5.832669410183415
2487,TBW,246,,TBW246,tbw246,Steenbakkersgracht,steenbakkersgracht,,,renumbered-1885,2ebw,246,,2ebw246,address,yes,yes,-55.17455338112936,5.831504337912423
2488,TBW,247,,TBW247,tbw247,Steenbakkersgracht,steenbakkersgracht,,,renumbered-1885,2ebw,247,,2ebw247,address,yes,yes,-55.17426320123621,5.83137230606104
2489,TBW,245,,TBW245,tbw245,Picorniestraat,picorniestraat,,,renumbered-1885,2ebw,245,,2ebw245,address,yes,yes,-55.178205295084624,5.830810807967798
2490,TBW,248,,TBW248,tbw248,Steenbakkersgracht,steenbakkersgracht,,,renumbered-1885,2ebw,248,,2ebw248,address,yes,yes,-55.17226241087293,5.83015935410768
2491,TBW,252,,TBW252,tbw252,Steenbakkersgracht,steenbakkersgracht,,,renumbered-1885,2ebw,252,,2ebw252,address,yes,yes,-55.171136512887514,5.829547074533138
2492,TBW,249,,TBW249,tbw249,Steenbakkersgracht,steenbakkersgracht,,,renumbered-1885,2ebw,249,,2ebw249,address,yes,yes,-55.171935958493144,5.829992500669119
2493,TBW,250,,TBW250,tbw250,Steenbakkersgracht,steenbakkersgracht,,,renumbered-1885,2ebw,250,,2ebw250,address,yes,yes,-55.17174734156259,5.829880781410257
2494,TBW,251,,TBW251,tbw251,Steenbakkersgracht,steenbakkersgracht,,,renumbered-1885,2ebw,251,,2ebw251,address,yes,yes,-55.17152535394434,5.829763258553531
2495,TBW,253,,TBW253,tbw253,Van Lansbergestraat,van lansbergestraat,,,renumbered-1885,2ebw,253,,2ebw253,address,yes,yes,-55.17110894579767,5.828913031466606
2496,TBW,254,,TBW254,tbw254,Van Lansbergestraat,van lansbergestraat,,,renumbered-1885,2ebw,254,,2ebw254,address,yes,yes,-55.17081876590452,5.828792606810949
2497,TBW,255,,TBW255,tbw255,Van Lansbergestraat,van lansbergestraat,,,renumbered-1885,2ebw,255,,2ebw255,address,yes,yes,-55.17065306628246,5.829066680663808
2498,TBW,256,,TBW256,tbw256,Steenbakkersgracht,steenbakkersgracht,,,renumbered-1885,2ebw,256,,2ebw256,address,yes,yes,-55.17019487913425,5.828994281836686
2499,TBW,257,,TBW257,tbw257,Steenbakkersgracht,steenbakkersgracht,,,renumbered-1885,2ebw,257,,2ebw257,address,yes,yes,-55.1700193202989,5.828891267974621
2500,TBW,258,,TBW258,tbw258,Steenbakkersgracht,steenbakkersgracht,,,renumbered-1885,2ebw,258,,2ebw258,address,yes,yes,-55.16984811416194,5.828804214006675
2501,TBW,259,a1,TBW259a1,tbw259a1,Steenbakkersgracht,steenbakkersgracht,,,renumbered-1885,2ebw,259,a1,2ebw259,address,yes,yes,-55.169249015888774,5.828432681106038
2502,TBW,260,a,TBW260a,tbw260a,Wanicastraat,wanicastraat,,,renumbered-1885,2ebw,260,a,2ebw260,address,yes,yes,-55.16949727449861,5.827999445492801
2503,TBW,261,,TBW261,tbw261,Hoogestraat,hoogestraat,,,renumbered-1885,2ebw,261,,2ebw261,address,yes,yes,-55.16982635066995,5.827480993693917
2504,TBW,262,,TBW262,tbw262,Hoogestraat,hoogestraat,,,renumbered-1885,2ebw,262,,2ebw262,address,yes,yes,-55.170029476595154,5.827591262053314
2505,TBW,263,,TBW263,tbw263,Hoogestraat,hoogestraat,,,renumbered-1885,2ebw,263,,2ebw263,address,yes,yes,-55.17025726781127,5.82771168670897
2506,TBW,264,,TBW264,tbw264,Hoogestraat,hoogestraat,,,renumbered-1885,2ebw,264,,2ebw264,address,yes,yes,-55.170633050772906,5.827924968930435
2507,TBW,265,,TBW265,tbw265,Hoogestraat,hoogestraat,,,renumbered-1885,2ebw,265,,2ebw265,address,yes,yes,-55.17176185055726,5.828559011996965
2508,TBW,266,,TBW266,tbw266,Hoogestraat,hoogestraat,,,renumbered-1885,2ebw,266,,2ebw266,address,yes,yes,-55.17185035542467,5.828614146176664
2509,TBW,267,,TBW267,tbw267,Hoogestraat,hoogestraat,,,renumbered-1885,2ebw,267,,2ebw267,address,yes,yes,-55.17205493224934,5.828734570832318
2510,TBW,268,,TBW268,tbw268,Hoogestraat,hoogestraat,,,renumbered-1885,2ebw,268,,2ebw268,address,yes,yes,-55.1724669876976,5.828958009350043
2511,TBW,269,,TBW269,tbw269,Hoogestraat,hoogestraat,,,renumbered-1885,2ebw,269,,2ebw269,address,yes,yes,-55.172963195314864,5.828943500355385
2512,TBW,270,,TBW270,tbw270,Hoogestraat,hoogestraat,,,renumbered-1885,2ebw,270,,2ebw270,address,yes,yes,-55.172783283781115,5.828850642789578
2513,TBW,271,,TBW271,tbw271,Hoogestraat,hoogestraat,,,renumbered-1885,2ebw,271,,2ebw271,address,yes,yes,-55.17262948843775,5.828743276229114
2514,TBW,272,,TBW272,tbw272,Hoogestraat,hoogestraat,,,renumbered-1885,2ebw,272,,2ebw272,address,yes,yes,-55.172459733200256,5.828657673160635
2515,TBW,273,,TBW273,tbw273,Hoogestraat,hoogestraat,,,renumbered-1885,2ebw,273,,2ebw273,address,yes,yes,-55.17237558103123,5.828605440779866
2516,TBW,274,,TBW274,tbw274,Hoogestraat,hoogestraat,,,renumbered-1885,2ebw,274,,2ebw274,address,yes,yes,-55.17230303605794,5.828563364695361
2517,TBW,275,,TBW275,tbw275,Hoogestraat,hoogestraat,,,renumbered-1885,2ebw,275,,2ebw275,address,yes,yes,-55.17222033478839,5.828506779616197
2518,TBW,276,,TBW276,tbw276,Hoogestraat,hoogestraat,,,renumbered-1885,2ebw,276,,2ebw276,address,yes,yes,-55.17214343711671,5.828463252632225
2519,TBW,277,,TBW277,tbw277,Hoogestraat,hoogestraat,,,renumbered-1885,2ebw,277,,2ebw277,address,yes,yes,-55.171978760027365,5.828387080410272
2520,TBW,278,,TBW278,tbw278,Hoogestraat,hoogestraat,,,renumbered-1885,2ebw,278,,2ebw278,address,yes,yes,-55.17181118113907,5.828288419246602
2521,TBW,279,,TBW279,tbw279,Hoogestraat,hoogestraat,,,renumbered-1885,2ebw,279,,2ebw279,address,yes,yes,-55.17171977447273,5.828234010516637
2522,TBW,280,a,TBW280a,tbw280a,Hoogestraat,hoogestraat,,,renumbered-1885,2ebw,280,a,2ebw280,address,yes,yes,-55.171642876801045,5.828192659881863
2523,TBW,281,,TBW281,tbw281,Achtersteeg,achtersteeg,,,renumbered-1885,2ebw,281,,2ebw281,address,yes,yes,-55.173305607588794,5.828271733902746
2524,TBW,282,,TBW282,tbw282,Achtersteeg,achtersteeg,,,renumbered-1885,2ebw,282,,2ebw282,address,yes,yes,-55.17292547192877,5.828132447554037
2525,TBW,283,,TBW283,tbw283,Achtersteeg,achtersteeg,Begraafplaats der Morav. Br. Gemeente (Maria's rust),,renumbered-1885,2ebw,283,,2ebw283,address,yes,yes,-55.1720897538365,5.826928200997468
2526,TBW,284,,TBW284,tbw284,Hoogestraat,hoogestraat,,,renumbered-1885,2ebw,284,,2ebw284,address,yes,yes,-55.17133963881272,5.828007670199983
2527,TBW,285,a,TBW285a,tbw285a,Hoogestraat,hoogestraat,,,renumbered-1885,2ebw,285,a,2ebw285,address,yes,yes,-55.17116553087683,5.827910459935778
2528,TBW,286,,TBW286,tbw286,Hoogestraat,hoogestraat,,,renumbered-1885,2ebw,286,,2ebw286,address,yes,yes,-55.170963855851085,5.827801642475846
2529,TBW,287,,TBW287,tbw287,Hoogestraat,hoogestraat,,,renumbered-1885,2ebw,287,,2ebw287,address,yes,yes,-55.17081006050772,5.827718941206298
2530,TBW,288,,TBW288,tbw288,Hoogestraat,hoogestraat,,,renumbered-1885,2ebw,288,,2ebw288,address,yes,yes,-55.170680930455276,5.827637690836217
2531,TBW,289,,TBW289,tbw289,Wanicastraat,wanicastraat,,,renumbered-1885,2ebw,289,,2ebw289,address,yes,yes,-55.16993686386979,5.827213943862827
2532,TBW,290,,TBW290,tbw290,Wanicastraat,wanicastraat,,,renumbered-1885,2ebw,290,,2ebw290,address,yes,yes,-55.17003600564274,5.827050802002323
2533,TBW,292,,TBW292,tbw292,Wanicastraat,wanicastraat,,,renumbered-1885,2ebw,292,,2ebw292,address,yes,yes,-55.17025146421341,5.826726525971728
2534,TBW,293,,TBW293,tbw293,Wanicastraat,wanicastraat,,,renumbered-1885,2ebw,293,,2ebw293,address,yes,yes,-55.17031240199096,5.82659304322088
2535,TBW,294,,TBW294,tbw294,Wanicastraat,wanicastraat,,,renumbered-1885,2ebw,294,,2ebw294,address,yes,yes,-55.17038204516532,5.826488578459348
2536,TBW,295,,TBW295,tbw295,Wanicastraat,wanicastraat,,,renumbered-1885,2ebw,295,,2ebw295,address,yes,yes,-55.17046909913327,5.826323175920252
2537,TBW,296,,TBW296,tbw296,Wanicastraat,wanicastraat,,,renumbered-1885,2ebw,296,,2ebw296,address,yes,yes,-55.170598229185714,5.826122951793979
2538,TBW,297,,TBW297,tbw297,Wanicastraat,wanicastraat,,,renumbered-1885,2ebw,297,,2ebw297,address,yes,yes,-55.17096240495162,5.825678976557461
2539,TBW,298,,TBW298,tbw298,Wanicastraat,wanicastraat,,,renumbered-1885,2ebw,298,,2ebw298,address,yes,yes,-55.17248004579279,5.822989008947975
2540,TBW,299,,TBW299,tbw299,Wanicastraat,wanicastraat,,,renumbered-1885,2ebw,299,,2ebw299,address,yes,yes,-55.172633841136154,5.822648047573526
2541,TBW,300,,TBW300,tbw300,Verlengde Gemenelandsweg,verlengde gemenelandsweg,,,renumbered-1885,2ebw,300,,2ebw300,address,yes,yes,-55.17319824102832,5.822849722599262
2542,TBW,301,,TBW301,tbw301,Verlengde Gemenelandsweg,verlengde gemenelandsweg,,,renumbered-1885,2ebw,301,,2ebw301,address,yes,yes,-55.173401366953534,5.822928796620146
2543,TBW,320,,TBW320,tbw320,Verlengde Gemenelandsweg,verlengde gemenelandsweg,,,renumbered-1885,2ebw,320,,2ebw320,address,yes,yes,-55.17508586123959,5.823258150804487
2544,TBW,302,,TBW302,tbw302,Verlengde Gemenelandsweg,verlengde gemenelandsweg,,,renumbered-1885,2ebw,302,,2ebw302,address,yes,yes,-55.17546599689391,5.823812394393324
2545,TBW,304,,TBW304,tbw304,Verlengde Gemenelandsweg,verlengde gemenelandsweg,,,renumbered-1885,2ebw,304,,2ebw304,address,yes,yes,-55.18152785486115,5.826984060626904
2546,TBW,305,,TBW305,tbw305,Verlengde Gemenelandsweg,verlengde gemenelandsweg,,,renumbered-1885,2ebw,305,,2ebw305,address,yes,yes,-55.18276402120596,5.82715236496493
2547,TBW,303,,TBW303,tbw303,Verlengde Gemenelandsweg,verlengde gemenelandsweg,,,renumbered-1885,2ebw,303,,2ebw303,address,yes,yes,-55.17833587603651,5.825637625922694
2548,TBW,325,,TBW325,tbw325,Verlengde Gemenelandsweg,verlengde gemenelandsweg,,,renumbered-1885,2ebw,325,,2ebw325,address,yes,yes,-55.174163089173035,5.82293024751962
2549,TBW,326,,TBW326,tbw326,Verlengde Gemenelandsweg,verlengde gemenelandsweg,,,renumbered-1885,2ebw,326,,2ebw326,address,yes,yes,-55.173941101554774,5.82285189894847
2550,TBW,327,a,TBW327a,tbw327a,Verlengde Gemenelandsweg,verlengde gemenelandsweg,,,renumbered-1885,2ebw,327,a,2ebw327,address,yes,yes,-55.17381632420072,5.822792412070374
2551,TBW,317,,TBW317,tbw317,Verlengde Gemenelandsweg,verlengde gemenelandsweg,,,renumbered-1885,2ebw,317,,2ebw317,address,yes,yes,-55.181076625127275,5.826448678724049
2552,TBW,316,,TBW316,tbw316,Verlengde Gemenelandsweg,verlengde gemenelandsweg,,,renumbered-1885,2ebw,316,,2ebw316,address,yes,yes,-55.18277998110008,5.826756269410787
2553,TBW,306,,TBW306,tbw306,Verlengde Gemenelandsweg,verlengde gemenelandsweg,,,renumbered-1885,2ebw,306,,2ebw306,address,yes,yes,-55.18486637452205,5.827414977772764
2554,TBW,315,,TBW315,tbw315,Verlengde Gemenelandsweg,verlengde gemenelandsweg,,,renumbered-1885,2ebw,315,,2ebw315,address,yes,yes,-55.185150750827084,5.827145110467608
2555,TBW,314,,TBW314,tbw314,Verlengde Gemenelandsweg,verlengde gemenelandsweg,,,renumbered-1885,2ebw,314,,2ebw314,address,yes,yes,-55.18549171220155,5.827172677557459
2556,TBW,307,,TBW307,tbw307,Verlengde Gemenelandsweg,verlengde gemenelandsweg,,,renumbered-1885,2ebw,307,,2ebw307,address,yes,yes,-55.18548881040262,5.8275266970271
2557,TBW,308,,TBW308,tbw308,Verlengde Gemenelandsweg,verlengde gemenelandsweg,,,renumbered-1885,2ebw,308,,2ebw308,address,yes,yes,-55.18598211622097,5.827590536603592
2558,TBW,309,,TBW309,tbw309,Verlengde Gemenelandsweg,verlengde gemenelandsweg,,,renumbered-1885,2ebw,309,,2ebw309,address,yes,yes,-55.186463814843584,5.827648572582222
2559,TBW,310,,TBW310,tbw310,Verlengde Gemenelandsweg,verlengde gemenelandsweg,,,renumbered-1885,2ebw,310,,2ebw310,address,yes,yes,-55.18678736542444,5.827706608560852
2560,TBW,313,,TBW313,tbw313,Verlengde Gemenelandsweg,verlengde gemenelandsweg,,,renumbered-1885,2ebw,313,,2ebw313,address,yes,yes,-55.18679316902231,5.827375803482663
2561,TBW,311,,TBW311,tbw311,Verlengde Gemenelandsweg,verlengde gemenelandsweg,,,renumbered-1885,2ebw,311,,2ebw311,address,yes,yes,-55.187715941082516,5.827866207502085
2562,TBW,312,,TBW312,tbw312,Verlengde Gemenelandsweg,verlengde gemenelandsweg,,,renumbered-1885,2ebw,312,,2ebw312,address,yes,yes,-55.18775946806649,5.827515089831373
2563,TBW,318,,TBW318,tbw318,Verlengde Gemenelandsweg,verlengde gemenelandsweg,,,renumbered-1885,2ebw,318,,2ebw318,address,yes,yes,-55.178772596775694,5.825097891321446
2564,TBW,319,,TBW319,tbw319,Verlengde Gemenelandsweg,verlengde gemenelandsweg,,,renumbered-1885,2ebw,319,,2ebw319,address,yes,yes,-55.176001378797075,5.823617973866811
2565,TBW,321,,TBW321,tbw321,Verlengde Gemenelandsweg,verlengde gemenelandsweg,Tijdelijk verblijf van suspecten (Gouvernement),,renumbered-1885,2ebw,321,,2ebw321,address,yes,yes,-55.17465494409191,5.823098551857653
2566,TBW,322,,TBW322,tbw322,Verlengde Gemenelandsweg,verlengde gemenelandsweg,,,renumbered-1885,2ebw,322,,2ebw322,address,yes,yes,-55.17434154980732,5.8230202032865
2567,TBW,323,,TBW323,tbw323,Verlengde Gemenelandsweg,verlengde gemenelandsweg,,,renumbered-1885,2ebw,323,,2ebw323,address,yes,yes,-55.174289317426556,5.82298973439772
2568,TBW,324,,TBW324,tbw324,Verlengde Gemenelandsweg,verlengde gemenelandsweg,,,renumbered-1885,2ebw,324,,2ebw324,address,yes,yes,-55.17423273234739,5.822969421805201
2569,TBW,328,,TBW328,tbw328,Verlengde Gemenelandsweg,verlengde gemenelandsweg,Weldadigheidsgesticht landsgrond Boniface (Gouvernement),,renumbered-1885,2ebw,328,,2ebw328,address,yes,yes,-55.17324466981122,5.822384709320506
2570,TBW,329,,TBW329,tbw329,Wanicastraat,wanicastraat,,,renumbered-1885,2ebw,329,,2ebw329,address,yes,yes,-55.17324321891175,5.821670866783362
2571,TBW,332,,TBW332,tbw332,Wanicastraat,wanicastraat,,,renumbered-1885,2ebw,332,,2ebw332,address,yes,yes,-55.17345069753535,5.821284927525474
2572,TBW,330,,TBW330,tbw330,Wanicastraat,wanicastraat,,,renumbered-1885,2ebw,330,,2ebw330,address,yes,yes,-55.173299803990915,5.821543187630377
2573,TBW,331,,TBW331,tbw331,Wanicastraat,wanicastraat,,,renumbered-1885,2ebw,331,,2ebw331,address,yes,yes,-55.173366545366335,5.821408253980063
2574,TBW,333,,TBW333,tbw333,Wanicastraat,wanicastraat,,,renumbered-1885,2ebw,333,,2ebw333,address,yes,yes,-55.1735754748894,5.82106148900775
2575,TBW,334,,TBW334,tbw334,Wanicastraat,wanicastraat,,,renumbered-1885,2ebw,334,,2ebw334,address,yes,yes,-55.17364656896322,5.820920751759573
2576,TBW,335,a,TBW335a,tbw335a,Wanicastraat,wanicastraat,,,renumbered-1885,2ebw,335,a,2ebw335,address,yes,yes,-55.17369735044452,5.820846755886822
2577,TBW,336,,TBW336,tbw336,Molenpad,molenpad,,,renumbered-1885,2ebw,336,,2ebw336,address,yes,yes,-55.1762741478957,5.821492406149077
2578,TBW,337,,TBW337,tbw337,Molenpad,molenpad,,,renumbered-1885,2ebw,337,,2ebw337,address,yes,yes,-55.17680227530534,5.821688277571006
2579,TBW,340,,TBW340,tbw340,Molenpad,molenpad,,,renumbered-1885,2ebw,340,,2ebw340,address,yes,yes,-55.183698400461914,5.825302468146123
2580,TBW,341,,TBW341,tbw341,Molenpad,molenpad,,,renumbered-1885,2ebw,341,,2ebw341,address,yes,yes,-55.1832457198286,5.824936841480755
2581,TBW,342,,TBW342,tbw342,Molenpad,molenpad,,,renumbered-1885,2ebw,342,,2ebw342,address,yes,yes,-55.18257540427542,5.824548000423937
2582,TBW,343,,TBW343,tbw343,Molenpad,molenpad,,,renumbered-1885,2ebw,343,,2ebw343,address,yes,yes,-55.1819747318966,5.824208489948953
2583,TBW,344,,TBW344,tbw344,Molenpad,molenpad,,,renumbered-1885,2ebw,344,,2ebw344,address,yes,yes,-55.18119124618512,5.823691969739149
2584,TBW,345,,TBW345,tbw345,Molenpad,molenpad,,,renumbered-1885,2ebw,345,,2ebw345,address,yes,yes,-55.17890462862711,5.822275891860586
2585,TBW,346,b,TBW346b,tbw346b,Molenpad,molenpad,,,renumbered-1885,2ebw,346,b,2ebw346,address,yes,yes,-55.17446197443283,5.819762934007214
2586,TBW,339,,TBW339,tbw339,Molenpad,molenpad,,,renumbered-1885,2ebw,339,,2ebw339,address,yes,yes,-55.18111144671449,5.82421284264736
2587,TBW,338,,TBW338,tbw338,Molenpad,molenpad,,,renumbered-1885,2ebw,338,,2ebw338,address,yes,yes,-55.180655864282244,5.823913957357415
2588,TBW,349,a,TBW349a,tbw349a,Wanicastraat,wanicastraat,,,renumbered-1885,2ebw,349,a,2ebw349,address,yes,yes,-55.17636577942607,5.816470901737593
2589,TBW,348,,TBW348,tbw348,Wanicastraat,wanicastraat,,,renumbered-1885,2ebw,348,,2ebw348,address,yes,yes,-55.17629446048823,5.816642049235117
2590,TBW,347,,TBW347,tbw347,Wanicastraat,wanicastraat,,,renumbered-1885,2ebw,347,,2ebw347,address,yes,yes,-55.176158075938446,5.816787139181692
2591,TBW,351,,TBW351,tbw351,,,Hermitage,,renumbered-1885,2ebw,351,,2ebw351,address,yes,yes,-55.18239694364115,5.818603665312805
2592,TBW,,,TBW,tbw,,,,,renumbered-1885,2ebw,,,,non-address-annotation,no,yes,-55.175261420068615,5.835056865254331
2593,TBW,,,TBW,tbw,,,,,renumbered-1885,2ebw,,,,non-address-annotation,no,yes,-55.17646856842411,5.835265794777396
2594,TBW,,,TBW,tbw,,,,,renumbered-1885,2ebw,,,,non-address-annotation,no,yes,-55.17577213668056,5.833983199649681
2595,TBW,,,,,,,,,renumbered-1885,2ebw,,,,non-address-annotation,no,yes,-55.17108282960727,5.835103294037234
2596,TBW,,,,,,,,,renumbered-1885,2ebw,,,,non-address-annotation,no,yes,-55.17096095405215,5.834099271606941
2597,TBW,,,,,,,,,renumbered-1885,2ebw,,,,non-address-annotation,no,yes,-55.170728810137646,5.831162651088275
2598,TBW,,,,,Wanicastraat,wanicastraat,,,renumbered-1885,2ebw,,,,non-address-annotation,no,yes,-55.17195917288458,5.824114181483699
2599,TBW,1,,TBW1,tbw1,Weg van Charlesburg,weg van charlesburg,,,renumbered-1885,2ebw,1,,2ebw1,address,yes,yes,-55.16417944994923,5.838948177621457
2600,TBW,6,b,TBW6b,tbw6b,Weg naar Zee,weg naar zee,,,renumbered-1885,2ebw,6,b,2ebw6,address,yes,yes,-55.16627745057668,5.842404220148859
2601,TBW,5,,TBW5,tbw5,Weg naar Zee,weg naar zee,,,renumbered-1885,2ebw,5,,2ebw5,address,yes,yes,-55.166329682957446,5.841162250206181
2602,TBW,291,,TBW291,tbw291,Wanicastraat,wanicastraat,,,renumbered-1885,2ebw,291,,2ebw291,address,yes,yes,-55.170117981462504,5.8268926539606
2603,TBW,350,,TBW350,tbw350,Wanicastraat,wanicastraat,,,renumbered-1885,2ebw,350,,2ebw350,address,yes,yes,-55.176514674492,5.816296279719605
2604,TBW,39,b,TBW39b,tbw39b,Rijweg naar Kwatta,rijweg naar kwatta,,,renumbered-1885,2ebw,39,b,2ebw39,address,yes,yes,-55.1881411667498,5.8406293702427
2605,F,,,F,f,,,,,renumbered-1885,f,,,,non-address-annotation,no,yes,-55.16566147283497,5.815268678371095
2606,E,171,b,E171b,e171b,Princestraat,princestraat,,,older-regime,e,171,b,e171,address,yes,yes,-55.166259119694246,5.823909293267277
2607,B,,,,,Soldatenstraat,soldatenstraat,,,older-regime,b,,,,non-address-annotation,no,yes,-55.16417789853288,5.833300014846237
2608,TBW,,,,,,,,,renumbered-1885,2ebw,,,,non-address-annotation,no,yes,-55.16567117121764,5.83412153526337
2609,TBW,,,,,Verlengde Weidestraat,verlengde weidestraat,,,renumbered-1885,2ebw,,,,non-address-annotation,no,yes,-55.16833679952868,5.831141965703269
2610,F,,,F,f,,,,,renumbered-1885,f,,,,non-address-annotation,no,yes,-55.16860764748985,5.814724396501072
2611,E,167,b,E167b,e167b,Hofstraat,hofstraat,,,older-regime,e,167,b,e167,address,yes,yes,-55.16597039813377,5.824662233807318
2612,A,,,,,,,,,older-regime,a,,,,non-address-annotation,no,yes,-55.15574076106432,5.828384790521435
2613,E,168,b,E168b,e168b,Hofstraat,hofstraat,,,older-regime,e,168,b,e168,address,yes,yes,-55.16607701753355,5.824474470439562
2614,A,,,,,,,,,older-regime,a,,,,non-address-annotation,no,yes,-55.15083909625266,5.826447484580581
2615,,,,,,,,,,unknown,,,,,insufficient-address-components,no,yes,-55.14780561953567,5.828806872517637
2616,EBW,,,EBW,ebw,,,,,renumbered-1885,1ebw,,,,non-address-annotation,no,yes,-55.14932944376813,5.82780686286509
2617,E,184,b,E184b,e184b,Groote Dwarsstraat,groote dwarsstraat,,,older-regime,e,184,b,e184,address,yes,yes,-55.16526557785383,5.823666804897869
2618,EBW,,,EBW,ebw,Kleine Waterstraat,kleine waterstraat,,,renumbered-1885,1ebw,,,,non-address-annotation,no,yes,-55.147809405636856,5.827432682440518
2619,E,184,ab,E184ab,e184ab,Princestraat,princestraat,,,older-regime,e,184,ab,e184,address,yes,yes,-55.16564110458934,5.823529048859215
2620,A,,,,,,,,,older-regime,a,,,,non-address-annotation,no,yes,-55.15001353266543,5.825510079424908
2621,B,,,B,b,Wagenwegstraat,wagenwegstraat,,,older-regime,b,,,,non-address-annotation,no,yes,-55.15809827292962,5.829189030832783
2622,A,,,A,a,,,Gouvts. Secretarij,,older-regime,a,,,,non-address-annotation,no,yes,-55.15123183358814,5.827213785115563
2623,E,184,ac,E184ac,e184ac,Princestraat,princestraat,,,older-regime,e,184,ac,e184,address,yes,yes,-55.16570903907416,5.823564903170645
2624,B,73,b,B73b,b73b,Gravenstraat,gravenstraat,,,older-regime,b,73,b,b73,address,yes,yes,-55.156608331846904,5.829514408460409
2625,E,291,b,E291b,e291b,Princestraat,princestraat,,,older-regime,e,291,b,e291,address,yes,yes,-55.16583924683672,5.823640385931552
2626,E,166,b,E166b,e166b,Hofstraat,hofstraat,,,older-regime,e,166,b,e166,address,yes,yes,-55.16566941062468,5.825151928218699
2627,Princestraat,,,,,,,,,older-regime,princestraat,,,,non-address-annotation,no,no,,
2628,,,,,,,,,,unknown,,,,,insufficient-address-components,no,yes,-55.15564548659234,5.831326934999166
2629,F,,,F206,f206,Groote Dwarsstraat,groote dwarsstraat,,,renumbered-1885,f,206,,f206,address,yes,yes,-55.16704372600983,5.81982584035742
2630,Princestraat,,,,,,,,,older-regime,princestraat,,,,non-address-annotation,no,no,,
2631,A,90,b,A90b,a90b,Heerenstraat,heerenstraat,,,older-regime,a,90,b,a90,address,yes,yes,-55.153885470207776,5.826821370414776
2632,F,,,,,Gemenelandsweg,gemenelandsweg,,in 1885 ook F349,renumbered-1885,f,,,,non-address-annotation,no,yes,-55.16983225313259,5.820481721842841
2633,EBW,,,,,Tweede Dwarsstraat,tweede dwarsstraat,,ook EBW214 in 1885,renumbered-1885,1ebw,,,,non-address-annotation,no,yes,-55.144492723181216,5.831327366937551
2634,EBW,249,,EBW249,ebw249,Grote Waterstraat,grote waterstraat,,,renumbered-1885,1ebw,249,,1ebw249,address,yes,yes,-55.14498759956616,5.829356566692894
2635,A,90,a,A90a,a90a,Heerenstraat,heerenstraat,,,older-regime,a,90,a,a90,address,yes,yes,-55.15397525188816,5.82687075033899
2636,TBW,,,,,Wanicastraat,wanicastraat,,,renumbered-1885,2ebw,,,,non-address-annotation,no,yes,-55.17635100269472,5.816639402357756
2637,,,,,,,,,,unknown,,,,,insufficient-address-components,no,yes,-55.20558583687963,5.817769468574061
2638,,,,,,,,,,unknown,,,,,insufficient-address-components,no,yes,-55.16976690226034,5.810238834576411
2639,,,,,,,,,,unknown,,,,,insufficient-address-components,no,yes,-55.17995950834834,5.8049332079832
2640,EBW,6,a,EBW6a,ebw6a,Groote Combéweg,groote combeweg,,,renumbered-1885,1ebw,6,a,1ebw6,address,yes,yes,-55.14983438007716,5.831126363226327
2641,EBW,24,b,EBW24b,ebw24b,Groote Combéweg,groote combeweg,,,renumbered-1885,1ebw,24,b,1ebw24,address,yes,yes,-55.147968700865796,5.83458410742201
2642,EBW,36,b,EBW36b,ebw36b,Groote Combéweg,groote combeweg,,,renumbered-1885,1ebw,36,b,1ebw36,address,yes,yes,-55.14847789860255,5.832981797535465
2643,EBW,37,b,EBW37b,ebw37b,Groote Combéweg,groote combeweg,,,renumbered-1885,1ebw,37,b,1ebw37,address,yes,yes,-55.14858443812351,5.832690939753276
2644,EBW,144,b,EBW144b,ebw144b,Wichersstraat,wichersstraat,,,renumbered-1885,1ebw,144,b,1ebw144,address,yes,yes,-55.14838406568147,5.830487033363043
2645,EBW,147,b,EBW147b,ebw147b,Wichersstraat,wichersstraat,,,renumbered-1885,1ebw,147,b,1ebw147,address,yes,yes,-55.148688277969356,5.829976165236985
2646,EBW,75,a,EBW75a,ebw75a,Kleine Dwarsstraat,kleine dwarsstraat,,,renumbered-1885,1ebw,75,a,1ebw75,address,yes,yes,-55.1489727555556,5.829714028822454
2647,EBW,112,b,EBW112b,ebw112b,Wichersstraat,wichersstraat,,,renumbered-1885,1ebw,112,b,1ebw112,address,yes,yes,-55.148414226263256,5.831023966189406
2648,EBW,211,b,EBW211b,ebw211b,Grote Waterstraat,grote waterstraat,,,renumbered-1885,1ebw,211,b,1ebw211,address,yes,yes,-55.14568391370413,5.82953838851757
2649,EBW,211,c,EBW211c,ebw211c,Grote Waterstraat,grote waterstraat,,,renumbered-1885,1ebw,211,c,1ebw211,address,yes,yes,-55.145423546831005,5.829614702945902
2650,EBW,213,ab,EBW213ab,ebw213ab,Grote Waterstraat,grote waterstraat,,,renumbered-1885,1ebw,213,ab,1ebw213,address,yes,yes,-55.14394524721889,5.830780447417942
2651,EBW,213,ac,EBW213ac,ebw213ac,Grote Waterstraat,grote waterstraat,,,renumbered-1885,1ebw,213,ac,1ebw213,address,yes,yes,-55.14415855132499,5.830841070990247
2652,EBW,213,b,EBW213b,ebw213b,Grote Waterstraat,grote waterstraat,,,renumbered-1885,1ebw,213,b,1ebw213,address,yes,yes,-55.14434143066359,5.830923430916778
2653,EBW,204,a,EBW204a,ebw204a,Nepveugracht,nepveugracht,,,renumbered-1885,1ebw,204,a,1ebw204,address,yes,yes,-55.14492676936192,5.832199856526193
2654,EBW,224,b,EBW224b,ebw224b,Vierde dwarsstraat of Bamboeslaan,vierde dwarsstraat of bamboeslaan,,,renumbered-1885,1ebw,224,b,1ebw224,address,yes,yes,-55.142613713385956,5.832995202238477
2655,EBW,224,c,EBW224c,ebw224c,Vierde dwarsstraat of Bamboeslaan,vierde dwarsstraat of bamboeslaan,,,renumbered-1885,1ebw,224,c,1ebw224,address,yes,yes,-55.14274121367282,5.833059772812944
2656,EBW,224,d,EBW224d,ebw224d,Vierde dwarsstraat of Bamboeslaan,vierde dwarsstraat of bamboeslaan,,,renumbered-1885,1ebw,224,d,1ebw224,address,yes,yes,-55.14285201921735,5.83310839750839
2657,EBW,224,e,EBW224e,ebw224e,Vierde dwarsstraat of Bamboeslaan,vierde dwarsstraat of bamboeslaan,,,renumbered-1885,1ebw,224,e,1ebw224,address,yes,yes,-55.14296760421264,5.833167010437072
2658,EBW,224,f,EBW224f,ebw224f,Vierde dwarsstraat of Bamboeslaan,vierde dwarsstraat of bamboeslaan,,,renumbered-1885,1ebw,224,f,1ebw224,address,yes,yes,-55.143087346225855,5.833227550424088
2659,EBW,224,g,EBW224g,ebw224g,Vierde dwarsstraat of Bamboeslaan,vierde dwarsstraat of bamboeslaan,,,renumbered-1885,1ebw,224,g,1ebw224,address,yes,yes,-55.14318862620419,5.833281169236152
2660,EBW,224,h,EBW224h,ebw224h,Vierde dwarsstraat of Bamboeslaan,vierde dwarsstraat of bamboeslaan,,,renumbered-1885,1ebw,224,h,1ebw224,address,yes,yes,-55.143310757942785,5.833340745694001
2661,EBW,224,i,EBW224i,ebw224i,Vierde dwarsstraat of Bamboeslaan,vierde dwarsstraat of bamboeslaan,,,renumbered-1885,1ebw,224,i,1ebw224,address,yes,yes,-55.14341203792113,5.83338840686028
2662,EBW,224,k,EBW224k,ebw224k,Vierde dwarsstraat of Bamboeslaan,vierde dwarsstraat of bamboeslaan,,,renumbered-1885,1ebw,224,k,1ebw224,address,yes,yes,-55.14374864490796,5.833529900947672
2663,EBW,223,b,EBW223b,ebw223b,Mauriciusstraat,mauriciusstraat,,,renumbered-1885,1ebw,223,b,1ebw223,address,yes,yes,-55.14267477925526,5.832614657613968
2664,EBW,223,c,EBW223c,ebw223c,Mauriciusstraat,mauriciusstraat,,,renumbered-1885,1ebw,223,c,1ebw223,address,yes,yes,-55.14261222397452,5.832689128186279
2665,EBW,223,d,EBW223d,ebw223d,Nepveugracht,nepveugracht,,,renumbered-1885,1ebw,223,d,1ebw223,address,yes,yes,-55.14394375780744,5.833317659816585
2666,EBW,223,e,EBW223e,ebw223e,Nepveugracht,nepveugracht,,,renumbered-1885,1ebw,223,e,1ebw223,address,yes,yes,-55.143982482505045,5.833243189244274
2667,EBW,223,f,EBW223f,ebw223f,Nepveugracht,nepveugracht,,,renumbered-1885,1ebw,223,f,1ebw223,address,yes,yes,-55.14402716484843,5.833159782203285
2668,EBW,222,b,EBW222b,ebw222b,Mauriciusstraat,mauriciusstraat,,,renumbered-1885,1ebw,222,b,1ebw222,address,yes,yes,-55.14292500037823,5.832182728294563
2669,EBW,222,c,EBW222c,ebw222c,Mauriciusstraat,mauriciusstraat,,,renumbered-1885,1ebw,222,c,1ebw222,address,yes,yes,-55.142859466274594,5.832272092981336
2670,EBW,222,d,EBW222d,ebw222d,Mauriciusstraat,mauriciusstraat,,,renumbered-1885,1ebw,222,d,1ebw222,address,yes,yes,-55.14279691099385,5.83237337295968
2671,EBW,222,e,EBW222e,ebw222e,Nepveugracht,nepveugracht,,,renumbered-1885,1ebw,222,e,1ebw222,address,yes,yes,-55.144095677774956,5.833037650464695
2672,EBW,222,f,EBW222f,ebw222f,Nepveugracht,nepveugracht,,,renumbered-1885,1ebw,222,f,1ebw222,address,yes,yes,-55.144146317764125,5.832936370486351
2673,EBW,222,g,EBW222g,ebw222g,Nepveugracht,nepveugracht,,,renumbered-1885,1ebw,222,g,1ebw222,address,yes,yes,-55.144202915399084,5.83282615403933
2674,EBW,222,h,EBW222h,ebw222h,Nepveugracht,nepveugracht,,,renumbered-1885,1ebw,222,h,1ebw222,address,yes,yes,-55.14425057656536,5.832733810529665
2675,EBW,221,b,EBW221b,ebw221b,Mauriciusstraat,mauriciusstraat,,,renumbered-1885,1ebw,221,b,1ebw221,address,yes,yes,-55.14316181679818,5.831774629558299
2676,EBW,221,c,EBW221c,ebw221c,Mauriciusstraat,mauriciusstraat,,,renumbered-1885,1ebw,221,c,1ebw221,address,yes,yes,-55.14309330387165,5.831866973067966
2677,EBW,221,d,EBW221d,ebw221d,Mauriciusstraat,mauriciusstraat,,,renumbered-1885,1ebw,221,d,1ebw221,address,yes,yes,-55.14302479094513,5.831971231869201
2678,EBW,221,e,EBW221e,ebw221e,Nepveugracht,nepveugracht,,,renumbered-1885,1ebw,221,e,1ebw221,address,yes,yes,-55.14429376949731,5.832629551728431
2679,EBW,221,f,EBW221f,ebw221f,Nepveugracht,nepveugracht,,,renumbered-1885,1ebw,221,f,1ebw221,address,yes,yes,-55.14435632477805,5.832525292927195
2680,EBW,221,g,EBW221g,ebw221g,Nepveugracht,nepveugracht,,,renumbered-1885,1ebw,221,g,1ebw221,address,yes,yes,-55.14440398594433,5.832424012948852
2681,EBW,221,h,EBW221h,ebw221h,Nepveugracht,nepveugracht,,,renumbered-1885,1ebw,221,h,1ebw221,address,yes,yes,-55.14446356240217,5.832322732970509
2682,EBW,220,b,EBW220b,ebw220b,Mauriciusstraat,mauriciusstraat,,,renumbered-1885,1ebw,220,b,1ebw220,address,yes,yes,-55.14335395087474,5.831473768446163
2683,EBW,220,c,EBW220c,ebw220c,Mauriciusstraat,mauriciusstraat,,,renumbered-1885,1ebw,220,c,1ebw220,address,yes,yes,-55.143285437948215,5.831575048424507
2684,EBW,220,d,EBW220d,ebw220d,Nepveugracht,nepveugracht,,,renumbered-1885,1ebw,220,d,1ebw220,address,yes,yes,-55.144536543563035,5.832233368283737
2685,EBW,214,b,EBW214b,ebw214b,Tweede Dwarsstraat,tweede dwarsstraat,,,renumbered-1885,1ebw,214,b,1ebw214,address,yes,yes,-55.14465197295013,5.831359083764804
2686,EBW,231,b,EBW231b,ebw231b,Grote Waterstraat,grote waterstraat,,,renumbered-1885,1ebw,231,b,1ebw231,address,yes,yes,-55.14188613589449,5.830919707388172
2687,EBW,240,b,EBW240b,ebw240b,Grote Waterstraat,grote waterstraat,,,renumbered-1885,1ebw,240,b,1ebw240,address,yes,yes,-55.14046523737479,5.831107373230394
2688,EBW,235,b,EBW235b,ebw235b,Grote Waterstraat,grote waterstraat,,,renumbered-1885,1ebw,235,b,1ebw235,address,yes,yes,-55.14057545382181,5.831394829639515
2689,A,13,a,A13a,a13a,Gravenstraat,gravenstraat,Surin. Bank,,older-regime,a,13,a,a13,address,yes,yes,-55.15375823453232,5.829489872399804
2690,A,19,b,A19b,a19b,Gravenstraat,gravenstraat,,,older-regime,a,19,b,a19,address,yes,yes,-55.155152323645986,5.829397528890142
2691,A,20,c,A20c,a20c,Gravenstraat,gravenstraat,,,older-regime,a,20,c,a20,address,yes,yes,-55.15548446239849,5.829184543053333
2692,B,92,b,B92b,b92b,Heerenstraat,heerenstraat,,,older-regime,b,92,b,b92,address,yes,yes,-55.15738212976079,5.828885987250399
2693,B,92,a,B92a,b92a,Heerenstraat,heerenstraat,,,older-regime,b,92,a,b92,address,yes,yes,-55.15726629174973,5.828818801203984
2694,A,246,b,A246b,a246b,Keizerstraat,keizerstraat,,,older-regime,a,246,b,a246,address,yes,yes,-55.15741399492708,5.827152241134969
2695,A,150,a,A150a,a150a,Keizerstraat,keizerstraat,,,older-regime,a,150,a,a150,address,yes,yes,-55.155718299995556,5.826210933100958
2696,A,151,b,A151b,a151b,Korte Kerkstraat,korte kerkstraat,,,older-regime,a,151,b,a151,address,yes,yes,-55.155715321172664,5.826394130708843
2697,A,158,b,A158b,a158b,Keizerstraat,keizerstraat,,,older-regime,a,158,b,a158,address,yes,yes,-55.15557531649672,5.825902624931591
2698,A,215,b,A215b,a215b,Watermolenstraat,watermolenstraat,,,older-regime,a,215,b,a215,address,yes,yes,-55.15550978239308,5.825223453312114
2699,A,222,a,A222a,a222a,Waterkant,waterkant,,,older-regime,a,222,a,a222,address,yes,yes,-55.155946179946824,5.824651519316766
2700,A,224,b,A224b,a224b,Waterkant,waterkant,,,older-regime,a,224,b,a224,address,yes,yes,-55.15638630102918,5.824560665218547
2701,A,225,c,A225c,a225c,Knuffelsgracht,knuffelsgracht,,,older-regime,a,225,c,a225,address,yes,yes,-55.15646375042439,5.824751309883663
2702,A,231,a,A231a,a231a,Knuffelsgracht,knuffelsgracht,,,older-regime,a,231,a,a231,address,yes,yes,-55.15667226802687,5.825588359116439
2703,A,232,a,A232a,a232a,Knuffelsgracht,knuffelsgracht,,,older-regime,a,232,a,a232,address,yes,yes,-55.15669684331573,5.82570602262069
2704,A,183,a,A183a,a183a,Watermolenstraat,watermolenstraat,,,older-regime,a,183,a,a183,address,yes,yes,-55.155164238937594,5.825367926222402
2705,A,163,c,A163c,a163c,Keizerstraat,keizerstraat,,,older-regime,a,163,c,a163,address,yes,yes,-55.154724862560975,5.825399203862772
2706,A,163,b,A163b,a163b,Keizerstraat,keizerstraat,,,older-regime,a,163,b,a163,address,yes,yes,-55.15475465078993,5.825411119154345
2707,A,146,b,A146b,a146b,Keizerstraat,keizerstraat,,,older-regime,a,146,b,a146,address,yes,yes,-55.15488471225376,5.825703869061689
2708,A,146,c,A146c,a146c,Keizerstraat,keizerstraat,,,older-regime,a,146,c,a146,address,yes,yes,-55.15492286946793,5.825721825397767
2709,A,231,b,A231b,a231b,Knuffelsgracht,knuffelsgracht,,,older-regime,a,231,b,a231,address,yes,yes,-55.156679715084174,5.825612189699586
2710,A,20,a,A20a,a20a,Gravenstraat,gravenstraat,,,older-regime,a,20,a,a20,address,yes,yes,-55.15539435300613,5.829134647769899
2711,A,93,b,A93b,a93b,Heerenstraat,heerenstraat,,,older-regime,a,93,b,a93,address,yes,yes,-55.153194151268636,5.826492545010323
2712,A,100,a,A100a,a100a,Waterkant,waterkant,,,older-regime,a,100,a,a100,address,yes,yes,-55.152159351344956,5.825361223870898
2713,A,102,b,A102b,a102b,Waterkant,waterkant,,,older-regime,a,102,b,a102,address,yes,yes,-55.15252798067789,5.825358245048005
2714,A,34,a,A34a,a34a,Gravenstraat,gravenstraat,,Ligging gegokt,older-regime,a,34,a,a34,address,yes,yes,-55.154760608435794,5.828551543188706
2715,A,34,d,A34d,a34d,Gravenstraat,gravenstraat,,Ligging gegokt,older-regime,a,34,d,a34,address,yes,yes,-55.15455506965622,5.828423453804332
2716,A,34,c,A34c,a34c,Gravenstraat,gravenstraat,,Ligging gegokt,older-regime,a,34,c,a34,address,yes,yes,-55.15462060375985,5.828462178501933
2717,A,29,b,A29b,a29b,Gravenstraat,gravenstraat,,,older-regime,a,29,b,a29,address,yes,yes,-55.1554792494586,5.828948471339126
2718,A,29,c,A29c,a29c,Gravenstraat,gravenstraat,,,older-regime,a,29,c,a29,address,yes,yes,-55.15542414123509,5.82892315134454
2719,A,69,c,A69c,a69c,Heerenstraat,heerenstraat,,,older-regime,a,69,c,a69,address,yes,yes,-55.15545244005255,5.82806376094007
2720,A,69,a,A69a,a69a,Heerenstraat,heerenstraat,,,older-regime,a,69,a,a69,address,yes,yes,-55.15535116007421,5.828005673893668
2721,A,65,a,A65a,a65a,Noorderkerkstraat,noorderkerkstraat,,,older-regime,a,65,a,a65,address,yes,yes,-55.15475837431861,5.828150146803951
2722,A,60,b,A60b,a60b,Heerenstraat,heerenstraat,,,older-regime,a,60,b,a60,address,yes,yes,-55.15476308613348,5.827657462313388
2723,A,60,c,A60c,a60c,Heerenstraat,heerenstraat,,,older-regime,a,60,c,a60,address,yes,yes,-55.154711461667254,5.8276372614353
2724,A,60,d,A60d,a60d,Noorderkerkstraat,noorderkerkstraat,,,older-regime,a,60,d,a60,address,yes,yes,-55.154653103575,5.827890894682402
2725,A,59,b,A59b,a59b,Heerenstraat,heerenstraat,,,older-regime,a,59,b,a59,address,yes,yes,-55.15461157745406,5.827597729976964
2726,A,56,a,A56a,a56a,Heerenstraat,heerenstraat,,,older-regime,a,56,a,a56,address,yes,yes,-55.154131332099745,5.8273235234513
2727,A,47,b,A47b,a47b,Oranjestraat,oranjestraat,,,older-regime,a,47,b,a47,address,yes,yes,-55.15267543241109,5.826765738864692
2728,A,259,b,A259b,a259b,Wagenwegstraat,wagenwegstraat,,,older-regime,a,259,b,a259,address,yes,yes,-55.15583335702993,5.827557733401219
2729,A,257,b,A257b,a257b,Wagenwegstraat,wagenwegstraat,,,older-regime,a,257,b,a257,address,yes,yes,-55.15613663843566,5.827752101594948
2730,B,90,a,B90a,b90a,Heerenstraat,heerenstraat,,,older-regime,b,90,a,b90,address,yes,yes,-55.15686549223144,5.828609134403965
2731,B,91,c,B91c,b91c,Wagenwegstraat,wagenwegstraat,,,older-regime,b,91,c,b91,address,yes,yes,-55.1572083727442,5.828613767924407
2732,B,91,b,B91b,b91b,Wagenwegstraat,wagenwegstraat,,,older-regime,b,91,b,b91,address,yes,yes,-55.1571643543,5.828596392222748
2733,B,76,b,B76b,b76b,Klipsteenstraat,klipsteenstraat,,,older-regime,b,76,b,b76,address,yes,yes,-55.15649249383584,5.8291373557344
2734,B,81,a,B81a,b81a,Heerenstraat,heerenstraat,,,older-regime,b,81,a,b81,address,yes,yes,-55.15686665061157,5.828923055413938
2735,B,85,a,B85a,b85a,Heerenstraat,heerenstraat,,,older-regime,b,85,a,b85,address,yes,yes,-55.15729177611217,5.829153573055949
2736,B,85,c,B85c,b85c,Heerenstraat,heerenstraat,,,older-regime,b,85,c,b85,address,yes,yes,-55.157356645398366,5.829186007699046
2737,B,85,d,B85d,b85d,Heerenstraat,heerenstraat,,,older-regime,b,85,d,b85,address,yes,yes,-55.157392555181794,5.829203383400706
2738,B,96,a,B96a,b96a,Wagenwegstraat,wagenwegstraat,,,older-regime,b,96,a,b96,address,yes,yes,-55.15865403112223,5.82947676110681
2739,B,102,a,B102a,b102a,Wagenwegstraat,wagenwegstraat,,,older-regime,b,102,a,b102,address,yes,yes,-55.15912317506703,5.829753613953248
2740,B,8,b,B8b,b8b,Gravenstraat,gravenstraat,,,older-regime,b,8,b,b8,address,yes,yes,-55.1580218451769,5.830642091498086
2741,B,9,b,B9b,b9b,Gravenstraat,gravenstraat,,,older-regime,b,9,b,b9,address,yes,yes,-55.15815592767467,5.830741132997543
2742,B,12,b,B12b,b12b,Gravenstraat,gravenstraat,,,older-regime,b,12,b,b12,address,yes,yes,-55.158628836354836,5.830997424597016
2743,B,35,b,B35b,b35b,Soldatenstraat,soldatenstraat,,,older-regime,b,35,b,b35,address,yes,yes,-55.164652992120075,5.833855727519945
2744,B,36,a,B36a,b36a,Soldatenstraat,soldatenstraat,,,older-regime,b,36,a,b36,address,yes,yes,-55.16472944520738,5.833887872568014
2745,B,134,a,B134a,b134a,Wanicastraat,wanicastraat,,,older-regime,b,134,a,b134,address,yes,yes,-55.16596312002516,5.833405696846971
2746,B,134,b,B134b,b134b,Wanicastraat,wanicastraat,,,older-regime,b,134,b,b134,address,yes,yes,-55.16584844039421,5.833612467696715
2747,B,130,c,B130c,b130c,Wagenwegstraat,wagenwegstraat,,,older-regime,b,130,c,b130,address,yes,yes,-55.16416994761397,5.83270371849994
2748,B,130,b,B130b,b130b,Wagenwegstraat,wagenwegstraat,,,older-regime,b,130,b,b130,address,yes,yes,-55.16412129564932,5.832673311022035
2749,B,126,b,B126b,b126b,Wagenwegstraat,wagenwegstraat,,,older-regime,b,126,b,b126,address,yes,yes,-55.163540947213924,5.832344041475599
2750,B,136,a,B136a,b136a,Wagenwegstraat,wagenwegstraat,,,older-regime,b,136,a,b136,address,yes,yes,-55.165368436635895,5.833091631039474
2751,B,143,b,B143b,b143b,Wagenwegstraat,wagenwegstraat,,,older-regime,b,143,b,b143,address,yes,yes,-55.16428332406726,5.832476531200739
2752,B,145,b,B145b,b145b,Wagenwegstraat,wagenwegstraat,,,older-regime,b,145,b,b145,address,yes,yes,-55.16394710424016,5.832281054557074
2753,B,248,b,B248b,b248b,Keizerstraat,keizerstraat,,,older-regime,b,248,b,b248,address,yes,yes,-55.164376880413,5.831047843019114
2754,B,250,b,B250b,b250b,Keizerstraat,keizerstraat,,,older-regime,b,250,b,b250,address,yes,yes,-55.164706408280104,5.831241970842629
2755,B,249,b,B249b,b249b,Keizerstraat,keizerstraat,,,older-regime,b,249,b,b249,address,yes,yes,-55.16452310875015,5.831148158808902
2756,B,252,b,B252b,b252b,Keizerstraat,keizerstraat,,,older-regime,b,252,b,b252,address,yes,yes,-55.165027872883364,5.831423563680198
2757,B,258,,B258,b258,Keizerstraat,keizerstraat,,,older-regime,b,258,,b258,address,yes,yes,-55.16584937528562,5.831892410363007
2758,B,257,b,B257b,b257b,Keizerstraat,keizerstraat,,,older-regime,b,257,b,b257,address,yes,yes,-55.16569398431497,5.831788135658462
2759,B,256,b,B256b,b256b,Keizerstraat,keizerstraat,,,older-regime,b,256,b,b256,address,yes,yes,-55.16551352374472,5.831695493411162
2760,B,260,b,B260b,b260b,Keizerstraat,keizerstraat,,,older-regime,b,260,b,b260,address,yes,yes,-55.16632019069424,5.832144220906507
2761,B,260,c,B260c,b260c,Keizerstraat,keizerstraat,,,older-regime,b,260,c,b260,address,yes,yes,-55.16641532266083,5.832193741656235
2762,B,260,d,B260d,b260d,Keizerstraat,keizerstraat,,,older-regime,b,260,d,b260,address,yes,yes,-55.16656518808764,5.832283660912322
2763,B,260,e,B260e,b260e,Wanicastraat,wanicastraat,,,older-regime,b,260,e,b260,address,yes,yes,-55.16647396565393,5.832527355128093
2764,D,37,b,D37b,d37b,Keizerstraat,keizerstraat,,,older-regime,d,37,b,d37,address,yes,yes,-55.165321305045126,5.831268159748483
2765,D,39,b,D39b,d39b,Keizerstraat,keizerstraat,,,older-regime,d,39,b,d39,address,yes,yes,-55.165745689465716,5.831510854254798
2766,D,41,b,D41b,d41b,Keizerstraat,keizerstraat,,,older-regime,d,41,b,d41,address,yes,yes,-55.16629025833276,5.831829910753211
2767,D,41,c,D41c,d41c,Keizerstraat,keizerstraat,,,older-regime,d,41,c,d41,address,yes,yes,-55.166463988199816,5.831913477018377
2768,D,33,a,D33a,d33a,Rust en Vredestraat,rust en vredestraat,,,older-regime,d,33,a,d33,address,yes,yes,-55.1644993257585,5.830660227386685
2769,D,33,b,D33b,d33b,Rust en Vredestraat,rust en vredestraat,,,older-regime,d,33,b,d33,address,yes,yes,-55.164614656978266,5.830439338779343
2770,B,247,b,B247b,b247b,Keizerstraat,keizerstraat,,,older-regime,b,247,b,b247,address,yes,yes,-55.163984244802464,5.830838111132421
2771,B,240,a,B240a,b240a,Keizerstraat,keizerstraat,,,older-regime,b,240,a,b240,address,yes,yes,-55.16304546822126,5.830329871858893
2772,B,242,b,B242b,b242b,Keizerstraat,keizerstraat,,,older-regime,b,242,b,b242,address,yes,yes,-55.16350825917508,5.830591321869788
2773,B,240,b,B240b,b240b,Keizerstraat,keizerstraat,,,older-regime,b,240,b,b240,address,yes,yes,-55.16317057327321,5.830398288684176
2774,B,234,b,B234b,b234b,Keizerstraat,keizerstraat,,,older-regime,b,234,b,b234,address,yes,yes,-55.162271967564706,5.829879540749697
2775,B,233,b,B233b,b233b,Keizerstraat,keizerstraat,,,older-regime,b,233,b,b233,address,yes,yes,-55.162131614912106,5.829813324828002
2776,B,232,c,B232c,b232c,Keizerstraat,keizerstraat,,,older-regime,b,232,c,b232,address,yes,yes,-55.161991849111885,5.829733668095709
2777,B,232,a,B232a,b232a,Keizerstraat,keizerstraat,,,older-regime,b,232,a,b232,address,yes,yes,-55.16187358574248,5.829668672111692
2778,B,230,,B230,b230,Keizerstraat,keizerstraat,,,older-regime,b,230,,b230,address,yes,yes,-55.16133651366399,5.829366660697229
2779,B,178,b,B178b,b178b,Zwartenhovenbrugstraat,zwartenhovenbrugstraat,,,older-regime,b,178,b,b178,address,yes,yes,-55.1604265698877,5.829533793227562
2780,B,182,a,B182a,b182a,Zwartenhovenbrugstraat,zwartenhovenbrugstraat,,,older-regime,b,182,a,b182,address,yes,yes,-55.160381610259655,5.829148704239541
2781,B,190,a,B190a,b190a,Wagenwegstraat,wagenwegstraat,,,older-regime,b,190,a,b190,address,yes,yes,-55.158379929428506,5.829018712271503
2782,B,187,b,B187b,b187b,Wagenwegstraat,wagenwegstraat,,,older-regime,b,187,b,b187,address,yes,yes,-55.159369041245455,5.829572888556292
2783,C,125,a,C125a,c125a,Zwartenhovenbrugstraat,zwartenhovenbrugstraat,,,older-regime,c,125,a,c125,address,yes,yes,-55.16083022915684,5.828390254862119
2784,C,122,a,C122a,c122a,Zwartenhovenbrugstraat,zwartenhovenbrugstraat,,,older-regime,c,122,a,c122,address,yes,yes,-55.16097879140596,5.828115610177769
2785,C,122,c,C122c,c122c,Zwartenhovenbrugstraat,zwartenhovenbrugstraat,,,older-regime,c,122,c,c122,address,yes,yes,-55.16095435682557,5.828167411488341
2786,C,183,b,C183b,c183b,Steenbakkerijstraat,steenbakkerijstraat,,,older-regime,c,183,b,c183,address,yes,yes,-55.16096549928307,5.826563410587221
2787,C,185,b,C185b,c185b,Steenbakkerijstraat,steenbakkerijstraat,,,older-regime,c,185,b,c185,address,yes,yes,-55.161021796267555,5.826830351245674
2788,C,177,b,C177b,c177b,Domineestraat,domineestraat,,,older-regime,c,177,b,c177,address,yes,yes,-55.16144304843461,5.826151069908941
2789,C,174,d,C174d,c174d,Domineestraat,domineestraat,,,older-regime,c,174,d,c174,address,yes,yes,-55.161759720597345,5.82605333158711
2790,C,174,c,C174c,c174c,Domineestraat,domineestraat,,,older-regime,c,174,c,c174,address,yes,yes,-55.16179197424355,5.8260474672878
2791,C,174,b,C174b,c174b,Domineestraat,domineestraat,,,older-regime,c,174,b,c174,address,yes,yes,-55.161819340973665,5.826043557754926
2792,C,193,a,C193a,c193a,Zwartenhovenbrugstraat,zwartenhovenbrugstraat,,,older-regime,c,193,a,c193,address,yes,yes,-55.16153785460677,5.827079583966349
2793,C,116,b,C116b,c116b,Steenbakkerijstraat,steenbakkerijstraat,,,older-regime,c,116,b,c116,address,yes,yes,-55.16096608542405,5.827374753698284
2794,C,114,b,C114b,c114b,Steenbakkerijstraat,steenbakkerijstraat,,,older-regime,c,114,b,c114,address,yes,yes,-55.16086541495256,5.826972071812334
2795,C,54,b,C54b,c54b,Domineestraat,domineestraat,,,older-regime,c,54,b,c54,address,yes,yes,-55.16065136802774,5.826406166928924
2796,C,43,a,C43a,c43a,Jodenbreestraat,jodenbreestraat,,,older-regime,c,43,a,c43,address,yes,yes,-55.1594980558301,5.827251603412773
2797,C,44,a,C44a,c44a,Jodenbreestraat,jodenbreestraat,,,older-regime,c,44,a,c44,address,yes,yes,-55.15939836274183,5.827011167141065
2798,C,139,b,C139b,c139b,Keizerstraat,keizerstraat,,,older-regime,c,139,b,c139,address,yes,yes,-55.158290010172216,5.827343477435292
2799,C,37,a,C37a,c37a,Domineestraat,domineestraat,,,older-regime,c,37,a,c37,address,yes,yes,-55.1588490733731,5.826852831059694
2800,C,37,c,C37c,c37c,Domineestraat,domineestraat,,,older-regime,c,37,c,c37,address,yes,yes,-55.15905041431608,5.826813735730961
2801,C,33,b,C33b,c33b,Domineestraat,domineestraat,,,older-regime,c,33,b,c33,address,yes,yes,-55.15827192858267,5.826759002270736
2802,C,33,c,C33c,c33c,Domineestraat,domineestraat,,,older-regime,c,33,c,c33,address,yes,yes,-55.15820839867349,5.826769753486136
2803,C,23,a,C23a,c23a,Jodenbreestraat,jodenbreestraat,,,older-regime,c,23,a,c23,address,yes,yes,-55.158709411838444,5.825558815534317
2804,C,20,a,C20a,c20a,Maagdenstraat,maagdenstraat,,,older-regime,c,20,a,c20,address,yes,yes,-55.15817663371887,5.825685346805403
2805,C,14,b,C14b,c14b,Maagdenstraat,maagdenstraat,,,older-regime,c,14,b,c14,address,yes,yes,-55.157948903428974,5.825469345114155
2806,C,14,ca,C14ca,c14ca,Maagdenstraat,maagdenstraat,,,older-regime,c,14,ca,c14,address,yes,yes,-55.15784041389174,5.825500621377142
2807,C,14,d,C14d,c14d,Maagdenstraat,maagdenstraat,,,older-regime,c,14,d,c14,address,yes,yes,-55.15753156079475,5.825570992968861
2808,C,14,e,C14e,c14e,Maagdenstraat,maagdenstraat,,,older-regime,c,14,e,c14,address,yes,yes,-55.15742502602395,5.825589563250007
2809,C,14,cb,C14cb,c14cb,Maagdenstraat,maagdenstraat,,,older-regime,c,14,cb,c14,address,yes,yes,-55.15765373369704,5.825538739322656
2810,C,144,a,C144a,c144a,Heiligeweg,heiligeweg,,,older-regime,c,144,a,c144,address,yes,yes,-55.157157223022125,5.825437091467949
2811,C,144,c,C144c,c144c,Heiligeweg,heiligeweg,,,older-regime,c,144,c,c144,address,yes,yes,-55.157099557412245,5.825271913704052
2812,C,146,b,C146b,c146b,Heiligeweg,heiligeweg,,,older-regime,c,146,b,c146,address,yes,yes,-55.157002796473634,5.824813520974659
2813,C,1,a,C1a,c1a,Waterkant,waterkant,,,older-regime,c,1,a,c1,address,yes,yes,-55.1569216736665,5.8245437632064
2814,C,10,aa,C10aa,c10aa,Jodenbreestraat,jodenbreestraat,,,older-regime,c,10,aa,c10,address,yes,yes,-55.15852946906064,5.824753900598338
2815,C,10,b,C10b,c10b,Jodenbreestraat,jodenbreestraat,,,older-regime,c,10,b,c10,address,yes,yes,-55.158625252616034,5.825299280434162
2816,C,88,a,C88a,c88a,Jodenbreestraat,jodenbreestraat,,,older-regime,c,88,a,c88,address,yes,yes,-55.15884927486232,5.825090828525259
2817,C,89,a,C89a,c89a,Jodenbreestraat,jodenbreestraat,,,older-regime,c,89,a,c89,address,yes,yes,-55.158802158978524,5.824843819854424
2818,C,95,,C95,c95,Jodenbreestraat,jodenbreestraat,,,older-regime,c,95,,c95,address,yes,yes,-55.158566609622916,5.823888916450119
2819,C,155,b,C155b,c155b,Steenbakkersgracht,steenbakkersgracht,,,older-regime,c,155,b,c155,address,yes,yes,-55.16114103702001,5.824278892354227
2820,C,155,e,C155e,c155e,Steenbakkersgracht,steenbakkersgracht,,,older-regime,c,155,e,c155,address,yes,yes,-55.16093578654416,5.824171868891821
2821,C,155,c,C155c,c155c,Steenbakkersgracht,steenbakkersgracht,,,older-regime,c,155,c,c155,address,yes,yes,-55.16105160645553,5.824231977959748
2822,C,155,d,C155d,c155d,Steenbakkersgracht,steenbakkersgracht,,,older-regime,c,155,d,c155,address,yes,yes,-55.16075545934036,5.824078040102861
2823,C,154,a,C154a,c154a,Steenbakkerijstraat,steenbakkerijstraat,,,older-regime,c,154,a,c154,address,yes,yes,-55.160529314556626,5.824774348101884
2824,C,164,b,C164b,c164b,Steenbakkerijstraat,steenbakkerijstraat,"woningen, winkels en scholen der Mor. Br. Gemeente",,older-regime,c,164,b,c164,address,yes,yes,-55.16081263625862,5.825862986205331
2825,C,164,c,C164c,c164c,Steenbakkerijstraat,steenbakkerijstraat,"woningen, winkels en scholen der Mor. Br. Gemeente",,older-regime,c,164,c,c164,address,yes,yes,-55.1608272970069,5.825965611443255
2826,C,173,a,C173a,c173a,Domineestraat,domineestraat,,,older-regime,c,173,a,c173,address,yes,yes,-55.16218634837193,5.825718577834822
2827,C,196,b,C196b,c196b,Zwartenhovenbrugstraat,zwartenhovenbrugstraat,,,older-regime,c,196,b,c196,address,yes,yes,-55.162418721232086,5.825409236046222
2828,C,196,c,C196c,c196c,Zwartenhovenbrugstraat,zwartenhovenbrugstraat,,,older-regime,c,196,c,c196,address,yes,yes,-55.162486160674156,5.825311009032781
2829,C,197,b,C197b,c197b,Zwartenhovenbrugstraat,zwartenhovenbrugstraat,,,older-regime,c,197,b,c197,address,yes,yes,-55.162498622310196,5.825094029958314
2830,C,157,b,C157b,c157b,Maagdenstraat,maagdenstraat,,,older-regime,c,157,b,c157,address,yes,yes,-55.161692281155034,5.824729710363682
2831,D,43,ac,D43ac,d43ac,Weidestraat,weidestraat,,,older-regime,d,43,ac,d43,address,yes,yes,-55.16736379162519,5.830690770612252
2832,D,43,ab,D43ab,d43ab,Weidestraat,weidestraat,,,older-regime,d,43,ab,d43,address,yes,yes,-55.167457620414154,5.830752345755007
2833,D,43,ae,D43ae,d43ae,Weidestraat,weidestraat,,,older-regime,d,43,ae,d43,address,yes,yes,-55.167237709190026,5.830616000796051
2834,D,43,aa,D43aa,d43aa,Weidestraat,weidestraat,,,older-regime,d,43,aa,d43,address,yes,yes,-55.167513331257595,5.830780201176729
2835,D,48,b,D48b,d48b,Weidestraat,weidestraat,,,older-regime,d,48,b,d48,address,yes,yes,-55.166154522313796,5.830026937789308
2836,D,47,b,D47b,d47b,Weidestraat,weidestraat,,,older-regime,d,47,b,d47,address,yes,yes,-55.16633753924592,5.830105806756084
2837,D,49,b,D49b,d49b,Weidestraat,weidestraat,,,older-regime,d,49,b,d49,address,yes,yes,-55.16599227862405,5.829913384434976
2838,D,51,a,D51a,d51a,Weidestraat,weidestraat,,,older-regime,d,51,a,d51,address,yes,yes,-55.16551672060189,5.829657737636931
2839,D,52,a,D52a,d52a,Weidestraat,weidestraat,,,older-regime,d,52,a,d52,address,yes,yes,-55.16535178718381,5.82956482514474
2840,D,52,c,D52c,d52c,Rust en Vredestraat,rust en vredestraat,,,older-regime,d,52,c,d52,address,yes,yes,-55.165027418128226,5.829738005233737
2841,D,52,d,D52d,d52d,Rust en Vredestraat,rust en vredestraat,,,older-regime,d,52,d,d52,address,yes,yes,-55.1649834358834,5.829805078157094
2842,D,52,e,D52e,d52e,Rust en Vredestraat,rust en vredestraat,,,older-regime,d,52,e,d52,address,yes,yes,-55.16493175674574,5.829894142202864
2843,D,52,f,D52f,d52f,Rust en Vredestraat,rust en vredestraat,,,older-regime,d,52,f,d52,address,yes,yes,-55.16484983981475,5.830023340047037
2844,D,52,da,D52da,d52da,Rust en Vredestraat,rust en vredestraat,,,older-regime,d,52,da,d52,address,yes,yes,-55.16496474342935,5.82983366661623
2845,D,41,d,D41d,d41d,Keizerstraat,keizerstraat,,,older-regime,d,41,d,d41,address,yes,yes,-55.166573943811876,5.831982749053976
2846,D,41,ab,D41ab,d41ab,Keizerstraat,keizerstraat,,,older-regime,d,41,ab,d41,address,yes,yes,-55.16607584488924,5.831711158692183
2847,D,41,aa,D41aa,d41aa,Keizerstraat,keizerstraat,,,older-regime,d,41,aa,d41,address,yes,yes,-55.16596808838942,5.831648483993309
2848,D,42,b,D42b,d42b,Keizerstraat,keizerstraat,,,older-regime,d,42,b,d42,address,yes,yes,-55.16674327545446,5.832069613987505
2849,D,42,c,D42c,d42c,Wanicastraat,wanicastraat,,,older-regime,d,42,c,d42,address,yes,yes,-55.16687192352057,5.831857399656226
2850,D,42,d,D42d,d42d,Wanicastraat,wanicastraat,,,older-regime,d,42,d,d42,address,yes,yes,-55.16696758490306,5.831696864462615
2851,D,42,e,D42e,d42e,Wanicastraat,wanicastraat,,,older-regime,d,42,e,d42,address,yes,yes,-55.16704455383152,5.831552822610814
2852,D,16,b,D16b,d16b,Keizerstraat,keizerstraat,,,older-regime,d,16,b,d16,address,yes,yes,-55.16262323867055,5.829802329266791
2853,D,18,b,D18b,d18b,Keizerstraat,keizerstraat,,,older-regime,d,18,b,d18,address,yes,yes,-55.162936612164906,5.82997386002161
2854,D,19,b,D19b,d19b,Keizerstraat,keizerstraat,,,older-regime,d,19,b,d19,address,yes,yes,-55.16309603893542,5.830060846503861
2855,D,25,a,D25a,d25a,Keizerstraat,keizerstraat,,,older-regime,d,25,a,d25,address,yes,yes,-55.16353587025065,5.830308125082275
2856,D,26,a,D26a,d26a,Keizerstraat,keizerstraat,,,older-regime,d,26,a,d26,address,yes,yes,-55.16369420633202,5.830402686908648
2857,D,2,b,D2b,d2b,Keizerstraat,keizerstraat,,,older-regime,d,2,b,d2,address,yes,yes,-55.161024484071184,5.828882000793834
2858,D,4,b,D4b,d4b,Keizerstraat,keizerstraat,,,older-regime,d,4,b,d4,address,yes,yes,-55.161136638795504,5.828980411066627
2859,D,6,b,D6b,d6b,Keizerstraat,keizerstraat,,,older-regime,d,6,b,d6,address,yes,yes,-55.1613362082314,5.829090916456749
2860,D,9,c,D9c,d9c,Keizerstraat,keizerstraat,,,older-regime,d,9,c,d9,address,yes,yes,-55.161824411148956,5.829350411701215
2861,D,9,a,D9a,d9a,Keizerstraat,keizerstraat,,,older-regime,d,9,a,d9,address,yes,yes,-55.16166387595535,5.829260248099325
2862,D,76,a,D76a,d76a,Weidestraat,weidestraat,,,older-regime,d,76,a,d76,address,yes,yes,-55.1618694929499,5.827597719244952
2863,D,77,a,D77a,d77a,Weidestraat,weidestraat,,,older-regime,d,77,a,d77,address,yes,yes,-55.16176838570951,5.827542261497356
2864,D,72,b,D72b,d72b,Weidestraat,weidestraat,,,older-regime,d,72,b,d72,address,yes,yes,-55.16243576435202,5.827926486525017
2865,D,67,b,D67b,d67b,Weidestraat,weidestraat,,,older-regime,d,67,b,d67,address,yes,yes,-55.16317356650895,5.828336620958007
2866,D,62,b,D62b,d62b,Weidestraat,weidestraat,,,older-regime,d,62,b,d62,address,yes,yes,-55.16370905033971,5.828656591789104
2867,D,59,aa,D59aa,d59aa,Weidestraat,weidestraat,,,older-regime,d,59,aa,d59,address,yes,yes,-55.16416866479815,5.828890247464735
2868,D,59,b,D59b,d59b,Weidestraat,weidestraat,,,older-regime,d,59,b,d59,address,yes,yes,-55.164122483441076,5.828858360337238
2869,D,57,b,D57b,d57b,Weidestraat,weidestraat,,,older-regime,d,57,b,d57,address,yes,yes,-55.16447654051194,5.829062327997613
2870,D,100,b,D100b,d100b,Burenstraat,burenstraat,,,older-regime,d,100,b,d100,address,yes,yes,-55.16533666828728,5.828445477013945
2871,D,107,b,D107b,d107b,Burenstraat,burenstraat,,,older-regime,d,107,b,d107,address,yes,yes,-55.16453921521078,5.8279910854471
2872,D,89,b,D89b,d89b,Burenstraat,burenstraat,,,older-regime,d,89,b,d89,address,yes,yes,-55.16443984282639,5.827952326093848
2873,D,89,ba,D89ba,d89ba,Burenstraat,burenstraat,,,older-regime,d,89,ba,d89,address,yes,yes,-55.164340882775534,5.827907794070962
2874,D,88,b,D88b,d88b,Weidestraat,weidestraat,,,older-regime,d,88,b,d88,address,yes,yes,-55.163123674149986,5.828017887127539
2875,D,93,,D93,d93,Weidestraat,weidestraat,,,older-regime,d,93,,d93,address,yes,yes,-55.16382134250854,5.828474340362109
2876,D,109,b,D109b,d109b,Burenstraat,burenstraat,,,older-regime,d,109,b,d109,address,yes,yes,-55.1640410920282,5.827735090526036
2877,D,109,c,D109c,d109c,Burenstraat,burenstraat,,,older-regime,d,109,c,d109,address,yes,yes,-55.163954938577206,5.827691318959712
2878,D,87,a,D87a,d87a,Weidestraat,weidestraat,,,older-regime,d,87,a,d87,address,yes,yes,-55.162826175497145,5.827909649571912
2879,D,111,b,D111b,d111b,Burenstraat,burenstraat,,,older-regime,d,111,b,d111,address,yes,yes,-55.16335932277114,5.827361658290299
2880,D,114,a,D114a,d114a,Burenstraat,burenstraat,,,older-regime,d,114,a,d114,address,yes,yes,-55.163006159089655,5.827116113664113
2881,D,122,a,D122a,d122a,Burenstraat,burenstraat,,,older-regime,d,122,a,d122,address,yes,yes,-55.16221942668536,5.826660278929859
2882,D,121,c,D121c,d121c,Burenstraat,burenstraat,,,older-regime,d,121,c,d121,address,yes,yes,-55.16231282023335,5.826715943958465
2883,D,121,b,D121b,d121b,Burenstraat,burenstraat,,,older-regime,d,121,b,d121,address,yes,yes,-55.16233075674258,5.826727076964186
2884,D,186,b,D186b,d186b,Zwartenhovenbrugstraat,zwartenhovenbrugstraat,,,older-regime,d,186,b,d186,address,yes,yes,-55.16199491106997,5.826684400442255
2885,D,186,c,D186c,d186c,Zwartenhovenbrugstraat,zwartenhovenbrugstraat,,,older-regime,d,186,c,d186,address,yes,yes,-55.161972645058526,5.826715325458147
2886,D,190,a,D190a,d190a,Zwartenhovenbrugstraat,zwartenhovenbrugstraat,,,older-regime,d,190,a,d190,address,yes,yes,-55.16177225095554,5.827095084653305
2887,D,79,a,D79a,d79a,Weidestraat,weidestraat,,,older-regime,d,79,a,d79,address,yes,yes,-55.162055524101135,5.827412993816679
2888,D,80,a,D80a,d80a,Weidestraat,weidestraat,,,older-regime,d,80,a,d80,address,yes,yes,-55.162197779174235,5.827497109859907
2889,D,86,,D86,d86,Weidestraat,weidestraat,,,older-regime,d,86,,d86,address,yes,yes,-55.16269876443167,5.827839759035995
2890,D,153,a,D153a,d153a,Rust en Vredestraat,rust en vredestraat,,,older-regime,d,153,a,d153,address,yes,yes,-55.16595022060261,5.827572566898684
2891,D,153,b,D153b,d153b,Rust en Vredestraat,rust en vredestraat,,,older-regime,d,153,b,d153,address,yes,yes,-55.16600712263185,5.827498346860543
2892,D,153,c,D153c,d153c,Steenbakkersgracht,steenbakkersgracht,,,older-regime,d,153,c,d153,address,yes,yes,-55.16615432570751,5.827226206720692
2893,D,153,e,D153e,d153e,Steenbakkersgracht,steenbakkersgracht,,,older-regime,d,153,e,d153,address,yes,yes,-55.165861156556836,5.827040656625336
2894,D,153,d,D153d,d153d,Steenbakkersgracht,steenbakkersgracht,,,older-regime,d,153,d,d153,address,yes,yes,-55.16605907665855,5.827159408686363
2895,D,156,a,D156a,d156a,Steenbakkersgracht,steenbakkersgracht,,,older-regime,d,156,a,d156,address,yes,yes,-55.16548263436233,5.826827892515996
2896,D,157,b,D157b,d157b,Hofstraat,hofstraat,,,older-regime,d,157,b,d157,address,yes,yes,-55.1650657651481,5.826919430563038
2897,D,157,c,D157c,d157c,Hofstraat,hofstraat,,,older-regime,d,157,c,d157,address,yes,yes,-55.16501752212331,5.827012205610715
2898,D,143,b,D143b,d143b,Hofstraat,hofstraat,,,older-regime,d,143,b,d143,address,yes,yes,-55.164859186041944,5.827307848762644
2899,D,145,a,D145a,d145a,Hofstraat,hofstraat,,,older-regime,d,145,a,d145,address,yes,yes,-55.16471816796947,5.827552774888512
2900,D,145,b,D145b,d145b,Hofstraat,hofstraat,,,older-regime,d,145,b,d145,address,yes,yes,-55.16475775198981,5.827458762840199
2901,D,149,,D149,d149,Burenstraat,burenstraat,,,older-regime,d,149,,d149,address,yes,yes,-55.16521420522438,5.828054997146606
2902,D,150,b,D150b,d150b,Rust en Vredestraat,rust en vredestraat,,,older-regime,d,150,b,d150,address,yes,yes,-55.16576467050726,5.827916453075407
2903,D,141,b,D141b,d141b,Hofstraat,hofstraat,,,older-regime,d,141,b,d141,address,yes,yes,-55.164810943017144,5.826787071495017
2904,D,128,a,D128a,d128a,Groote Dwarsstraat,groote dwarsstraat,,,older-regime,d,128,a,d128,address,yes,yes,-55.163823816509854,5.826323196256634
2905,D,163,a,D163a,d163a,Steenbakkersgracht,steenbakkersgracht,,,older-regime,d,163,a,d163,address,yes,yes,-55.16411327465862,5.826032501107244
2906,D,161,a,D161a,d161a,Steenbakkersgracht,steenbakkersgracht,,,older-regime,d,161,a,d161,address,yes,yes,-55.16444973883153,5.826218051202599
2907,D,159,a,D159a,d159a,Steenbakkersgracht,steenbakkersgracht,,,older-regime,d,159,a,d159,address,yes,yes,-55.16469775745897,5.826350410270618
2908,D,160,b,D160b,d160b,Steenbakkersgracht,steenbakkersgracht,,,older-regime,d,160,b,d160,address,yes,yes,-55.164525814370606,5.826257016722622
2909,D,170,b,D170b,d170b,Steenbakkersgracht,steenbakkersgracht,,,older-regime,d,170,b,d170,address,yes,yes,-55.163159547168476,5.825483272824995
2910,D,126,a,D126a,d126a,Burenstraat,burenstraat,,,older-regime,d,126,a,d126,address,yes,yes,-55.162943072057224,5.826766042484209
2911,D,127,b,D127b,d127b,Groote Dwarsstraat,groote dwarsstraat,,,older-regime,d,127,b,d127,address,yes,yes,-55.16353435836108,5.826193311189882
2912,D,127,c,D127c,d127c,Groote Dwarsstraat,groote dwarsstraat,,,older-regime,d,127,c,d127,address,yes,yes,-55.16345024231786,5.826354121272522
2913,E,3,b,E3b,e3b,Saramaccastraat,saramaccastraat,,,older-regime,e,3,b,e3,address,yes,yes,-55.16045979688395,5.823061265212355
2914,E,4,,E4,e4,Saramaccastraat,saramaccastraat,,,older-regime,e,4,,e4,address,yes,yes,-55.160662679399856,5.822934625170575
2915,E,9,b,E9b,e9b,Saramaccastraat,saramaccastraat,,,older-regime,e,9,b,e9,address,yes,yes,-55.16132366288323,5.822569565866465
2916,E,25,b,E25b,e25b,Saramaccastraat,saramaccastraat,,,older-regime,e,25,b,e25,address,yes,yes,-55.163099207958794,5.821563552881517
2917,E,26,b,E26b,e26b,Saramaccastraat,saramaccastraat,,,older-regime,e,26,b,e26,address,yes,yes,-55.163195480235444,5.821502171228614
2918,E,28,b,E28b,e28b,Saramaccastraat,saramaccastraat,,,older-regime,e,28,b,e28,address,yes,yes,-55.163410962143296,5.821402668338643
2919,E,29,a,E29a,e29a,Saramaccastraat,saramaccastraat,,,older-regime,e,29,a,e29,address,yes,yes,-55.16343809929511,5.821390068946732
2920,E,59,c,E59c,e59c,Saramaccastraat,saramaccastraat,,,older-regime,e,59,c,e59,address,yes,yes,-55.16159503440144,5.822662122937794
2921,E,59,a,E59a,e59a,Saramaccastraat,saramaccastraat,,,older-regime,e,59,a,e59,address,yes,yes,-55.161698737088706,5.822611240778152
2922,E,58,a,E58a,e58a,Ladesmastraat,ladesmastraat,,,older-regime,e,58,a,e58,address,yes,yes,-55.16203310556639,5.823001337335413
2923,E,384,b,E384b,e384b,Ladesmastraat,ladesmastraat,,,older-regime,e,384,b,e384,address,yes,yes,-55.162250202780875,5.823836289345548
2924,E,385,b,E385b,e385b,Ladesmastraat,ladesmastraat,,,older-regime,e,385,b,e385,address,yes,yes,-55.16222209644508,5.823710295426434
2925,E,386,b,E386b,e386b,Ladesmastraat,ladesmastraat,,,older-regime,e,386,b,e386,address,yes,yes,-55.16217451782728,5.823548422085868
2926,E,379,b,E379b,e379b,Ladesmastraat,ladesmastraat,,,older-regime,e,379,b,e379,address,yes,yes,-55.16167644585692,5.824105722495656
2927,E,382,b,E382b,e382b,Ladesmastraat,ladesmastraat,,,older-regime,e,382,b,e382,address,yes,yes,-55.16205830435024,5.823991358784459
2928,E,71,a,E71a,e71a,Steenbakkersgracht,steenbakkersgracht,,,older-regime,e,71,a,e71,address,yes,yes,-55.16111722669285,5.823923515904938
2929,E,48,a,E48a,e48a,Saramaccastraat,saramaccastraat,,,older-regime,e,48,a,e48,address,yes,yes,-55.163204849014186,5.821785011423971
2930,E,48,c,E48c,e48c,Saramaccastraat,saramaccastraat,,,older-regime,e,48,c,e48,address,yes,yes,-55.1631597819585,5.82181069479979
2931,E,48,bb,E48bb,e48bb,Saramaccastraat,saramaccastraat,,,older-regime,e,48,bb,e48,address,yes,yes,-55.1630454182473,5.821870299615371
2932,E,48,ab,E48ab,e48ab,Saramaccastraat,saramaccastraat,,,older-regime,e,48,ab,e48,address,yes,yes,-55.16308757775101,5.821847523791532
2933,E,55,b,E55b,e55b,Saramaccastraat,saramaccastraat,,,older-regime,e,55,b,e55,address,yes,yes,-55.16236650486007,5.822245373820739
2934,E,46,b,E46b,e46b,Saramaccastraat,saramaccastraat,,,older-regime,e,46,b,e46,address,yes,yes,-55.163435514804554,5.821642056784984
2935,E,46,b2,E46b2,e46b2,Saramaccastraat,saramaccastraat,,,older-regime,e,46,b2,e46,address,yes,yes,-55.16336234141307,5.821679854960718
2936,E,42,,E42,e42,Saramaccastraat,saramaccastraat,,,older-regime,e,42,,e42,address,yes,yes,-55.16383288024176,5.821429805490476
2937,E,38,a,E38a,e38a,Saramaccastraat,saramaccastraat,,,older-regime,e,38,a,e38,address,yes,yes,-55.16448659484518,5.821097859972809
2938,E,260,b,E260b,e260b,Princestraat,princestraat,,,older-regime,e,260,b,e260,address,yes,yes,-55.16375098419435,5.822156208893369
2939,E,251,b,E251b,e251b,Zwartenhovenbrugstraat,zwartenhovenbrugstraat,,,older-regime,e,251,b,e251,address,yes,yes,-55.16391477628919,5.822782301752967
2940,E,247,c,E247c,e247c,Zwartenhovenbrugstraat,zwartenhovenbrugstraat,,,older-regime,e,247,c,e247,address,yes,yes,-55.1636123908833,5.823335705813077
2941,E,247,d,E247d,e247d,Zwartenhovenbrugstraat,zwartenhovenbrugstraat,,,older-regime,e,247,d,e247,address,yes,yes,-55.16363855885112,5.82329693845335
2942,E,247,b,E247b,e247b,Zwartenhovenbrugstraat,zwartenhovenbrugstraat,,,older-regime,e,247,b,e247,address,yes,yes,-55.16357556189156,5.823402579508607
2943,E,309,a,E309a,e309a,Hoogestraat,hoogestraat,,,older-regime,e,309,a,e309,address,yes,yes,-55.16321793299808,5.823399671956627
2944,E,310,a,E310a,e310a,Hoogestraat,hoogestraat,,,older-regime,e,310,a,e310,address,yes,yes,-55.163363310597056,5.823496590355946
2945,E,300,b,E300b,e300b,Timmermanstraat,timmermanstraat,,,older-regime,e,300,b,e300,address,yes,yes,-55.162943653928,5.822434364699412
2946,E,301,c,E301c,e301c,Timmermanstraat,timmermanstraat,,,older-regime,e,301,c,e301,address,yes,yes,-55.16276338570527,5.822548728410609
2947,E,301,a,E301a,e301a,Timmermanstraat,timmermanstraat,,,older-regime,e,301,a,e301,address,yes,yes,-55.16247844561127,5.822708643769487
2948,E,300,c,E300c,e300c,Timmermanstraat,timmermanstraat,,,older-regime,e,300,c,e300,address,yes,yes,-55.16284285879271,5.822493484922997
2949,E,301,d,E301d,e301d,Timmermanstraat,timmermanstraat,,,older-regime,e,301,d,e301,address,yes,yes,-55.16266743648995,5.822597187610268
2950,E,376,,E376,e376,Ladesmastraat,ladesmastraat,,,older-regime,e,376,,e376,address,yes,yes,-55.16245615437943,5.823918185392983
2951,E,378,b,E378b,e378b,Ladesmastraat,ladesmastraat,,,older-regime,e,378,b,e378,address,yes,yes,-55.162340821484236,5.823545049555608
2952,E,398,b,E398b,e398b,Ladesmastraat,ladesmastraat,,,older-regime,e,398,b,e398,address,yes,yes,-55.16233112964429,5.823480114228063
2953,E,374,a,E374a,e374a,Hoogestraat,hoogestraat,,,older-regime,e,374,a,e374,address,yes,yes,-55.162358266796105,5.823202443014016
2954,E,242,b,E242b,e242b,Zwartenhovenbrugstraat,zwartenhovenbrugstraat,,,older-regime,e,242,b,e242,address,yes,yes,-55.162953345767924,5.824532163452669
2955,E,242,c,E242c,e242c,Zwartenhovenbrugstraat,zwartenhovenbrugstraat,,,older-regime,e,242,c,e242,address,yes,yes,-55.163001804967585,5.824460443837173
2956,E,73,b,E73b,e73b,Steenbakkersgracht,steenbakkersgracht,,,older-regime,e,73,b,e73,address,yes,yes,-55.16227394778871,5.824592252860247
2957,E,74,b,E74b,e74b,Steenbakkersgracht,steenbakkersgracht,,,older-regime,e,74,b,e74,address,yes,yes,-55.16256470298667,5.824770582714994
2958,E,80,,E80,e80,Groote Dwarsstraat,groote dwarsstraat,,,older-regime,e,80,,e80,address,yes,yes,-55.164107643903826,5.825179578360118
2959,E,199,a,E199a,e199a,Groote Dwarsstraat,groote dwarsstraat,,199b in volgende blok volgens kaart 1885,older-regime,e,199,a,e199,address,yes,yes,-55.16440421420574,5.824662034107758
2960,E,197,b,E197b,e197b,Groote Dwarsstraat,groote dwarsstraat,,,older-regime,e,197,b,e197,address,yes,yes,-55.164285004574566,5.824855870906395
2961,E,363,b,E363b,e363b,Hoogestraat,hoogestraat,,,older-regime,e,363,b,e363,address,yes,yes,-55.16445073503741,5.824368371357823
2962,E,367,b,E367b,e367b,Hoogestraat,hoogestraat,,,older-regime,e,367,b,e367,address,yes,yes,-55.163997641520595,5.824104753311678
2963,E,367,d,E367d,e367d,Hoogestraat,hoogestraat,,,older-regime,e,367,d,e367,address,yes,yes,-55.16391380710519,5.824059686255996
2964,E,367,c,E367c,e367c,Hoogestraat,hoogestraat,,,older-regime,e,367,c,e367,address,yes,yes,-55.1639535436489,5.824083915855825
2965,E,234,b,E234b,e234b,Zwartenhovenbrugstraat,zwartenhovenbrugstraat,,,older-regime,e,234,b,e234,address,yes,yes,-55.163453929300424,5.82405677870402
2966,E,235,a,E235a,e235a,Zwartenhovenbrugstraat,zwartenhovenbrugstraat,,,older-regime,e,235,a,e235,address,yes,yes,-55.16343163806859,5.824107176271666
2967,E,236,c,E236c,e236c,Zwartenhovenbrugstraat,zwartenhovenbrugstraat,,,older-regime,e,236,c,e236,address,yes,yes,-55.16327463026168,5.824382909117726
2968,E,234,a,E234a,e234a,Zwartenhovenbrugstraat,zwartenhovenbrugstraat,,,older-regime,e,234,a,e234,address,yes,yes,-55.163518864627974,5.823935630704871
2969,E,235,b,E235b,e235b,Zwartenhovenbrugstraat,zwartenhovenbrugstraat,,,older-regime,e,235,b,e235,address,yes,yes,-55.1634006241808,5.824163388943271
2970,E,236,b,E236b,e236b,Zwartenhovenbrugstraat,zwartenhovenbrugstraat,,,older-regime,e,236,b,e236,address,yes,yes,-55.16331921272537,5.824298105518324
2971,E,75,b,E75b,e75b,Steenbakkersgracht,steenbakkersgracht,,,older-regime,e,75,b,e75,address,yes,yes,-55.163212602486134,5.824974595945567
2972,E,77,b,E77b,e77b,Steenbakkersgracht,steenbakkersgracht,,,older-regime,e,77,b,e77,address,yes,yes,-55.163624505683245,5.825207200103933
2973,E,317,b,E317b,e317b,Hoogestraat,hoogestraat,,,older-regime,e,317,b,e317,address,yes,yes,-55.16461404254031,5.824190526095079
2974,E,225,b,E225b,e225b,Zwartenhovenbrugstraat,zwartenhovenbrugstraat,,,older-regime,e,225,b,e225,address,yes,yes,-55.16415755687949,5.822829791768647
2975,E,226,a,E226a,e226a,Zwartenhovenbrugstraat,zwartenhovenbrugstraat,,,older-regime,e,226,a,e226,address,yes,yes,-55.16410909767983,5.822912172408068
2976,E,226,b,E226b,e226b,Zwartenhovenbrugstraat,zwartenhovenbrugstraat,,,older-regime,e,226,b,e226,address,yes,yes,-55.16407268424133,5.822984206016312
2977,E,292,b,E292b,e292b,Princestraat,princestraat,,,older-regime,e,292,b,e292,address,yes,yes,-55.16494647264998,5.823122969926587
2978,E,293,a,E293a,e293a,Princestraat,princestraat,,,older-regime,e,293,a,e293,address,yes,yes,-55.16483743945075,5.823070633990955
2979,E,293,c,E293c,e293c,Princestraat,princestraat,,,older-regime,e,293,c,e293,address,yes,yes,-55.16472501410754,5.823013452135357
2980,E,266,b,E266b,e266b,Princestraat,princestraat,,,older-regime,e,266,b,e266,address,yes,yes,-55.164751666667335,5.822746926537233
2981,E,175,a,E175a,e175a,Drambrandersgracht,drambrandersgracht,,,older-regime,e,175,a,e175,address,yes,yes,-55.16522075172004,5.821746728656265
2982,E,270,,E270,e270,Princestraat,princestraat,,,older-regime,e,270,,e270,address,yes,yes,-55.16527211847167,5.823044466023143
2983,E,183,a,E183a,e183a,Groote Dwarsstraat,groote dwarsstraat,,,older-regime,e,183,a,e183,address,yes,yes,-55.165802262115974,5.82265388487389
2984,E,166,c,E166c,e166c,Hofstraat,hofstraat,,,older-regime,e,166,c,e166,address,yes,yes,-55.16570903907416,5.825091542009974
2985,E,163,b,E163b,e163b,Hofstraat,hofstraat,,,older-regime,e,163,b,e163,address,yes,yes,-55.165452397687076,5.8256435096991
2986,E,88,b,E88b,e88b,Steenbakkersgracht,steenbakkersgracht,,,older-regime,e,88,b,e88,address,yes,yes,-55.16505800026134,5.826026584710698
2987,E,82,a,E82a,e82a,Steenbakkersgracht,steenbakkersgracht,,,older-regime,e,82,a,e82,address,yes,yes,-55.164421114466194,5.825668985130904
2988,E,82,c,E82c,e82c,Steenbakkersgracht,steenbakkersgracht,,,older-regime,e,82,c,e82,address,yes,yes,-55.16450697610673,5.825720879529027
2989,E,82,b,E82b,e82b,Steenbakkersgracht,steenbakkersgracht,,,older-regime,e,82,b,e82,address,yes,yes,-55.16447206532981,5.825698234700756
2990,E,194,b,E194b,e194b,Groote Dwarsstraat,groote dwarsstraat,,,older-regime,e,194,b,e194,address,yes,yes,-55.16459000714372,5.824916988125378
2991,E,191,a,E191a,e191a,Groote Dwarsstraat,groote dwarsstraat,,,older-regime,e,191,a,e191,address,yes,yes,-55.16474663387262,5.824606565271152
2992,E,92,b,E92b,e92b,Steenbakkersgracht,steenbakkersgracht,,,older-regime,e,92,b,e92,address,yes,yes,-55.16607607399908,5.826610632573209
2993,E,160,b,E160b,e160b,Hofstraat,hofstraat,,,older-regime,e,160,b,e160,address,yes,yes,-55.16554627937098,5.826045455400926
2994,E,156,b,E156b,e156b,Hofstraat,hofstraat,,,older-regime,e,156,b,e156,address,yes,yes,-55.16584207744026,5.825521321979883
2995,E,155,b,E155b,e155b,Hofstraat,hofstraat,,,older-regime,e,155,b,e155,address,yes,yes,-55.16593595912413,5.825348183397055
2996,E,354,b,E354b,e354b,Hoogestraat,hoogestraat,,,older-regime,e,354,b,e354,address,yes,yes,-55.166787934258856,5.825689261976555
2997,E,358,b,E358b,e358b,Hoogestraat,hoogestraat,,,older-regime,e,358,b,e358,address,yes,yes,-55.166353473145435,5.825443480382703
2998,E,146,a,E146a,e146a,Rust en Vreedestraat,rust en vreedestraat,,,older-regime,e,146,a,e146,address,yes,yes,-55.16741273890284,5.824996756133673
2999,E,325,a,E325a,e325a,Hoogestraat,hoogestraat,,,older-regime,e,325,a,e325,address,yes,yes,-55.16679410376223,5.825448198055263
3000,E,324,,E324,e324,Hoogestraat,hoogestraat,,,older-regime,e,324,,e324,address,yes,yes,-55.1667167339323,5.825401964864208
3001,E,325,b,E325b,e325b,Hoogestraat,hoogestraat,,,older-regime,e,325,b,e325,address,yes,yes,-55.16687053005763,5.825493487711807
3002,E,326,a,E326a,e326a,Rust en Vreedestraat,rust en vreedestraat,,,older-regime,e,326,a,e326,address,yes,yes,-55.16710452661644,5.82553122909226
3003,E,326,b,E326b,e326b,Rust en Vreedestraat,rust en vreedestraat,,,older-regime,e,326,b,e326,address,yes,yes,-55.1672007671366,5.8253679976218
3004,E,287,b,E287b,e287b,Princestraat,princestraat,,,older-regime,e,287,b,e287,address,yes,yes,-55.16721208955075,5.82440401986273
3005,E,153,b,E153b,e153b,Hofstraat,hofstraat,,,older-regime,e,153,b,e153,address,yes,yes,-55.16619558837054,5.824868238842302
3006,E,152,b,E152b,e152b,Hofstraat,hofstraat,,,older-regime,e,152,b,e152,address,yes,yes,-55.16631132860393,5.824689596308158
3007,C,,,C,c,Steenbakkersgracht,steenbakkersgracht,,,older-regime,c,,,,non-address-annotation,no,yes,-55.15743563939001,5.824021265301617
3008,E,104,b,E104b,e104b,Steenbakkersgracht,steenbakkersgracht,,,older-regime,e,104,b,e104,address,yes,yes,-55.16859772960992,5.828044499274661
3009,E,102,b,E102b,e102b,Steenbakkersgracht,steenbakkersgracht,,,older-regime,e,102,b,e102,address,yes,yes,-55.168242750851896,5.827854132117361
3010,E,344,,E344,e344,Hoogestraat,hoogestraat,,,older-regime,e,344,,e344,address,yes,yes,-55.168522702553815,5.826717528207598
3011,E,335,b,E335b,e335b,Hoogestraat,hoogestraat,,,older-regime,e,335,b,e335,address,yes,yes,-55.16911962667885,5.826745224256223
3012,E,336,b,E336b,e336b,Hoogestraat,hoogestraat,,,older-regime,e,336,b,e336,address,yes,yes,-55.169297608864696,5.826860863478975
3013,E,338,b,E338b,e338b,Hoogestraat,hoogestraat,,,older-regime,e,338,b,e338,address,yes,yes,-55.1696783431793,5.82708258522689
3014,E,115,a,E115a,e115a,Drambrandersgracht,drambrandersgracht,,,older-regime,e,115,a,e115,address,yes,yes,-55.16947699891815,5.825346692851435
3015,E,114,a,E114a,e114a,Drambrandersgracht,drambrandersgracht,,,older-regime,e,114,a,e114,address,yes,yes,-55.16965930646357,5.82545774554899
3016,E,115,c,E115c,e115c,Drambrandersgracht,drambrandersgracht,,,older-regime,e,115,c,e115,address,yes,yes,-55.169344719177346,5.825259462392893
3017,E,332,b,E332b,e332b,Hoogestraat,hoogestraat,,,older-regime,e,332,b,e332,address,yes,yes,-55.16839685515248,5.82634103842471
3018,E,332,c,E332c,e332c,Hoogestraat,hoogestraat,,,older-regime,e,332,c,e332,address,yes,yes,-55.16836206475133,5.826325326630642
3019,E,327,b,E327b,e327b,Hoogestraat,hoogestraat,,,older-regime,e,327,b,e327,address,yes,yes,-55.16763986819632,5.825920545705353
3020,E,329,b,E329b,e329b,Hoogestraat,hoogestraat,,,older-regime,e,329,b,e329,address,yes,yes,-55.16798007616931,5.826122110930729
3021,E,330,b,E330b,e330b,Hoogestraat,hoogestraat,,,older-regime,e,330,b,e330,address,yes,yes,-55.16817630898131,5.826230892163473
3022,E,136,b,E136b,e136b,Rust en Vreedestraat,rust en vreedestraat,,,older-regime,e,136,b,e136,address,yes,yes,-55.16731245801541,5.825707249170563
3023,E,127,a,E127a,e127a,Drambrandersgracht,drambrandersgracht,,,older-regime,e,127,a,e127,address,yes,yes,-55.1686551597019,5.824851930066054
3024,E,129,b,E129b,e129b,Drambrandersgracht,drambrandersgracht,,,older-regime,e,129,b,e129,address,yes,yes,-55.16827655835265,5.824697290078331
3025,E,130,b,E130b,e130b,Drambrandersgracht,drambrandersgracht,,,older-regime,e,130,b,e130,address,yes,yes,-55.16796194596383,5.824723952145179
3026,E,345,b,E345b,e345b,Hoogestraat,hoogestraat,,,older-regime,e,345,b,e345,address,yes,yes,-55.16819147955859,5.826507134533431
3027,E,348,b,E348b,e348b,Hoogestraat,hoogestraat,,,older-regime,e,348,b,e348,address,yes,yes,-55.16776464666911,5.826263953126363
3028,E,351,b,E351b,e351b,Hoogestraat,hoogestraat,,,older-regime,e,351,b,e351,address,yes,yes,-55.16738391235451,5.826046390660877
3029,E,345,c,E345c,e345c,Hoogestraat,hoogestraat,,,older-regime,e,345,c,e345,address,yes,yes,-55.16812302102729,5.826471221861275
3030,E,95,,E95,e95,Steenbakkersgracht,steenbakkersgracht,,,older-regime,e,95,,e95,address,yes,yes,-55.16669069861642,5.826787596119271
3031,E,141,a,E141a,e141a,Rust en Vreedestraat,rust en vreedestraat,,,older-regime,e,141,a,e141,address,yes,yes,-55.166825075433344,5.826548704000306
3032,E,140,b,E140b,e140b,Rust en Vreedestraat,rust en vreedestraat,,,older-regime,e,140,b,e140,address,yes,yes,-55.166922125356685,5.826384465668519
3033,E,140,a,E140a,e140a,Rust en Vreedestraat,rust en vreedestraat,,,older-regime,e,140,a,e140,address,yes,yes,-55.166885864945755,5.826440989250237
3034,E,98,a,E98a,e98a,Steenbakkersgracht,steenbakkersgracht,,,older-regime,e,98,a,e98,address,yes,yes,-55.16719194547317,5.827260047943828
3035,E,121,a,E121a,e121a,Fredericistraat,fredericistraat,,,older-regime,e,121,a,e121,address,yes,yes,-55.16794061631027,5.827074479958563
3036,D,169,,D169,d169,Steenbakkersgracht,steenbakkersgracht,,,older-regime,d,169,,d169,address,yes,yes,-55.16329703314516,5.825554042940436
3037,F,18,b,F18b,f18b,Saramaccastraat,saramaccastraat,,,renumbered-1885,f,18,b,f18,address,yes,yes,-55.16533967285539,5.819230609888398
3038,F,21,a,F21a,f21a,,,,,renumbered-1885,f,21,a,f21,address,yes,yes,-55.165692796420345,5.818532822660231
3039,F,28,,F28a,f28a,Zwartenhovenbrugstraat,zwartenhovenbrugstraat,,,renumbered-1885,f,28,a,f28,address,yes,yes,-55.16597645186416,5.819040517827468
3040,F,33,b,F33b,f33b,Zwartenhovenbrugstraat,zwartenhovenbrugstraat,,,renumbered-1885,f,33,b,f33,address,yes,yes,-55.16651520233525,5.818065524355648
3041,F,71,b,F71b,f71b,Drambrandersgracht,drambrandersgracht,,,renumbered-1885,f,71,b,f71,address,yes,yes,-55.16517915128388,5.820995736985982
3042,F,206,b,F206b,f206b,Groote Dwarsstraat,groote dwarsstraat,,,renumbered-1885,f,206,b,f206,address,yes,yes,-55.167028545285,5.819907530300505
3043,F,,b,F54b,f54b,Commissarisstraat,commissarisstraat,,,renumbered-1885,f,54,b,f54,address,yes,yes,-55.16704621365369,5.817960223659417
3044,F,,a,F457a,f457a,Molenpad,molenpad,,,renumbered-1885,f,457,a,f457,address,yes,yes,-55.168470500522034,5.816866948270875
3045,F,454,aa,F454aa,f454aa,Limesgracht,limesgracht,,,renumbered-1885,f,454,aa,f454,address,yes,yes,-55.169521948751914,5.81840229345702
3046,F,454,b,F454b,f454b,Molenpad,molenpad,,,renumbered-1885,f,454,b,f454,address,yes,yes,-55.16988541233755,5.8176396689693
3047,F,454,c,F454c,f454c,Molenpad,molenpad,,,renumbered-1885,f,454,c,f454,address,yes,yes,-55.1699351722332,5.81766671239085
3048,F,454,ad,F454ad,f454ad,Molenpad,molenpad,,,renumbered-1885,f,454,ad,f454,address,yes,yes,-55.16997627823396,5.817695919286125
3049,F,454,bd,F454bd,f454bd,Molenpad,molenpad,,,renumbered-1885,f,454,bd,f454,address,yes,yes,-55.17002495639275,5.817719717497089
3050,F,454,cd,F454cd,f454cd,Molenpad,molenpad,,,renumbered-1885,f,454,cd,f454,address,yes,yes,-55.17005957197234,5.817740270497468
3051,F,447,b,F447b,f447b,Molenpad,molenpad,,,renumbered-1885,f,447,b,f447,address,yes,yes,-55.171014745621484,5.818311968429041
3052,F,501,a,F501a,f501a,Koningsstraat,koningsstraat,,,renumbered-1885,f,501,a,f501,address,yes,yes,-55.175502871861994,5.814747645468707
3053,F,433,b,F433b,f433b,Limesgracht,limesgracht,,,renumbered-1885,f,433,b,f433,address,yes,yes,-55.17142580562906,5.819630605663833
3054,F,433,c,F433c,f433c,Limesgracht,limesgracht,,,renumbered-1885,f,433,c,f433,address,yes,yes,-55.17138145441773,5.819605725716007
3055,F,318,b,F318b,f318b,Gemeenelandsweg,gemeenelandsweg,,,renumbered-1885,f,318,b,f318,address,yes,yes,-55.16798804588161,5.819679283822623
3056,F,184,b,F184b,f184b,Pontenwerfstraat,pontenwerfstraat,,,renumbered-1885,f,184,b,f184,address,yes,yes,-55.16694633328349,5.820962764609396
3057,F,177,b,F177b,f177b,Pontenwerfstraat,pontenwerfstraat,,,renumbered-1885,f,177,b,f177,address,yes,yes,-55.16759104845325,5.821343535984825
3058,F,169,b,F169b,f169b,Pontenwerfstraat,pontenwerfstraat,,,renumbered-1885,f,169,b,f169,address,yes,yes,-55.16873687822432,5.821999338957422
3059,F,128,b,F128b,f128b,Nieuwe Dominéstraat,nieuwe dominestraat,,,renumbered-1885,f,128,b,f128,address,yes,yes,-55.16965446151753,5.824481113753097
3060,TBW,150,b,F150b,f150b,Nepveustraat,nepveustraat,,,renumbered-1885,2ebw,150,b,2ebw150,address,yes,yes,-55.16977128909868,5.824067349403376
3061,F,150,c,F150c,f150c,,,,,renumbered-1885,f,150,c,f150,address,yes,yes,-55.169701517071076,5.824158215299785
3062,F,147,b,F147b,f147b,Nepveustraat,nepveustraat,,,renumbered-1885,f,147,b,f147,address,yes,yes,-55.17012582835521,5.823418307286167
3063,F,256,a,F256a,f256a,Pontenwerfstraat,pontenwerfstraat,,,renumbered-1885,f,256,a,f256,address,yes,yes,-55.17120972869096,5.822998863817919
3064,TBW,349,b,TMW349b,tmw349b,Wanicastraat,wanicastraat,,,renumbered-1885,2ebw,349,b,2ebw349,address,yes,yes,-55.176400301204524,5.816393638709631
3065,TBW,346,a,TBW346a,tbw346a,Molenpad,molenpad,,,renumbered-1885,2ebw,346,a,2ebw346,address,yes,yes,-55.17447365718809,5.819906640640589
3066,TBW,327,b,TBW327b,tbw327b,Verlengde Gemenelandsweg,verlengde gemenelandsweg,,,renumbered-1885,2ebw,327,b,2ebw327,address,yes,yes,-55.17374541205219,5.822771948252034
3067,TBW,335,b,TBW335b,tbw335b,Wanicastraat,wanicastraat,,,renumbered-1885,2ebw,335,b,2ebw335,address,yes,yes,-55.173967337770776,5.820365287125726
3068,TBW,335,c,TBW335c,tbw335c,Wanicastraat,wanicastraat,,,renumbered-1885,2ebw,335,c,2ebw335,address,yes,yes,-55.174075834788766,5.82019267823347
3069,TBW,285,b,TBW285b,tbw285b,Hoogestraat,hoogestraat,,,renumbered-1885,2ebw,285,b,2ebw285,address,yes,yes,-55.171079015640366,5.827871308097534
3070,TBW,280,b,TBW280b,tbw280b,Hoogestraat,hoogestraat,,,renumbered-1885,2ebw,280,b,2ebw280,address,yes,yes,-55.17154588159656,5.82813597506566
3071,TBW,38,a,TBW38a,tbw38a,Rijweg naar Kwatta,rijweg naar kwatta,,,renumbered-1885,2ebw,38,a,2ebw38,address,yes,yes,-55.18893992625328,5.840825194487775
3072,TBW,181,a,TBW181a,tbw181a,Sophialaan,sophialaan,,,renumbered-1885,2ebw,181,a,2ebw181,address,yes,yes,-55.172418789423084,5.832745454435992
3073,TBW,186,b,TBW186b,tbw186b,Oranjelaan,oranjelaan,,,renumbered-1885,2ebw,186,b,2ebw186,address,yes,yes,-55.17163629577819,5.831981043627431
3074,TBW,191,b,TBW191b,tbw191b,Oranjelaan,oranjelaan,,,renumbered-1885,2ebw,191,b,2ebw191,address,yes,yes,-55.1719946647164,5.831389241711126
3075,TBW,232,b,TBW232b,tbw232b,Steenbakkersgracht,steenbakkersgracht,,,renumbered-1885,2ebw,232,b,2ebw232,address,yes,yes,-55.172942157272594,5.831122751352927
3076,TBW,173,b,TBW173b,tbw173b,Sophialaan,sophialaan,,,renumbered-1885,2ebw,173,b,2ebw173,address,yes,yes,-55.17232673134719,5.833005189721485
3077,TBW,167,b,TBW167b,tbw167b,Sophialaan,sophialaan,,,renumbered-1885,2ebw,167,b,2ebw167,address,yes,yes,-55.171342687633214,5.8324410614124
3078,TBW,169,,TBW169,tbw169,Sophialaan,sophialaan,,,renumbered-1885,2ebw,169,,2ebw169,address,yes,yes,-55.171660954191346,5.832610655110614
3079,TBW,170,b,TBW170b,tbw170b,Sophialaan,sophialaan,,,renumbered-1885,2ebw,170,b,2ebw170,address,yes,yes,-55.17183191918939,5.832717508234392
3080,TBW,175,a,TBW175a,tbw175a,Van Idsingastraat,van idsingastraat,,,renumbered-1885,2ebw,175,a,2ebw175,address,yes,yes,-55.17205055711952,5.834030157762641
3081,TBW,99,b,TBW99b,tbw99b,Koningsstraat,koningsstraat,,,renumbered-1885,2ebw,99,b,2ebw99,address,yes,yes,-55.17144396015531,5.834661413140034
3082,TBW,104,a,TBW104a,tbw104a,Koningsstraat,koningsstraat,,,renumbered-1885,2ebw,104,a,2ebw104,address,yes,yes,-55.170350770504356,5.83404495281055
3083,TBW,105,bb,TBW105bb,tbw105bb,Koningsstraat,koningsstraat,,,renumbered-1885,2ebw,105,bb,2ebw105,address,yes,yes,-55.17011076194942,5.833916729062017
3084,TBW,111,b,TBW111b,tbw111b,Koningsstraat,koningsstraat,,,renumbered-1885,2ebw,111,b,2ebw111,address,yes,yes,-55.169279773425274,5.833465480100835
3085,TBW,115,b,TBW115b,tbw115b,Van Radersstraat,van radersstraat,,,renumbered-1885,2ebw,115,b,2ebw115,address,yes,yes,-55.16923867606997,5.832804634627625
3086,TBW,209,a,TBW209a,tbw209a,Verlengde Weidestraat,verlengde weidestraat,,,renumbered-1885,2ebw,209,a,2ebw209,address,yes,yes,-55.1709483260504,5.832467636314174
3087,TBW,212,b,TBW212b,tbw212b,Verlengde Weidestraat,verlengde weidestraat,,,renumbered-1885,2ebw,212,b,2ebw212,address,yes,yes,-55.170354880239884,5.832133925789146
3088,TBW,214,b,TBW214b,tbw214b,Verlengde Weidestraat,verlengde weidestraat,,,renumbered-1885,2ebw,214,b,2ebw214,address,yes,yes,-55.17002774529169,5.831943234060559
3089,TBW,215,b,TBW215b,tbw215b,Verlengde Weidestraat,verlengde weidestraat,,,renumbered-1885,2ebw,215,b,2ebw215,address,yes,yes,-55.16984691692838,5.83184295651363
3090,TBW,219,b,TBW219b,tbw219b,Verlengde Weidestraat,verlengde weidestraat,,,renumbered-1885,2ebw,219,b,2ebw219,address,yes,yes,-55.16908908169665,5.831423763489581
3091,TBW,227,b,TBW227b,tbw227b,Verlengde Weidestraat,verlengde weidestraat,,,renumbered-1885,2ebw,227,b,2ebw227,address,yes,yes,-55.16787588776823,5.830733327920559
3092,TBW,141,c,TBW141c,tbw141c,Wanicastraat,wanicastraat,,,renumbered-1885,2ebw,141,c,2ebw141,address,yes,yes,-55.16789068281613,5.831017721619228
3093,TBW,141,b,TBW141b,tbw141b,Wanicastraat,wanicastraat,,,renumbered-1885,2ebw,141,b,2ebw141,address,yes,yes,-55.167721361712296,5.830938814697054
3094,TBW,130,b,TBW130b,tbw130b,Koningsstraat,koningsstraat,,,renumbered-1885,2ebw,130,b,2ebw130,address,yes,yes,-55.167705744717274,5.832607367322195
3095,TBW,143,b,TBW143b,tbw143b,Verlengde Weidestraat,verlengde weidestraat,,,renumbered-1885,2ebw,143,b,2ebw143,address,yes,yes,-55.168304122210436,5.831257730174175
3096,TBW,119,b,TBW119b,tbw119b,Van Radersstraat,van radersstraat,,,renumbered-1885,2ebw,119,b,2ebw119,address,yes,yes,-55.16919018119069,5.832341056459855
3097,TBW,229,b,TBW229b,tbw229b,Steenbakkersgracht,steenbakkersgracht,,,renumbered-1885,2ebw,229,b,2ebw229,address,yes,yes,-55.16944498479356,5.829082858131753
3098,TBW,229,c,TBW229c,tbw229c,Steenbakkersgracht,steenbakkersgracht,,,renumbered-1885,2ebw,229,c,2ebw229,address,yes,yes,-55.16953539897522,5.829123955487051
3099,TBW,229,d,TBW229d,tbw229d,Steenbakkersgracht,steenbakkersgracht,,,renumbered-1885,2ebw,229,d,2ebw229,address,yes,yes,-55.169627457051085,5.829169984524986
3100,TBW,229,e,TBW229e,tbw229e,Steenbakkersgracht,steenbakkersgracht,,,renumbered-1885,2ebw,229,e,2ebw229,address,yes,yes,-55.1696981445022,5.829216013562921
3101,TBW,229,f,TBW229f,tbw229f,Steenbakkersgracht,steenbakkersgracht,,,renumbered-1885,2ebw,229,f,2ebw229,address,yes,yes,-55.16978527089543,5.829245603658737
3102,TBW,229,g,TBW229g,tbw229g,Steenbakkersgracht,steenbakkersgracht,,,renumbered-1885,2ebw,229,g,2ebw229,address,yes,yes,-55.16987239728867,5.829294920485095
3103,TBW,229,h,TBW229h,tbw229h,Steenbakkersgracht,steenbakkersgracht,,,renumbered-1885,2ebw,229,h,2ebw229,address,yes,yes,-55.16996116757611,5.82934916899409
3104,TBW,229,i,TBW229i,tbw229i,Steenbakkersgracht,steenbakkersgracht,,,renumbered-1885,2ebw,229,i,2ebw229,address,yes,yes,-55.17003843060408,5.829406705291508
3105,TBW,229,j,TBW229j,tbw229j,Steenbakkersgracht,steenbakkersgracht,,,renumbered-1885,2ebw,229,j,2ebw229,address,yes,yes,-55.170118981420465,5.829446158752596
3106,TBW,229,k,TBW229k,tbw229k,Steenbakkersgracht,steenbakkersgracht,,,renumbered-1885,2ebw,229,k,2ebw229,address,yes,yes,-55.17019131276579,5.829490543896318
3107,TBW,229,l,TBW229l,tbw229l,Steenbakkersgracht,steenbakkersgracht,,,renumbered-1885,2ebw,229,l,2ebw229,address,yes,yes,-55.17027679526481,5.829534929040041
3108,TBW,229,m,TBW229m,tbw229m,Steenbakkersgracht,steenbakkersgracht,,,renumbered-1885,2ebw,229,m,2ebw229,address,yes,yes,-55.17036063386962,5.829585889760613
3109,TBW,229,n,TBW229n,tbw229n,Steenbakkersgracht,steenbakkersgracht,,,renumbered-1885,2ebw,229,n,2ebw229,address,yes,yes,-55.17043789689759,5.829623699327488
3110,TBW,229,o,TBW229o,tbw229o,Steenbakkersgracht,steenbakkersgracht,,,renumbered-1885,2ebw,229,o,2ebw229,address,yes,yes,-55.170518447713974,5.82968452341333
3111,TBW,229,p,TBW229p,tbw229p,Steenbakkersgracht,steenbakkersgracht,,,renumbered-1885,2ebw,229,p,2ebw229,address,yes,yes,-55.170595710741935,5.829725620768629
3112,TBW,229,q,TBW229q,tbw229q,Steenbakkersgracht,steenbakkersgracht,,,renumbered-1885,2ebw,229,q,2ebw229,address,yes,yes,-55.170684481029376,5.829770005912352
3113,TBW,229,r,TBW229r,tbw229r,Steenbakkersgracht,steenbakkersgracht,,,renumbered-1885,2ebw,229,r,2ebw229,address,yes,yes,-55.17076338795155,5.829814391056075
3114,TBW,229,s,TBW229s,tbw229s,Steenbakkersgracht,steenbakkersgracht,,,renumbered-1885,2ebw,229,s,2ebw229,address,yes,yes,-55.17084393876794,5.829875215141918
3115,TBW,260,b,TBW260b,tbw260b,Wanicastraat,wanicastraat,,,renumbered-1885,2ebw,260,b,2ebw260,address,yes,yes,-55.16962221510617,5.827765790330606
3116,TBW,259,a2,TBW259a2,tbw259a2,Steenbakkersgracht,steenbakkersgracht,,,renumbered-1885,2ebw,259,a2,2ebw259,address,yes,yes,-55.169558933499744,5.828617658109442
3117,TBW,259,c,TBW259c,tbw259c,Wanicastraat,wanicastraat,,,renumbered-1885,2ebw,259,c,2ebw259,address,yes,yes,-55.1693593530487,5.828236345865582
3118,TBW,259,d,TBW259d,tbw259d,Wanicastraat,wanicastraat,,,renumbered-1885,2ebw,259,d,2ebw259,address,yes,yes,-55.16940803120749,5.828129253916242
3119,TBW,259,ba,TBW259ba,tbw259ba,Wanicastraat,wanicastraat,,,renumbered-1885,2ebw,259,ba,2ebw259,address,yes,yes,-55.169276600178755,5.828348305630801
3120,TBW,259,bb,TBW259bb,tbw259bb,Wanicastraat,wanicastraat,,,renumbered-1885,2ebw,259,bb,2ebw259,address,yes,yes,-55.169304184468736,5.82829962747201
3121,TBW,73,a,TBW73a,tbw73a,Wanicastraat,wanicastraat,,,renumbered-1885,2ebw,73,a,2ebw73,address,yes,yes,-55.16692544510916,5.832448629206265
3122,TBW,73,c,TBW73c,tbw73c,Wanicastraat,wanicastraat,,,renumbered-1885,2ebw,73,c,2ebw73,address,yes,yes,-55.16671126121048,5.832575192419121
3123,TBW,73,d,TBW73d,tbw73d,Wanicastraat,wanicastraat,,,renumbered-1885,2ebw,73,d,2ebw73,address,yes,yes,-55.166672318683446,5.83266605831553
3124,TBW,70,,TBW70,tbw70,Rijweg naar Kwatta,rijweg naar kwatta,,,renumbered-1885,2ebw,70,,2ebw70,address,yes,yes,-55.16587561948456,5.834074479709873
3125,TBW,17,,TBW17,tbw17,Rijweg naar Kwatta,rijweg naar kwatta,,,renumbered-1885,2ebw,17,,2ebw17,address,yes,yes,-55.16574256585052,5.834386019926135
3126,TBW,59,a1,TBW59a1,tbw59a1,Rijweg naar Kwatta,rijweg naar kwatta,,,renumbered-1885,2ebw,59,a1,2ebw59,address,yes,yes,-55.170183636537516,5.835633803396467
3127,TBW,59,b,TBW59b,tbw59b,Rijweg naar Kwatta,rijweg naar kwatta,,,renumbered-1885,2ebw,59,b,2ebw59,address,yes,yes,-55.17001164037646,5.835572144395333
3128,TBW,60,ab,TBW60ab,tbw60ab,Rijweg naar Kwatta,rijweg naar kwatta,,,renumbered-1885,2ebw,60,ab,2ebw60,address,yes,yes,-55.16968711931786,5.835466675051286
3129,TBW,90,b,TBW90b,tbw90b,Koningsstraat,koningsstraat,,,renumbered-1885,2ebw,90,b,2ebw90,address,yes,yes,-55.170415669094425,5.834386019926135
3130,TBW,97,b,TBW97b,tbw97b,Koningsstraat,koningsstraat,,,renumbered-1885,2ebw,97,b,2ebw97,address,yes,yes,-55.17145819299519,5.834956365686632
3131,TBW,11,b,TBW11b,tbw11b,Oude laan van Charlesburg,oude laan van charlesburg,,,renumbered-1885,2ebw,11,b,2ebw11,address,yes,yes,-55.16447612241931,5.838474985264546
3132,TBW,6,b,TBW6fb,tbw6fb,Weg naar Zee,weg naar zee,,,renumbered-1885,2ebw,6,b,2ebw6,address,yes,yes,-55.16631615682158,5.844250648805052
3133,TBW,6,a,TBW6fa,tbw6fa,Weg naar Zee,weg naar zee,,,renumbered-1885,2ebw,6,a,2ebw6,address,yes,yes,-55.16632589245334,5.84390016606176
3134,TBW,6,e,TBW6e,tbw6e,Weg naar Zee,weg naar zee,,,renumbered-1885,2ebw,6,e,2ebw6,address,yes,yes,-55.166321024637455,5.843447459185007
3135,TBW,6,da,TBW6da,tbw6da,Weg naar Zee,weg naar zee,,,renumbered-1885,2ebw,6,da,2ebw6,address,yes,yes,-55.166306421189816,5.842829246568366
3136,TBW,6,a,TBW6a,tbw6a,Weg naar Zee,weg naar zee,,,renumbered-1885,2ebw,6,a,2ebw6,address,yes,yes,-55.16629668555806,5.842074735107111
3137,TBW,6,db,TBW6db,tbw6db,Weg naar Zee,weg naar zee,,,renumbered-1885,2ebw,6,db,2ebw6,address,yes,yes,-55.16631615682158,5.8431699936799
3138,TBW,6,c,TBW6c,tbw6c,Weg naar Zee,weg naar zee,,,renumbered-1885,2ebw,6,c,2ebw6,address,yes,yes,-55.166321024637455,5.842585855774413
3139,TBW,8,b,TBW8b,tbw8b,Weg naar Zee,weg naar zee,,,renumbered-1885,2ebw,8,b,2ebw8,address,yes,yes,-55.16669097864426,5.84436260857027
3140,TBW,8,c,TBW8c,tbw8c,Weg naar Zee,weg naar zee,,,renumbered-1885,2ebw,8,c,2ebw8,address,yes,yes,-55.166729921171296,5.843982918931704
3141,TBW,8,d,TBW8d,tbw8d,Weg naar Zee,weg naar zee,,,renumbered-1885,2ebw,8,d,2ebw8,address,yes,yes,-55.16672018553954,5.843603229293136
3142,TBW,26,b,TBW26b,tbw26b,Rijweg naar Kwatta,rijweg naar kwatta,,,renumbered-1885,2ebw,26,b,2ebw26,address,yes,yes,-55.16880361073573,5.835766045727846
3143,D,168,,D168,d168,Steenbakkersgracht,steenbakkersgracht,,,older-regime,d,168,,d168,address,yes,yes,-55.163362025218916,5.825585968871401