recordKey,detailId,mediaId,mediaType,inventoryNumber,yearRaw,field,hitType,category,matchedTerm,matchedTermNormalized,canonicalName,matchSource,stmGazetteerId,ambiguityCount,title,snippet,lowHangingSpecific,reviewBucket
0043503b-40ca-56bc-01ae-509818ac5747::470124a3-a9e8-c8fb-eb59-d6e0ee86de1a,0043503b-40ca-56bc-01ae-509818ac5747,470124a3-a9e8-c8fb-eb59-d6e0ee86de1a,video,SR-NA_02_0052,Onbekend,personsRaw,person,person,Nita Ramcharan,nita ramcharan,Nita Ramcharan,nas-persons-field,,1,Persconferentie van Henk Arron,Nita Ramcharan,true,high-precision
0043503b-40ca-56bc-01ae-509818ac5747::470124a3-a9e8-c8fb-eb59-d6e0ee86de1a,0043503b-40ca-56bc-01ae-509818ac5747,470124a3-a9e8-c8fb-eb59-d6e0ee86de1a,video,SR-NA_02_0052,Onbekend,personsRaw,person,person,Stuart Duyser,stuart duyser,Stuart Duyser,nas-persons-field,,1,Persconferentie van Henk Arron,Stuart Duyser,true,high-precision
0043503b-40ca-56bc-01ae-509818ac5747::470124a3-a9e8-c8fb-eb59-d6e0ee86de1a,0043503b-40ca-56bc-01ae-509818ac5747,470124a3-a9e8-c8fb-eb59-d6e0ee86de1a,video,SR-NA_02_0052,Onbekend,personsRaw,person,person,Lucien Pinas,lucien pinas,Lucien Pinas,nas-persons-field,,1,Persconferentie van Henk Arron,Lucien Pinas,true,high-precision
004aae29-a924-c1b6-18a5-e40a4a8fbc94::cb5e0263-d9f0-c8cb-7d94-dafee0b10f00,004aae29-a924-c1b6-18a5-e40a4a8fbc94,cb5e0263-d9f0-c8cb-7d94-dafee0b10f00,audio,SR-NA_00_0082,31 maart 1990,description,place,river,Marowijne,marowijne,Marowijne,stm-gazetteer,stm-00363,1,Toespraak president Ramsewak Shankar ivm vertrek OAS vergadering,week ernstige complicaties voorgedaan in het Brokopondo en Marowijne gebied. Deze complicaties waren bij een aantal ongrondwettelijke gewapende groepen zijn opgetreden hebben geleid tot er,true,high-precision
013bb184-2309-5fd7-301a-795f09b58190::104b2563-1b52-d4db-f44f-474ec1e7ee80,013bb184-2309-5fd7-301a-795f09b58190,104b2563-1b52-d4db-f44f-474ec1e7ee80,video,SR-NA_02_1360,Onbekend,personsRaw,person,person,Celsius Waterberg,celsius waterberg,Celsius Waterberg,nas-persons-field,,1,Celsius Waterberg op een bijeenkomst van de Samenwerkende Partijen,Celsius Waterberg,true,high-precision
01e920f3-90ca-0000-1a01-3b43cbed2abe::21fd7c2f-613f-7865-8f97-92c39ca38b25,01e920f3-90ca-0000-1a01-3b43cbed2abe,21fd7c2f-613f-7865-8f97-92c39ca38b25,video,SR-NA_02_0120,Onbekend,title,place,street,Wanica,wanica,Wanica,paramaribo-street-standardization,,1,Kerkdiensten in Gemeente Wanica,Kerkdiensten in Gemeente Wanica,true,high-precision
01e920f3-90ca-0000-1a01-3b43cbed2abe::21fd7c2f-613f-7865-8f97-92c39ca38b25,01e920f3-90ca-0000-1a01-3b43cbed2abe,21fd7c2f-613f-7865-8f97-92c39ca38b25,video,SR-NA_02_0120,Onbekend,description,place,street,Wanica,wanica,Wanica,paramaribo-street-standardization,,1,Kerkdiensten in Gemeente Wanica,"diverse gemeenten, Grote Stadskerk, Lutherse Kerk, Gemeente Wanica, Rosakerk",true,high-precision
01e920f3-90ca-0000-1a01-3b43cbed2abe::21fd7c2f-613f-7865-8f97-92c39ca38b25,01e920f3-90ca-0000-1a01-3b43cbed2abe,21fd7c2f-613f-7865-8f97-92c39ca38b25,video,SR-NA_02_0120,Onbekend,keywords,place,street,Wanica,wanica,Wanica,paramaribo-street-standardization,,1,Kerkdiensten in Gemeente Wanica,Kerkdiensten | Grote Stadskerk | Lutherse Kerk | Gemeente Wanica | Rosakerk,true,high-precision
021bffb7-90fe-1643-f611-93c10557a95a::fa4a2b13-0665-d00b-cf26-70fa97bf16b4,021bffb7-90fe-1643-f611-93c10557a95a,fa4a2b13-0665-d00b-cf26-70fa97bf16b4,video,SR-NA_02_0930,Onbekend,description,place,plantation,Combe,combe,Combe,stm-gazetteer,stm-00547,1,Programma over subsidie artikelen,George Radjkoemar praat met ondernemers over economische maatregelen van de regering Venetiaan-Ajodhia: Directeur Kries Kalipdewsingh van Combé markt en Melkcentrale-directeur Henk,true,high-precision
02e84401-4a29-d23a-1410-aa8d7fbc3b06::29499bf3-6e23-8063-260c-844a6ef51de7,02e84401-4a29-d23a-1410-aa8d7fbc3b06,29499bf3-6e23-8063-260c-844a6ef51de7,video,SR-NA_02_1387,Onbekend,personsRaw,person,person,Desi Bouterse,desi bouterse,Desi Bouterse,nas-persons-field,,1,NIS. Inzwering en installatie van de nieuwe President D. Bouterse,Desi Bouterse,true,high-precision
0356cd42-93f3-bec8-0655-feb180cfbc3e::09a4d8c0-e7da-2450-44fd-3a6a47cb2fd8,0356cd42-93f3-bec8-0655-feb180cfbc3e,09a4d8c0-e7da-2450-44fd-3a6a47cb2fd8,image,SR-NA_01_0234,Onbekend,description,place,street,Gravenstraat,gravenstraat,Gravenstraat,paramaribo-street-standardization,,1,Henk Arron,s minister van Buitenlandse Zaken. Op 25 april 2003 werd de Gravenstraat in Paramaribo omgedoopt tot Henck Arronstraat. Op 26 april 2006 werd er een standbeeld (gebeeldhouwd door Erwin de Vrie,true,high-precision
036f72b0-e7e2-760b-ab41-5b3bc4829485::b6160be5-159d-b66a-85a4-1120369bdbdb,036f72b0-e7e2-760b-ab41-5b3bc4829485,b6160be5-159d-b66a-85a4-1120369bdbdb,video,SR-NA_02_1034_002,Onbekend,description,place,river,Nickerie,nickerie,Nickerie,stm-gazetteer,stm-00261,1,Minister van Russel met districtcommissaris Ramadhin-deel 2,Nieuwbakken districtscommissaris Hardeo Ramadin van Nickerie verzekert dat het gestelde vertrouwen van de regering in hem nimmer beschaamd zal worden,true,high-precision
038e4dec-7276-d43c-0212-2d08644717fb::777c1f48-cee0-35aa-80cb-fe38ec261696,038e4dec-7276-d43c-0212-2d08644717fb,777c1f48-cee0-35aa-80cb-fe38ec261696,video,SR-NA_02_0993,Onbekend,personsRaw,person,person,Radjkoemar Randjietsingh,radjkoemar randjietsingh,Radjkoemar Randjietsingh,nas-persons-field,,1,DNA begroting 2003 ministerie Hl,Radjkoemar Randjietsingh,true,high-precision
038e4dec-7276-d43c-0212-2d08644717fb::777c1f48-cee0-35aa-80cb-fe38ec261696,038e4dec-7276-d43c-0212-2d08644717fb,777c1f48-cee0-35aa-80cb-fe38ec261696,video,SR-NA_02_0993,Onbekend,personsRaw,person,person,Jeniffer geerlings-Simons,jeniffer geerlings-simons,Jeniffer geerlings-Simons,nas-persons-field,,1,DNA begroting 2003 ministerie Hl,Jeniffer geerlings-Simons,true,high-precision
038e4dec-7276-d43c-0212-2d08644717fb::777c1f48-cee0-35aa-80cb-fe38ec261696,038e4dec-7276-d43c-0212-2d08644717fb,777c1f48-cee0-35aa-80cb-fe38ec261696,video,SR-NA_02_0993,Onbekend,personsRaw,person,person,DNA-voorzitter Ram Sardjoe,dna-voorzitter ram sardjoe,DNA-voorzitter Ram Sardjoe,nas-persons-field,,1,DNA begroting 2003 ministerie Hl,DNA-voorzitter Ram Sardjoe,true,high-precision
038e4dec-7276-d43c-0212-2d08644717fb::777c1f48-cee0-35aa-80cb-fe38ec261696,038e4dec-7276-d43c-0212-2d08644717fb,777c1f48-cee0-35aa-80cb-fe38ec261696,video,SR-NA_02_0993,Onbekend,personsRaw,person,person,Otmar Rodgers,otmar rodgers,Otmar Rodgers,nas-persons-field,,1,DNA begroting 2003 ministerie Hl,Otmar Rodgers,true,high-precision
0395709d-797a-0aec-1795-9ea48a7ae91e::98c0629d-402a-5e20-3de2-bcd8483fef25,0395709d-797a-0aec-1795-9ea48a7ae91e,98c0629d-402a-5e20-3de2-bcd8483fef25,image,SR-NA_03_0128_023,24071973,description,place,plantation,De Beste,de beste,De Beste,stm-gazetteer,stm-01145,1,Stakingsbulletin CLO-24071973,heeft samen met zijn Indiaanse buren steeds gezocht doe hij de beste resultaten kon bereiken met zo weinig en de goedkoop mogelijk materiaal.,true,high-precision
03a9f04b-9e59-a479-aa15-f80bba329684::36341947-2e27-a165-68f9-3d46a11f0c19,03a9f04b-9e59-a479-aa15-f80bba329684,36341947-2e27-a165-68f9-3d46a11f0c19,video,SR-NA_02_1348,Onbekend,personsRaw,person,person,Soewarto Moestadja,soewarto moestadja,Soewarto Moestadja,nas-persons-field,,1,Soewarto Moestadja trekt zich terug als lid en bestuurslid Pertjaja Luhur,Soewarto Moestadja,true,high-precision
03dac69e-9871-2caf-40ca-070ca56ff558::8bac24cc-cdb6-2f26-6745-b5b397726cc6,03dac69e-9871-2caf-40ca-070ca56ff558,8bac24cc-cdb6-2f26-6745-b5b397726cc6,image,SR-NA_01_ 0529,1987,title,place,street,Jodenbreestraat,jodenbreestraat,Jodenbreestraat,paramaribo-street-standardization,,1,Afwatering Jodenbreestraat,Afwatering Jodenbreestraat,true,high-precision
03dac69e-9871-2caf-40ca-070ca56ff558::8bac24cc-cdb6-2f26-6745-b5b397726cc6,03dac69e-9871-2caf-40ca-070ca56ff558,8bac24cc-cdb6-2f26-6745-b5b397726cc6,image,SR-NA_01_ 0529,1987,description,place,street,Jodenbreestraat,jodenbreestraat,Jodenbreestraat,paramaribo-street-standardization,,1,Afwatering Jodenbreestraat,Aanpak en herstel van de Afwatering en riolering van de Jodenbreestraat,true,high-precision
04a36f81-60e3-12a2-57e2-6205dddc0e09::cd4f68f6-c791-02ee-eb20-6689be7743c1,04a36f81-60e3-12a2-57e2-6205dddc0e09,cd4f68f6-c791-02ee-eb20-6689be7743c1,image,SR-NA_01_0954,,personsRaw,person,person,Edmund Leilis,edmund leilis,Edmund Leilis,nas-persons-field,,1,Foto's organisatie Verkiezingen 2015,Edmund Leilis,true,high-precision
04a36f81-60e3-12a2-57e2-6205dddc0e09::cd4f68f6-c791-02ee-eb20-6689be7743c1,04a36f81-60e3-12a2-57e2-6205dddc0e09,cd4f68f6-c791-02ee-eb20-6689be7743c1,image,SR-NA_01_0954,,personsRaw,person,person,Gran Rio,gran rio,Gran Rio,nas-persons-field,,1,Foto's organisatie Verkiezingen 2015,Gran Rio,true,high-precision
04a36f81-60e3-12a2-57e2-6205dddc0e09::cd4f68f6-c791-02ee-eb20-6689be7743c1,04a36f81-60e3-12a2-57e2-6205dddc0e09,cd4f68f6-c791-02ee-eb20-6689be7743c1,image,SR-NA_01_0954,,personsRaw,person,person,Straatnaamborden,straatnaamborden,Straatnaamborden,nas-persons-field,,1,Foto's organisatie Verkiezingen 2015,Straatnaamborden,true,high-precision
04a36f81-60e3-12a2-57e2-6205dddc0e09::cd4f68f6-c791-02ee-eb20-6689be7743c1,04a36f81-60e3-12a2-57e2-6205dddc0e09,cd4f68f6-c791-02ee-eb20-6689be7743c1,image,SR-NA_01_0954,,personsRaw,person,person,Remi Pollack,remi pollack,Remi Pollack,nas-persons-field,,1,Foto's organisatie Verkiezingen 2015,Remi Pollack,true,high-precision
04a36f81-60e3-12a2-57e2-6205dddc0e09::cd4f68f6-c791-02ee-eb20-6689be7743c1,04a36f81-60e3-12a2-57e2-6205dddc0e09,cd4f68f6-c791-02ee-eb20-6689be7743c1,image,SR-NA_01_0954,,personsRaw,person,person,Commewijne,commewijne,Commewijne,nas-persons-field,,1,Foto's organisatie Verkiezingen 2015,Commewijne,true,high-precision
04a36f81-60e3-12a2-57e2-6205dddc0e09::cd4f68f6-c791-02ee-eb20-6689be7743c1,04a36f81-60e3-12a2-57e2-6205dddc0e09,cd4f68f6-c791-02ee-eb20-6689be7743c1,image,SR-NA_01_0954,,personsRaw,person,person,Sabitrie Gangapersad,sabitrie gangapersad,Sabitrie Gangapersad,nas-persons-field,,1,Foto's organisatie Verkiezingen 2015,Sabitrie Gangapersad,true,high-precision
04a36f81-60e3-12a2-57e2-6205dddc0e09::cd4f68f6-c791-02ee-eb20-6689be7743c1,04a36f81-60e3-12a2-57e2-6205dddc0e09,cd4f68f6-c791-02ee-eb20-6689be7743c1,image,SR-NA_01_0954,,personsRaw,person,person,Armand Jurel,armand jurel,Armand Jurel,nas-persons-field,,1,Foto's organisatie Verkiezingen 2015,Armand Jurel,true,high-precision
04a36f81-60e3-12a2-57e2-6205dddc0e09::cd4f68f6-c791-02ee-eb20-6689be7743c1,04a36f81-60e3-12a2-57e2-6205dddc0e09,cd4f68f6-c791-02ee-eb20-6689be7743c1,image,SR-NA_01_0954,,personsRaw,person,person,Samsoedin,samsoedin,Samsoedin,nas-persons-field,,1,Foto's organisatie Verkiezingen 2015,Samsoedin,true,high-precision
04a36f81-60e3-12a2-57e2-6205dddc0e09::cd4f68f6-c791-02ee-eb20-6689be7743c1,04a36f81-60e3-12a2-57e2-6205dddc0e09,cd4f68f6-c791-02ee-eb20-6689be7743c1,image,SR-NA_01_0954,,personsRaw,person,person,Wedprekash Joeloemsingh,wedprekash joeloemsingh,Wedprekash Joeloemsingh,nas-persons-field,,1,Foto's organisatie Verkiezingen 2015,Wedprekash Joeloemsingh,true,high-precision
04a36f81-60e3-12a2-57e2-6205dddc0e09::cd4f68f6-c791-02ee-eb20-6689be7743c1,04a36f81-60e3-12a2-57e2-6205dddc0e09,cd4f68f6-c791-02ee-eb20-6689be7743c1,image,SR-NA_01_0954,,personsRaw,person,person,Navin Bisai,navin bisai,Navin Bisai,nas-persons-field,,1,Foto's organisatie Verkiezingen 2015,Navin Bisai,true,high-precision
04a36f81-60e3-12a2-57e2-6205dddc0e09::cd4f68f6-c791-02ee-eb20-6689be7743c1,04a36f81-60e3-12a2-57e2-6205dddc0e09,cd4f68f6-c791-02ee-eb20-6689be7743c1,image,SR-NA_01_0954,,personsRaw,person,person,Dennis Menso,dennis menso,Dennis Menso,nas-persons-field,,1,Foto's organisatie Verkiezingen 2015,Dennis Menso,true,high-precision
04a36f81-60e3-12a2-57e2-6205dddc0e09::cd4f68f6-c791-02ee-eb20-6689be7743c1,04a36f81-60e3-12a2-57e2-6205dddc0e09,cd4f68f6-c791-02ee-eb20-6689be7743c1,image,SR-NA_01_0954,,personsRaw,person,person,Maya Manohar,maya manohar,Maya Manohar,nas-persons-field,,1,Foto's organisatie Verkiezingen 2015,Maya Manohar,true,high-precision
04a36f81-60e3-12a2-57e2-6205dddc0e09::cd4f68f6-c791-02ee-eb20-6689be7743c1,04a36f81-60e3-12a2-57e2-6205dddc0e09,cd4f68f6-c791-02ee-eb20-6689be7743c1,image,SR-NA_01_0954,,personsRaw,person,person,Eugene Merkus,eugene merkus,Eugene Merkus,nas-persons-field,,1,Foto's organisatie Verkiezingen 2015,Eugene Merkus,true,high-precision
04a36f81-60e3-12a2-57e2-6205dddc0e09::cd4f68f6-c791-02ee-eb20-6689be7743c1,04a36f81-60e3-12a2-57e2-6205dddc0e09,cd4f68f6-c791-02ee-eb20-6689be7743c1,image,SR-NA_01_0954,,personsRaw,person,person,Winston Echteld,winston echteld,Winston Echteld,nas-persons-field,,1,Foto's organisatie Verkiezingen 2015,Winston Echteld,true,high-precision
04a36f81-60e3-12a2-57e2-6205dddc0e09::cd4f68f6-c791-02ee-eb20-6689be7743c1,04a36f81-60e3-12a2-57e2-6205dddc0e09,cd4f68f6-c791-02ee-eb20-6689be7743c1,image,SR-NA_01_0954,,personsRaw,person,person,Larissa Lackin,larissa lackin,Larissa Lackin,nas-persons-field,,1,Foto's organisatie Verkiezingen 2015,Larissa Lackin,true,high-precision
04a36f81-60e3-12a2-57e2-6205dddc0e09::cd4f68f6-c791-02ee-eb20-6689be7743c1,04a36f81-60e3-12a2-57e2-6205dddc0e09,cd4f68f6-c791-02ee-eb20-6689be7743c1,image,SR-NA_01_0954,,personsRaw,person,person,Ajay Moensie,ajay moensie,Ajay Moensie,nas-persons-field,,1,Foto's organisatie Verkiezingen 2015,Ajay Moensie,true,high-precision
04a36f81-60e3-12a2-57e2-6205dddc0e09::cd4f68f6-c791-02ee-eb20-6689be7743c1,04a36f81-60e3-12a2-57e2-6205dddc0e09,cd4f68f6-c791-02ee-eb20-6689be7743c1,image,SR-NA_01_0954,,personsRaw,person,person,Humphrey Dundas,humphrey dundas,Humphrey Dundas,nas-persons-field,,1,Foto's organisatie Verkiezingen 2015,Humphrey Dundas,true,high-precision
04a36f81-60e3-12a2-57e2-6205dddc0e09::cd4f68f6-c791-02ee-eb20-6689be7743c1,04a36f81-60e3-12a2-57e2-6205dddc0e09,cd4f68f6-c791-02ee-eb20-6689be7743c1,image,SR-NA_01_0954,,personsRaw,person,person,Luciën Vriese,lucien vriese,Luciën Vriese,nas-persons-field,,1,Foto's organisatie Verkiezingen 2015,Luciën Vriese,true,high-precision
04a36f81-60e3-12a2-57e2-6205dddc0e09::cd4f68f6-c791-02ee-eb20-6689be7743c1,04a36f81-60e3-12a2-57e2-6205dddc0e09,cd4f68f6-c791-02ee-eb20-6689be7743c1,image,SR-NA_01_0954,,personsRaw,person,person,Clifton Braam,clifton braam,Clifton Braam,nas-persons-field,,1,Foto's organisatie Verkiezingen 2015,Clifton Braam,true,high-precision
04a36f81-60e3-12a2-57e2-6205dddc0e09::cd4f68f6-c791-02ee-eb20-6689be7743c1,04a36f81-60e3-12a2-57e2-6205dddc0e09,cd4f68f6-c791-02ee-eb20-6689be7743c1,image,SR-NA_01_0954,,personsRaw,person,person,Lothar Boksteen,lothar boksteen,Lothar Boksteen,nas-persons-field,,1,Foto's organisatie Verkiezingen 2015,Lothar Boksteen,true,high-precision
04a36f81-60e3-12a2-57e2-6205dddc0e09::cd4f68f6-c791-02ee-eb20-6689be7743c1,04a36f81-60e3-12a2-57e2-6205dddc0e09,cd4f68f6-c791-02ee-eb20-6689be7743c1,image,SR-NA_01_0954,,personsRaw,person,person,Robert Ameerali,robert ameerali,Robert Ameerali,nas-persons-field,,1,Foto's organisatie Verkiezingen 2015,Robert Ameerali,true,high-precision
04a36f81-60e3-12a2-57e2-6205dddc0e09::cd4f68f6-c791-02ee-eb20-6689be7743c1,04a36f81-60e3-12a2-57e2-6205dddc0e09,cd4f68f6-c791-02ee-eb20-6689be7743c1,image,SR-NA_01_0954,,personsRaw,person,person,Vivian Gordon,vivian gordon,Vivian Gordon,nas-persons-field,,1,Foto's organisatie Verkiezingen 2015,Vivian Gordon,true,high-precision
04a36f81-60e3-12a2-57e2-6205dddc0e09::cd4f68f6-c791-02ee-eb20-6689be7743c1,04a36f81-60e3-12a2-57e2-6205dddc0e09,cd4f68f6-c791-02ee-eb20-6689be7743c1,image,SR-NA_01_0954,,personsRaw,person,person,Jack Mencke,jack mencke,Jack Mencke,nas-persons-field,,1,Foto's organisatie Verkiezingen 2015,Jack Mencke,true,high-precision
04a36f81-60e3-12a2-57e2-6205dddc0e09::cd4f68f6-c791-02ee-eb20-6689be7743c1,04a36f81-60e3-12a2-57e2-6205dddc0e09,cd4f68f6-c791-02ee-eb20-6689be7743c1,image,SR-NA_01_0954,,personsRaw,person,person,Jennifer van Dijk-Silos,jennifer van dijk-silos,Jennifer van Dijk-Silos,nas-persons-field,,1,Foto's organisatie Verkiezingen 2015,Jennifer van Dijk-Silos,true,high-precision
04a36f81-60e3-12a2-57e2-6205dddc0e09::cd4f68f6-c791-02ee-eb20-6689be7743c1,04a36f81-60e3-12a2-57e2-6205dddc0e09,cd4f68f6-c791-02ee-eb20-6689be7743c1,image,SR-NA_01_0954,,personsRaw,person,person,Desi Bouterse,desi bouterse,Desi Bouterse,nas-persons-field,,1,Foto's organisatie Verkiezingen 2015,Desi Bouterse,true,high-precision
04a36f81-60e3-12a2-57e2-6205dddc0e09::cd4f68f6-c791-02ee-eb20-6689be7743c1,04a36f81-60e3-12a2-57e2-6205dddc0e09,cd4f68f6-c791-02ee-eb20-6689be7743c1,image,SR-NA_01_0954,,personsRaw,person,person,stembureaupersoneel,stembureaupersoneel,stembureaupersoneel,nas-persons-field,,1,Foto's organisatie Verkiezingen 2015,stembureaupersoneel,true,high-precision
04a36f81-60e3-12a2-57e2-6205dddc0e09::cd4f68f6-c791-02ee-eb20-6689be7743c1,04a36f81-60e3-12a2-57e2-6205dddc0e09,cd4f68f6-c791-02ee-eb20-6689be7743c1,image,SR-NA_01_0954,,personsRaw,person,person,Brandweer,brandweer,Brandweer,nas-persons-field,,1,Foto's organisatie Verkiezingen 2015,Brandweer,true,high-precision
04a36f81-60e3-12a2-57e2-6205dddc0e09::cd4f68f6-c791-02ee-eb20-6689be7743c1,04a36f81-60e3-12a2-57e2-6205dddc0e09,cd4f68f6-c791-02ee-eb20-6689be7743c1,image,SR-NA_01_0954,,personsRaw,person,person,stembiljetten,stembiljetten,stembiljetten,nas-persons-field,,1,Foto's organisatie Verkiezingen 2015,stembiljetten,true,high-precision
04a36f81-60e3-12a2-57e2-6205dddc0e09::cd4f68f6-c791-02ee-eb20-6689be7743c1,04a36f81-60e3-12a2-57e2-6205dddc0e09,cd4f68f6-c791-02ee-eb20-6689be7743c1,image,SR-NA_01_0954,,personsRaw,person,person,Jerry Miranda,jerry miranda,Jerry Miranda,nas-persons-field,,1,Foto's organisatie Verkiezingen 2015,Jerry Miranda,true,high-precision
04a36f81-60e3-12a2-57e2-6205dddc0e09::cd4f68f6-c791-02ee-eb20-6689be7743c1,04a36f81-60e3-12a2-57e2-6205dddc0e09,cd4f68f6-c791-02ee-eb20-6689be7743c1,image,SR-NA_01_0954,,personsRaw,person,person,stembureaumedewerkers,stembureaumedewerkers,stembureaumedewerkers,nas-persons-field,,1,Foto's organisatie Verkiezingen 2015,stembureaumedewerkers,true,high-precision
04a36f81-60e3-12a2-57e2-6205dddc0e09::cd4f68f6-c791-02ee-eb20-6689be7743c1,04a36f81-60e3-12a2-57e2-6205dddc0e09,cd4f68f6-c791-02ee-eb20-6689be7743c1,image,SR-NA_01_0954,,personsRaw,person,person,Shalini Khedoe,shalini khedoe,Shalini Khedoe,nas-persons-field,,1,Foto's organisatie Verkiezingen 2015,Shalini Khedoe,true,high-precision
04a36f81-60e3-12a2-57e2-6205dddc0e09::cd4f68f6-c791-02ee-eb20-6689be7743c1,04a36f81-60e3-12a2-57e2-6205dddc0e09,cd4f68f6-c791-02ee-eb20-6689be7743c1,image,SR-NA_01_0954,,personsRaw,person,person,Stanley Sidoel,stanley sidoel,Stanley Sidoel,nas-persons-field,,1,Foto's organisatie Verkiezingen 2015,Stanley Sidoel,true,high-precision
04a36f81-60e3-12a2-57e2-6205dddc0e09::cd4f68f6-c791-02ee-eb20-6689be7743c1,04a36f81-60e3-12a2-57e2-6205dddc0e09,cd4f68f6-c791-02ee-eb20-6689be7743c1,image,SR-NA_01_0954,,personsRaw,person,person,Elvira Sandie,elvira sandie,Elvira Sandie,nas-persons-field,,1,Foto's organisatie Verkiezingen 2015,Elvira Sandie,true,high-precision
04a36f81-60e3-12a2-57e2-6205dddc0e09::cd4f68f6-c791-02ee-eb20-6689be7743c1,04a36f81-60e3-12a2-57e2-6205dddc0e09,cd4f68f6-c791-02ee-eb20-6689be7743c1,image,SR-NA_01_0954,,personsRaw,person,person,Luciano Mentodikromo,luciano mentodikromo,Luciano Mentodikromo,nas-persons-field,,1,Foto's organisatie Verkiezingen 2015,Luciano Mentodikromo,true,high-precision
04a36f81-60e3-12a2-57e2-6205dddc0e09::cd4f68f6-c791-02ee-eb20-6689be7743c1,04a36f81-60e3-12a2-57e2-6205dddc0e09,cd4f68f6-c791-02ee-eb20-6689be7743c1,image,SR-NA_01_0954,,personsRaw,person,person,Hoofdstembureau,hoofdstembureau,Hoofdstembureau,nas-persons-field,,1,Foto's organisatie Verkiezingen 2015,Hoofdstembureau,true,high-precision
04a36f81-60e3-12a2-57e2-6205dddc0e09::cd4f68f6-c791-02ee-eb20-6689be7743c1,04a36f81-60e3-12a2-57e2-6205dddc0e09,cd4f68f6-c791-02ee-eb20-6689be7743c1,image,SR-NA_01_0954,,personsRaw,person,person,Joan Nibte,joan nibte,Joan Nibte,nas-persons-field,,1,Foto's organisatie Verkiezingen 2015,Joan Nibte,true,high-precision
04a36f81-60e3-12a2-57e2-6205dddc0e09::cd4f68f6-c791-02ee-eb20-6689be7743c1,04a36f81-60e3-12a2-57e2-6205dddc0e09,cd4f68f6-c791-02ee-eb20-6689be7743c1,image,SR-NA_01_0954,,personsRaw,person,person,Ronnie Brunswijk,ronnie brunswijk,Ronnie Brunswijk,nas-persons-field,,1,Foto's organisatie Verkiezingen 2015,Ronnie Brunswijk,true,high-precision
04a36f81-60e3-12a2-57e2-6205dddc0e09::cd4f68f6-c791-02ee-eb20-6689be7743c1,04a36f81-60e3-12a2-57e2-6205dddc0e09,cd4f68f6-c791-02ee-eb20-6689be7743c1,image,SR-NA_01_0954,,personsRaw,person,person,Ramon Abrahams Roseline Daan,ramon abrahams roseline daan,Ramon Abrahams Roseline Daan,nas-persons-field,,1,Foto's organisatie Verkiezingen 2015,Ramon Abrahams Roseline Daan,true,high-precision
04a36f81-60e3-12a2-57e2-6205dddc0e09::cd4f68f6-c791-02ee-eb20-6689be7743c1,04a36f81-60e3-12a2-57e2-6205dddc0e09,cd4f68f6-c791-02ee-eb20-6689be7743c1,image,SR-NA_01_0954,,personsRaw,person,person,Delano Landvreugd,delano landvreugd,Delano Landvreugd,nas-persons-field,,1,Foto's organisatie Verkiezingen 2015,Delano Landvreugd,true,high-precision
04a36f81-60e3-12a2-57e2-6205dddc0e09::cd4f68f6-c791-02ee-eb20-6689be7743c1,04a36f81-60e3-12a2-57e2-6205dddc0e09,cd4f68f6-c791-02ee-eb20-6689be7743c1,image,SR-NA_01_0954,,personsRaw,person,person,Hesdy Pigot,hesdy pigot,Hesdy Pigot,nas-persons-field,,1,Foto's organisatie Verkiezingen 2015,Hesdy Pigot,true,high-precision
04a36f81-60e3-12a2-57e2-6205dddc0e09::cd4f68f6-c791-02ee-eb20-6689be7743c1,04a36f81-60e3-12a2-57e2-6205dddc0e09,cd4f68f6-c791-02ee-eb20-6689be7743c1,image,SR-NA_01_0954,,personsRaw,person,person,Eufrazia Martin,eufrazia martin,Eufrazia Martin,nas-persons-field,,1,Foto's organisatie Verkiezingen 2015,Eufrazia Martin,true,high-precision
04a36f81-60e3-12a2-57e2-6205dddc0e09::cd4f68f6-c791-02ee-eb20-6689be7743c1,04a36f81-60e3-12a2-57e2-6205dddc0e09,cd4f68f6-c791-02ee-eb20-6689be7743c1,image,SR-NA_01_0954,,personsRaw,person,person,Steven van Frederikslust,steven van frederikslust,Steven van Frederikslust,nas-persons-field,,1,Foto's organisatie Verkiezingen 2015,Steven van Frederikslust,true,high-precision
04a36f81-60e3-12a2-57e2-6205dddc0e09::cd4f68f6-c791-02ee-eb20-6689be7743c1,04a36f81-60e3-12a2-57e2-6205dddc0e09,cd4f68f6-c791-02ee-eb20-6689be7743c1,image,SR-NA_01_0954,,personsRaw,person,person,Ivan Cairo,ivan cairo,Ivan Cairo,nas-persons-field,,1,Foto's organisatie Verkiezingen 2015,Ivan Cairo,true,high-precision
04a36f81-60e3-12a2-57e2-6205dddc0e09::cd4f68f6-c791-02ee-eb20-6689be7743c1,04a36f81-60e3-12a2-57e2-6205dddc0e09,cd4f68f6-c791-02ee-eb20-6689be7743c1,image,SR-NA_01_0954,,personsRaw,person,person,Edward Troon,edward troon,Edward Troon,nas-persons-field,,1,Foto's organisatie Verkiezingen 2015,Edward Troon,true,high-precision
04a36f81-60e3-12a2-57e2-6205dddc0e09::cd4f68f6-c791-02ee-eb20-6689be7743c1,04a36f81-60e3-12a2-57e2-6205dddc0e09,cd4f68f6-c791-02ee-eb20-6689be7743c1,image,SR-NA_01_0954,,personsRaw,person,person,Widjai Ganesh,widjai ganesh,Widjai Ganesh,nas-persons-field,,1,Foto's organisatie Verkiezingen 2015,Widjai Ganesh,true,high-precision
04a36f81-60e3-12a2-57e2-6205dddc0e09::cd4f68f6-c791-02ee-eb20-6689be7743c1,04a36f81-60e3-12a2-57e2-6205dddc0e09,cd4f68f6-c791-02ee-eb20-6689be7743c1,image,SR-NA_01_0954,,personsRaw,person,person,Marcel Ramadin Vere Baumgard,marcel ramadin vere baumgard,Marcel Ramadin Vere Baumgard,nas-persons-field,,1,Foto's organisatie Verkiezingen 2015,Marcel Ramadin Vere Baumgard,true,high-precision
04a36f81-60e3-12a2-57e2-6205dddc0e09::cd4f68f6-c791-02ee-eb20-6689be7743c1,04a36f81-60e3-12a2-57e2-6205dddc0e09,cd4f68f6-c791-02ee-eb20-6689be7743c1,image,SR-NA_01_0954,,personsRaw,person,person,Politieagenten KPS,politieagenten kps,Politieagenten KPS,nas-persons-field,,1,Foto's organisatie Verkiezingen 2015,Politieagenten KPS,true,high-precision
04a36f81-60e3-12a2-57e2-6205dddc0e09::cd4f68f6-c791-02ee-eb20-6689be7743c1,04a36f81-60e3-12a2-57e2-6205dddc0e09,cd4f68f6-c791-02ee-eb20-6689be7743c1,image,SR-NA_01_0954,,personsRaw,person,person,Theo Sondrojoe,theo sondrojoe,Theo Sondrojoe,nas-persons-field,,1,Foto's organisatie Verkiezingen 2015,Theo Sondrojoe,true,high-precision
04a36f81-60e3-12a2-57e2-6205dddc0e09::cd4f68f6-c791-02ee-eb20-6689be7743c1,04a36f81-60e3-12a2-57e2-6205dddc0e09,cd4f68f6-c791-02ee-eb20-6689be7743c1,image,SR-NA_01_0954,,personsRaw,person,person,Yvonne Pinas,yvonne pinas,Yvonne Pinas,nas-persons-field,,1,Foto's organisatie Verkiezingen 2015,Yvonne Pinas,true,high-precision
04a36f81-60e3-12a2-57e2-6205dddc0e09::cd4f68f6-c791-02ee-eb20-6689be7743c1,04a36f81-60e3-12a2-57e2-6205dddc0e09,cd4f68f6-c791-02ee-eb20-6689be7743c1,image,SR-NA_01_0954,,personsRaw,person,person,Maverick Boejoekoe,maverick boejoekoe,Maverick Boejoekoe,nas-persons-field,,1,Foto's organisatie Verkiezingen 2015,Maverick Boejoekoe,true,high-precision
04a36f81-60e3-12a2-57e2-6205dddc0e09::cd4f68f6-c791-02ee-eb20-6689be7743c1,04a36f81-60e3-12a2-57e2-6205dddc0e09,cd4f68f6-c791-02ee-eb20-6689be7743c1,image,SR-NA_01_0954,,personsRaw,person,person,Lakshminarain Doebay,lakshminarain doebay,Lakshminarain Doebay,nas-persons-field,,1,Foto's organisatie Verkiezingen 2015,Lakshminarain Doebay,true,high-precision
04a36f81-60e3-12a2-57e2-6205dddc0e09::cd4f68f6-c791-02ee-eb20-6689be7743c1,04a36f81-60e3-12a2-57e2-6205dddc0e09,cd4f68f6-c791-02ee-eb20-6689be7743c1,image,SR-NA_01_0954,,personsRaw,person,person,Aroenkoemar Ramdhani,aroenkoemar ramdhani,Aroenkoemar Ramdhani,nas-persons-field,,1,Foto's organisatie Verkiezingen 2015,Aroenkoemar Ramdhani,true,high-precision
04a36f81-60e3-12a2-57e2-6205dddc0e09::cd4f68f6-c791-02ee-eb20-6689be7743c1,04a36f81-60e3-12a2-57e2-6205dddc0e09,cd4f68f6-c791-02ee-eb20-6689be7743c1,image,SR-NA_01_0954,,personsRaw,person,person,John de la Fuente,john de la fuente,John de la Fuente,nas-persons-field,,1,Foto's organisatie Verkiezingen 2015,John de la Fuente,true,high-precision
04a36f81-60e3-12a2-57e2-6205dddc0e09::cd4f68f6-c791-02ee-eb20-6689be7743c1,04a36f81-60e3-12a2-57e2-6205dddc0e09,cd4f68f6-c791-02ee-eb20-6689be7743c1,image,SR-NA_01_0954,,personsRaw,person,person,Margaretha Malontie,margaretha malontie,Margaretha Malontie,nas-persons-field,,1,Foto's organisatie Verkiezingen 2015,Margaretha Malontie,true,high-precision
04a36f81-60e3-12a2-57e2-6205dddc0e09::cd4f68f6-c791-02ee-eb20-6689be7743c1,04a36f81-60e3-12a2-57e2-6205dddc0e09,cd4f68f6-c791-02ee-eb20-6689be7743c1,image,SR-NA_01_0954,,personsRaw,person,person,Humphrey Jeroe,humphrey jeroe,Humphrey Jeroe,nas-persons-field,,1,Foto's organisatie Verkiezingen 2015,Humphrey Jeroe,true,high-precision
04a36f81-60e3-12a2-57e2-6205dddc0e09::cd4f68f6-c791-02ee-eb20-6689be7743c1,04a36f81-60e3-12a2-57e2-6205dddc0e09,cd4f68f6-c791-02ee-eb20-6689be7743c1,image,SR-NA_01_0954,,personsRaw,person,person,Marcel Lin Tsung,marcel lin tsung,Marcel Lin Tsung,nas-persons-field,,1,Foto's organisatie Verkiezingen 2015,Marcel Lin Tsung,true,high-precision
04a36f81-60e3-12a2-57e2-6205dddc0e09::cd4f68f6-c791-02ee-eb20-6689be7743c1,04a36f81-60e3-12a2-57e2-6205dddc0e09,cd4f68f6-c791-02ee-eb20-6689be7743c1,image,SR-NA_01_0954,,personsRaw,person,person,Humphrey Dundas Verkiezingshotspot,humphrey dundas verkiezingshotspot,Humphrey Dundas Verkiezingshotspot,nas-persons-field,,1,Foto's organisatie Verkiezingen 2015,Humphrey Dundas Verkiezingshotspot,true,high-precision
04a36f81-60e3-12a2-57e2-6205dddc0e09::cd4f68f6-c791-02ee-eb20-6689be7743c1,04a36f81-60e3-12a2-57e2-6205dddc0e09,cd4f68f6-c791-02ee-eb20-6689be7743c1,image,SR-NA_01_0954,,personsRaw,person,person,Lesley Artist,lesley artist,Lesley Artist,nas-persons-field,,1,Foto's organisatie Verkiezingen 2015,Lesley Artist,true,high-precision
04a36f81-60e3-12a2-57e2-6205dddc0e09::cd4f68f6-c791-02ee-eb20-6689be7743c1,04a36f81-60e3-12a2-57e2-6205dddc0e09,cd4f68f6-c791-02ee-eb20-6689be7743c1,image,SR-NA_01_0954,,personsRaw,person,person,Vincent Verwey Chantal Cadogan Paporo’s Corner,vincent verwey chantal cadogan paporo s corner,Vincent Verwey Chantal Cadogan Paporo’s Corner,nas-persons-field,,1,Foto's organisatie Verkiezingen 2015,Vincent Verwey Chantal Cadogan Paporo’s Corner,true,high-precision
04a36f81-60e3-12a2-57e2-6205dddc0e09::cd4f68f6-c791-02ee-eb20-6689be7743c1,04a36f81-60e3-12a2-57e2-6205dddc0e09,cd4f68f6-c791-02ee-eb20-6689be7743c1,image,SR-NA_01_0954,,personsRaw,person,person,Mike Nerkust,mike nerkust,Mike Nerkust,nas-persons-field,,1,Foto's organisatie Verkiezingen 2015,Mike Nerkust,true,high-precision
04a36f81-60e3-12a2-57e2-6205dddc0e09::cd4f68f6-c791-02ee-eb20-6689be7743c1,04a36f81-60e3-12a2-57e2-6205dddc0e09,cd4f68f6-c791-02ee-eb20-6689be7743c1,image,SR-NA_01_0954,,personsRaw,person,person,Percy Oliveira,percy oliveira,Percy Oliveira,nas-persons-field,,1,Foto's organisatie Verkiezingen 2015,Percy Oliveira,true,high-precision
04de88ec-2182-91ef-8757-bdbe60656de6::1d40de6c-c93a-1f90-eefb-e0ae7981a3f4,04de88ec-2182-91ef-8757-bdbe60656de6,1d40de6c-c93a-1f90-eefb-e0ae7981a3f4,video,SR-NA_02_0958,14 januari 2003,personsRaw,person,person,Otmar Rodgers,otmar rodgers,Otmar Rodgers,nas-persons-field,,1,Gezondheidsflipcard hart en vaatziekten,Otmar Rodgers,true,high-precision
05446c84-02cc-c71a-025a-32fbd1d9d805::6c88fe76-8b78-4fce-f0f9-01732d1569a2,05446c84-02cc-c71a-025a-32fbd1d9d805,6c88fe76-8b78-4fce-f0f9-01732d1569a2,video,SR-NA_02_1384,Onbekend,personsRaw,person,person,Robert Ameerali,robert ameerali,Robert Ameerali,nas-persons-field,,1,Verkiezing vicepresident Robert Ameerali,Robert Ameerali,true,high-precision
05446c84-02cc-c71a-025a-32fbd1d9d805::6c88fe76-8b78-4fce-f0f9-01732d1569a2,05446c84-02cc-c71a-025a-32fbd1d9d805,6c88fe76-8b78-4fce-f0f9-01732d1569a2,video,SR-NA_02_1384,Onbekend,personsRaw,person,person,Ronald Venetiaan,ronald venetiaan,Ronald Venetiaan,nas-persons-field,,1,Verkiezing vicepresident Robert Ameerali,Ronald Venetiaan,true,high-precision
060e8b68-57ee-7548-4381-a2a0d2aaf27e::39b56a3a-e6c4-6303-c8ae-4558a32bf245,060e8b68-57ee-7548-4381-a2a0d2aaf27e,39b56a3a-e6c4-6303-c8ae-4558a32bf245,video,SR-NA_02_1355,Onbekend,personsRaw,person,person,Ronald Hooghart,ronald hooghart,Ronald Hooghart,nas-persons-field,,1,PBO-voorzitter Ronald Hooghart bespreekt de doelstellingen van de partij,Ronald Hooghart,true,high-precision
0856c2f9-4cd4-b7df-e7dc-565829889b19::0d6be34e-bf5f-4b10-d267-3c1f893a678d,0856c2f9-4cd4-b7df-e7dc-565829889b19,0d6be34e-bf5f-4b10-d267-3c1f893a678d,image,SR-NA_01_0262,1990,title,place,street,Domineestraat,domineestraat,Domineestraat,paramaribo-street-standardization,,1,Steenbakkerijstraat en Domineestraat,Steenbakkerijstraat en Domineestraat,true,high-precision
0856c2f9-4cd4-b7df-e7dc-565829889b19::0d6be34e-bf5f-4b10-d267-3c1f893a678d,0856c2f9-4cd4-b7df-e7dc-565829889b19,0d6be34e-bf5f-4b10-d267-3c1f893a678d,image,SR-NA_01_0262,1990,title,place,street,Steenbakkerijstraat,steenbakkerijstraat,Steenbakkerijstraat,paramaribo-street-standardization,,1,Steenbakkerijstraat en Domineestraat,Steenbakkerijstraat en Domineestraat,true,high-precision
0856c2f9-4cd4-b7df-e7dc-565829889b19::0d6be34e-bf5f-4b10-d267-3c1f893a678d,0856c2f9-4cd4-b7df-e7dc-565829889b19,0d6be34e-bf5f-4b10-d267-3c1f893a678d,image,SR-NA_01_0262,1990,description,place,street,Domineestraat,domineestraat,Domineestraat,paramaribo-street-standardization,,1,Steenbakkerijstraat en Domineestraat,"Hoek Steenbakkerijstraat en Domineestraat, bekeken vanonder de luifel van hotel Krasnapolsky",true,high-precision
0856c2f9-4cd4-b7df-e7dc-565829889b19::0d6be34e-bf5f-4b10-d267-3c1f893a678d,0856c2f9-4cd4-b7df-e7dc-565829889b19,0d6be34e-bf5f-4b10-d267-3c1f893a678d,image,SR-NA_01_0262,1990,description,place,street,Steenbakkerijstraat,steenbakkerijstraat,Steenbakkerijstraat,paramaribo-street-standardization,,1,Steenbakkerijstraat en Domineestraat,"Hoek Steenbakkerijstraat en Domineestraat, bekeken vanonder de luifel van hotel Krasnapolsky",true,high-precision
0857ffc8-b7dd-1a72-42ec-c23e584bbe01::dc5c1145-6e10-4df8-96b2-9ae484b798a8,0857ffc8-b7dd-1a72-42ec-c23e584bbe01,dc5c1145-6e10-4df8-96b2-9ae484b798a8,image,SR-NA_01_ 0541,1987,description,place,street,Wanicastraat,wanicastraat,Wanicastraat,paramaribo-street-standardization,,1,Eeuwfeest Boniface Kerk,"Viering 100 Jaar Boniface Kerk aan de Wanicastraat, thans Johan Adolf Pengelstraat. Op 7 april 1886 werd de eerste steen voor de bouw van de St. Bonifaciuskerk gelegd. D",true,high-precision
090c8aac-13b8-9857-a065-cf53ec85d69b::6bb15664-23ca-447d-6612-b2a43e14bffb,090c8aac-13b8-9857-a065-cf53ec85d69b,6bb15664-23ca-447d-6612-b2a43e14bffb,video,SR-NA_02_1045,2006,description,place,plantation,Industrie,industrie,Industrie,stm-gazetteer,stm-00858,1,Interview met Cilio Cameron hoofd economische controle dienst,"sche Controle Dienst (ECD) van het ministerie van Handel en industrie, wat de bevoegdheden en werkwijze van de dienst zijn. Ook wordt er in het programma rondvraag gedaan in de binnenstad n",true,high-precision
0948dfa6-ffc0-902f-a12e-73e1b7703396::d51a4caa-b84b-9827-c80a-f76707ee068d,0948dfa6-ffc0-902f-a12e-73e1b7703396,d51a4caa-b84b-9827-c80a-f76707ee068d,video,SR-NA_02_0992_002,Onbekend,personsRaw,person,person,Geetapersad Gangaram Panday,geetapersad gangaram panday,Geetapersad Gangaram Panday,nas-persons-field,,1,Volksreceptie i.v.m. Onafhankelijkheidsdag-deel 2,Geetapersad Gangaram Panday,true,high-precision
0948dfa6-ffc0-902f-a12e-73e1b7703396::d51a4caa-b84b-9827-c80a-f76707ee068d,0948dfa6-ffc0-902f-a12e-73e1b7703396,d51a4caa-b84b-9827-c80a-f76707ee068d,video,SR-NA_02_0992_002,Onbekend,personsRaw,person,person,Maurits Tuur,maurits tuur,Maurits Tuur,nas-persons-field,,1,Volksreceptie i.v.m. Onafhankelijkheidsdag-deel 2,Maurits Tuur,true,high-precision
0948dfa6-ffc0-902f-a12e-73e1b7703396::d51a4caa-b84b-9827-c80a-f76707ee068d,0948dfa6-ffc0-902f-a12e-73e1b7703396,d51a4caa-b84b-9827-c80a-f76707ee068d,video,SR-NA_02_0992_002,Onbekend,personsRaw,person,person,Otmar Rodgers,otmar rodgers,Otmar Rodgers,nas-persons-field,,1,Volksreceptie i.v.m. Onafhankelijkheidsdag-deel 2,Otmar Rodgers,true,high-precision
0948dfa6-ffc0-902f-a12e-73e1b7703396::d51a4caa-b84b-9827-c80a-f76707ee068d,0948dfa6-ffc0-902f-a12e-73e1b7703396,d51a4caa-b84b-9827-c80a-f76707ee068d,video,SR-NA_02_0992_002,Onbekend,personsRaw,person,person,Jules Fullington,jules fullington,Jules Fullington,nas-persons-field,,1,Volksreceptie i.v.m. Onafhankelijkheidsdag-deel 2,Jules Fullington,true,high-precision
0948dfa6-ffc0-902f-a12e-73e1b7703396::d51a4caa-b84b-9827-c80a-f76707ee068d,0948dfa6-ffc0-902f-a12e-73e1b7703396,d51a4caa-b84b-9827-c80a-f76707ee068d,video,SR-NA_02_0992_002,Onbekend,personsRaw,person,person,Lieuw's Catering,lieuw s catering,Lieuw's Catering,nas-persons-field,,1,Volksreceptie i.v.m. Onafhankelijkheidsdag-deel 2,Lieuw's Catering,true,high-precision
09d48efb-36fb-4b75-af22-d40e36ddc327::b67d52ec-30e4-3ad0-18db-c1fdd61a6fc8,09d48efb-36fb-4b75-af22-d40e36ddc327,b67d52ec-30e4-3ad0-18db-c1fdd61a6fc8,image,SR-NA_01_0232,Onbekend,title,place,street,Wagenwegstraat,wagenwegstraat,Wagenwegstraat,paramaribo-street-standardization,,1,Historisch gebouw Wagenwegstraat,Historisch gebouw Wagenwegstraat,true,high-precision
09d48efb-36fb-4b75-af22-d40e36ddc327::b67d52ec-30e4-3ad0-18db-c1fdd61a6fc8,09d48efb-36fb-4b75-af22-d40e36ddc327,b67d52ec-30e4-3ad0-18db-c1fdd61a6fc8,image,SR-NA_01_0232,Onbekend,description,place,street,Wagenwegstraat,wagenwegstraat,Wagenwegstraat,paramaribo-street-standardization,,1,Historisch gebouw Wagenwegstraat,Oud-gebouw aan de Wagenwegstraat te Paramaribo.,true,high-precision
0bb82ea1-c61a-4520-a71d-bfa382ffafbf::a5d2c72f-f00a-bd37-8ee4-0f13777e96dc,0bb82ea1-c61a-4520-a71d-bfa382ffafbf,a5d2c72f-f00a-bd37-8ee4-0f13777e96dc,image,SR-NA_01_0203,Onbekend,description,place,street,Wagenwegstraat,wagenwegstraat,Wagenwegstraat,paramaribo-street-standardization,,1,Gebouwen ministerie van Arbeid,Voormalig hoofdgebouw van het ministerie van Arbeid aan de Wagenwegstraat en het kantoor van arbeidsinspectie aan de Watermolenstraat.,true,high-precision
0bb82ea1-c61a-4520-a71d-bfa382ffafbf::a5d2c72f-f00a-bd37-8ee4-0f13777e96dc,0bb82ea1-c61a-4520-a71d-bfa382ffafbf,a5d2c72f-f00a-bd37-8ee4-0f13777e96dc,image,SR-NA_01_0203,Onbekend,description,place,street,Watermolenstraat,watermolenstraat,Watermolenstraat,paramaribo-street-standardization,,1,Gebouwen ministerie van Arbeid,e Wagenwegstraat en het kantoor van arbeidsinspectie aan de Watermolenstraat.,true,high-precision
0e6c93da-d253-4eb9-a37d-73c17c436f6e::7b339a33-e04c-1610-5c9a-8fd479f1b674,0e6c93da-d253-4eb9-a37d-73c17c436f6e,7b339a33-e04c-1610-5c9a-8fd479f1b674,image,SR-NA_01_0036,17 april 1970,keywords,place,street,Wanicastraat,wanicastraat,Wanicastraat,paramaribo-street-standardization,,1,Minister Ahmad Ali naar Landsweldadigheidsgesticht,Landsgrond Boniface | Wanicastraat | ex-Leprozen | psychotici | Arbeid en Sociale Zaken,true,high-precision
113914af-c9da-03ca-7025-ea532438750c::66e0b5b3-275c-31a1-7bd4-3a4f0b101152,113914af-c9da-03ca-7025-ea532438750c,66e0b5b3-275c-31a1-7bd4-3a4f0b101152,video,SR-NA_02_0977_003,Onbekend,title,place,river,Nickerie,nickerie,Nickerie,stm-gazetteer,stm-00261,1,Jaardag streekziekenhuis Nickerie deel 3,Jaardag streekziekenhuis Nickerie deel 3,true,high-precision
1190d215-e842-6c32-06f1-b952520fae68::225a0f47-9bc2-15ff-ea6b-cd105fe7badd,1190d215-e842-6c32-06f1-b952520fae68,225a0f47-9bc2-15ff-ea6b-cd105fe7badd,image,SR-NA_01_0283_006_001,Februari 1980,title,place,street,Waterkant,waterkant,Waterkant,paramaribo-street-standardization,,1,Brand Waterkant omgeving Platte Brug,Brand Waterkant omgeving Platte Brug,true,high-precision
12c30417-c364-9392-1888-bcd4527cb253::9d1c0c8c-8daa-54d3-ee6b-076f280a9e7c,12c30417-c364-9392-1888-bcd4527cb253,9d1c0c8c-8daa-54d3-ee6b-076f280a9e7c,image,SR-NA_01_0239,Onbekend,title,place,street,Gravenstraat,gravenstraat,Gravenstraat,paramaribo-street-standardization,,1,Jopie Pengel Gravenstraat,Jopie Pengel Gravenstraat,true,high-precision
12c30417-c364-9392-1888-bcd4527cb253::9d1c0c8c-8daa-54d3-ee6b-076f280a9e7c,12c30417-c364-9392-1888-bcd4527cb253,9d1c0c8c-8daa-54d3-ee6b-076f280a9e7c,image,SR-NA_01_0239,Onbekend,description,place,street,Gravenstraat,gravenstraat,Gravenstraat,paramaribo-street-standardization,,1,Jopie Pengel Gravenstraat,Jopie Pengel wordt toegejuichd door een menigte aan de Gravenstraat,true,high-precision
12c30417-c364-9392-1888-bcd4527cb253::9d1c0c8c-8daa-54d3-ee6b-076f280a9e7c,12c30417-c364-9392-1888-bcd4527cb253,9d1c0c8c-8daa-54d3-ee6b-076f280a9e7c,image,SR-NA_01_0239,Onbekend,keywords,place,street,Gravenstraat,gravenstraat,Gravenstraat,paramaribo-street-standardization,,1,Jopie Pengel Gravenstraat,Jopie Pengel | Gravenstraat,true,high-precision
12c7c9bf-e8cc-4bbe-1617-efaac3f4fdd3::d26ee06e-75e7-ae88-76f8-21144d729bb1,12c7c9bf-e8cc-4bbe-1617-efaac3f4fdd3,d26ee06e-75e7-ae88-76f8-21144d729bb1,image,SR-NA_01_ 0519,1987,personsRaw,person,person,Henk Arron,henk arron,Henk Arron,nas-persons-field,,1,Nationaal congres crisis en perspectief in Torarica,Henk Arron,true,high-precision
12c7c9bf-e8cc-4bbe-1617-efaac3f4fdd3::d26ee06e-75e7-ae88-76f8-21144d729bb1,12c7c9bf-e8cc-4bbe-1617-efaac3f4fdd3,d26ee06e-75e7-ae88-76f8-21144d729bb1,image,SR-NA_01_ 0519,1987,personsRaw,person,person,Jagernath Lachmon,jagernath lachmon,Jagernath Lachmon,nas-persons-field,,1,Nationaal congres crisis en perspectief in Torarica,Jagernath Lachmon,true,high-precision
12c7c9bf-e8cc-4bbe-1617-efaac3f4fdd3::d26ee06e-75e7-ae88-76f8-21144d729bb1,12c7c9bf-e8cc-4bbe-1617-efaac3f4fdd3,d26ee06e-75e7-ae88-76f8-21144d729bb1,image,SR-NA_01_ 0519,1987,personsRaw,person,person,Ernie Brunings,ernie brunings,Ernie Brunings,nas-persons-field,,1,Nationaal congres crisis en perspectief in Torarica,Ernie Brunings,true,high-precision
12c7c9bf-e8cc-4bbe-1617-efaac3f4fdd3::d26ee06e-75e7-ae88-76f8-21144d729bb1,12c7c9bf-e8cc-4bbe-1617-efaac3f4fdd3,d26ee06e-75e7-ae88-76f8-21144d729bb1,image,SR-NA_01_ 0519,1987,personsRaw,person,person,Jules Wijdenbosch,jules wijdenbosch,Jules Wijdenbosch,nas-persons-field,,1,Nationaal congres crisis en perspectief in Torarica,Jules Wijdenbosch,true,high-precision
14afdc1a-ef48-3268-7353-b048ec3f4316::acf3cb88-154a-a86c-a81d-3cde2aeee753,14afdc1a-ef48-3268-7353-b048ec3f4316,acf3cb88-154a-a86c-a81d-3cde2aeee753,video,SR-NA_02_1053,Onbekend,title,place,river,Nickerie,nickerie,Nickerie,stm-gazetteer,stm-00261,1,Vhp-vergadering nickerie met Atta mungra-sarnami,Vhp-vergadering nickerie met Atta mungra-sarnami,true,high-precision
14feeeac-e8cd-2f0d-11e2-ea67e8c7778e::7fbd68e0-ca98-6d9e-e0b1-e094f141607e,14feeeac-e8cd-2f0d-11e2-ea67e8c7778e,7fbd68e0-ca98-6d9e-e0b1-e094f141607e,image,SR-NA_03_088_003,1981,description,place,river,Marowijne,marowijne,Marowijne,stm-gazetteer,stm-00363,1,NVD-Nieuws No. 2 /8-14 januari 1981,raanoogst in stadion Moengo wegens presidentieel bezoek aan Marowijne Reglementering nachtclubs Werkbezoek president Chin A Sen aan Ramgoelamweg Het dragen van valhelmen Ondertekening CLO-a,true,high-precision
15be718d-8451-4928-dbdc-f68cf0992280::71088fa1-c587-2586-1d2f-0bbdcc7249b9,15be718d-8451-4928-dbdc-f68cf0992280,71088fa1-c587-2586-1d2f-0bbdcc7249b9,image,SR-NA_01_0361,1987,description,place,street,onbekend,onbekend,onbekend,paramaribo-street-standardization,,1,Goudenhuwelijk in de SIV,"Viering Goudenhuwelijk van een onbekend echtpaar bij de Surinaamse Islamitische Vereniging, SIV",true,high-precision
15f6574d-b9ce-d6ec-d6fd-38cfa82d444c::19c4b332-87db-43d4-8ca5-804227cee51b,15f6574d-b9ce-d6ec-d6fd-38cfa82d444c,19c4b332-87db-43d4-8ca5-804227cee51b,video,SR-NA_02_1311,September 2003,description,place,plantation,Rotterdam,rotterdam,Rotterdam,stm-gazetteer,stm-00824,1,STVS Journaal van 13 september 2003,geluid. Gesprek met dhr. H. Vonk van Diergaarde Bleidorp in Rotterdam,true,high-precision
15f6574d-b9ce-d6ec-d6fd-38cfa82d444c::19c4b332-87db-43d4-8ca5-804227cee51b,15f6574d-b9ce-d6ec-d6fd-38cfa82d444c,19c4b332-87db-43d4-8ca5-804227cee51b,video,SR-NA_02_1311,September 2003,personsRaw,person,person,Anne Marie Guicherit,anne marie guicherit,Anne Marie Guicherit,nas-persons-field,,1,STVS Journaal van 13 september 2003,Anne Marie Guicherit,true,high-precision
15f6574d-b9ce-d6ec-d6fd-38cfa82d444c::19c4b332-87db-43d4-8ca5-804227cee51b,15f6574d-b9ce-d6ec-d6fd-38cfa82d444c,19c4b332-87db-43d4-8ca5-804227cee51b,video,SR-NA_02_1311,September 2003,personsRaw,person,person,Eleanor King,eleanor king,Eleanor King,nas-persons-field,,1,STVS Journaal van 13 september 2003,Eleanor King,true,high-precision
15f6574d-b9ce-d6ec-d6fd-38cfa82d444c::19c4b332-87db-43d4-8ca5-804227cee51b,15f6574d-b9ce-d6ec-d6fd-38cfa82d444c,19c4b332-87db-43d4-8ca5-804227cee51b,video,SR-NA_02_1311,September 2003,personsRaw,person,person,Mariska Harris,mariska harris,Mariska Harris,nas-persons-field,,1,STVS Journaal van 13 september 2003,Mariska Harris,true,high-precision
15f6574d-b9ce-d6ec-d6fd-38cfa82d444c::19c4b332-87db-43d4-8ca5-804227cee51b,15f6574d-b9ce-d6ec-d6fd-38cfa82d444c,19c4b332-87db-43d4-8ca5-804227cee51b,video,SR-NA_02_1311,September 2003,personsRaw,person,person,Jules Ajodhia,jules ajodhia,Jules Ajodhia,nas-persons-field,,1,STVS Journaal van 13 september 2003,Jules Ajodhia,true,high-precision
15f6574d-b9ce-d6ec-d6fd-38cfa82d444c::19c4b332-87db-43d4-8ca5-804227cee51b,15f6574d-b9ce-d6ec-d6fd-38cfa82d444c,19c4b332-87db-43d4-8ca5-804227cee51b,video,SR-NA_02_1311,September 2003,personsRaw,person,person,H. Vonk,h vonk,H. Vonk,nas-persons-field,,1,STVS Journaal van 13 september 2003,H. Vonk,true,high-precision
15f6e2b1-48c4-6eea-dc53-d0a6dc225bf3::e220263a-1be4-cfcf-96d8-3d4c728033ff,15f6e2b1-48c4-6eea-dc53-d0a6dc225bf3,e220263a-1be4-cfcf-96d8-3d4c728033ff,image,SR-NA_01_0180,1980-1986,description,place,river,Boven-Saramacca,boven-saramacca,Boven-Saramacca,stm-gazetteer,stm-00018,1,Bezoek Tjon Kie Sim aan Poesoegroenoe,"e Hulpbronnen aan Poesoegroenoe, Pusugrunu, een dorp aan de Boven-Saramaccarivier in het ressort Boven-Saramacca in het district Sipaliwini",true,high-precision
15f9c789-cda6-21f3-857a-f370f321babe::db2a34ed-b566-0f87-0467-14a3b184c146,15f9c789-cda6-21f3-857a-f370f321babe,db2a34ed-b566-0f87-0467-14a3b184c146,video,SR-NA_02_0939,Onbekend,description,place,river,Nickerie,nickerie,Nickerie,stm-gazetteer,stm-00261,1,Herdenking 45 jaar Dr. Lachmiepersad Alwin Mungra streekziekenhuis,aris Hardeo Ramadhin ziet de basis voor de ontwikkeling van Nickerie in met name de infrastructuur. Minister Rakieb Khudabux van Volksgezondheid: Herdenking 45ste viering van het Dr. Lachm,true,high-precision
1633432f-bf41-56f8-b2b3-a7838881693e::e4f5c81f-a471-8df0-aafa-17a01e0a135b,1633432f-bf41-56f8-b2b3-a7838881693e,e4f5c81f-a471-8df0-aafa-17a01e0a135b,video,SR-NA_02_0986_001,Onbekend,personsRaw,person,person,A. Ashim,a ashim,A. Ashim,nas-persons-field,,1,Programma AZP,A. Ashim,true,high-precision
1633432f-bf41-56f8-b2b3-a7838881693e::e4f5c81f-a471-8df0-aafa-17a01e0a135b,1633432f-bf41-56f8-b2b3-a7838881693e,e4f5c81f-a471-8df0-aafa-17a01e0a135b,video,SR-NA_02_0986_001,Onbekend,personsRaw,person,person,Bueno de Mesquita,bueno de mesquita,Bueno de Mesquita,nas-persons-field,,1,Programma AZP,Bueno de Mesquita,true,high-precision
1633432f-bf41-56f8-b2b3-a7838881693e::e4f5c81f-a471-8df0-aafa-17a01e0a135b,1633432f-bf41-56f8-b2b3-a7838881693e,e4f5c81f-a471-8df0-aafa-17a01e0a135b,video,SR-NA_02_0986_001,Onbekend,personsRaw,person,person,R. Girjasing,r girjasing,R. Girjasing,nas-persons-field,,1,Programma AZP,R. Girjasing,true,high-precision
1633432f-bf41-56f8-b2b3-a7838881693e::e4f5c81f-a471-8df0-aafa-17a01e0a135b,1633432f-bf41-56f8-b2b3-a7838881693e,e4f5c81f-a471-8df0-aafa-17a01e0a135b,video,SR-NA_02_0986_001,Onbekend,personsRaw,person,person,D. Mahadew,d mahadew,D. Mahadew,nas-persons-field,,1,Programma AZP,D. Mahadew,true,high-precision
1633432f-bf41-56f8-b2b3-a7838881693e::e4f5c81f-a471-8df0-aafa-17a01e0a135b,1633432f-bf41-56f8-b2b3-a7838881693e,e4f5c81f-a471-8df0-aafa-17a01e0a135b,video,SR-NA_02_0986_001,Onbekend,personsRaw,person,person,H. Alberga,h alberga,H. Alberga,nas-persons-field,,1,Programma AZP,H. Alberga,true,high-precision
1643c1ae-8b33-4e58-9939-c190c5ee4607::603c136a-bf59-1a85-23d2-ad557190f066,1643c1ae-8b33-4e58-9939-c190c5ee4607,603c136a-bf59-1a85-23d2-ad557190f066,image,SR-NA_01_0255,1990,description,place,street,Heiligenweg,heiligenweg,Heiligenweg,paramaribo-street-standardization,,1,Monument van de Revolutie,Monument van de Revolutie op de hoek van de Heiligenweg en Watermolenstraat,true,high-precision
1643c1ae-8b33-4e58-9939-c190c5ee4607::603c136a-bf59-1a85-23d2-ad557190f066,1643c1ae-8b33-4e58-9939-c190c5ee4607,603c136a-bf59-1a85-23d2-ad557190f066,image,SR-NA_01_0255,1990,description,place,street,Watermolenstraat,watermolenstraat,Watermolenstraat,paramaribo-street-standardization,,1,Monument van de Revolutie,Monument van de Revolutie op de hoek van de Heiligenweg en Watermolenstraat,true,high-precision
16ae2429-2dd7-70aa-f96f-e42e83dbed3c::5ae6ac4c-139e-e480-153d-8ce3d92777da,16ae2429-2dd7-70aa-f96f-e42e83dbed3c,5ae6ac4c-139e-e480-153d-8ce3d92777da,video,SR-NA_02_1352,Onbekend,personsRaw,person,person,Ronnie Brunswijk,ronnie brunswijk,Ronnie Brunswijk,nas-persons-field,,1,Feest bijeenkomst van PALU en ABOP,Ronnie Brunswijk,true,high-precision
17eb0377-2fac-2a21-9fea-9a3df1a1778c::acd06844-e049-7da3-7156-17414549b2e2,17eb0377-2fac-2a21-9fea-9a3df1a1778c,acd06844-e049-7da3-7156-17414549b2e2,image,SR-NA_03_0007_003,1985,description,place,plantation,Batavia,batavia,Batavia,stm-gazetteer,stm-02099,1,Suralco Magazine-Volume 19 nr.2,onkers and Dr. Arie L. Spaans. Het voormalige etablissement Batavia / The former establishment Batavia- geschreven door Dr. Ir. J. Wekker. Speurtocht naar de reuzenotter / Guest for - the,true,high-precision
17eba596-a9a0-671c-6e84-4646b6a9abaf::689f6ea7-6bcb-dbad-bc65-ee1554db21b3,17eba596-a9a0-671c-6e84-4646b6a9abaf,689f6ea7-6bcb-dbad-bc65-ee1554db21b3,video,SR-NA_02_0635,29 Maart 1988,title,place,river,Marowijne,marowijne,Marowijne,stm-gazetteer,stm-00363,1,Interview met Wolfram van Stichting Ontwikkeling Marowijne,Interview met Wolfram van Stichting Ontwikkeling Marowijne,true,high-precision
17eba596-a9a0-671c-6e84-4646b6a9abaf::689f6ea7-6bcb-dbad-bc65-ee1554db21b3,17eba596-a9a0-671c-6e84-4646b6a9abaf,689f6ea7-6bcb-dbad-bc65-ee1554db21b3,video,SR-NA_02_0635,29 Maart 1988,description,place,river,Marowijne,marowijne,Marowijne,stm-gazetteer,stm-00363,1,Interview met Wolfram van Stichting Ontwikkeling Marowijne,Siegfried Wolfram van de Stichting Ontwikkeling Marowijne (SOM) zegt dat met districtscommissaris Marcel Soe A Njie van Marowijne ervoor gezorgd zal worden dat bewoners die hun,true,high-precision
17eba596-a9a0-671c-6e84-4646b6a9abaf::689f6ea7-6bcb-dbad-bc65-ee1554db21b3,17eba596-a9a0-671c-6e84-4646b6a9abaf,689f6ea7-6bcb-dbad-bc65-ee1554db21b3,video,SR-NA_02_0635,29 Maart 1988,keywords,place,river,Marowijne,marowijne,Marowijne,stm-gazetteer,stm-00363,1,Interview met Wolfram van Stichting Ontwikkeling Marowijne,Siegfried Wolfram | Stichting Ontwikkeling Marowijne | SOM | interview | districtscommissaris Marcel Soe A Njie | Marowijne | Albina | binnenlandse oorlog,true,high-precision
19ca33cb-2a91-62b9-7537-401121aa0e05::a020f771-c093-9a15-2bd9-b3597d329eba,19ca33cb-2a91-62b9-7537-401121aa0e05,a020f771-c093-9a15-2bd9-b3597d329eba,video,SR-NA_02_0678,1990,title,place,street,Gravenstraat,gravenstraat,Gravenstraat,paramaribo-street-standardization,,1,Protestacties Nationale Assemblee Gravenstraat over moord Gooding,Protestacties Nationale Assemblee Gravenstraat over moord Gooding,true,high-precision
19f9c3fb-8c01-02bd-efd9-8a99b61b5276::cde164fa-bbad-c75a-8a46-6388a4cf0c6f,19f9c3fb-8c01-02bd-efd9-8a99b61b5276,cde164fa-bbad-c75a-8a46-6388a4cf0c6f,video,SR-NA_02_1312,Juli 2003,personsRaw,person,person,Siegfried Sietro,siegfried sietro,Siegfried Sietro,nas-persons-field,,1,STVS Journaal van 16 juli 2003,Siegfried Sietro,true,high-precision
19f9c3fb-8c01-02bd-efd9-8a99b61b5276::cde164fa-bbad-c75a-8a46-6388a4cf0c6f,19f9c3fb-8c01-02bd-efd9-8a99b61b5276,cde164fa-bbad-c75a-8a46-6388a4cf0c6f,video,SR-NA_02_1312,Juli 2003,personsRaw,person,person,Glenn Leckie,glenn leckie,Glenn Leckie,nas-persons-field,,1,STVS Journaal van 16 juli 2003,Glenn Leckie,true,high-precision
19f9c3fb-8c01-02bd-efd9-8a99b61b5276::cde164fa-bbad-c75a-8a46-6388a4cf0c6f,19f9c3fb-8c01-02bd-efd9-8a99b61b5276,cde164fa-bbad-c75a-8a46-6388a4cf0c6f,video,SR-NA_02_1312,Juli 2003,personsRaw,person,person,Henrie Wesenhagen,henrie wesenhagen,Henrie Wesenhagen,nas-persons-field,,1,STVS Journaal van 16 juli 2003,Henrie Wesenhagen,true,high-precision
1af88725-a3af-7aea-e83f-0be51dffb18a::e3c0d73e-faf7-b411-97de-0076375d5427,1af88725-a3af-7aea-e83f-0be51dffb18a,e3c0d73e-faf7-b411-97de-0076375d5427,video,SR-NA_02_1390_001-003,Onbekend,description,place,street,Gravenstraat,gravenstraat,Gravenstraat,paramaribo-street-standardization,,1,Zusters van Paramaribo,le jaren in een deel van het klooster van de Zusters aan de Gravenstraat 14. In 1935 verhuisden zij naar Gravenstraat 70,true,high-precision
1af88725-a3af-7aea-e83f-0be51dffb18a::e3c0d73e-faf7-b411-97de-0076375d5427,1af88725-a3af-7aea-e83f-0be51dffb18a,e3c0d73e-faf7-b411-97de-0076375d5427,video,SR-NA_02_1390_001-003,Onbekend,personsRaw,person,person,Zusters van Paramaribo,zusters van paramaribo,Zusters van Paramaribo,nas-persons-field,,1,Zusters van Paramaribo,Zusters van Paramaribo,true,high-precision
1ba1e94d-28a9-0e5d-de2c-239f5035bed0::ad589a78-2e85-804a-5396-cbbd094beccc,1ba1e94d-28a9-0e5d-de2c-239f5035bed0,ad589a78-2e85-804a-5396-cbbd094beccc,video,NAS_048______-NAS3000NAMF,30 april 1975,description,place,river,Coesewijne,coesewijne,Coesewijne,stm-gazetteer,stm-00391,1,Films_Johan_Henri_Eliza_Ferrier_01,1975 I - 30/4/75 Coesewijne en Joden Savanna; 12 mei bloemen; V.H.P. Petitie aanbieding 26/1/75; Varen met Huis en Kabinets personeel; Kathleen 18;,true,high-precision
1ba1e94d-28a9-0e5d-de2c-239f5035bed0::ad589a78-2e85-804a-5396-cbbd094beccc,1ba1e94d-28a9-0e5d-de2c-239f5035bed0,ad589a78-2e85-804a-5396-cbbd094beccc,video,NAS_048______-NAS3000NAMF,30 april 1975,personsRaw,person,person,Johan Ferrier,johan ferrier,Johan Ferrier,nas-persons-field,,1,Films_Johan_Henri_Eliza_Ferrier_01,Johan Ferrier,true,high-precision
1bebd9a3-a57d-8d24-b76c-f391b597364f::32c312d3-fbf7-69ec-c123-5b96865f8b18,1bebd9a3-a57d-8d24-b76c-f391b597364f,32c312d3-fbf7-69ec-c123-5b96865f8b18,video,SR-NA_02_0938_004,Onbekend,title,place,river,Nickerie,nickerie,Nickerie,stm-gazetteer,stm-00261,1,Jules Adjodhia vergadert met land en padieboeren te Nickerie,Jules Adjodhia vergadert met land en padieboeren te Nickerie,true,high-precision
1bebd9a3-a57d-8d24-b76c-f391b597364f::32c312d3-fbf7-69ec-c123-5b96865f8b18,1bebd9a3-a57d-8d24-b76c-f391b597364f,32c312d3-fbf7-69ec-c123-5b96865f8b18,video,SR-NA_02_0938_004,Onbekend,description,place,river,Nickerie,nickerie,Nickerie,stm-gazetteer,stm-00261,1,Jules Adjodhia vergadert met land en padieboeren te Nickerie,"n Russel van RO, Geetapersad Gangaram Panday van LVV), naar Nickerie voor besprekingen over de bacoven sector. Delegatie houdt meeting met land- en padieboeren van Nickerie; de boeren en b",true,high-precision
1d7f6a2c-1257-7b11-42ee-d0554b2dbb64::09c4b1c4-3a16-ddbe-ee6a-e791473f2a79,1d7f6a2c-1257-7b11-42ee-d0554b2dbb64,09c4b1c4-3a16-ddbe-ee6a-e791473f2a79,image,SR-NA_03_0007_042,1980,description,place,river,Coppename,coppename,Coppename,stm-gazetteer,stm-00216,1,"Suralco Magazine, 1980 vol. 12 nr. 2","hreven door Ir. F. C. Bubberman. Noodlanding in het bos van Coppename, Ir. F. C. Bubberman. -Bommen op Suriname, geschreven door Ir. F. C. Bubberman. Omslag: Het fort Zeelandia. Verdediging",true,high-precision
1e01dc26-4bdb-cb00-4c36-73651506f51e::07bbb5d1-db10-dc28-fbfd-ba6abdd6c63f,1e01dc26-4bdb-cb00-4c36-73651506f51e,07bbb5d1-db10-dc28-fbfd-ba6abdd6c63f,image,SR-NA_01_0471,1987,personsRaw,person,person,Desi Bouterse,desi bouterse,Desi Bouterse,nas-persons-field,,1,Politici naar stembus 1987,Desi Bouterse,true,high-precision
1e01dc26-4bdb-cb00-4c36-73651506f51e::07bbb5d1-db10-dc28-fbfd-ba6abdd6c63f,1e01dc26-4bdb-cb00-4c36-73651506f51e,07bbb5d1-db10-dc28-fbfd-ba6abdd6c63f,image,SR-NA_01_0471,1987,personsRaw,person,person,Jagernath Lachmon,jagernath lachmon,Jagernath Lachmon,nas-persons-field,,1,Politici naar stembus 1987,Jagernath Lachmon,true,high-precision
1e01dc26-4bdb-cb00-4c36-73651506f51e::07bbb5d1-db10-dc28-fbfd-ba6abdd6c63f,1e01dc26-4bdb-cb00-4c36-73651506f51e,07bbb5d1-db10-dc28-fbfd-ba6abdd6c63f,image,SR-NA_01_0471,1987,personsRaw,person,person,Henk Arron,henk arron,Henk Arron,nas-persons-field,,1,Politici naar stembus 1987,Henk Arron,true,high-precision
1e01dc26-4bdb-cb00-4c36-73651506f51e::07bbb5d1-db10-dc28-fbfd-ba6abdd6c63f,1e01dc26-4bdb-cb00-4c36-73651506f51e,07bbb5d1-db10-dc28-fbfd-ba6abdd6c63f,image,SR-NA_01_0471,1987,personsRaw,person,person,Willy Soemita,willy soemita,Willy Soemita,nas-persons-field,,1,Politici naar stembus 1987,Willy Soemita,true,high-precision
1ed2a226-eb56-0b64-fc75-48a18d2ce082::4b75e1c2-1b15-79c3-e701-9950bef8886d,1ed2a226-eb56-0b64-fc75-48a18d2ce082,4b75e1c2-1b15-79c3-e701-9950bef8886d,video,SR-NA_02_0860,3 mei 1988,description,place,street,Wanica,wanica,Wanica,paramaribo-street-standardization,,1,Verkoop eerste levensbehoefte uit noodhulp,"In Paramaribo en Wanica is een aanvang gemaakt met de verkoop van de eerste levensbehoeften, die in het kader van de noodhulp vanuit Nederland",true,high-precision
1f05c00a-61ee-fb20-f744-48825d6fe671::6ea41fa7-8ae5-9f78-d9b8-665faabea5b0,1f05c00a-61ee-fb20-f744-48825d6fe671,6ea41fa7-8ae5-9f78-d9b8-665faabea5b0,video,SR-NA_02_0551,24 september 1988,description,place,street,Domineestraat,domineestraat,Domineestraat,paramaribo-street-standardization,,1,Vuilophaaldienst Openbare Werken krakkemikkig,"ken haalt vuil op in de binnenstad van Paramaribo, omgeving Domineestraat en Sivaplein. De gele kraakperswagens, zoals de trucks ook worden genoemd, sierden de straten in de jaren '80 van de vo",true,high-precision
1fb491b0-d05e-cdb3-ff6e-07a3665893b3::c1ff05af-ec2b-8cb3-76ad-e69e4af33b80,1fb491b0-d05e-cdb3-ff6e-07a3665893b3,c1ff05af-ec2b-8cb3-76ad-e69e4af33b80,video,SR-NA_02_0969,Onbekend,personsRaw,person,person,Cliff Djamin,cliff djamin,Cliff Djamin,nas-persons-field,,1,Gebouw in brand bluswerkzaamheden brandweer,Cliff Djamin,true,high-precision
20c45ae9-2568-4bcf-97ad-2c99b17f4b20::ae2444a1-a5a1-8658-40b8-6cc0cbe15671,20c45ae9-2568-4bcf-97ad-2c99b17f4b20,ae2444a1-a5a1-8658-40b8-6cc0cbe15671,image,SR-NA_01_0229,Onbekend,description,place,street,Kerkplein,kerkplein,Kerkplein,paramaribo-street-standardization,,1,Ogane gebouw,"Ogane gebouw aan het Kerkplein, Noorderkerkstraat. OGANE is een business unit van de EBS.",true,high-precision
20c45ae9-2568-4bcf-97ad-2c99b17f4b20::ae2444a1-a5a1-8658-40b8-6cc0cbe15671,20c45ae9-2568-4bcf-97ad-2c99b17f4b20,ae2444a1-a5a1-8658-40b8-6cc0cbe15671,image,SR-NA_01_0229,Onbekend,description,place,street,Noorderkerkstraat,noorderkerkstraat,Noorderkerkstraat,paramaribo-street-standardization,,1,Ogane gebouw,"Ogane gebouw aan het Kerkplein, Noorderkerkstraat. OGANE is een business unit van de EBS.",true,high-precision
20fa9591-3b2c-48d3-8b2d-6faf14735ada::b585d2b9-5c14-c0f6-9c76-11ac749902fc,20fa9591-3b2c-48d3-8b2d-6faf14735ada,b585d2b9-5c14-c0f6-9c76-11ac749902fc,image,SR-NA_01_0008,1962,description,place,plantation,Utrecht,utrecht,Utrecht,stm-gazetteer,stm-01164,1,Raketlancering Coronie,erzoek was een samenwerkingsverband van de Universiteit van Utrecht en het KNMI te De Bilt. De raketten en het lanceerplatform werden geleverd door het Amerikaanse luchtvaartinstituut NAS,true,high-precision
21500a05-c59e-fa37-6907-99ac7ebed7f5::eb8dada7-213f-4482-9071-ed951b7daa68,21500a05-c59e-fa37-6907-99ac7ebed7f5,eb8dada7-213f-4482-9071-ed951b7daa68,image,SR-NA_03_0007_068,2015,description,place,plantation,Industrie,industrie,Industrie,stm-gazetteer,stm-00858,1,Suralco Magazine 2015 vol 28 nr. 1,"Directie: R. Halfhuid–Directeur, Over deze editie, Bauxietindustrie: De motor voor de welvaartsontwikkeling in Suriname in de twintigste eeuw - Deryck Ferrier M.Sc. Dynamiek van de betrek",true,high-precision
23a9de4f-1e4b-b5e8-4670-f8104b4387bf::8ce3e82b-9438-74a2-7165-901a91994b4c,23a9de4f-1e4b-b5e8-4670-f8104b4387bf,8ce3e82b-9438-74a2-7165-901a91994b4c,video,SR-NA_02_0975,Onbekend,title,place,river,Nickerie,nickerie,Nickerie,stm-gazetteer,stm-00261,1,Wroko Afersie over distrikt Nickerie,Wroko Afersie over distrikt Nickerie,true,high-precision
23a9de4f-1e4b-b5e8-4670-f8104b4387bf::8ce3e82b-9438-74a2-7165-901a91994b4c,23a9de4f-1e4b-b5e8-4670-f8104b4387bf,8ce3e82b-9438-74a2-7165-901a91994b4c,video,SR-NA_02_0975,Onbekend,description,place,district,District Nickerie,district nickerie,District Nickerie,stm-gazetteer,stm-00002,1,Wroko Afersie over distrikt Nickerie,"met een delegatie van arbeidsinspecteurs een bezoek aan het district Nickerie. Het ministerie wordt in het district vertegenwoordigd door dependances van de afdelingen Arbeidsinspectie, Bemiddeling",true,high-precision
23a9de4f-1e4b-b5e8-4670-f8104b4387bf::8ce3e82b-9438-74a2-7165-901a91994b4c,23a9de4f-1e4b-b5e8-4670-f8104b4387bf,8ce3e82b-9438-74a2-7165-901a91994b4c,video,SR-NA_02_0975,Onbekend,description,place,river,Nickerie,nickerie,Nickerie,stm-gazetteer,stm-00261,1,Wroko Afersie over distrikt Nickerie,"elegatie van arbeidsinspecteurs een bezoek aan het district Nickerie. Het ministerie wordt in het district vertegenwoordigd door dependances van de afdelingen Arbeidsinspectie, Bemiddeling",true,high-precision
2452a671-cb25-5636-bb41-9f8ca545e7d8::e0026007-8547-ee51-d416-8d0ff731f6bd,2452a671-cb25-5636-bb41-9f8ca545e7d8,e0026007-8547-ee51-d416-8d0ff731f6bd,video,SR-NA_02_1086_001,Onbekend,personsRaw,person,person,25 november 2002,25 november 2002,25 november 2002,nas-persons-field,,1,Onafhankelijkheid 27 jaar-deel 1,25 november 2002,true,high-precision
2452a671-cb25-5636-bb41-9f8ca545e7d8::e0026007-8547-ee51-d416-8d0ff731f6bd,2452a671-cb25-5636-bb41-9f8ca545e7d8,e0026007-8547-ee51-d416-8d0ff731f6bd,video,SR-NA_02_1086_001,Onbekend,personsRaw,person,person,onafhankelijkheidsplein,onafhankelijkheidsplein,onafhankelijkheidsplein,nas-persons-field,,1,Onafhankelijkheid 27 jaar-deel 1,onafhankelijkheidsplein,true,high-precision
2452a671-cb25-5636-bb41-9f8ca545e7d8::e0026007-8547-ee51-d416-8d0ff731f6bd,2452a671-cb25-5636-bb41-9f8ca545e7d8,e0026007-8547-ee51-d416-8d0ff731f6bd,video,SR-NA_02_1086_001,Onbekend,personsRaw,person,person,Ruben Silvin,ruben silvin,Ruben Silvin,nas-persons-field,,1,Onafhankelijkheid 27 jaar-deel 1,Ruben Silvin,true,high-precision
2452a671-cb25-5636-bb41-9f8ca545e7d8::e0026007-8547-ee51-d416-8d0ff731f6bd,2452a671-cb25-5636-bb41-9f8ca545e7d8,e0026007-8547-ee51-d416-8d0ff731f6bd,video,SR-NA_02_1086_001,Onbekend,personsRaw,person,person,oud-politieagent tevens sportleraar Marinus Zalman,oud-politieagent tevens sportleraar marinus zalman,oud-politieagent tevens sportleraar Marinus Zalman,nas-persons-field,,1,Onafhankelijkheid 27 jaar-deel 1,oud-politieagent tevens sportleraar Marinus Zalman,true,high-precision
2452a671-cb25-5636-bb41-9f8ca545e7d8::e0026007-8547-ee51-d416-8d0ff731f6bd,2452a671-cb25-5636-bb41-9f8ca545e7d8,e0026007-8547-ee51-d416-8d0ff731f6bd,video,SR-NA_02_1086_001,Onbekend,personsRaw,person,person,politiecommandant John Telgt,politiecommandant john telgt,politiecommandant John Telgt,nas-persons-field,,1,Onafhankelijkheid 27 jaar-deel 1,politiecommandant John Telgt,true,high-precision
2452a671-cb25-5636-bb41-9f8ca545e7d8::e0026007-8547-ee51-d416-8d0ff731f6bd,2452a671-cb25-5636-bb41-9f8ca545e7d8,e0026007-8547-ee51-d416-8d0ff731f6bd,video,SR-NA_02_1086_001,Onbekend,personsRaw,person,person,omroeper Lloyd Groenewoud,omroeper lloyd groenewoud,omroeper Lloyd Groenewoud,nas-persons-field,,1,Onafhankelijkheid 27 jaar-deel 1,omroeper Lloyd Groenewoud,true,high-precision
2452a671-cb25-5636-bb41-9f8ca545e7d8::e0026007-8547-ee51-d416-8d0ff731f6bd,2452a671-cb25-5636-bb41-9f8ca545e7d8,e0026007-8547-ee51-d416-8d0ff731f6bd,video,SR-NA_02_1086_001,Onbekend,personsRaw,person,person,ABC-omroepster Merylin Poetsema,abc-omroepster merylin poetsema,ABC-omroepster Merylin Poetsema,nas-persons-field,,1,Onafhankelijkheid 27 jaar-deel 1,ABC-omroepster Merylin Poetsema,true,high-precision
2452a671-cb25-5636-bb41-9f8ca545e7d8::e0026007-8547-ee51-d416-8d0ff731f6bd,2452a671-cb25-5636-bb41-9f8ca545e7d8,e0026007-8547-ee51-d416-8d0ff731f6bd,video,SR-NA_02_1086_001,Onbekend,personsRaw,person,person,radiojournalist Rinaldo Tuur,radiojournalist rinaldo tuur,radiojournalist Rinaldo Tuur,nas-persons-field,,1,Onafhankelijkheid 27 jaar-deel 1,radiojournalist Rinaldo Tuur,true,high-precision
24e50cba-2bfb-1d50-7281-0e4cae1da965::8bd4c119-673c-c8d2-5317-5577ef1ecff0,24e50cba-2bfb-1d50-7281-0e4cae1da965,8bd4c119-673c-c8d2-5317-5577ef1ecff0,video,SR-NA_02_1085,Onbekend,personsRaw,person,person,Zanggroep Ama,zanggroep ama,Zanggroep Ama,nas-persons-field,,1,Dag van de zwarte beschaving,Zanggroep Ama,true,high-precision
24e50cba-2bfb-1d50-7281-0e4cae1da965::8bd4c119-673c-c8d2-5317-5577ef1ecff0,24e50cba-2bfb-1d50-7281-0e4cae1da965,8bd4c119-673c-c8d2-5317-5577ef1ecff0,video,SR-NA_02_1085,Onbekend,personsRaw,person,person,Siegfried Gilds,siegfried gilds,Siegfried Gilds,nas-persons-field,,1,Dag van de zwarte beschaving,Siegfried Gilds,true,high-precision
24e50cba-2bfb-1d50-7281-0e4cae1da965::8bd4c119-673c-c8d2-5317-5577ef1ecff0,24e50cba-2bfb-1d50-7281-0e4cae1da965,8bd4c119-673c-c8d2-5317-5577ef1ecff0,video,SR-NA_02_1085,Onbekend,personsRaw,person,person,Kodjo,kodjo,Kodjo,nas-persons-field,,1,Dag van de zwarte beschaving,Kodjo,true,high-precision
24e50cba-2bfb-1d50-7281-0e4cae1da965::8bd4c119-673c-c8d2-5317-5577ef1ecff0,24e50cba-2bfb-1d50-7281-0e4cae1da965,8bd4c119-673c-c8d2-5317-5577ef1ecff0,video,SR-NA_02_1085,Onbekend,personsRaw,person,person,Mentor en Present,mentor en present,Mentor en Present,nas-persons-field,,1,Dag van de zwarte beschaving,Mentor en Present,true,high-precision
24e50cba-2bfb-1d50-7281-0e4cae1da965::8bd4c119-673c-c8d2-5317-5577ef1ecff0,24e50cba-2bfb-1d50-7281-0e4cae1da965,8bd4c119-673c-c8d2-5317-5577ef1ecff0,video,SR-NA_02_1085,Onbekend,personsRaw,person,person,Selectaschool,selectaschool,Selectaschool,nas-persons-field,,1,Dag van de zwarte beschaving,Selectaschool,true,high-precision
25bdfb4a-ffdc-860b-8079-3197ea06bac5::38362a87-7cf3-6275-8367-de20c3178784,25bdfb4a-ffdc-860b-8079-3197ea06bac5,38362a87-7cf3-6275-8367-de20c3178784,image,SR-NA_01_0283_006_003,1980,title,place,street,Waterkant,waterkant,Waterkant,paramaribo-street-standardization,,1,Politiebureau Waterkant na de beschieting,Politiebureau Waterkant na de beschieting,true,high-precision
25f30b0e-bfb7-b887-bb6b-ffe367a062bd::1fb90e34-09fb-92ea-9e7e-2d90b64c314c,25f30b0e-bfb7-b887-bb6b-ffe367a062bd,1fb90e34-09fb-92ea-9e7e-2d90b64c314c,video,SR-NA_02_0856,2 mei 1988,description,place,street,Kerkplein,kerkplein,Kerkplein,paramaribo-street-standardization,,1,Hervormingskerk bestaat 320 jaar,De Hervormde kerk aan het Kerkplein bestaat op 2 mei 1988 precies 320 jaar,true,high-precision
260e291a-7bac-8254-5171-b4d14f23aa19::d5e7551a-219a-2776-4d7c-ce6ae13c701c,260e291a-7bac-8254-5171-b4d14f23aa19,d5e7551a-219a-2776-4d7c-ce6ae13c701c,video,SR-NA_02_0494,Onbekend,personsRaw,person,person,Henck Arron,henck arron,Henck Arron,nas-persons-field,,1,Kerkdienst EBGS voor vrede,Henck Arron,true,high-precision
260e291a-7bac-8254-5171-b4d14f23aa19::d5e7551a-219a-2776-4d7c-ce6ae13c701c,260e291a-7bac-8254-5171-b4d14f23aa19,d5e7551a-219a-2776-4d7c-ce6ae13c701c,video,SR-NA_02_0494,Onbekend,personsRaw,person,person,John Kent,john kent,John Kent,nas-persons-field,,1,Kerkdienst EBGS voor vrede,John Kent,true,high-precision
26527da0-58dd-a9fe-0483-9d7f65d8e8f2::1bec9cce-0e7c-cbb7-405f-81b67d46c208,26527da0-58dd-a9fe-0483-9d7f65d8e8f2,1bec9cce-0e7c-cbb7-405f-81b67d46c208,image,SR-NA_03_089_017,Mei-1975,description,place,river,Nickerie,nickerie,Nickerie,stm-gazetteer,stm-00261,1,"Suriname nieuwsbrief, 4 t/m 11 mei","ralco geeft vaartuig voor stuwmeer Belangrijke projecten in Nickerie (zeedijk, infrastructuur, irrigatie en hoofdlozingen)",true,high-precision
2678102a-7c22-462c-8485-12e3bd143fe1::8ae05f93-a08b-6543-aa9f-6f398ddffba0,2678102a-7c22-462c-8485-12e3bd143fe1,8ae05f93-a08b-6543-aa9f-6f398ddffba0,image,SR-NA_01_0137,April 1970,description,place,street,Waterkant,waterkant,Waterkant,paramaribo-street-standardization,,1,Opening centrale markt,Opening centrale markt aan de waterkant,true,high-precision
273f3c51-ebce-c646-edce-1a5e7f91f302::d27ddf87-240b-1ac5-3166-7c5de8c9c1d9,273f3c51-ebce-c646-edce-1a5e7f91f302,d27ddf87-240b-1ac5-3166-7c5de8c9c1d9,video,SR-NA_02_1013,2/11/2001,description,place,street,Wanicastraat,wanicastraat,Wanicastraat,paramaribo-street-standardization,,1,Opening educatief center en Arya Dewaker mandir,astgelegd is de opening van de bekende Arya Dewaker mandir (Wanicastraat) als multifunctioneel centrum. Dit als geschenk van de gemeente Arya Dewaker aan de gehele gemeenschap. Er werden toesp,true,high-precision
27f44cf9-2ddf-165c-14f3-847c05148f06::06c5f2dc-eb05-611f-e6a1-73542d8e9fa3,27f44cf9-2ddf-165c-14f3-847c05148f06,06c5f2dc-eb05-611f-e6a1-73542d8e9fa3,video,SR-NA_02_1083_001,Onbekend,personsRaw,person,person,eerbied,eerbied,eerbied,nas-persons-field,,1,Wereldrelegiedag 2002-deel 1,eerbied,true,high-precision
27f44cf9-2ddf-165c-14f3-847c05148f06::06c5f2dc-eb05-611f-e6a1-73542d8e9fa3,27f44cf9-2ddf-165c-14f3-847c05148f06,06c5f2dc-eb05-611f-e6a1-73542d8e9fa3,video,SR-NA_02_1083_001,Onbekend,personsRaw,person,person,Kries Ramkhelawan,kries ramkhelawan,Kries Ramkhelawan,nas-persons-field,,1,Wereldrelegiedag 2002-deel 1,Kries Ramkhelawan,true,high-precision
28fe62c0-09ed-3c35-9653-61ef42bd24d8::edc98f4f-cbc8-f177-0eb7-47b823160c08,28fe62c0-09ed-3c35-9653-61ef42bd24d8,edc98f4f-cbc8-f177-0eb7-47b823160c08,video,SR-NA_02_1339,Onbekend,personsRaw,person,person,Chan Santhoki,chan santhoki,Chan Santhoki,nas-persons-field,,1,Chan Santhoki over rassenhaat en kinderachtig gedrag politici,Chan Santhoki,true,high-precision
2a1f3475-34b8-4e2b-fc44-7593d5566e2f::9b626fa5-b65f-aee9-66e4-c9d51f7f6d34,2a1f3475-34b8-4e2b-fc44-7593d5566e2f,9b626fa5-b65f-aee9-66e4-c9d51f7f6d34,video,SR-NA_02_0150,,description,place,plantation,Industrie,industrie,Industrie,stm-gazetteer,stm-00858,1,Interview met Glenn Gersie over Valutaveiling,dat er overleg plaatsvindt met het ministerie van Handel en Industrie en de banken.,true,high-precision
2a1f3475-34b8-4e2b-fc44-7593d5566e2f::9b626fa5-b65f-aee9-66e4-c9d51f7f6d34,2a1f3475-34b8-4e2b-fc44-7593d5566e2f,9b626fa5-b65f-aee9-66e4-c9d51f7f6d34,video,SR-NA_02_0150,,keywords,place,plantation,Industrie,industrie,Industrie,stm-gazetteer,stm-00858,1,Interview met Glenn Gersie over Valutaveiling,Gersie | Commissie Valutaveiling | ministerie van Handel en Industrie,true,high-precision
2bc1e5fc-c86a-a023-47d4-41ea810871dc::1fb2cc48-5641-5c4a-6a43-a08387ee1bd1,2bc1e5fc-c86a-a023-47d4-41ea810871dc,1fb2cc48-5641-5c4a-6a43-a08387ee1bd1,image,SR-NA_01_0405,1987,title,place,plantation,Industrie,industrie,Industrie,stm-gazetteer,stm-00858,1,Seminar Toerisme Handel Industrie,Seminar Toerisme Handel Industrie,true,high-precision
2bc1e5fc-c86a-a023-47d4-41ea810871dc::1fb2cc48-5641-5c4a-6a43-a08387ee1bd1,2bc1e5fc-c86a-a023-47d4-41ea810871dc,1fb2cc48-5641-5c4a-6a43-a08387ee1bd1,image,SR-NA_01_0405,1987,description,place,plantation,Industrie,industrie,Industrie,stm-gazetteer,stm-00858,1,Seminar Toerisme Handel Industrie,"Seminar op het ministerie van Toerisme, Handel en Industrie onder gebracht in het toenmalige Onafhankelijkheidshotel",true,high-precision
2bc1e5fc-c86a-a023-47d4-41ea810871dc::1fb2cc48-5641-5c4a-6a43-a08387ee1bd1,2bc1e5fc-c86a-a023-47d4-41ea810871dc,1fb2cc48-5641-5c4a-6a43-a08387ee1bd1,image,SR-NA_01_0405,1987,personsRaw,person,person,Andre Loor,andre loor,Andre Loor,nas-persons-field,,1,Seminar Toerisme Handel Industrie,Andre Loor,true,high-precision
2c1812f7-3d49-0d69-766d-d4ffe42b6ca0::602052a0-3ddf-c551-5222-150a53148b36,2c1812f7-3d49-0d69-766d-d4ffe42b6ca0,602052a0-3ddf-c551-5222-150a53148b36,video,SR-NA_02_0077,1990,description,place,street,Gemenelandsweg,gemenelandsweg,Gemenelandsweg,paramaribo-street-standardization,,1,Bushuis ingebruikname Weekjournaal,Overdracht bushuis Gemenelandsweg door Cor Pigot.,true,high-precision
2c186d38-fd03-c1c2-986c-35f9e340489b::7247fca3-856f-36c5-d8ce-2f07c60dee68,2c186d38-fd03-c1c2-986c-35f9e340489b,7247fca3-856f-36c5-d8ce-2f07c60dee68,image,SR-NA_01_0371,1987,title,place,plantation,Columbia,columbia,Columbia,stm-gazetteer,stm-01958,1,Receptie vertegenwoordiging van Columbia,Receptie vertegenwoordiging van Columbia,true,high-precision
2c186d38-fd03-c1c2-986c-35f9e340489b::7247fca3-856f-36c5-d8ce-2f07c60dee68,2c186d38-fd03-c1c2-986c-35f9e340489b,7247fca3-856f-36c5-d8ce-2f07c60dee68,image,SR-NA_01_0371,1987,description,place,plantation,Columbia,columbia,Columbia,stm-gazetteer,stm-01958,1,Receptie vertegenwoordiging van Columbia,Receptie van diplomatieke vertegenwoordiging van Columbia in het Presidentieel Paleis,true,high-precision
2f316eb3-ff9d-9ed8-a174-f343e476704a::eb92dce9-6bad-a4d8-bfd2-5f6889c1a079,2f316eb3-ff9d-9ed8-a174-f343e476704a,eb92dce9-6bad-a4d8-bfd2-5f6889c1a079,video,SR-NA_02_0330,Februari 1988,personsRaw,person,person,Desi Bouterse,desi bouterse,Desi Bouterse,nas-persons-field,,1,Viering 25 februari 1988,Desi Bouterse,true,high-precision
2f316eb3-ff9d-9ed8-a174-f343e476704a::eb92dce9-6bad-a4d8-bfd2-5f6889c1a079,2f316eb3-ff9d-9ed8-a174-f343e476704a,eb92dce9-6bad-a4d8-bfd2-5f6889c1a079,video,SR-NA_02_0330,Februari 1988,personsRaw,person,person,Ivan Graanoogst,ivan graanoogst,Ivan Graanoogst,nas-persons-field,,1,Viering 25 februari 1988,Ivan Graanoogst,true,high-precision
2f316eb3-ff9d-9ed8-a174-f343e476704a::eb92dce9-6bad-a4d8-bfd2-5f6889c1a079,2f316eb3-ff9d-9ed8-a174-f343e476704a,eb92dce9-6bad-a4d8-bfd2-5f6889c1a079,video,SR-NA_02_0330,Februari 1988,personsRaw,person,person,Badrissein Sital,badrissein sital,Badrissein Sital,nas-persons-field,,1,Viering 25 februari 1988,Badrissein Sital,true,high-precision
2f316eb3-ff9d-9ed8-a174-f343e476704a::eb92dce9-6bad-a4d8-bfd2-5f6889c1a079,2f316eb3-ff9d-9ed8-a174-f343e476704a,eb92dce9-6bad-a4d8-bfd2-5f6889c1a079,video,SR-NA_02_0330,Februari 1988,personsRaw,person,person,Jagernath Lachmon,jagernath lachmon,Jagernath Lachmon,nas-persons-field,,1,Viering 25 februari 1988,Jagernath Lachmon,true,high-precision
30a90860-4403-f0e9-0bac-3f5a80f3e3ea::af73395e-db6c-131c-04cd-f48bb6496ce7,30a90860-4403-f0e9-0bac-3f5a80f3e3ea,af73395e-db6c-131c-04cd-f48bb6496ce7,video,SR-NA_02_0938_001,Onbekend,title,place,river,Nickerie,nickerie,Nickerie,stm-gazetteer,stm-00261,1,Jules Adjodhia vergadert met land en padieboeren te Nickerie,Jules Adjodhia vergadert met land en padieboeren te Nickerie,true,high-precision
30a90860-4403-f0e9-0bac-3f5a80f3e3ea::af73395e-db6c-131c-04cd-f48bb6496ce7,30a90860-4403-f0e9-0bac-3f5a80f3e3ea,af73395e-db6c-131c-04cd-f48bb6496ce7,video,SR-NA_02_0938_001,Onbekend,description,place,river,Nickerie,nickerie,Nickerie,stm-gazetteer,stm-00261,1,Jules Adjodhia vergadert met land en padieboeren te Nickerie,"n Russel van RO, Geetapersad Gangaram Panday van LVV), naar Nickerie voor besprekingen over de bacoven sector. Delegatie houdt meeting met land- en padieboeren van Nickerie; de boeren en b",true,high-precision
3169c3a9-4be7-4b2e-919a-d99f1142d135::18f10ee1-0c44-8609-5d01-b7c408c1d9c0,3169c3a9-4be7-4b2e-919a-d99f1142d135,18f10ee1-0c44-8609-5d01-b7c408c1d9c0,image,SR-NA_01_0310,Onbekend,description,place,street,Gravenstraat,gravenstraat,Gravenstraat,paramaribo-street-standardization,,1,De Surinaamse Bank N.V,"imon Abendanon. Het Surinaamse kantoor werd gevestigd in de Gravenstraat in Paramaribo. In de periode van 1865 tot 1957 was de DSB de circulatiebank in Suriname, de uitgever van papiergeld. D",true,high-precision
319410bf-a609-9584-4145-6dac248d7a60::86ee8080-ac3d-04c0-2022-ec5506a98226,319410bf-a609-9584-4145-6dac248d7a60,86ee8080-ac3d-04c0-2022-ec5506a98226,image,SR-NA_03_0007_058,1998,description,place,river,Nickerie,nickerie,Nickerie,stm-gazetteer,stm-00261,1,"Suralco Magazine, 1998 vol. 22 nr. 1","Het disttrict Nickerie. Inhoud: Inleiding, Het distrikt Nickerie, Nickerie en het water, Bacoven, Wageningen.",true,high-precision
31cdb327-8f63-c119-d768-bd76db8c6851::0c179cff-1421-180e-5907-e085f1bff2d0,31cdb327-8f63-c119-d768-bd76db8c6851,0c179cff-1421-180e-5907-e085f1bff2d0,image,SR-NA_01_0729,1988,title,place,street,Wanica,wanica,Wanica,paramaribo-street-standardization,,1,President Ramsewak Shankar bezoekt Wanica,President Ramsewak Shankar bezoekt Wanica,true,high-precision
31cdb327-8f63-c119-d768-bd76db8c6851::0c179cff-1421-180e-5907-e085f1bff2d0,31cdb327-8f63-c119-d768-bd76db8c6851,0c179cff-1421-180e-5907-e085f1bff2d0,image,SR-NA_01_0729,1988,description,place,street,Wanica,wanica,Wanica,paramaribo-street-standardization,,1,President Ramsewak Shankar bezoekt Wanica,President Ramsewak Shankar bezoekt Wanica,true,high-precision
31fa6bcb-7942-0978-6ede-0012a7a73170::6c41fe4f-adf3-d50f-f672-a64c12c6b791,31fa6bcb-7942-0978-6ede-0012a7a73170,6c41fe4f-adf3-d50f-f672-a64c12c6b791,image,SR-NA_01_0394,1987,keywords,place,plantation,Industrie,industrie,Industrie,stm-gazetteer,stm-00858,1,ASFA-persconferentie,ASFA | Handel en Industrie | Fabrieken,true,high-precision
3318874b-818c-cf5b-efcc-3750898c4bae::c546940b-8c77-9cbf-b08b-f6cbde3c241c,3318874b-818c-cf5b-efcc-3750898c4bae,c546940b-8c77-9cbf-b08b-f6cbde3c241c,video,SR-NA_02_0617,24 maart 1988,description,place,river,Coppename,coppename,Coppename,stm-gazetteer,stm-00216,1,Veerboot Paramaribo-Meerzorg kapot,ezonken oorlogsschip 'Goslar'. De defecte boot werd met de 'Coppename' geduwd naar de steiger in Paramaribo,true,high-precision
34d7e28b-605d-f1ae-2def-a1e5eea67a88::e6957c8d-f378-fa05-b9a0-0d5d2de6f7a5,34d7e28b-605d-f1ae-2def-a1e5eea67a88,e6957c8d-f378-fa05-b9a0-0d5d2de6f7a5,image,SR-NA_03_0007_026,sept. 1976,description,place,plantation,Nieuw Rotterdam,nieuw rotterdam,Nieuw Rotterdam,stm-gazetteer,stm-02304,1,"Suralco Magazine, september 1976","van de Surinaamse kust anno 1845 door J. Vos. -De Punt van Nieuw Rotterdam, ' Is een bijdrage van de redaktie. Illustraties: Surinaams Museum. -Beschermd dierenleven langs de kust, geschreven do",true,high-precision
34d7e28b-605d-f1ae-2def-a1e5eea67a88::e6957c8d-f378-fa05-b9a0-0d5d2de6f7a5,34d7e28b-605d-f1ae-2def-a1e5eea67a88,e6957c8d-f378-fa05-b9a0-0d5d2de6f7a5,image,SR-NA_03_0007_026,sept. 1976,description,place,plantation,Rotterdam,rotterdam,Rotterdam,stm-gazetteer,stm-00824,1,"Suralco Magazine, september 1976","Surinaamse kust anno 1845 door J. Vos. -De Punt van Nieuw Rotterdam, ' Is een bijdrage van de redaktie. Illustraties: Surinaams Museum. -Beschermd dierenleven langs de kust, geschreven do",true,high-precision
34fb1cb2-d4be-49f1-d5b7-950cc42bd05c::366d1562-e23f-8999-7b6b-cd639b2ba63a,34fb1cb2-d4be-49f1-d5b7-950cc42bd05c,366d1562-e23f-8999-7b6b-cd639b2ba63a,video,SR-NA_02_1354,Onbekend,title,place,river,Marowijne,marowijne,Marowijne,stm-gazetteer,stm-00363,1,NDP registreert zich in Marowijne,NDP registreert zich in Marowijne,true,high-precision
34fb1cb2-d4be-49f1-d5b7-950cc42bd05c::366d1562-e23f-8999-7b6b-cd639b2ba63a,34fb1cb2-d4be-49f1-d5b7-950cc42bd05c,366d1562-e23f-8999-7b6b-cd639b2ba63a,video,SR-NA_02_1354,Onbekend,description,place,river,Marowijne,marowijne,Marowijne,stm-gazetteer,stm-00363,1,NDP registreert zich in Marowijne,NDP registreert zich in Marowijne,true,high-precision
34fe9b17-bd73-4edb-bb1a-d69baf42df5b::6e12381f-5a31-dcad-7026-b98034382f97,34fe9b17-bd73-4edb-bb1a-d69baf42df5b,6e12381f-5a31-dcad-7026-b98034382f97,image,SR-NA_01_0209,Onbekend,description,place,river,Nickerie,nickerie,Nickerie,stm-gazetteer,stm-00261,1,Henarbrug,Henarbrug te Nickerie. De kleurenfoto's zijn van recentere datum.,true,high-precision
353bfdae-7175-fafa-3b69-bd95cf5be728::77a736cd-2876-a099-aa28-fcdc7ffc7c30,353bfdae-7175-fafa-3b69-bd95cf5be728,77a736cd-2876-a099-aa28-fcdc7ffc7c30,image,SR-NA_01_ 0509,1 mei 1987,personsRaw,person,person,Ramon Cruden,ramon cruden,Ramon Cruden,nas-persons-field,,1,Arbeidersdag PWO en RAVAKSUR,Ramon Cruden,true,high-precision
353bfdae-7175-fafa-3b69-bd95cf5be728::77a736cd-2876-a099-aa28-fcdc7ffc7c30,353bfdae-7175-fafa-3b69-bd95cf5be728,77a736cd-2876-a099-aa28-fcdc7ffc7c30,image,SR-NA_01_ 0509,1 mei 1987,personsRaw,person,person,Fred Derby,fred derby,Fred Derby,nas-persons-field,,1,Arbeidersdag PWO en RAVAKSUR,Fred Derby,true,high-precision
353bfdae-7175-fafa-3b69-bd95cf5be728::77a736cd-2876-a099-aa28-fcdc7ffc7c30,353bfdae-7175-fafa-3b69-bd95cf5be728,77a736cd-2876-a099-aa28-fcdc7ffc7c30,image,SR-NA_01_ 0509,1 mei 1987,personsRaw,person,person,Fred van Russel,fred van russel,Fred van Russel,nas-persons-field,,1,Arbeidersdag PWO en RAVAKSUR,Fred van Russel,true,high-precision
353bfdae-7175-fafa-3b69-bd95cf5be728::77a736cd-2876-a099-aa28-fcdc7ffc7c30,353bfdae-7175-fafa-3b69-bd95cf5be728,77a736cd-2876-a099-aa28-fcdc7ffc7c30,image,SR-NA_01_ 0509,1 mei 1987,personsRaw,person,person,Hendrik Sylvester,hendrik sylvester,Hendrik Sylvester,nas-persons-field,,1,Arbeidersdag PWO en RAVAKSUR,Hendrik Sylvester,true,high-precision
3604d552-a2b3-46ba-b19e-d83f986abc4d::a6c1608d-d486-3f24-d836-fa86d4b6c026,3604d552-a2b3-46ba-b19e-d83f986abc4d,a6c1608d-d486-3f24-d836-fa86d4b6c026,image,SR-NA_01_0311,Onbekend,title,place,street,Kerkplein,kerkplein,Kerkplein,paramaribo-street-standardization,,1,"Kerkplein, Glans, Postkantoor","Kerkplein, Glans, Postkantoor",true,high-precision
3604d552-a2b3-46ba-b19e-d83f986abc4d::a6c1608d-d486-3f24-d836-fa86d4b6c026,3604d552-a2b3-46ba-b19e-d83f986abc4d,a6c1608d-d486-3f24-d836-fa86d4b6c026,image,SR-NA_01_0311,Onbekend,description,place,street,Kerkplein,kerkplein,Kerkplein,paramaribo-street-standardization,,1,"Kerkplein, Glans, Postkantoor","Kerkplein, Glans, Postkantoor",true,high-precision
36675612-bd8f-102c-830f-7f9195a61b84::2982019a-a267-73bc-19aa-6a51667bf68d,36675612-bd8f-102c-830f-7f9195a61b84,2982019a-a267-73bc-19aa-6a51667bf68d,image,SR-NA_03_0007_018,juni 1973 (2),description,place,street,Waterkant,waterkant,Waterkant,paramaribo-street-standardization,,1,"Suralco Magazine, juni 1973","esteld door de redaktie. OMSLAG: Het fraaie Hoekhuis aan de Waterkant, woning van Suralco's Direkteur Beheer-der & Vice President, over welk huis U in dit nummer kunt lezen.",true,high-precision
36675612-bd8f-102c-830f-7f9195a61b84::2982019a-a267-73bc-19aa-6a51667bf68d,36675612-bd8f-102c-830f-7f9195a61b84,2982019a-a267-73bc-19aa-6a51667bf68d,image,SR-NA_03_0007_018,juni 1973 (2),description,place,plantation,Utrecht,utrecht,Utrecht,stm-gazetteer,stm-01164,1,"Suralco Magazine, juni 1973","nck Groll, Hoogleraar Stedebouwkunde aan de Universiteit te Utrecht. Eet meer vis; De problematiek rond de Surinaamse Visserij, werd geschreven door Ir. H. E. Lionarons, hoofd van de afde",true,high-precision
37a4d2be-4a43-7085-4f7a-937b7756d130::725921fe-7135-f7fe-ad80-f49873f0d098,37a4d2be-4a43-7085-4f7a-937b7756d130,725921fe-7135-f7fe-ad80-f49873f0d098,video,SR-NA_02_1083_002,Onbekend,personsRaw,person,person,Jeannette Vyent,jeannette vyent,Jeannette Vyent,nas-persons-field,,1,Wereldrelegiedag 2002-deel 2,Jeannette Vyent,true,high-precision
37a4d2be-4a43-7085-4f7a-937b7756d130::725921fe-7135-f7fe-ad80-f49873f0d098,37a4d2be-4a43-7085-4f7a-937b7756d130,725921fe-7135-f7fe-ad80-f49873f0d098,video,SR-NA_02_1083_002,Onbekend,personsRaw,person,person,muziekpedagoge Mavis Noordwijk,muziekpedagoge mavis noordwijk,muziekpedagoge Mavis Noordwijk,nas-persons-field,,1,Wereldrelegiedag 2002-deel 2,muziekpedagoge Mavis Noordwijk,true,high-precision
37a4d2be-4a43-7085-4f7a-937b7756d130::725921fe-7135-f7fe-ad80-f49873f0d098,37a4d2be-4a43-7085-4f7a-937b7756d130,725921fe-7135-f7fe-ad80-f49873f0d098,video,SR-NA_02_1083_002,Onbekend,personsRaw,person,person,gospelzanger Theo Clarke,gospelzanger theo clarke,gospelzanger Theo Clarke,nas-persons-field,,1,Wereldrelegiedag 2002-deel 2,gospelzanger Theo Clarke,true,high-precision
37a4d2be-4a43-7085-4f7a-937b7756d130::725921fe-7135-f7fe-ad80-f49873f0d098,37a4d2be-4a43-7085-4f7a-937b7756d130,725921fe-7135-f7fe-ad80-f49873f0d098,video,SR-NA_02_1083_002,Onbekend,personsRaw,person,person,reincarnatie,reincarnatie,reincarnatie,nas-persons-field,,1,Wereldrelegiedag 2002-deel 2,reincarnatie,true,high-precision
37b683c1-041e-106e-7203-4d0fcc60132b::ec4a4f5b-2b97-6adc-5a0f-1db3d007ff6a,37b683c1-041e-106e-7203-4d0fcc60132b,ec4a4f5b-2b97-6adc-5a0f-1db3d007ff6a,video,SR-NA_02_1027,20 januari 2001,personsRaw,person,person,first lady Liesbeth Venetiaan-Vanenburg,first lady liesbeth venetiaan-vanenburg,first lady Liesbeth Venetiaan-Vanenburg,nas-persons-field,,1,Kranslegging standbeeld Pengel olv Ronald Venetiaan,first lady Liesbeth Venetiaan-Vanenburg,true,high-precision
37b683c1-041e-106e-7203-4d0fcc60132b::ec4a4f5b-2b97-6adc-5a0f-1db3d007ff6a,37b683c1-041e-106e-7203-4d0fcc60132b,ec4a4f5b-2b97-6adc-5a0f-1db3d007ff6a,video,SR-NA_02_1027,20 januari 2001,personsRaw,person,person,advocaat Alwin Baarh,advocaat alwin baarh,advocaat Alwin Baarh,nas-persons-field,,1,Kranslegging standbeeld Pengel olv Ronald Venetiaan,advocaat Alwin Baarh,true,high-precision
37b683c1-041e-106e-7203-4d0fcc60132b::ec4a4f5b-2b97-6adc-5a0f-1db3d007ff6a,37b683c1-041e-106e-7203-4d0fcc60132b,ec4a4f5b-2b97-6adc-5a0f-1db3d007ff6a,video,SR-NA_02_1027,20 januari 2001,personsRaw,person,person,Otmar Rogers,otmar rogers,Otmar Rogers,nas-persons-field,,1,Kranslegging standbeeld Pengel olv Ronald Venetiaan,Otmar Rogers,true,high-precision
3a27ec0a-3834-f2f4-f2d5-f3d5f97eff09::0f41c972-f50f-d953-d074-3f83a2649244,3a27ec0a-3834-f2f4-f2d5-f3d5f97eff09,0f41c972-f50f-d953-d074-3f83a2649244,image,SR-NA_03_0221,augustus 1992,description,place,plantation,Lelydorp,lelydorp,Lelydorp,stm-gazetteer,stm-01282,1,Akkoord voor nationale verzoening en ontwikkeling-Vredesakkoord,"twee belangrijkste illegale groeperingen hebben daartoe in Lelydorp een concept-vredesakkoord geparafeerd. DE REGERING VAN DE REPUBLIEK SURINAME, HET JUNGLE COMMANDO EN DE TUCAJANA AMAZON",true,high-precision
3a27ec0a-3834-f2f4-f2d5-f3d5f97eff09::0f41c972-f50f-d953-d074-3f83a2649244,3a27ec0a-3834-f2f4-f2d5-f3d5f97eff09,0f41c972-f50f-d953-d074-3f83a2649244,image,SR-NA_03_0221,augustus 1992,keywords,place,plantation,Lelydorp,lelydorp,Lelydorp,stm-gazetteer,stm-01282,1,Akkoord voor nationale verzoening en ontwikkeling-Vredesakkoord,raagzaamheid | Portal-eiland | Kourou | Moengo | Alliance | Lelydorp | medische zorg | onderwijsvoorzieningen | rehabilitatie | overheidsdiensten | repatriëring | ontheemden | vluchtelinge,true,high-precision
3b9026db-6a67-5961-2396-5315d9350a9d::80bf1993-0268-0c02-3a78-ee3d6c37782b,3b9026db-6a67-5961-2396-5315d9350a9d,80bf1993-0268-0c02-3a78-ee3d6c37782b,video,SR-NA_02_0220,19 november 1991,title,place,street,Gravenstraat,gravenstraat,Gravenstraat,paramaribo-street-standardization,,1,Brand Gravenstraat Sullies Sales en omliggende panden,Brand Gravenstraat Sullies Sales en omliggende panden,true,high-precision
3b9026db-6a67-5961-2396-5315d9350a9d::80bf1993-0268-0c02-3a78-ee3d6c37782b,3b9026db-6a67-5961-2396-5315d9350a9d,80bf1993-0268-0c02-3a78-ee3d6c37782b,video,SR-NA_02_0220,19 november 1991,description,place,street,Gravenstraat,gravenstraat,Gravenstraat,paramaribo-street-standardization,,1,Brand Gravenstraat Sullies Sales en omliggende panden,"Beelden van een grote brand aan de Gravenstraat, die drie panden -Gravenstraat 65, 67 en 69- op (19 november 1991) volledig in de as legde.",true,high-precision
3bd6cc23-9c2b-7b77-9d1f-fbbc9e679520::71e3843f-8bf8-6c40-6afa-2ff1a845ec0e,3bd6cc23-9c2b-7b77-9d1f-fbbc9e679520,71e3843f-8bf8-6c40-6afa-2ff1a845ec0e,video,SR-NA_02_0876,08 mei 1988,title,place,street,Waterkant,waterkant,Waterkant,paramaribo-street-standardization,,1,Politie verwijdert verkoopkraampjes Waterkant,Politie verwijdert verkoopkraampjes Waterkant,true,high-precision
3bd6cc23-9c2b-7b77-9d1f-fbbc9e679520::71e3843f-8bf8-6c40-6afa-2ff1a845ec0e,3bd6cc23-9c2b-7b77-9d1f-fbbc9e679520,71e3843f-8bf8-6c40-6afa-2ff1a845ec0e,video,SR-NA_02_0876,08 mei 1988,description,place,street,Waterkant,waterkant,Waterkant,paramaribo-street-standardization,,1,Politie verwijdert verkoopkraampjes Waterkant,t marktventers in de omgeving van de Volkscredietbank en de Waterkant verwijderd. Die actie werd ingezet vanwege de schoonmaak in de binnenstad,true,high-precision
3cdb5081-1029-951d-7d74-36b544e17b7a::4986157a-8ff3-f458-31f8-f16598b8822e,3cdb5081-1029-951d-7d74-36b544e17b7a,4986157a-8ff3-f458-31f8-f16598b8822e,image,SR-NA_03_0007_050,1984,description,place,plantation,Post Gelderland,post gelderland,Post Gelderland,stm-gazetteer,stm-02511,1,"Suralco magazine, 1984 vol. 16 nr. 1","Inhoud: Post Gelderland, werd geschreven door Ir. F. C. Bubberman. -Het verhaal van de Araguaya-kreek/ The story of the Araguaya Creek pagina/p",true,high-precision
3dbee85b-6f42-bbb4-97b5-2e34e4e302e3::7e84dadf-f9b3-741a-2e8a-af50217a5f33,3dbee85b-6f42-bbb4-97b5-2e34e4e302e3,7e84dadf-f9b3-741a-2e8a-af50217a5f33,image,SR-NA_01_0257,1990,title,place,street,Steenbakkerijstraat,steenbakkerijstraat,Steenbakkerijstraat,paramaribo-street-standardization,,1,CHM aan de Steenbakkerijstraat,CHM aan de Steenbakkerijstraat,true,high-precision
3dbee85b-6f42-bbb4-97b5-2e34e4e302e3::7e84dadf-f9b3-741a-2e8a-af50217a5f33,3dbee85b-6f42-bbb4-97b5-2e34e4e302e3,7e84dadf-f9b3-741a-2e8a-af50217a5f33,image,SR-NA_01_0257,1990,description,place,street,Steenbakkerijstraat,steenbakkerijstraat,Steenbakkerijstraat,paramaribo-street-standardization,,1,CHM aan de Steenbakkerijstraat,Burgers aan de Steenbakkerijstraat omgeving CHM,true,high-precision
3e5f5f27-d6f4-dcfa-68e7-41dadf526265::a208fec6-479b-31e0-d194-5f801355bd36,3e5f5f27-d6f4-dcfa-68e7-41dadf526265,a208fec6-479b-31e0-d194-5f801355bd36,video,SR-NA_02_0803,1993,title,place,street,Waterkant,waterkant,Waterkant,paramaribo-street-standardization,,1,Beelden Waterkant Veerplein,Beelden Waterkant Veerplein,true,high-precision
3e5f5f27-d6f4-dcfa-68e7-41dadf526265::a208fec6-479b-31e0-d194-5f801355bd36,3e5f5f27-d6f4-dcfa-68e7-41dadf526265,a208fec6-479b-31e0-d194-5f801355bd36,video,SR-NA_02_0803,1993,description,place,street,Waterkant,waterkant,Waterkant,paramaribo-street-standardization,,1,Beelden Waterkant Veerplein,Een beeld van de waterkant nabij het veerplein.,true,high-precision
3ef83e98-db1a-9769-a4a5-6d79b6f0bd55::adc4d2b4-f931-b394-81d5-3b5d77c00c29,3ef83e98-db1a-9769-a4a5-6d79b6f0bd55,adc4d2b4-f931-b394-81d5-3b5d77c00c29,video,SR-NA_02_0919,19 maart,description,place,plantation,Industrie,industrie,Industrie,stm-gazetteer,stm-00858,1,Bezoek President Venetiaan aan Indonesia en China,"etiaan, Fred Derby, Henk Arron en de minister van handel en Industrie voor het tekenen van een MoU voor verbetering van de handel tussen Suriname en Indonesia en Suriname en China. In China",true,high-precision
3fda452f-90d3-4fbe-a339-ed130abb8388::c44d5d3e-6759-3dfe-888d-3da056e6fca8,3fda452f-90d3-4fbe-a339-ed130abb8388,c44d5d3e-6759-3dfe-888d-3da056e6fca8,image,SR-NA_01_0164,December 1970,description,place,street,Pad van Wanica,pad van wanica,Pad van Wanica,paramaribo-street-standardization,,1,Confectie ARROW,Bedrijfsfoto's confectie ARROW aan het Pad van Wanica,true,high-precision
3fda452f-90d3-4fbe-a339-ed130abb8388::c44d5d3e-6759-3dfe-888d-3da056e6fca8,3fda452f-90d3-4fbe-a339-ed130abb8388,c44d5d3e-6759-3dfe-888d-3da056e6fca8,image,SR-NA_01_0164,December 1970,description,place,street,Wanica,wanica,Wanica,paramaribo-street-standardization,,1,Confectie ARROW,Bedrijfsfoto's confectie ARROW aan het Pad van Wanica,true,high-precision
3fda452f-90d3-4fbe-a339-ed130abb8388::c44d5d3e-6759-3dfe-888d-3da056e6fca8,3fda452f-90d3-4fbe-a339-ed130abb8388,c44d5d3e-6759-3dfe-888d-3da056e6fca8,image,SR-NA_01_0164,December 1970,description,place,river,Pad van Wanica,pad van wanica,Pad van Wanica,stm-gazetteer,stm-00037,1,Confectie ARROW,Bedrijfsfoto's confectie ARROW aan het Pad van Wanica,true,high-precision
41743523-185a-94bf-540a-5d4ce0168977::1de6b7a5-25e8-79f0-46ed-8bf323506f30,41743523-185a-94bf-540a-5d4ce0168977,1de6b7a5-25e8-79f0-46ed-8bf323506f30,image,SR-NA_01_0407,1987,personsRaw,person,person,Ivan Graanoogst,ivan graanoogst,Ivan Graanoogst,nas-persons-field,,1,Delegatie begrafenis Burnham Guyana,Ivan Graanoogst,true,high-precision
41743523-185a-94bf-540a-5d4ce0168977::1de6b7a5-25e8-79f0-46ed-8bf323506f30,41743523-185a-94bf-540a-5d4ce0168977,1de6b7a5-25e8-79f0-46ed-8bf323506f30,image,SR-NA_01_0407,1987,personsRaw,person,person,Eric Tjon Kie Sim,eric tjon kie sim,Eric Tjon Kie Sim,nas-persons-field,,1,Delegatie begrafenis Burnham Guyana,Eric Tjon Kie Sim,true,high-precision
4195fce8-9e01-4e9f-6473-e267d3a0d723::c55340b7-1d31-95c9-7c0e-724723b33d72,4195fce8-9e01-4e9f-6473-e267d3a0d723,c55340b7-1d31-95c9-7c0e-724723b33d72,video,SR-NA_02_0989,Onbekend,personsRaw,person,person,Otmar Rodgers,otmar rodgers,Otmar Rodgers,nas-persons-field,,1,Interview met LVV-minister Geeta Gangaram Panday over bacovensector,Otmar Rodgers,true,high-precision
4195fce8-9e01-4e9f-6473-e267d3a0d723::c55340b7-1d31-95c9-7c0e-724723b33d72,4195fce8-9e01-4e9f-6473-e267d3a0d723,c55340b7-1d31-95c9-7c0e-724723b33d72,video,SR-NA_02_0989,Onbekend,personsRaw,person,person,Jenniffer Geerlings-Simons,jenniffer geerlings-simons,Jenniffer Geerlings-Simons,nas-persons-field,,1,Interview met LVV-minister Geeta Gangaram Panday over bacovensector,Jenniffer Geerlings-Simons,true,high-precision
426e9089-e385-4e3b-1e06-2ee91575d9ed::4fd223a6-55c8-cb73-7ea0-06916465ef2b,426e9089-e385-4e3b-1e06-2ee91575d9ed,4fd223a6-55c8-cb73-7ea0-06916465ef2b,image,SR-NA_03_0007_023,dec-75,description,place,street,Waterkant,waterkant,Waterkant,paramaribo-street-standardization,,1,"Suralco magazine, december 1975","e. OMSLAG Foto: ""Studio '67"" Een schaafijs-verkoper aan de Waterkant. Geen feest In Suriname zonder dit vertrouwde beeld.",true,high-precision
429a8c02-f5ac-7c9c-f64d-44f730385745::2df2456d-75b8-90e3-bd19-9bb67228582a,429a8c02-f5ac-7c9c-f64d-44f730385745,2df2456d-75b8-90e3-bd19-9bb67228582a,video,SR-NA_02_0615,23-maart-1988,keywords,place,street,Kerkplein,kerkplein,Kerkplein,paramaribo-street-standardization,,1,Uitgifte postzegels Paasweldadigheidsstichting,Filatelie | Potkantoor | Surpost | Kerkplein | Ramsewak Shankar | Lesley Power | Stichting Paasweldadigheidszegels,true,high-precision
431f9a3e-7c69-06dd-c92b-ed40e552bc55::d9f2dac6-4021-3cc8-bd76-fa6c83a0f797,431f9a3e-7c69-06dd-c92b-ed40e552bc55,d9f2dac6-4021-3cc8-bd76-fa6c83a0f797,video,SR-NA_02_1300-STV0000002DVM,26-27 april 2010,personsRaw,person,person,Ram Sardjoe,ram sardjoe,Ram Sardjoe,nas-persons-field,,1,NPS-Nieuw Front-Saramacca-Brokopondo,Ram Sardjoe,true,high-precision
431f9a3e-7c69-06dd-c92b-ed40e552bc55::d9f2dac6-4021-3cc8-bd76-fa6c83a0f797,431f9a3e-7c69-06dd-c92b-ed40e552bc55,d9f2dac6-4021-3cc8-bd76-fa6c83a0f797,video,SR-NA_02_1300-STV0000002DVM,26-27 april 2010,personsRaw,person,person,Paul Somohardjo,paul somohardjo,Paul Somohardjo,nas-persons-field,,1,NPS-Nieuw Front-Saramacca-Brokopondo,Paul Somohardjo,true,high-precision
431f9a3e-7c69-06dd-c92b-ed40e552bc55::d9f2dac6-4021-3cc8-bd76-fa6c83a0f797,431f9a3e-7c69-06dd-c92b-ed40e552bc55,d9f2dac6-4021-3cc8-bd76-fa6c83a0f797,video,SR-NA_02_1300-STV0000002DVM,26-27 april 2010,personsRaw,person,person,Sigfried Gilds,sigfried gilds,Sigfried Gilds,nas-persons-field,,1,NPS-Nieuw Front-Saramacca-Brokopondo,Sigfried Gilds,true,high-precision
431f9a3e-7c69-06dd-c92b-ed40e552bc55::d9f2dac6-4021-3cc8-bd76-fa6c83a0f797,431f9a3e-7c69-06dd-c92b-ed40e552bc55,d9f2dac6-4021-3cc8-bd76-fa6c83a0f797,video,SR-NA_02_1300-STV0000002DVM,26-27 april 2010,personsRaw,person,person,Ronald Venetiaan,ronald venetiaan,Ronald Venetiaan,nas-persons-field,,1,NPS-Nieuw Front-Saramacca-Brokopondo,Ronald Venetiaan,true,high-precision
43bb002a-a5ce-1186-b634-e7ae0bc41f18::775db502-4058-d479-41ec-44146b933013,43bb002a-a5ce-1186-b634-e7ae0bc41f18,775db502-4058-d479-41ec-44146b933013,image,SR-NA_01_0283_006_002,25 februari 1980,title,place,street,Waterkant,waterkant,Waterkant,paramaribo-street-standardization,,1,Politiebureau Waterkant voor de beschieting,Politiebureau Waterkant voor de beschieting,true,high-precision
43bb002a-a5ce-1186-b634-e7ae0bc41f18::775db502-4058-d479-41ec-44146b933013,43bb002a-a5ce-1186-b634-e7ae0bc41f18,775db502-4058-d479-41ec-44146b933013,image,SR-NA_01_0283_006_002,25 februari 1980,description,place,street,Watermolenstraat,watermolenstraat,Watermolenstraat,paramaribo-street-standardization,,1,Politiebureau Waterkant voor de beschieting,"Een agent staat voor het hoofbureau van Politie aan de Watermolenstraat, een pantserwagen rijdt rond rijd in de binnenstad en nieuwsgierige burgers staan te wachten op de komende gebeurteniss",true,high-precision
4404540a-e8a1-34fa-42b2-7a6c71bcee28::8df4787b-1302-5c84-ccb9-37b3f8812591,4404540a-e8a1-34fa-42b2-7a6c71bcee28,8df4787b-1302-5c84-ccb9-37b3f8812591,video,SR-NA_02_0990_002,Onbekend,personsRaw,person,person,John Jansen van Galen,john jansen van galen,John Jansen van Galen,nas-persons-field,,1,Defilé‚ onafhankelijkheidsplein-deel 2,John Jansen van Galen,true,high-precision
4404540a-e8a1-34fa-42b2-7a6c71bcee28::8df4787b-1302-5c84-ccb9-37b3f8812591,4404540a-e8a1-34fa-42b2-7a6c71bcee28,8df4787b-1302-5c84-ccb9-37b3f8812591,video,SR-NA_02_0990_002,Onbekend,personsRaw,person,person,Roshnie Radhakishun,roshnie radhakishun,Roshnie Radhakishun,nas-persons-field,,1,Defilé‚ onafhankelijkheidsplein-deel 2,Roshnie Radhakishun,true,high-precision
4404540a-e8a1-34fa-42b2-7a6c71bcee28::8df4787b-1302-5c84-ccb9-37b3f8812591,4404540a-e8a1-34fa-42b2-7a6c71bcee28,8df4787b-1302-5c84-ccb9-37b3f8812591,video,SR-NA_02_0990_002,Onbekend,personsRaw,person,person,Radika,radika,Radika,nas-persons-field,,1,Defilé‚ onafhankelijkheidsplein-deel 2,Radika,true,high-precision
4404540a-e8a1-34fa-42b2-7a6c71bcee28::8df4787b-1302-5c84-ccb9-37b3f8812591,4404540a-e8a1-34fa-42b2-7a6c71bcee28,8df4787b-1302-5c84-ccb9-37b3f8812591,video,SR-NA_02_0990_002,Onbekend,personsRaw,person,person,Steven van Fredrikslust,steven van fredrikslust,Steven van Fredrikslust,nas-persons-field,,1,Defilé‚ onafhankelijkheidsplein-deel 2,Steven van Fredrikslust,true,high-precision
4404540a-e8a1-34fa-42b2-7a6c71bcee28::8df4787b-1302-5c84-ccb9-37b3f8812591,4404540a-e8a1-34fa-42b2-7a6c71bcee28,8df4787b-1302-5c84-ccb9-37b3f8812591,video,SR-NA_02_0990_002,Onbekend,personsRaw,person,person,Radio-10,radio-10,Radio-10,nas-persons-field,,1,Defilé‚ onafhankelijkheidsplein-deel 2,Radio-10,true,high-precision
4404540a-e8a1-34fa-42b2-7a6c71bcee28::8df4787b-1302-5c84-ccb9-37b3f8812591,4404540a-e8a1-34fa-42b2-7a6c71bcee28,8df4787b-1302-5c84-ccb9-37b3f8812591,video,SR-NA_02_0990_002,Onbekend,personsRaw,person,person,leerkracht,leerkracht,leerkracht,nas-persons-field,,1,Defilé‚ onafhankelijkheidsplein-deel 2,leerkracht,true,high-precision
4404540a-e8a1-34fa-42b2-7a6c71bcee28::8df4787b-1302-5c84-ccb9-37b3f8812591,4404540a-e8a1-34fa-42b2-7a6c71bcee28,8df4787b-1302-5c84-ccb9-37b3f8812591,video,SR-NA_02_0990_002,Onbekend,personsRaw,person,person,schoolkinderen,schoolkinderen,schoolkinderen,nas-persons-field,,1,Defilé‚ onafhankelijkheidsplein-deel 2,schoolkinderen,true,high-precision
4404540a-e8a1-34fa-42b2-7a6c71bcee28::8df4787b-1302-5c84-ccb9-37b3f8812591,4404540a-e8a1-34fa-42b2-7a6c71bcee28,8df4787b-1302-5c84-ccb9-37b3f8812591,video,SR-NA_02_0990_002,Onbekend,personsRaw,person,person,klaslokaal,klaslokaal,klaslokaal,nas-persons-field,,1,Defilé‚ onafhankelijkheidsplein-deel 2,klaslokaal,true,high-precision
4404540a-e8a1-34fa-42b2-7a6c71bcee28::8df4787b-1302-5c84-ccb9-37b3f8812591,4404540a-e8a1-34fa-42b2-7a6c71bcee28,8df4787b-1302-5c84-ccb9-37b3f8812591,video,SR-NA_02_0990_002,Onbekend,personsRaw,person,person,Paul Somohardjo,paul somohardjo,Paul Somohardjo,nas-persons-field,,1,Defilé‚ onafhankelijkheidsplein-deel 2,Paul Somohardjo,true,high-precision
44caf28e-1581-745a-f5d9-70541f9ad773::72ce7be3-8771-98a9-50db-e085d8432a24,44caf28e-1581-745a-f5d9-70541f9ad773,72ce7be3-8771-98a9-50db-e085d8432a24,image,SR-NA_01_0268,1990,description,place,street,Gravenstraat,gravenstraat,Gravenstraat,paramaribo-street-standardization,,1,Henk Arronstraat,"Henk Arronstraat, de vroegere Gravenstraat",true,high-precision
456f2373-5953-ef73-4a19-7de18342c195::d7a88d47-7584-4f80-8630-0a919b9f3722,456f2373-5953-ef73-4a19-7de18342c195,d7a88d47-7584-4f80-8630-0a919b9f3722,video,SR-NA_02_0055,1990,title,place,river,Nickerie,nickerie,Nickerie,stm-gazetteer,stm-00261,1,Verzanden beschelpen wegen Nickerie Weekjournaal,Verzanden beschelpen wegen Nickerie Weekjournaal,true,high-precision
456f2373-5953-ef73-4a19-7de18342c195::d7a88d47-7584-4f80-8630-0a919b9f3722,456f2373-5953-ef73-4a19-7de18342c195,d7a88d47-7584-4f80-8630-0a919b9f3722,video,SR-NA_02_0055,1990,description,place,river,Nickerie,nickerie,Nickerie,stm-gazetteer,stm-00261,1,Verzanden beschelpen wegen Nickerie Weekjournaal,Project bezanden en beschelpen wegen in Nickerie. Startsein gegeven door districtscommissaris Krish Bhoendie van Nickerie,true,high-precision
4580dc16-52ed-a36c-a52b-313d133ff08a::fafc896d-6aee-ef73-86c2-1a69a94eff9d,4580dc16-52ed-a36c-a52b-313d133ff08a,fafc896d-6aee-ef73-86c2-1a69a94eff9d,video,SR-NA_02_1382,Onbekend,personsRaw,person,person,Desi Bouterse,desi bouterse,Desi Bouterse,nas-persons-field,,1,Verkiezingstoespraak Bouterse,Desi Bouterse,true,high-precision
45a2d7d1-684a-ddec-7adc-852e05a492bf::af861f8e-a45a-2903-7343-593ba1fa7026,45a2d7d1-684a-ddec-7adc-852e05a492bf,af861f8e-a45a-2903-7343-593ba1fa7026,video,NAS_063______-NAS3000O5OC,1 februari 1978,personsRaw,person,person,Johan Ferrier,johan ferrier,Johan Ferrier,nas-persons-field,,1,Films_Johan_Henri_Eliza_Ferrier_07,Johan Ferrier,true,high-precision
46e5df93-87e4-f1bb-1ed2-09451ee25e21::3005d86b-92b8-23cb-4f83-78307019afd6,46e5df93-87e4-f1bb-1ed2-09451ee25e21,3005d86b-92b8-23cb-4f83-78307019afd6,video,SR-NA_02_0938_002,Onbekend,title,place,river,Nickerie,nickerie,Nickerie,stm-gazetteer,stm-00261,1,Jules Adjodhia vergadert met land en padieboeren te Nickerie,Jules Adjodhia vergadert met land en padieboeren te Nickerie,true,high-precision
46e5df93-87e4-f1bb-1ed2-09451ee25e21::3005d86b-92b8-23cb-4f83-78307019afd6,46e5df93-87e4-f1bb-1ed2-09451ee25e21,3005d86b-92b8-23cb-4f83-78307019afd6,video,SR-NA_02_0938_002,Onbekend,description,place,river,Nickerie,nickerie,Nickerie,stm-gazetteer,stm-00261,1,Jules Adjodhia vergadert met land en padieboeren te Nickerie,"n Russel van RO, Geetapersad Gangaram Panday van LVV), naar Nickerie voor besprekingen over de bacoven sector. Delegatie houdt meeting met land- en padieboeren van Nickerie; de boeren en b",true,high-precision
4790c2e1-13d3-0ca7-4325-2cb91d10ae78::73589b9e-6505-a715-cb13-c6937f10fa92,4790c2e1-13d3-0ca7-4325-2cb91d10ae78,73589b9e-6505-a715-cb13-c6937f10fa92,video,SR-NA_02_0092,Onbekend,description,place,district,District Coronie,district coronie,District Coronie,stm-gazetteer,stm-00001,1,VP-Arron bezoekt Coronie,"president Henck Arron brengt een beleefdheidsbezoek aan het district Coronie, vergezeld van onderwijsminister Ronald Venetiaan en RO-minister Werner Vreedzaam. Steenlegging voor renovatie van het",true,high-precision
4790c2e1-13d3-0ca7-4325-2cb91d10ae78::73589b9e-6505-a715-cb13-c6937f10fa92,4790c2e1-13d3-0ca7-4325-2cb91d10ae78,73589b9e-6505-a715-cb13-c6937f10fa92,video,SR-NA_02_0092,Onbekend,keywords,place,district,District Coronie,district coronie,District Coronie,stm-gazetteer,stm-00001,1,VP-Arron bezoekt Coronie,Vicepresident | Henck Arron | beleefdheidsbezoek | district | Coronie | Ronald Venetiaan | Werner Vreedzaam | steenlegging | renovatie | Cultureel Centrum Coronie | CCC,true,high-precision
47dba40d-e2de-d4cf-2a26-c7e87f4c67c4::f3a8f59e-d04c-0b45-b49e-6a9a677fffb5,47dba40d-e2de-d4cf-2a26-c7e87f4c67c4,f3a8f59e-d04c-0b45-b49e-6a9a677fffb5,video,SR-NA_02_0857,2 mei 1988,title,place,street,Waterkant,waterkant,Waterkant,paramaribo-street-standardization,,1,Verkoopkraampjes Waterkant moeten weg,Verkoopkraampjes Waterkant moeten weg,true,high-precision
47dba40d-e2de-d4cf-2a26-c7e87f4c67c4::f3a8f59e-d04c-0b45-b49e-6a9a677fffb5,47dba40d-e2de-d4cf-2a26-c7e87f4c67c4,f3a8f59e-d04c-0b45-b49e-6a9a677fffb5,video,SR-NA_02_0857,2 mei 1988,description,place,street,Waterkant,waterkant,Waterkant,paramaribo-street-standardization,,1,Verkoopkraampjes Waterkant moeten weg,In de loop van de week zullen alle kraampjes aan de Waterkant verwijderd worden,true,high-precision
4999b6de-4fc4-c888-6a62-62ac84d76a41::ef649254-ef18-b5e1-e781-dc655df0ef68,4999b6de-4fc4-c888-6a62-62ac84d76a41,ef649254-ef18-b5e1-e781-dc655df0ef68,video,SR-NA_02_0825,Onbekend,description,place,plantation,Industrie,industrie,Industrie,stm-gazetteer,stm-00858,1,Interview met Kaersenhout over consumentenkaart,"art. THI staat voor het ministerie van Transport, Handel en Industrie",true,high-precision
49f8bdbc-e676-4778-ae5a-e409dbe413c9::2256b294-a63b-0bc0-d259-eef4fcfe25b6,49f8bdbc-e676-4778-ae5a-e409dbe413c9,2256b294-a63b-0bc0-d259-eef4fcfe25b6,image,SR-NA_01_0309,Onbekend,title,place,street,Gravenstraat,gravenstraat,Gravenstraat,paramaribo-street-standardization,,1,Kathedraal Gravenstraat,Kathedraal Gravenstraat,true,high-precision
4a9443ff-a968-211f-3c1d-51ca46bd929b::1a485f20-7d08-0526-c0d3-02c5b74bf44c,4a9443ff-a968-211f-3c1d-51ca46bd929b,1a485f20-7d08-0526-c0d3-02c5b74bf44c,video,SR-NA_02_0741_01,Onbekend,title,place,street,Jodenbreestraat,jodenbreestraat,Jodenbreestraat,paramaribo-street-standardization,,1,Herbeplanting Jodenbreestraat door Prakwaki,Herbeplanting Jodenbreestraat door Prakwaki,true,high-precision
4a9443ff-a968-211f-3c1d-51ca46bd929b::1a485f20-7d08-0526-c0d3-02c5b74bf44c,4a9443ff-a968-211f-3c1d-51ca46bd929b,1a485f20-7d08-0526-c0d3-02c5b74bf44c,video,SR-NA_02_0741_01,Onbekend,description,place,street,Jodenbreestraat,jodenbreestraat,Jodenbreestraat,paramaribo-street-standardization,,1,Herbeplanting Jodenbreestraat door Prakwaki,"ki van Iwan Wijgaarde is belast met de herbeplanting van de Jodenbreestraat, die door herrioleringswerkzaamheden is hersteld in het kader van een project Afwatering Paramaribo.",true,high-precision
4b847349-8677-b9d2-5942-a1d430674a68::23666162-1fc7-15de-23e1-fc8c378d8890,4b847349-8677-b9d2-5942-a1d430674a68,23666162-1fc7-15de-23e1-fc8c378d8890,video,SR-NA_02_1301-STV0000001DVM,2011,personsRaw,person,person,Cynthia Abrahams,cynthia abrahams,Cynthia Abrahams,nas-persons-field,,1,Boekoverhandiging Dobru,Cynthia Abrahams,true,high-precision
4b847349-8677-b9d2-5942-a1d430674a68::23666162-1fc7-15de-23e1-fc8c378d8890,4b847349-8677-b9d2-5942-a1d430674a68,23666162-1fc7-15de-23e1-fc8c378d8890,video,SR-NA_02_1301-STV0000001DVM,2011,personsRaw,person,person,Sasha Raveles,sasha raveles,Sasha Raveles,nas-persons-field,,1,Boekoverhandiging Dobru,Sasha Raveles,true,high-precision
4b847349-8677-b9d2-5942-a1d430674a68::23666162-1fc7-15de-23e1-fc8c378d8890,4b847349-8677-b9d2-5942-a1d430674a68,23666162-1fc7-15de-23e1-fc8c378d8890,video,SR-NA_02_1301-STV0000001DVM,2011,personsRaw,person,person,Jennifer Geerlings-Simons,jennifer geerlings-simons,Jennifer Geerlings-Simons,nas-persons-field,,1,Boekoverhandiging Dobru,Jennifer Geerlings-Simons,true,high-precision
4b847349-8677-b9d2-5942-a1d430674a68::23666162-1fc7-15de-23e1-fc8c378d8890,4b847349-8677-b9d2-5942-a1d430674a68,23666162-1fc7-15de-23e1-fc8c378d8890,video,SR-NA_02_1301-STV0000001DVM,2011,personsRaw,person,person,Soewarto Moestadja,soewarto moestadja,Soewarto Moestadja,nas-persons-field,,1,Boekoverhandiging Dobru,Soewarto Moestadja,true,high-precision
4b847349-8677-b9d2-5942-a1d430674a68::23666162-1fc7-15de-23e1-fc8c378d8890,4b847349-8677-b9d2-5942-a1d430674a68,23666162-1fc7-15de-23e1-fc8c378d8890,video,SR-NA_02_1301-STV0000001DVM,2011,personsRaw,person,person,Erwin de Vries,erwin de vries,Erwin de Vries,nas-persons-field,,1,Boekoverhandiging Dobru,Erwin de Vries,true,high-precision
4b847349-8677-b9d2-5942-a1d430674a68::23666162-1fc7-15de-23e1-fc8c378d8890,4b847349-8677-b9d2-5942-a1d430674a68,23666162-1fc7-15de-23e1-fc8c378d8890,video,SR-NA_02_1301-STV0000001DVM,2011,personsRaw,person,person,Stanley Sidoel,stanley sidoel,Stanley Sidoel,nas-persons-field,,1,Boekoverhandiging Dobru,Stanley Sidoel,true,high-precision
4b847349-8677-b9d2-5942-a1d430674a68::23666162-1fc7-15de-23e1-fc8c378d8890,4b847349-8677-b9d2-5942-a1d430674a68,23666162-1fc7-15de-23e1-fc8c378d8890,video,SR-NA_02_1301-STV0000001DVM,2011,personsRaw,person,person,Heijn Eersel,heijn eersel,Heijn Eersel,nas-persons-field,,1,Boekoverhandiging Dobru,Heijn Eersel,true,high-precision
4b847349-8677-b9d2-5942-a1d430674a68::23666162-1fc7-15de-23e1-fc8c378d8890,4b847349-8677-b9d2-5942-a1d430674a68,23666162-1fc7-15de-23e1-fc8c378d8890,video,SR-NA_02_1301-STV0000001DVM,2011,personsRaw,person,person,Rita Tjien Fooh-Hardjomohamad,rita tjien fooh-hardjomohamad,Rita Tjien Fooh-Hardjomohamad,nas-persons-field,,1,Boekoverhandiging Dobru,Rita Tjien Fooh-Hardjomohamad,true,high-precision
4b847349-8677-b9d2-5942-a1d430674a68::23666162-1fc7-15de-23e1-fc8c378d8890,4b847349-8677-b9d2-5942-a1d430674a68,23666162-1fc7-15de-23e1-fc8c378d8890,video,SR-NA_02_1301-STV0000001DVM,2011,personsRaw,person,person,Ernst Bleijert,ernst bleijert,Ernst Bleijert,nas-persons-field,,1,Boekoverhandiging Dobru,Ernst Bleijert,true,high-precision
4b847349-8677-b9d2-5942-a1d430674a68::23666162-1fc7-15de-23e1-fc8c378d8890,4b847349-8677-b9d2-5942-a1d430674a68,23666162-1fc7-15de-23e1-fc8c378d8890,video,SR-NA_02_1301-STV0000001DVM,2011,personsRaw,person,person,Reina Raveles,reina raveles,Reina Raveles,nas-persons-field,,1,Boekoverhandiging Dobru,Reina Raveles,true,high-precision
4b847349-8677-b9d2-5942-a1d430674a68::23666162-1fc7-15de-23e1-fc8c378d8890,4b847349-8677-b9d2-5942-a1d430674a68,23666162-1fc7-15de-23e1-fc8c378d8890,video,SR-NA_02_1301-STV0000001DVM,2011,personsRaw,person,person,Denise Janah,denise janah,Denise Janah,nas-persons-field,,1,Boekoverhandiging Dobru,Denise Janah,true,high-precision
4b847349-8677-b9d2-5942-a1d430674a68::23666162-1fc7-15de-23e1-fc8c378d8890,4b847349-8677-b9d2-5942-a1d430674a68,23666162-1fc7-15de-23e1-fc8c378d8890,video,SR-NA_02_1301-STV0000001DVM,2011,personsRaw,person,person,Jim Westfa,jim westfa,Jim Westfa,nas-persons-field,,1,Boekoverhandiging Dobru,Jim Westfa,true,high-precision
4b847349-8677-b9d2-5942-a1d430674a68::23666162-1fc7-15de-23e1-fc8c378d8890,4b847349-8677-b9d2-5942-a1d430674a68,23666162-1fc7-15de-23e1-fc8c378d8890,video,SR-NA_02_1301-STV0000001DVM,2011,personsRaw,person,person,Yvonne Raveles-Resida,yvonne raveles-resida,Yvonne Raveles-Resida,nas-persons-field,,1,Boekoverhandiging Dobru,Yvonne Raveles-Resida,true,high-precision
4caf1259-0495-d722-603f-cb559e1ccf57::9606eb37-6a30-c4cf-6b85-a9c3a9df21f3,4caf1259-0495-d722-603f-cb559e1ccf57,9606eb37-6a30-c4cf-6b85-a9c3a9df21f3,video,SR-NA_02_0161,,personsRaw,person,person,Wilgo Valies,wilgo valies,Wilgo Valies,nas-persons-field,,1,Actievoerders naar Kabinet van de president,Wilgo Valies,true,high-precision
4d477c79-5f04-7e38-ec1e-649b147e961c::d4ca78e4-023e-7d1f-8a58-a0652b295adf,4d477c79-5f04-7e38-ec1e-649b147e961c,d4ca78e4-023e-7d1f-8a58-a0652b295adf,video,SR-NA_02_0782,1993,title,place,plantation,Charlesburg,charlesburg,Charlesburg,stm-gazetteer,stm-02282,1,Charlesburg vuilnisbelt ongeordend,Charlesburg vuilnisbelt ongeordend,true,high-precision
4dcb935a-d367-910d-cb96-5f3e4b3f20e4::bff9ac76-48f7-6b7c-2ca7-d01e4c3a851c,4dcb935a-d367-910d-cb96-5f3e4b3f20e4,bff9ac76-48f7-6b7c-2ca7-d01e4c3a851c,video,SR-NA_02_0640,15 februari 1990,description,place,river,Para,para,Para,stm-gazetteer,stm-00290,1,Opening Pemba Doti fabriek,"Pembadotie, op het emplacement van de Holding Maatschappij Para Industrie in het district Para staat. Daar is ook de Glasfabriek Glasinsur ondergebracht",true,high-precision
4dcb935a-d367-910d-cb96-5f3e4b3f20e4::bff9ac76-48f7-6b7c-2ca7-d01e4c3a851c,4dcb935a-d367-910d-cb96-5f3e4b3f20e4,bff9ac76-48f7-6b7c-2ca7-d01e4c3a851c,video,SR-NA_02_0640,15 februari 1990,description,place,plantation,Industrie,industrie,Industrie,stm-gazetteer,stm-00858,1,Opening Pemba Doti fabriek,"adotie, op het emplacement van de Holding Maatschappij Para Industrie in het district Para staat. Daar is ook de Glasfabriek Glasinsur ondergebracht",true,high-precision
4dcb935a-d367-910d-cb96-5f3e4b3f20e4::bff9ac76-48f7-6b7c-2ca7-d01e4c3a851c,4dcb935a-d367-910d-cb96-5f3e4b3f20e4,bff9ac76-48f7-6b7c-2ca7-d01e4c3a851c,video,SR-NA_02_0640,15 februari 1990,keywords,place,river,Para,para,Para,stm-gazetteer,stm-00290,1,Opening Pemba Doti fabriek,wandtegel | fabriek | Pembadotie | Holding | maatschappij | Para Industrie | Glasfabriek | Glasinsur,true,high-precision
4dcb935a-d367-910d-cb96-5f3e4b3f20e4::bff9ac76-48f7-6b7c-2ca7-d01e4c3a851c,4dcb935a-d367-910d-cb96-5f3e4b3f20e4,bff9ac76-48f7-6b7c-2ca7-d01e4c3a851c,video,SR-NA_02_0640,15 februari 1990,keywords,place,plantation,Industrie,industrie,Industrie,stm-gazetteer,stm-00858,1,Opening Pemba Doti fabriek,egel | fabriek | Pembadotie | Holding | maatschappij | Para Industrie | Glasfabriek | Glasinsur,true,high-precision
4dd165f6-5eb9-1616-94d7-d75c2352a2df::d01a0932-a078-39b7-6a49-bac129880370,4dd165f6-5eb9-1616-94d7-d75c2352a2df,d01a0932-a078-39b7-6a49-bac129880370,image,SR-NA_03_0007_014,2004,description,place,street,Wanica,wanica,Wanica,paramaribo-street-standardization,,1,Suralco Magazine 2004 Volume26nr1,"zijn van oost naar west: Marowijne, Commewijne, Paramaribo, Wanica, Saramacca, Coronie en Nickerie. De drie overige districten liggen meer naar het binnenland en die zijn: Para, Brokopon",true,high-precision
4dd165f6-5eb9-1616-94d7-d75c2352a2df::d01a0932-a078-39b7-6a49-bac129880370,4dd165f6-5eb9-1616-94d7-d75c2352a2df,d01a0932-a078-39b7-6a49-bac129880370,image,SR-NA_03_0007_014,2004,description,place,river,Marowijne,marowijne,Marowijne,stm-gazetteer,stm-00363,1,Suralco Magazine 2004 Volume26nr1,"istricten dus die aan zee grenzen, zijn van oost naar west: Marowijne, Commewijne, Paramaribo, Wanica, Saramacca, Coronie en Nickerie. De drie overige districten liggen meer naar het binnen",true,high-precision
4dd165f6-5eb9-1616-94d7-d75c2352a2df::d01a0932-a078-39b7-6a49-bac129880370,4dd165f6-5eb9-1616-94d7-d75c2352a2df,d01a0932-a078-39b7-6a49-bac129880370,image,SR-NA_03_0007_014,2004,description,place,river,Nickerie,nickerie,Nickerie,stm-gazetteer,stm-00261,1,Suralco Magazine 2004 Volume26nr1,"ijne, Commewijne, Paramaribo, Wanica, Saramacca, Coronie en Nickerie. De drie overige districten liggen meer naar het binnenland en die zijn: Para, Brokopondo en Sipaliwini.",true,high-precision
4dd165f6-5eb9-1616-94d7-d75c2352a2df::d01a0932-a078-39b7-6a49-bac129880370,4dd165f6-5eb9-1616-94d7-d75c2352a2df,d01a0932-a078-39b7-6a49-bac129880370,image,SR-NA_03_0007_014,2004,description,place,river,Para,para,Para,stm-gazetteer,stm-00290,1,Suralco Magazine 2004 Volume26nr1,"esteed aan de namen van het land Suriname en zijn hoofdstad Paramaribo. De naam van het land Suriname is afgeleid van de rivier Suriname, omdat langs deze rivier de eerste plantages we",true,high-precision
5045855a-075e-e627-c5c9-e19e92ccec9b::23548b4d-39b3-ed0d-3889-0c3078527bb3,5045855a-075e-e627-c5c9-e19e92ccec9b,23548b4d-39b3-ed0d-3889-0c3078527bb3,video,SR-NA_02_0201,19 augustus 1995,personsRaw,person,person,Terry Agerkop,terry agerkop,Terry Agerkop,nas-persons-field,,1,Surinames deelname aan Carifesta-6,Terry Agerkop,true,high-precision
5045855a-075e-e627-c5c9-e19e92ccec9b::23548b4d-39b3-ed0d-3889-0c3078527bb3,5045855a-075e-e627-c5c9-e19e92ccec9b,23548b4d-39b3-ed0d-3889-0c3078527bb3,video,SR-NA_02_0201,19 augustus 1995,personsRaw,person,person,Tanuya Manichand,tanuya manichand,Tanuya Manichand,nas-persons-field,,1,Surinames deelname aan Carifesta-6,Tanuya Manichand,true,high-precision
5045855a-075e-e627-c5c9-e19e92ccec9b::23548b4d-39b3-ed0d-3889-0c3078527bb3,5045855a-075e-e627-c5c9-e19e92ccec9b,23548b4d-39b3-ed0d-3889-0c3078527bb3,video,SR-NA_02_0201,19 augustus 1995,personsRaw,person,person,Jules Brewster,jules brewster,Jules Brewster,nas-persons-field,,1,Surinames deelname aan Carifesta-6,Jules Brewster,true,high-precision
505a8079-4263-cb0f-b3a1-ff0aa71a1087::0ab6f4d4-4534-9f10-3bc3-a0d82d32a038,505a8079-4263-cb0f-b3a1-ff0aa71a1087,0ab6f4d4-4534-9f10-3bc3-a0d82d32a038,image,SR-NA_01_0489,1987,description,place,river,Marowijne,marowijne,Marowijne,stm-gazetteer,stm-00363,1,Oorlogssituatie Albina,"Na-oorlogssituatie Albina, district Marowijne",true,high-precision
5424773e-413b-a26d-b222-ce8237272906::a16f3a27-73cd-f51d-664b-d0b5b1419034,5424773e-413b-a26d-b222-ce8237272906,a16f3a27-73cd-f51d-664b-d0b5b1419034,video,SR-NA_02_0853,Onbekend,title,place,river,Para,para,Para,stm-gazetteer,stm-00290,1,"DNA, RR, DR-leden bezoeken gemend Veeteelt bedrijf Para","DNA, RR, DR-leden bezoeken gemend Veeteelt bedrijf Para",true,high-precision
5517fb92-06c6-e38a-db26-b84baca999a7::e6a62601-50cf-5fd9-b3d4-f40d40757bde,5517fb92-06c6-e38a-db26-b84baca999a7,e6a62601-50cf-5fd9-b3d4-f40d40757bde,video,SR-NA_02_0008,Onbekend,keywords,place,river,Para,para,Para,stm-gazetteer,stm-00290,1,Parlementariër Arnold Kruisland over water in de kustvlakte,Bronwater | Para Springs | Whahaha,true,high-precision
5517fb92-06c6-e38a-db26-b84baca999a7::e6a62601-50cf-5fd9-b3d4-f40d40757bde,5517fb92-06c6-e38a-db26-b84baca999a7,e6a62601-50cf-5fd9-b3d4-f40d40757bde,video,SR-NA_02_0008,Onbekend,personsRaw,person,person,Assemblee,assemblee,Assemblee,nas-persons-field,,1,Parlementariër Arnold Kruisland over water in de kustvlakte,Assemblee,true,high-precision
5517fb92-06c6-e38a-db26-b84baca999a7::e6a62601-50cf-5fd9-b3d4-f40d40757bde,5517fb92-06c6-e38a-db26-b84baca999a7,e6a62601-50cf-5fd9-b3d4-f40d40757bde,video,SR-NA_02_0008,Onbekend,personsRaw,person,person,Kruisland,kruisland,Kruisland,nas-persons-field,,1,Parlementariër Arnold Kruisland over water in de kustvlakte,Kruisland,true,high-precision
5517fb92-06c6-e38a-db26-b84baca999a7::e6a62601-50cf-5fd9-b3d4-f40d40757bde,5517fb92-06c6-e38a-db26-b84baca999a7,e6a62601-50cf-5fd9-b3d4-f40d40757bde,video,SR-NA_02_0008,Onbekend,personsRaw,person,person,bronwater,bronwater,bronwater,nas-persons-field,,1,Parlementariër Arnold Kruisland over water in de kustvlakte,bronwater,true,high-precision
5517fb92-06c6-e38a-db26-b84baca999a7::e6a62601-50cf-5fd9-b3d4-f40d40757bde,5517fb92-06c6-e38a-db26-b84baca999a7,e6a62601-50cf-5fd9-b3d4-f40d40757bde,video,SR-NA_02_0008,Onbekend,personsRaw,person,person,Para Spring,para spring,Para Spring,nas-persons-field,,1,Parlementariër Arnold Kruisland over water in de kustvlakte,Para Spring,true,high-precision
5517fb92-06c6-e38a-db26-b84baca999a7::e6a62601-50cf-5fd9-b3d4-f40d40757bde,5517fb92-06c6-e38a-db26-b84baca999a7,e6a62601-50cf-5fd9-b3d4-f40d40757bde,video,SR-NA_02_0008,Onbekend,personsRaw,person,person,Whahaha,whahaha,Whahaha,nas-persons-field,,1,Parlementariër Arnold Kruisland over water in de kustvlakte,Whahaha,true,high-precision
5638d6a3-b62d-4421-b5d1-bdcd0438019f::c49f76d8-3db9-43f2-2d38-de8a88b3ad58,5638d6a3-b62d-4421-b5d1-bdcd0438019f,c49f76d8-3db9-43f2-2d38-de8a88b3ad58,image,SR-NA_01_0210,Onbekend,description,place,street,Heerenstraat,heerenstraat,Herenstraat,paramaribo-street-standardization,,1,Bouw Theater Tower,Bouw Theater Tower aan de Heerenstraat,true,high-precision
56fec69d-aeee-21d9-6e85-f90a43ebc007::06996172-80aa-6499-9746-f6e4f26ac278,56fec69d-aeee-21d9-6e85-f90a43ebc007,06996172-80aa-6499-9746-f6e4f26ac278,image,SR-NA_03_0007_056,1996,description,place,street,Kerkplein,kerkplein,Kerkplein,paramaribo-street-standardization,,1,"Suralco Magazine, 1996 vol. 20 nr. 1","de Verenigde Naties, Flags Square - United Nations Square, Kerkplein (Church Square), Vaillantsplein, L.J. Weidmannplein, Plein van 10 oktober 1760, Plein van de Revolutie (Square of the R",true,high-precision
56fec69d-aeee-21d9-6e85-f90a43ebc007::06996172-80aa-6499-9746-f6e4f26ac278,56fec69d-aeee-21d9-6e85-f90a43ebc007,06996172-80aa-6499-9746-f6e4f26ac278,image,SR-NA_03_0007_056,1996,description,place,street,Plein,plein,Gouvernementsplein,paramaribo-street-standardization,,1,"Suralco Magazine, 1996 vol. 20 nr. 1","Pleinen in Paramaribo. Inhoud: Ten Geleide, Het Onafhankelijkheidsplein (The Independence Square), Vlaggenplein - Plein van d",true,high-precision
5981dee9-ab7d-3057-3cb0-46b8cc38b675::ac0ef3ff-9c63-22a2-9a29-4b3218b00129,5981dee9-ab7d-3057-3cb0-46b8cc38b675,ac0ef3ff-9c63-22a2-9a29-4b3218b00129,video,SR-NA_02_0983,15 januari 2004,personsRaw,person,person,Otmar Rodgers,otmar rodgers,Otmar Rodgers,nas-persons-field,,1,DNA over bacovensector,Otmar Rodgers,true,high-precision
5981dee9-ab7d-3057-3cb0-46b8cc38b675::ac0ef3ff-9c63-22a2-9a29-4b3218b00129,5981dee9-ab7d-3057-3cb0-46b8cc38b675,ac0ef3ff-9c63-22a2-9a29-4b3218b00129,video,SR-NA_02_0983,15 januari 2004,personsRaw,person,person,Jenniffer Geerlings-Simons,jenniffer geerlings-simons,Jenniffer Geerlings-Simons,nas-persons-field,,1,DNA over bacovensector,Jenniffer Geerlings-Simons,true,high-precision
5d490318-b104-a7d7-ebbf-2c3cf557e363::1791d4d6-a2fd-62f7-b052-df4382b02c11,5d490318-b104-a7d7-ebbf-2c3cf557e363,1791d4d6-a2fd-62f7-b052-df4382b02c11,video,SR-NA_02_0814,13-01-1994,title,place,plantation,Columbia,columbia,Columbia,stm-gazetteer,stm-01958,1,Beleefdheidsbezoek minister van Buza Columbia,Beleefdheidsbezoek minister van Buza Columbia,true,high-precision
5d490318-b104-a7d7-ebbf-2c3cf557e363::1791d4d6-a2fd-62f7-b052-df4382b02c11,5d490318-b104-a7d7-ebbf-2c3cf557e363,1791d4d6-a2fd-62f7-b052-df4382b02c11,video,SR-NA_02_0814,13-01-1994,description,place,plantation,Columbia,columbia,Columbia,stm-gazetteer,stm-01958,1,Beleefdheidsbezoek minister van Buza Columbia,De minister van Buitenlandse Zaken van Columbia brengt een beleefdheidsbezoek aan president Ronald Venetiaan,true,high-precision
5e0c9680-b4da-304f-c5e2-25474ad4b884::430b0e80-5843-e012-2266-a1c39bd2f274,5e0c9680-b4da-304f-c5e2-25474ad4b884,430b0e80-5843-e012-2266-a1c39bd2f274,video,SR-NA_02_0838,2003,personsRaw,person,person,Roy Adama,roy adama,Roy Adama,nas-persons-field,,1,Het dilemma van Derby,Roy Adama,true,high-precision
5e0c9680-b4da-304f-c5e2-25474ad4b884::430b0e80-5843-e012-2266-a1c39bd2f274,5e0c9680-b4da-304f-c5e2-25474ad4b884,430b0e80-5843-e012-2266-a1c39bd2f274,video,SR-NA_02_0838,2003,personsRaw,person,person,Jozef Brahim,jozef brahim,Jozef Brahim,nas-persons-field,,1,Het dilemma van Derby,Jozef Brahim,true,high-precision
5e0c9680-b4da-304f-c5e2-25474ad4b884::430b0e80-5843-e012-2266-a1c39bd2f274,5e0c9680-b4da-304f-c5e2-25474ad4b884,430b0e80-5843-e012-2266-a1c39bd2f274,video,SR-NA_02_0838,2003,personsRaw,person,person,John Defares,john defares,John Defares,nas-persons-field,,1,Het dilemma van Derby,John Defares,true,high-precision
5e0c9680-b4da-304f-c5e2-25474ad4b884::430b0e80-5843-e012-2266-a1c39bd2f274,5e0c9680-b4da-304f-c5e2-25474ad4b884,430b0e80-5843-e012-2266-a1c39bd2f274,video,SR-NA_02_0838,2003,personsRaw,person,person,Johnny Kamperveen,johnny kamperveen,Johnny Kamperveen,nas-persons-field,,1,Het dilemma van Derby,Johnny Kamperveen,true,high-precision
5e0c9680-b4da-304f-c5e2-25474ad4b884::430b0e80-5843-e012-2266-a1c39bd2f274,5e0c9680-b4da-304f-c5e2-25474ad4b884,430b0e80-5843-e012-2266-a1c39bd2f274,video,SR-NA_02_0838,2003,personsRaw,person,person,Henry Derby,henry derby,Henry Derby,nas-persons-field,,1,Het dilemma van Derby,Henry Derby,true,high-precision
5e0c9680-b4da-304f-c5e2-25474ad4b884::430b0e80-5843-e012-2266-a1c39bd2f274,5e0c9680-b4da-304f-c5e2-25474ad4b884,430b0e80-5843-e012-2266-a1c39bd2f274,video,SR-NA_02_0838,2003,personsRaw,person,person,Jack Kross,jack kross,Jack Kross,nas-persons-field,,1,Het dilemma van Derby,Jack Kross,true,high-precision
5e0c9680-b4da-304f-c5e2-25474ad4b884::430b0e80-5843-e012-2266-a1c39bd2f274,5e0c9680-b4da-304f-c5e2-25474ad4b884,430b0e80-5843-e012-2266-a1c39bd2f274,video,SR-NA_02_0838,2003,personsRaw,person,person,Henk Arron,henk arron,Henk Arron,nas-persons-field,,1,Het dilemma van Derby,Henk Arron,true,high-precision
5e0c9680-b4da-304f-c5e2-25474ad4b884::430b0e80-5843-e012-2266-a1c39bd2f274,5e0c9680-b4da-304f-c5e2-25474ad4b884,430b0e80-5843-e012-2266-a1c39bd2f274,video,SR-NA_02_0838,2003,personsRaw,person,person,Maurice Bishop,maurice bishop,Maurice Bishop,nas-persons-field,,1,Het dilemma van Derby,Maurice Bishop,true,high-precision
5e0c9680-b4da-304f-c5e2-25474ad4b884::430b0e80-5843-e012-2266-a1c39bd2f274,5e0c9680-b4da-304f-c5e2-25474ad4b884,430b0e80-5843-e012-2266-a1c39bd2f274,video,SR-NA_02_0838,2003,personsRaw,person,person,W.Schaap,w schaap,W.Schaap,nas-persons-field,,1,Het dilemma van Derby,W.Schaap,true,high-precision
5e0c9680-b4da-304f-c5e2-25474ad4b884::430b0e80-5843-e012-2266-a1c39bd2f274,5e0c9680-b4da-304f-c5e2-25474ad4b884,430b0e80-5843-e012-2266-a1c39bd2f274,video,SR-NA_02_0838,2003,personsRaw,person,person,Nita Ramcharan,nita ramcharan,Nita Ramcharan,nas-persons-field,,1,Het dilemma van Derby,Nita Ramcharan,true,high-precision
5e0c9680-b4da-304f-c5e2-25474ad4b884::430b0e80-5843-e012-2266-a1c39bd2f274,5e0c9680-b4da-304f-c5e2-25474ad4b884,430b0e80-5843-e012-2266-a1c39bd2f274,video,SR-NA_02_0838,2003,personsRaw,person,person,Lodewijk de Waal,lodewijk de waal,Lodewijk de Waal,nas-persons-field,,1,Het dilemma van Derby,Lodewijk de Waal,true,high-precision
5e0c9680-b4da-304f-c5e2-25474ad4b884::430b0e80-5843-e012-2266-a1c39bd2f274,5e0c9680-b4da-304f-c5e2-25474ad4b884,430b0e80-5843-e012-2266-a1c39bd2f274,video,SR-NA_02_0838,2003,personsRaw,person,person,Jim Boussaid,jim boussaid,Jim Boussaid,nas-persons-field,,1,Het dilemma van Derby,Jim Boussaid,true,high-precision
5e0c9680-b4da-304f-c5e2-25474ad4b884::430b0e80-5843-e012-2266-a1c39bd2f274,5e0c9680-b4da-304f-c5e2-25474ad4b884,430b0e80-5843-e012-2266-a1c39bd2f274,video,SR-NA_02_0838,2003,personsRaw,person,person,P. Singotiko,p singotiko,P. Singotiko,nas-persons-field,,1,Het dilemma van Derby,P. Singotiko,true,high-precision
5e0c9680-b4da-304f-c5e2-25474ad4b884::430b0e80-5843-e012-2266-a1c39bd2f274,5e0c9680-b4da-304f-c5e2-25474ad4b884,430b0e80-5843-e012-2266-a1c39bd2f274,video,SR-NA_02_0838,2003,personsRaw,person,person,Maarten Schalkwijk,maarten schalkwijk,Maarten Schalkwijk,nas-persons-field,,1,Het dilemma van Derby,Maarten Schalkwijk,true,high-precision
5e0c9680-b4da-304f-c5e2-25474ad4b884::430b0e80-5843-e012-2266-a1c39bd2f274,5e0c9680-b4da-304f-c5e2-25474ad4b884,430b0e80-5843-e012-2266-a1c39bd2f274,video,SR-NA_02_0838,2003,personsRaw,person,person,R. Baar,r baar,R. Baar,nas-persons-field,,1,Het dilemma van Derby,R. Baar,true,high-precision
5ef12c17-6bc8-4e34-db94-72ff4ad2fa90::a89c51a8-7417-ecb0-dda4-18625392cf0e,5ef12c17-6bc8-4e34-db94-72ff4ad2fa90,a89c51a8-7417-ecb0-dda4-18625392cf0e,video,SR-NA_02_1040,Onbekend,personsRaw,person,person,Henri Blinker,henri blinker,Henri Blinker,nas-persons-field,,1,Minister Balesar over Rustwijk en kameelbrug,Henri Blinker,true,high-precision
5ef12c17-6bc8-4e34-db94-72ff4ad2fa90::a89c51a8-7417-ecb0-dda4-18625392cf0e,5ef12c17-6bc8-4e34-db94-72ff4ad2fa90,a89c51a8-7417-ecb0-dda4-18625392cf0e,video,SR-NA_02_1040,Onbekend,personsRaw,person,person,Ewald Gerard,ewald gerard,Ewald Gerard,nas-persons-field,,1,Minister Balesar over Rustwijk en kameelbrug,Ewald Gerard,true,high-precision
60cc8640-6c32-10b3-d549-e4ad46071c05::9c1c1720-11c1-fd97-5ce9-58309f90207c,60cc8640-6c32-10b3-d549-e4ad46071c05,9c1c1720-11c1-fd97-5ce9-58309f90207c,video,SR-NA_02_1340,Onbekend,personsRaw,person,person,Chan Santhoki,chan santhoki,Chan Santhoki,nas-persons-field,,1,Chan Santhoki over uitspraak dat Bouterse VHP kan opsluiten,Chan Santhoki,true,high-precision
61c1fdb8-30bc-96cf-3728-1e5b09f76f89::c6790a00-6a84-e727-1e8b-4ced5c9c8c14,61c1fdb8-30bc-96cf-3728-1e5b09f76f89,c6790a00-6a84-e727-1e8b-4ced5c9c8c14,video,SR-NA_02_0855,1 mei 1988,description,place,street,Wanicastraat,wanicastraat,Wanicastraat,paramaribo-street-standardization,,1,Arbeidersdag in Ravaksur verband,"t ABO-terrein aan de Johannes Mungrastraat, bij C-47 aan de Wanicastraat. Moederbond-voorzitter Fred van Russel legde op de begraafplaats Annetashof aan de Coppenamestraat een krans op het gra",true,high-precision
61c2ef8c-3117-5e1f-5c55-f83b8f529444::679704f6-6dfe-057f-0a9d-bb80a5e5c89d,61c2ef8c-3117-5e1f-5c55-f83b8f529444,679704f6-6dfe-057f-0a9d-bb80a5e5c89d,video,SR-NA_02_1070,2008,personsRaw,person,person,Ramon Keizer,ramon keizer,Ramon Keizer,nas-persons-field,,1,"Vliegramp Blue Wings nabij Lawa-Antino, Benzdorp",Ramon Keizer,true,high-precision
61c2ef8c-3117-5e1f-5c55-f83b8f529444::679704f6-6dfe-057f-0a9d-bb80a5e5c89d,61c2ef8c-3117-5e1f-5c55-f83b8f529444,679704f6-6dfe-057f-0a9d-bb80a5e5c89d,video,SR-NA_02_1070,2008,personsRaw,person,person,John Veira,john veira,John Veira,nas-persons-field,,1,"Vliegramp Blue Wings nabij Lawa-Antino, Benzdorp",John Veira,true,high-precision
61c2ef8c-3117-5e1f-5c55-f83b8f529444::679704f6-6dfe-057f-0a9d-bb80a5e5c89d,61c2ef8c-3117-5e1f-5c55-f83b8f529444,679704f6-6dfe-057f-0a9d-bb80a5e5c89d,video,SR-NA_02_1070,2008,personsRaw,person,person,Richel Apinsa,richel apinsa,Richel Apinsa,nas-persons-field,,1,"Vliegramp Blue Wings nabij Lawa-Antino, Benzdorp",Richel Apinsa,true,high-precision
61c2ef8c-3117-5e1f-5c55-f83b8f529444::679704f6-6dfe-057f-0a9d-bb80a5e5c89d,61c2ef8c-3117-5e1f-5c55-f83b8f529444,679704f6-6dfe-057f-0a9d-bb80a5e5c89d,video,SR-NA_02_1070,2008,personsRaw,person,person,Ronnie Brunswijk,ronnie brunswijk,Ronnie Brunswijk,nas-persons-field,,1,"Vliegramp Blue Wings nabij Lawa-Antino, Benzdorp",Ronnie Brunswijk,true,high-precision
61c2ef8c-3117-5e1f-5c55-f83b8f529444::679704f6-6dfe-057f-0a9d-bb80a5e5c89d,61c2ef8c-3117-5e1f-5c55-f83b8f529444,679704f6-6dfe-057f-0a9d-bb80a5e5c89d,video,SR-NA_02_1070,2008,personsRaw,person,person,Jerrel van Embrics,jerrel van embrics,Jerrel van Embrics,nas-persons-field,,1,"Vliegramp Blue Wings nabij Lawa-Antino, Benzdorp",Jerrel van Embrics,true,high-precision
61f2267b-8c87-eaf0-9414-28d13846fbaa::0ab7469a-295f-b086-e125-a664be8e6e18,61f2267b-8c87-eaf0-9414-28d13846fbaa,0ab7469a-295f-b086-e125-a664be8e6e18,video,SR-NA_02_0977_002,Onbekend,title,place,river,Nickerie,nickerie,Nickerie,stm-gazetteer,stm-00261,1,Jaardag streekziekenhuis Nickerie deel 2,Jaardag streekziekenhuis Nickerie deel 2,true,high-precision
63f1ae70-bbdc-16b4-5ca9-2664ba8f8871::7d20ef13-7eda-faeb-ba11-14282265ac37,63f1ae70-bbdc-16b4-5ca9-2664ba8f8871,7d20ef13-7eda-faeb-ba11-14282265ac37,video,SR-NA_02_1329,Onbekend,title,place,street,Domineestraat,domineestraat,Domineestraat,paramaribo-street-standardization,,1,Een drukte in de binnenstad aan de Domineestraat,Een drukte in de binnenstad aan de Domineestraat,true,high-precision
63f1ae70-bbdc-16b4-5ca9-2664ba8f8871::7d20ef13-7eda-faeb-ba11-14282265ac37,63f1ae70-bbdc-16b4-5ca9-2664ba8f8871,7d20ef13-7eda-faeb-ba11-14282265ac37,video,SR-NA_02_1329,Onbekend,description,place,street,Domineestraat,domineestraat,Domineestraat,paramaribo-street-standardization,,1,Een drukte in de binnenstad aan de Domineestraat,"Er heerst een gezellige drukte in de binnenstad aan de Domineestraat met voetgangers, automobilisten, bromfietsers waar te nemen zijn. De winkels/zaken Star Shoes, Sieng Sieng, Dojo Coutur",true,high-precision
63f1ae70-bbdc-16b4-5ca9-2664ba8f8871::7d20ef13-7eda-faeb-ba11-14282265ac37,63f1ae70-bbdc-16b4-5ca9-2664ba8f8871,7d20ef13-7eda-faeb-ba11-14282265ac37,video,SR-NA_02_1329,Onbekend,keywords,place,street,Domineestraat,domineestraat,Domineestraat,paramaribo-street-standardization,,1,Een drukte in de binnenstad aan de Domineestraat,drukte | binnenstad | Domineestraat | voetgangers | automobilisten | bromfietsers | Star Shoes | Sieng Sieng | Dojo Couture | Charis Adon | Moneyline | Kon,true,high-precision
650043ec-517c-c244-94f9-5bda4b25df3a::5f725ea9-cbfe-c11d-22b3-2249acd59e30,650043ec-517c-c244-94f9-5bda4b25df3a,5f725ea9-cbfe-c11d-22b3-2249acd59e30,video,SR-NA_02_0045,Onbekend,title,place,river,Nickerie,nickerie,Nickerie,stm-gazetteer,stm-00261,1,Bezoek minister Girjasing aan Nickerie,Bezoek minister Girjasing aan Nickerie,true,high-precision
650043ec-517c-c244-94f9-5bda4b25df3a::5f725ea9-cbfe-c11d-22b3-2249acd59e30,650043ec-517c-c244-94f9-5bda4b25df3a,5f725ea9-cbfe-c11d-22b3-2249acd59e30,video,SR-NA_02_0045,Onbekend,description,place,river,Nickerie,nickerie,Nickerie,stm-gazetteer,stm-00261,1,Bezoek minister Girjasing aan Nickerie,"Minister Soeshiel Girjasing van Justitie en Politie bezoekt Nickerie. Gesproken wordt over onder andere smokkel van brandstof, rijst en babyvoeding naar en van Guyana",true,high-precision
65dca820-4466-7dc6-427b-aca8615e74ef::2ebc6896-ce4f-5839-e57b-476b4144df23,65dca820-4466-7dc6-427b-aca8615e74ef,2ebc6896-ce4f-5839-e57b-476b4144df23,video,SR-NA_02_0851,Onbekend,description,place,plantation,Industrie,industrie,Industrie,stm-gazetteer,stm-00858,1,Nacovar over vleesschaarste en reactie VP Arron,wil de zaak onder de aandacht van de minister van Handel en Industrie brengen,true,high-precision
676d8e0f-8557-cd04-535b-7c880b4a18df::86316885-27b4-b4a4-e9c4-86c27a265c99,676d8e0f-8557-cd04-535b-7c880b4a18df,86316885-27b4-b4a4-e9c4-86c27a265c99,video,SR-NA_02_1359,Onbekend,personsRaw,person,person,Gregory Rusland,gregory rusland,Gregory Rusland,nas-persons-field,,1,Gregory Rusland over verkiezingsprogramma van Samenwerkende Partijen,Gregory Rusland,true,high-precision
6771fd94-4497-4c14-170b-e2fc4e9de14b::547a68ce-8e8e-535e-88dc-043df47b3a14,6771fd94-4497-4c14-170b-e2fc4e9de14b,547a68ce-8e8e-535e-88dc-043df47b3a14,video,SR-NA_02_1358,Onbekend,personsRaw,person,person,Desi Bouterse,desi bouterse,Desi Bouterse,nas-persons-field,,1,Buurtvergadering NDP en Bouterse,Desi Bouterse,true,high-precision
67872481-fd58-b09b-100b-af0660659b86::7e2eae18-4619-3362-0e35-8686db4a034f,67872481-fd58-b09b-100b-af0660659b86,7e2eae18-4619-3362-0e35-8686db4a034f,video,SR-NA_02_1306,2022,personsRaw,person,person,Djoel,djoel,Djoel,nas-persons-field,,1,"Wi Kondre, Aflevering 2. Kinderspelen van vroeger",Djoel,true,high-precision
67872481-fd58-b09b-100b-af0660659b86::7e2eae18-4619-3362-0e35-8686db4a034f,67872481-fd58-b09b-100b-af0660659b86,7e2eae18-4619-3362-0e35-8686db4a034f,video,SR-NA_02_1306,2022,personsRaw,person,person,Djompo Futu,djompo futu,Djompo Futu,nas-persons-field,,1,"Wi Kondre, Aflevering 2. Kinderspelen van vroeger",Djompo Futu,true,high-precision
67872481-fd58-b09b-100b-af0660659b86::7e2eae18-4619-3362-0e35-8686db4a034f,67872481-fd58-b09b-100b-af0660659b86,7e2eae18-4619-3362-0e35-8686db4a034f,video,SR-NA_02_1306,2022,personsRaw,person,person,Fefiston,fefiston,Fefiston,nas-persons-field,,1,"Wi Kondre, Aflevering 2. Kinderspelen van vroeger",Fefiston,true,high-precision
67872481-fd58-b09b-100b-af0660659b86::7e2eae18-4619-3362-0e35-8686db4a034f,67872481-fd58-b09b-100b-af0660659b86,7e2eae18-4619-3362-0e35-8686db4a034f,video,SR-NA_02_1306,2022,personsRaw,person,person,Kevin Headley,kevin headley,Kevin Headley,nas-persons-field,,1,"Wi Kondre, Aflevering 2. Kinderspelen van vroeger",Kevin Headley,true,high-precision
67872481-fd58-b09b-100b-af0660659b86::7e2eae18-4619-3362-0e35-8686db4a034f,67872481-fd58-b09b-100b-af0660659b86,7e2eae18-4619-3362-0e35-8686db4a034f,video,SR-NA_02_1306,2022,personsRaw,person,person,Tico Koopmans,tico koopmans,Tico Koopmans,nas-persons-field,,1,"Wi Kondre, Aflevering 2. Kinderspelen van vroeger",Tico Koopmans,true,high-precision
67872481-fd58-b09b-100b-af0660659b86::7e2eae18-4619-3362-0e35-8686db4a034f,67872481-fd58-b09b-100b-af0660659b86,7e2eae18-4619-3362-0e35-8686db4a034f,video,SR-NA_02_1306,2022,personsRaw,person,person,Ann Hermelijn,ann hermelijn,Ann Hermelijn,nas-persons-field,,1,"Wi Kondre, Aflevering 2. Kinderspelen van vroeger",Ann Hermelijn,true,high-precision
67872481-fd58-b09b-100b-af0660659b86::7e2eae18-4619-3362-0e35-8686db4a034f,67872481-fd58-b09b-100b-af0660659b86,7e2eae18-4619-3362-0e35-8686db4a034f,video,SR-NA_02_1306,2022,personsRaw,person,person,Giorgio de la Fuente,giorgio de la fuente,Giorgio de la Fuente,nas-persons-field,,1,"Wi Kondre, Aflevering 2. Kinderspelen van vroeger",Giorgio de la Fuente,true,high-precision
67872481-fd58-b09b-100b-af0660659b86::7e2eae18-4619-3362-0e35-8686db4a034f,67872481-fd58-b09b-100b-af0660659b86,7e2eae18-4619-3362-0e35-8686db4a034f,video,SR-NA_02_1306,2022,personsRaw,person,person,Anthony Stippel,anthony stippel,Anthony Stippel,nas-persons-field,,1,"Wi Kondre, Aflevering 2. Kinderspelen van vroeger",Anthony Stippel,true,high-precision
67872481-fd58-b09b-100b-af0660659b86::7e2eae18-4619-3362-0e35-8686db4a034f,67872481-fd58-b09b-100b-af0660659b86,7e2eae18-4619-3362-0e35-8686db4a034f,video,SR-NA_02_1306,2022,personsRaw,person,person,Donovan Ceeder,donovan ceeder,Donovan Ceeder,nas-persons-field,,1,"Wi Kondre, Aflevering 2. Kinderspelen van vroeger",Donovan Ceeder,true,high-precision
67872481-fd58-b09b-100b-af0660659b86::7e2eae18-4619-3362-0e35-8686db4a034f,67872481-fd58-b09b-100b-af0660659b86,7e2eae18-4619-3362-0e35-8686db4a034f,video,SR-NA_02_1306,2022,personsRaw,person,person,Vernon Fredison,vernon fredison,Vernon Fredison,nas-persons-field,,1,"Wi Kondre, Aflevering 2. Kinderspelen van vroeger",Vernon Fredison,true,high-precision
67872481-fd58-b09b-100b-af0660659b86::7e2eae18-4619-3362-0e35-8686db4a034f,67872481-fd58-b09b-100b-af0660659b86,7e2eae18-4619-3362-0e35-8686db4a034f,video,SR-NA_02_1306,2022,personsRaw,person,person,Chantal Rijker,chantal rijker,Chantal Rijker,nas-persons-field,,1,"Wi Kondre, Aflevering 2. Kinderspelen van vroeger",Chantal Rijker,true,high-precision
67872481-fd58-b09b-100b-af0660659b86::7e2eae18-4619-3362-0e35-8686db4a034f,67872481-fd58-b09b-100b-af0660659b86,7e2eae18-4619-3362-0e35-8686db4a034f,video,SR-NA_02_1306,2022,personsRaw,person,person,Ivan Ritfeld,ivan ritfeld,Ivan Ritfeld,nas-persons-field,,1,"Wi Kondre, Aflevering 2. Kinderspelen van vroeger",Ivan Ritfeld,true,high-precision
67872481-fd58-b09b-100b-af0660659b86::7e2eae18-4619-3362-0e35-8686db4a034f,67872481-fd58-b09b-100b-af0660659b86,7e2eae18-4619-3362-0e35-8686db4a034f,video,SR-NA_02_1306,2022,personsRaw,person,person,Steven van Frederikslust,steven van frederikslust,Steven van Frederikslust,nas-persons-field,,1,"Wi Kondre, Aflevering 2. Kinderspelen van vroeger",Steven van Frederikslust,true,high-precision
67872481-fd58-b09b-100b-af0660659b86::7e2eae18-4619-3362-0e35-8686db4a034f,67872481-fd58-b09b-100b-af0660659b86,7e2eae18-4619-3362-0e35-8686db4a034f,video,SR-NA_02_1306,2022,personsRaw,person,person,Joey Impoza,joey impoza,Joey Impoza,nas-persons-field,,1,"Wi Kondre, Aflevering 2. Kinderspelen van vroeger",Joey Impoza,true,high-precision
67872481-fd58-b09b-100b-af0660659b86::7e2eae18-4619-3362-0e35-8686db4a034f,67872481-fd58-b09b-100b-af0660659b86,7e2eae18-4619-3362-0e35-8686db4a034f,video,SR-NA_02_1306,2022,personsRaw,person,person,Everts Aliredjo,everts aliredjo,Everts Aliredjo,nas-persons-field,,1,"Wi Kondre, Aflevering 2. Kinderspelen van vroeger",Everts Aliredjo,true,high-precision
67872481-fd58-b09b-100b-af0660659b86::7e2eae18-4619-3362-0e35-8686db4a034f,67872481-fd58-b09b-100b-af0660659b86,7e2eae18-4619-3362-0e35-8686db4a034f,video,SR-NA_02_1306,2022,personsRaw,person,person,C-Futego,c-futego,C-Futego,nas-persons-field,,1,"Wi Kondre, Aflevering 2. Kinderspelen van vroeger",C-Futego,true,high-precision
67872481-fd58-b09b-100b-af0660659b86::7e2eae18-4619-3362-0e35-8686db4a034f,67872481-fd58-b09b-100b-af0660659b86,7e2eae18-4619-3362-0e35-8686db4a034f,video,SR-NA_02_1306,2022,personsRaw,person,person,Erik Lucassen,erik lucassen,Erik Lucassen,nas-persons-field,,1,"Wi Kondre, Aflevering 2. Kinderspelen van vroeger",Erik Lucassen,true,high-precision
67872481-fd58-b09b-100b-af0660659b86::7e2eae18-4619-3362-0e35-8686db4a034f,67872481-fd58-b09b-100b-af0660659b86,7e2eae18-4619-3362-0e35-8686db4a034f,video,SR-NA_02_1306,2022,personsRaw,person,person,Kristina Petrasova,kristina petrasova,Kristina Petrasova,nas-persons-field,,1,"Wi Kondre, Aflevering 2. Kinderspelen van vroeger",Kristina Petrasova,true,high-precision
67872481-fd58-b09b-100b-af0660659b86::7e2eae18-4619-3362-0e35-8686db4a034f,67872481-fd58-b09b-100b-af0660659b86,7e2eae18-4619-3362-0e35-8686db4a034f,video,SR-NA_02_1306,2022,personsRaw,person,person,Marijke Sonneveld,marijke sonneveld,Marijke Sonneveld,nas-persons-field,,1,"Wi Kondre, Aflevering 2. Kinderspelen van vroeger",Marijke Sonneveld,true,high-precision
67872481-fd58-b09b-100b-af0660659b86::7e2eae18-4619-3362-0e35-8686db4a034f,67872481-fd58-b09b-100b-af0660659b86,7e2eae18-4619-3362-0e35-8686db4a034f,video,SR-NA_02_1306,2022,personsRaw,person,person,Zabdai Zamuel,zabdai zamuel,Zabdai Zamuel,nas-persons-field,,1,"Wi Kondre, Aflevering 2. Kinderspelen van vroeger",Zabdai Zamuel,true,high-precision
67872481-fd58-b09b-100b-af0660659b86::7e2eae18-4619-3362-0e35-8686db4a034f,67872481-fd58-b09b-100b-af0660659b86,7e2eae18-4619-3362-0e35-8686db4a034f,video,SR-NA_02_1306,2022,personsRaw,person,person,Marciano Zalman,marciano zalman,Marciano Zalman,nas-persons-field,,1,"Wi Kondre, Aflevering 2. Kinderspelen van vroeger",Marciano Zalman,true,high-precision
67872481-fd58-b09b-100b-af0660659b86::7e2eae18-4619-3362-0e35-8686db4a034f,67872481-fd58-b09b-100b-af0660659b86,7e2eae18-4619-3362-0e35-8686db4a034f,video,SR-NA_02_1306,2022,personsRaw,person,person,School voor Jong Talent Suriname,school voor jong talent suriname,School voor Jong Talent Suriname,nas-persons-field,,1,"Wi Kondre, Aflevering 2. Kinderspelen van vroeger",School voor Jong Talent Suriname,true,high-precision
67872481-fd58-b09b-100b-af0660659b86::7e2eae18-4619-3362-0e35-8686db4a034f,67872481-fd58-b09b-100b-af0660659b86,7e2eae18-4619-3362-0e35-8686db4a034f,video,SR-NA_02_1306,2022,personsRaw,person,person,AVATROS,avatros,AVATROS,nas-persons-field,,1,"Wi Kondre, Aflevering 2. Kinderspelen van vroeger",AVATROS,true,high-precision
67872481-fd58-b09b-100b-af0660659b86::7e2eae18-4619-3362-0e35-8686db4a034f,67872481-fd58-b09b-100b-af0660659b86,7e2eae18-4619-3362-0e35-8686db4a034f,video,SR-NA_02_1306,2022,personsRaw,person,person,VARA,vara,VARA,nas-persons-field,,1,"Wi Kondre, Aflevering 2. Kinderspelen van vroeger",VARA,true,high-precision
67872481-fd58-b09b-100b-af0660659b86::7e2eae18-4619-3362-0e35-8686db4a034f,67872481-fd58-b09b-100b-af0660659b86,7e2eae18-4619-3362-0e35-8686db4a034f,video,SR-NA_02_1306,2022,personsRaw,person,person,NTSR,ntsr,NTSR,nas-persons-field,,1,"Wi Kondre, Aflevering 2. Kinderspelen van vroeger",NTSR,true,high-precision
6793eb02-c938-e84a-9e2b-28eb9db291cb::4717ea1b-03ee-e0b9-29b3-f3ecccb3f333,6793eb02-c938-e84a-9e2b-28eb9db291cb,4717ea1b-03ee-e0b9-29b3-f3ecccb3f333,video,SR-NA_02_1041,Onbekend,description,place,plantation,Industrie,industrie,Industrie,stm-gazetteer,stm-00858,1,Eddy Jharap over 20 jaar staatsolie,"dat Suriname in een moeilijke periode gelukt is een moderne industrie uit de grond te stampen en staande te houden. Marc Waalwijk, die Jharap daarna opvolgde, onderkent dat het bedrijf vers",true,high-precision
67b9394d-b8b8-d523-2106-c2f5a40ed4d0::808b0874-90c2-491e-9bbf-13d6ab48c7b0,67b9394d-b8b8-d523-2106-c2f5a40ed4d0,808b0874-90c2-491e-9bbf-13d6ab48c7b0,image,SR-NA_01_0263,1990,title,place,street,Maagdenstraat,maagdenstraat,Maagdenstraat,paramaribo-street-standardization,,1,Maagdenstraat,Maagdenstraat,true,high-precision
67b9394d-b8b8-d523-2106-c2f5a40ed4d0::808b0874-90c2-491e-9bbf-13d6ab48c7b0,67b9394d-b8b8-d523-2106-c2f5a40ed4d0,808b0874-90c2-491e-9bbf-13d6ab48c7b0,image,SR-NA_01_0263,1990,description,place,street,Maagdenstraat,maagdenstraat,Maagdenstraat,paramaribo-street-standardization,,1,Maagdenstraat,Maagdenstraat bezien vanuit de Knuffelsgracht,true,high-precision
67b9394d-b8b8-d523-2106-c2f5a40ed4d0::808b0874-90c2-491e-9bbf-13d6ab48c7b0,67b9394d-b8b8-d523-2106-c2f5a40ed4d0,808b0874-90c2-491e-9bbf-13d6ab48c7b0,image,SR-NA_01_0263,1990,description,place,street,Knuffelsgracht,knuffelsgracht,Knuffelsgracht,paramaribo-street-standardization,,1,Maagdenstraat,Maagdenstraat bezien vanuit de Knuffelsgracht,true,high-precision
6a672be8-2096-c215-1c5f-bdb0fbbdd554::dd5247c1-c57d-b94d-7451-76773f82667d,6a672be8-2096-c215-1c5f-bdb0fbbdd554,dd5247c1-c57d-b94d-7451-76773f82667d,video,SR-NA_02_0998_001,25-11-2002,personsRaw,person,person,Lloyd Groenewoud,lloyd groenewoud,Lloyd Groenewoud,nas-persons-field,,1,Persconferentie President Ronald Venetiaan deel 1,Lloyd Groenewoud,true,high-precision
6a672be8-2096-c215-1c5f-bdb0fbbdd554::dd5247c1-c57d-b94d-7451-76773f82667d,6a672be8-2096-c215-1c5f-bdb0fbbdd554,dd5247c1-c57d-b94d-7451-76773f82667d,video,SR-NA_02_0998_001,25-11-2002,personsRaw,person,person,MacNack,macnack,MacNack,nas-persons-field,,1,Persconferentie President Ronald Venetiaan deel 1,MacNack,true,high-precision
6a672be8-2096-c215-1c5f-bdb0fbbdd554::dd5247c1-c57d-b94d-7451-76773f82667d,6a672be8-2096-c215-1c5f-bdb0fbbdd554,dd5247c1-c57d-b94d-7451-76773f82667d,video,SR-NA_02_0998_001,25-11-2002,personsRaw,person,person,Jenny Ramautarsingh,jenny ramautarsingh,Jenny Ramautarsingh,nas-persons-field,,1,Persconferentie President Ronald Venetiaan deel 1,Jenny Ramautarsingh,true,high-precision
6a672be8-2096-c215-1c5f-bdb0fbbdd554::dd5247c1-c57d-b94d-7451-76773f82667d,6a672be8-2096-c215-1c5f-bdb0fbbdd554,dd5247c1-c57d-b94d-7451-76773f82667d,video,SR-NA_02_0998_001,25-11-2002,personsRaw,person,person,Robert Ameerali,robert ameerali,Robert Ameerali,nas-persons-field,,1,Persconferentie President Ronald Venetiaan deel 1,Robert Ameerali,true,high-precision
6a672be8-2096-c215-1c5f-bdb0fbbdd554::dd5247c1-c57d-b94d-7451-76773f82667d,6a672be8-2096-c215-1c5f-bdb0fbbdd554,dd5247c1-c57d-b94d-7451-76773f82667d,video,SR-NA_02_0998_001,25-11-2002,personsRaw,person,person,politie-inspecteur Leroy Cadogan,politie-inspecteur leroy cadogan,politie-inspecteur Leroy Cadogan,nas-persons-field,,1,Persconferentie President Ronald Venetiaan deel 1,politie-inspecteur Leroy Cadogan,true,high-precision
6a672be8-2096-c215-1c5f-bdb0fbbdd554::dd5247c1-c57d-b94d-7451-76773f82667d,6a672be8-2096-c215-1c5f-bdb0fbbdd554,dd5247c1-c57d-b94d-7451-76773f82667d,video,SR-NA_02_0998_001,25-11-2002,personsRaw,person,person,Danielle Vieira,danielle vieira,Danielle Vieira,nas-persons-field,,1,Persconferentie President Ronald Venetiaan deel 1,Danielle Vieira,true,high-precision
6a672be8-2096-c215-1c5f-bdb0fbbdd554::dd5247c1-c57d-b94d-7451-76773f82667d,6a672be8-2096-c215-1c5f-bdb0fbbdd554,dd5247c1-c57d-b94d-7451-76773f82667d,video,SR-NA_02_0998_001,25-11-2002,personsRaw,person,person,Minister-Defensie Ronald Assen,minister-defensie ronald assen,Minister-Defensie Ronald Assen,nas-persons-field,,1,Persconferentie President Ronald Venetiaan deel 1,Minister-Defensie Ronald Assen,true,high-precision
6a672be8-2096-c215-1c5f-bdb0fbbdd554::dd5247c1-c57d-b94d-7451-76773f82667d,6a672be8-2096-c215-1c5f-bdb0fbbdd554,dd5247c1-c57d-b94d-7451-76773f82667d,video,SR-NA_02_0998_001,25-11-2002,personsRaw,person,person,DNA-voorzitter Ram Sardjoe,dna-voorzitter ram sardjoe,DNA-voorzitter Ram Sardjoe,nas-persons-field,,1,Persconferentie President Ronald Venetiaan deel 1,DNA-voorzitter Ram Sardjoe,true,high-precision
6a672be8-2096-c215-1c5f-bdb0fbbdd554::dd5247c1-c57d-b94d-7451-76773f82667d,6a672be8-2096-c215-1c5f-bdb0fbbdd554,dd5247c1-c57d-b94d-7451-76773f82667d,video,SR-NA_02_0998_001,25-11-2002,personsRaw,person,person,Minister Antillen Etienne Ys,minister antillen etienne ys,Minister Antillen Etienne Ys,nas-persons-field,,1,Persconferentie President Ronald Venetiaan deel 1,Minister Antillen Etienne Ys,true,high-precision
6a672be8-2096-c215-1c5f-bdb0fbbdd554::dd5247c1-c57d-b94d-7451-76773f82667d,6a672be8-2096-c215-1c5f-bdb0fbbdd554,dd5247c1-c57d-b94d-7451-76773f82667d,video,SR-NA_02_0998_001,25-11-2002,personsRaw,person,person,CLO-voorzitter Ronald Hooghart,clo-voorzitter ronald hooghart,CLO-voorzitter Ronald Hooghart,nas-persons-field,,1,Persconferentie President Ronald Venetiaan deel 1,CLO-voorzitter Ronald Hooghart,true,high-precision
6a672be8-2096-c215-1c5f-bdb0fbbdd554::dd5247c1-c57d-b94d-7451-76773f82667d,6a672be8-2096-c215-1c5f-bdb0fbbdd554,dd5247c1-c57d-b94d-7451-76773f82667d,video,SR-NA_02_0998_001,25-11-2002,personsRaw,person,person,Buza-minister Marie Levens,buza-minister marie levens,Buza-minister Marie Levens,nas-persons-field,,1,Persconferentie President Ronald Venetiaan deel 1,Buza-minister Marie Levens,true,high-precision
6a672be8-2096-c215-1c5f-bdb0fbbdd554::dd5247c1-c57d-b94d-7451-76773f82667d,6a672be8-2096-c215-1c5f-bdb0fbbdd554,dd5247c1-c57d-b94d-7451-76773f82667d,video,SR-NA_02_0998_001,25-11-2002,personsRaw,person,person,Vakbondsleider Henk Shields,vakbondsleider henk shields,Vakbondsleider Henk Shields,nas-persons-field,,1,Persconferentie President Ronald Venetiaan deel 1,Vakbondsleider Henk Shields,true,high-precision
6b40b046-c160-596a-33c5-8731c26f3a43::afb3dd6c-eaf6-053b-d95f-a77429242d3e,6b40b046-c160-596a-33c5-8731c26f3a43,afb3dd6c-eaf6-053b-d95f-a77429242d3e,video,SR-NA_02_1309,2022,personsRaw,person,person,Kevin Headley,kevin headley,Kevin Headley,nas-persons-field,,1,"Wi Kondre, Aflevering 5. Gerechten van Suriname",Kevin Headley,true,high-precision
6b40b046-c160-596a-33c5-8731c26f3a43::afb3dd6c-eaf6-053b-d95f-a77429242d3e,6b40b046-c160-596a-33c5-8731c26f3a43,afb3dd6c-eaf6-053b-d95f-a77429242d3e,video,SR-NA_02_1309,2022,personsRaw,person,person,Tico Koopmans,tico koopmans,Tico Koopmans,nas-persons-field,,1,"Wi Kondre, Aflevering 5. Gerechten van Suriname",Tico Koopmans,true,high-precision
6b40b046-c160-596a-33c5-8731c26f3a43::afb3dd6c-eaf6-053b-d95f-a77429242d3e,6b40b046-c160-596a-33c5-8731c26f3a43,afb3dd6c-eaf6-053b-d95f-a77429242d3e,video,SR-NA_02_1309,2022,personsRaw,person,person,Ann Hermelijn,ann hermelijn,Ann Hermelijn,nas-persons-field,,1,"Wi Kondre, Aflevering 5. Gerechten van Suriname",Ann Hermelijn,true,high-precision
6b40b046-c160-596a-33c5-8731c26f3a43::afb3dd6c-eaf6-053b-d95f-a77429242d3e,6b40b046-c160-596a-33c5-8731c26f3a43,afb3dd6c-eaf6-053b-d95f-a77429242d3e,video,SR-NA_02_1309,2022,personsRaw,person,person,Giorgio de la Fuente,giorgio de la fuente,Giorgio de la Fuente,nas-persons-field,,1,"Wi Kondre, Aflevering 5. Gerechten van Suriname",Giorgio de la Fuente,true,high-precision
6b40b046-c160-596a-33c5-8731c26f3a43::afb3dd6c-eaf6-053b-d95f-a77429242d3e,6b40b046-c160-596a-33c5-8731c26f3a43,afb3dd6c-eaf6-053b-d95f-a77429242d3e,video,SR-NA_02_1309,2022,personsRaw,person,person,Anthony Stippel,anthony stippel,Anthony Stippel,nas-persons-field,,1,"Wi Kondre, Aflevering 5. Gerechten van Suriname",Anthony Stippel,true,high-precision
6b40b046-c160-596a-33c5-8731c26f3a43::afb3dd6c-eaf6-053b-d95f-a77429242d3e,6b40b046-c160-596a-33c5-8731c26f3a43,afb3dd6c-eaf6-053b-d95f-a77429242d3e,video,SR-NA_02_1309,2022,personsRaw,person,person,Donovan Ceeder,donovan ceeder,Donovan Ceeder,nas-persons-field,,1,"Wi Kondre, Aflevering 5. Gerechten van Suriname",Donovan Ceeder,true,high-precision
6b40b046-c160-596a-33c5-8731c26f3a43::afb3dd6c-eaf6-053b-d95f-a77429242d3e,6b40b046-c160-596a-33c5-8731c26f3a43,afb3dd6c-eaf6-053b-d95f-a77429242d3e,video,SR-NA_02_1309,2022,personsRaw,person,person,Vernon Fredison,vernon fredison,Vernon Fredison,nas-persons-field,,1,"Wi Kondre, Aflevering 5. Gerechten van Suriname",Vernon Fredison,true,high-precision
6b40b046-c160-596a-33c5-8731c26f3a43::afb3dd6c-eaf6-053b-d95f-a77429242d3e,6b40b046-c160-596a-33c5-8731c26f3a43,afb3dd6c-eaf6-053b-d95f-a77429242d3e,video,SR-NA_02_1309,2022,personsRaw,person,person,Chantal Rijker,chantal rijker,Chantal Rijker,nas-persons-field,,1,"Wi Kondre, Aflevering 5. Gerechten van Suriname",Chantal Rijker,true,high-precision
6b40b046-c160-596a-33c5-8731c26f3a43::afb3dd6c-eaf6-053b-d95f-a77429242d3e,6b40b046-c160-596a-33c5-8731c26f3a43,afb3dd6c-eaf6-053b-d95f-a77429242d3e,video,SR-NA_02_1309,2022,personsRaw,person,person,Ivan Ritfeld,ivan ritfeld,Ivan Ritfeld,nas-persons-field,,1,"Wi Kondre, Aflevering 5. Gerechten van Suriname",Ivan Ritfeld,true,high-precision
6b40b046-c160-596a-33c5-8731c26f3a43::afb3dd6c-eaf6-053b-d95f-a77429242d3e,6b40b046-c160-596a-33c5-8731c26f3a43,afb3dd6c-eaf6-053b-d95f-a77429242d3e,video,SR-NA_02_1309,2022,personsRaw,person,person,Steven van Frederikslust,steven van frederikslust,Steven van Frederikslust,nas-persons-field,,1,"Wi Kondre, Aflevering 5. Gerechten van Suriname",Steven van Frederikslust,true,high-precision
6b40b046-c160-596a-33c5-8731c26f3a43::afb3dd6c-eaf6-053b-d95f-a77429242d3e,6b40b046-c160-596a-33c5-8731c26f3a43,afb3dd6c-eaf6-053b-d95f-a77429242d3e,video,SR-NA_02_1309,2022,personsRaw,person,person,Joey Impoza,joey impoza,Joey Impoza,nas-persons-field,,1,"Wi Kondre, Aflevering 5. Gerechten van Suriname",Joey Impoza,true,high-precision
6b40b046-c160-596a-33c5-8731c26f3a43::afb3dd6c-eaf6-053b-d95f-a77429242d3e,6b40b046-c160-596a-33c5-8731c26f3a43,afb3dd6c-eaf6-053b-d95f-a77429242d3e,video,SR-NA_02_1309,2022,personsRaw,person,person,Everts Aliredjo,everts aliredjo,Everts Aliredjo,nas-persons-field,,1,"Wi Kondre, Aflevering 5. Gerechten van Suriname",Everts Aliredjo,true,high-precision
6b40b046-c160-596a-33c5-8731c26f3a43::afb3dd6c-eaf6-053b-d95f-a77429242d3e,6b40b046-c160-596a-33c5-8731c26f3a43,afb3dd6c-eaf6-053b-d95f-a77429242d3e,video,SR-NA_02_1309,2022,personsRaw,person,person,C-Futego,c-futego,C-Futego,nas-persons-field,,1,"Wi Kondre, Aflevering 5. Gerechten van Suriname",C-Futego,true,high-precision
6b40b046-c160-596a-33c5-8731c26f3a43::afb3dd6c-eaf6-053b-d95f-a77429242d3e,6b40b046-c160-596a-33c5-8731c26f3a43,afb3dd6c-eaf6-053b-d95f-a77429242d3e,video,SR-NA_02_1309,2022,personsRaw,person,person,rik Lucassen,rik lucassen,rik Lucassen,nas-persons-field,,1,"Wi Kondre, Aflevering 5. Gerechten van Suriname",rik Lucassen,true,high-precision
6b40b046-c160-596a-33c5-8731c26f3a43::afb3dd6c-eaf6-053b-d95f-a77429242d3e,6b40b046-c160-596a-33c5-8731c26f3a43,afb3dd6c-eaf6-053b-d95f-a77429242d3e,video,SR-NA_02_1309,2022,personsRaw,person,person,Kristina Petrasova,kristina petrasova,Kristina Petrasova,nas-persons-field,,1,"Wi Kondre, Aflevering 5. Gerechten van Suriname",Kristina Petrasova,true,high-precision
6b40b046-c160-596a-33c5-8731c26f3a43::afb3dd6c-eaf6-053b-d95f-a77429242d3e,6b40b046-c160-596a-33c5-8731c26f3a43,afb3dd6c-eaf6-053b-d95f-a77429242d3e,video,SR-NA_02_1309,2022,personsRaw,person,person,Marijke Sonneveld,marijke sonneveld,Marijke Sonneveld,nas-persons-field,,1,"Wi Kondre, Aflevering 5. Gerechten van Suriname",Marijke Sonneveld,true,high-precision
6b40b046-c160-596a-33c5-8731c26f3a43::afb3dd6c-eaf6-053b-d95f-a77429242d3e,6b40b046-c160-596a-33c5-8731c26f3a43,afb3dd6c-eaf6-053b-d95f-a77429242d3e,video,SR-NA_02_1309,2022,personsRaw,person,person,Rita Tjien Fooh,rita tjien fooh,Rita Tjien Fooh,nas-persons-field,,1,"Wi Kondre, Aflevering 5. Gerechten van Suriname",Rita Tjien Fooh,true,high-precision
6b40b046-c160-596a-33c5-8731c26f3a43::afb3dd6c-eaf6-053b-d95f-a77429242d3e,6b40b046-c160-596a-33c5-8731c26f3a43,afb3dd6c-eaf6-053b-d95f-a77429242d3e,video,SR-NA_02_1309,2022,personsRaw,person,person,Sandjana Mohan,sandjana mohan,Sandjana Mohan,nas-persons-field,,1,"Wi Kondre, Aflevering 5. Gerechten van Suriname",Sandjana Mohan,true,high-precision
6b40b046-c160-596a-33c5-8731c26f3a43::afb3dd6c-eaf6-053b-d95f-a77429242d3e,6b40b046-c160-596a-33c5-8731c26f3a43,afb3dd6c-eaf6-053b-d95f-a77429242d3e,video,SR-NA_02_1309,2022,personsRaw,person,person,Osje Braumuller,osje braumuller,Osje Braumuller,nas-persons-field,,1,"Wi Kondre, Aflevering 5. Gerechten van Suriname",Osje Braumuller,true,high-precision
6b40b046-c160-596a-33c5-8731c26f3a43::afb3dd6c-eaf6-053b-d95f-a77429242d3e,6b40b046-c160-596a-33c5-8731c26f3a43,afb3dd6c-eaf6-053b-d95f-a77429242d3e,video,SR-NA_02_1309,2022,personsRaw,person,person,Stein Hoogdorp,stein hoogdorp,Stein Hoogdorp,nas-persons-field,,1,"Wi Kondre, Aflevering 5. Gerechten van Suriname",Stein Hoogdorp,true,high-precision
6b40b046-c160-596a-33c5-8731c26f3a43::afb3dd6c-eaf6-053b-d95f-a77429242d3e,6b40b046-c160-596a-33c5-8731c26f3a43,afb3dd6c-eaf6-053b-d95f-a77429242d3e,video,SR-NA_02_1309,2022,personsRaw,person,person,Lily Duym,lily duym,Lily Duym,nas-persons-field,,1,"Wi Kondre, Aflevering 5. Gerechten van Suriname",Lily Duym,true,high-precision
6d56aa42-58ba-0f09-0519-3bd14b08b2e9::4375d41a-2e82-a8e6-8ba2-10d18be65f96,6d56aa42-58ba-0f09-0519-3bd14b08b2e9,4375d41a-2e82-a8e6-8ba2-10d18be65f96,video,SR-NA_02_1069,Onbekend,personsRaw,person,person,oud-atleet Eddy Monsels,oud-atleet eddy monsels,oud-atleet Eddy Monsels,nas-persons-field,,1,GMD 58 jaar,oud-atleet Eddy Monsels,true,high-precision
6d56aa42-58ba-0f09-0519-3bd14b08b2e9::4375d41a-2e82-a8e6-8ba2-10d18be65f96,6d56aa42-58ba-0f09-0519-3bd14b08b2e9,4375d41a-2e82-a8e6-8ba2-10d18be65f96,video,SR-NA_02_1069,Onbekend,personsRaw,person,person,Binnenlandse oorlog,binnenlandse oorlog,Binnenlandse oorlog,nas-persons-field,,1,GMD 58 jaar,Binnenlandse oorlog,true,high-precision
6d56aa42-58ba-0f09-0519-3bd14b08b2e9::4375d41a-2e82-a8e6-8ba2-10d18be65f96,6d56aa42-58ba-0f09-0519-3bd14b08b2e9,4375d41a-2e82-a8e6-8ba2-10d18be65f96,video,SR-NA_02_1069,Onbekend,personsRaw,person,person,voedselpakket,voedselpakket,voedselpakket,nas-persons-field,,1,GMD 58 jaar,voedselpakket,true,high-precision
6e20fe70-574f-ac14-edf2-99328c4fb5de::029aba95-ccd0-0177-bec3-cd3ff7339480,6e20fe70-574f-ac14-edf2-99328c4fb5de,029aba95-ccd0-0177-bec3-cd3ff7339480,image,SR-NA_01_0473,1987,description,place,river,Marowijne,marowijne,Marowijne,stm-gazetteer,stm-00363,1,Binnenlandse oorlog,"stadje Moengo en de grensstad Albina, beide in het district Marowijne.",true,high-precision
6e42470b-0f93-83ff-10ec-840f7473ff84::1c0d7e21-590e-3a64-8e16-e26ad2e3ff84,6e42470b-0f93-83ff-10ec-840f7473ff84,1c0d7e21-590e-3a64-8e16-e26ad2e3ff84,video,SR-NA_02_0964,Onbekend,title,place,river,Nickerie,nickerie,Nickerie,stm-gazetteer,stm-00261,1,Startsein EBS elektrificatie project Nickerie,Startsein EBS elektrificatie project Nickerie,true,high-precision
6e42470b-0f93-83ff-10ec-840f7473ff84::1c0d7e21-590e-3a64-8e16-e26ad2e3ff84,6e42470b-0f93-83ff-10ec-840f7473ff84,1c0d7e21-590e-3a64-8e16-e26ad2e3ff84,video,SR-NA_02_0964,Onbekend,description,place,district,District Nickerie,district nickerie,District Nickerie,stm-gazetteer,stm-00002,1,Startsein EBS elektrificatie project Nickerie,"Bewoners van Groot Henar, Serie 12, in het district Nickerie zijn de regering Venetiaan-Ajodhia erkentelijk voor het aanleggen van elektriciteitsvoorziening in dat gebied. Een rege",true,high-precision
6e42470b-0f93-83ff-10ec-840f7473ff84::1c0d7e21-590e-3a64-8e16-e26ad2e3ff84,6e42470b-0f93-83ff-10ec-840f7473ff84,1c0d7e21-590e-3a64-8e16-e26ad2e3ff84,video,SR-NA_02_0964,Onbekend,description,place,river,Nickerie,nickerie,Nickerie,stm-gazetteer,stm-00261,1,Startsein EBS elektrificatie project Nickerie,"Bewoners van Groot Henar, Serie 12, in het district Nickerie zijn de regering Venetiaan-Ajodhia erkentelijk voor het aanleggen van elektriciteitsvoorziening in dat gebied. Een rege",true,high-precision
6f420f67-78ad-7540-e41f-580a174d0252::f40d01eb-18bb-3130-05a0-bfefa4cfcfd5,6f420f67-78ad-7540-e41f-580a174d0252,f40d01eb-18bb-3130-05a0-bfefa4cfcfd5,image,SR-NA_01_0241,Onbekend,title,place,street,Gravenstraat,gravenstraat,Gravenstraat,paramaribo-street-standardization,,1,Johan Ferrier Gravenstraat,Johan Ferrier Gravenstraat,true,high-precision
6f420f67-78ad-7540-e41f-580a174d0252::f40d01eb-18bb-3130-05a0-bfefa4cfcfd5,6f420f67-78ad-7540-e41f-580a174d0252,f40d01eb-18bb-3130-05a0-bfefa4cfcfd5,image,SR-NA_01_0241,Onbekend,description,place,street,Gravenstraat,gravenstraat,Gravenstraat,paramaribo-street-standardization,,1,Johan Ferrier Gravenstraat,Johan Ferrier ontvangt bloemen aan de Gravenstraat,true,high-precision
6f420f67-78ad-7540-e41f-580a174d0252::f40d01eb-18bb-3130-05a0-bfefa4cfcfd5,6f420f67-78ad-7540-e41f-580a174d0252,f40d01eb-18bb-3130-05a0-bfefa4cfcfd5,image,SR-NA_01_0241,Onbekend,keywords,place,street,Gravenstraat,gravenstraat,Gravenstraat,paramaribo-street-standardization,,1,Johan Ferrier Gravenstraat,Johan Ferrier | Gravenstraat,true,high-precision
6fa52686-4723-40c0-9f6a-e190daceecdd::3fc712ea-5e7c-0cab-37f4-dbcaa4222af0,6fa52686-4723-40c0-9f6a-e190daceecdd,3fc712ea-5e7c-0cab-37f4-dbcaa4222af0,image,SR-NA_01_0228,Onbekend,description,place,street,Watermolenstraat,watermolenstraat,Watermolenstraat,paramaribo-street-standardization,,1,Nederlandse Ambassade,Menigte mensen bij de Nederlandse Ambassade -toen- aan de watermolenstraat. Thans is het gevestigd aan de Van Rooseveldkade.,true,high-precision
708213b9-3466-00ba-d8ef-0a48b1e9a472::f9cbd1d1-2725-0d4c-a4f0-b3591feca4c5,708213b9-3466-00ba-d8ef-0a48b1e9a472,f9cbd1d1-2725-0d4c-a4f0-b3591feca4c5,video,SR-NA_02_0733,Onbekend,title,place,street,Waterkant,waterkant,Waterkant,paramaribo-street-standardization,,1,Eerste Jeugd Kawinafestival Paviljoen Waterkant,Eerste Jeugd Kawinafestival Paviljoen Waterkant,true,high-precision
708213b9-3466-00ba-d8ef-0a48b1e9a472::f9cbd1d1-2725-0d4c-a4f0-b3591feca4c5,708213b9-3466-00ba-d8ef-0a48b1e9a472,f9cbd1d1-2725-0d4c-a4f0-b3591feca4c5,video,SR-NA_02_0733,Onbekend,description,place,street,Waterkant,waterkant,Waterkant,paramaribo-street-standardization,,1,Eerste Jeugd Kawinafestival Paviljoen Waterkant,In de muziektent aan de Waterkant werd het eerste jeugd kawinafestival gehouden. Het festival had tot doel de kawinamuziek onder de jeugd te stimuleren,true,high-precision
73cfb84c-f28d-8fb9-5dc7-a4227083a275::5855da29-0baf-29e6-3ab0-fc6ad38f5a3a,73cfb84c-f28d-8fb9-5dc7-a4227083a275,5855da29-0baf-29e6-3ab0-fc6ad38f5a3a,video,SR-NA_02_1313,Juli 2003,personsRaw,person,person,Jules Ajodhia,jules ajodhia,Jules Ajodhia,nas-persons-field,,1,STVS Journaal van 17 juli 2003,Jules Ajodhia,true,high-precision
73cfb84c-f28d-8fb9-5dc7-a4227083a275::5855da29-0baf-29e6-3ab0-fc6ad38f5a3a,73cfb84c-f28d-8fb9-5dc7-a4227083a275,5855da29-0baf-29e6-3ab0-fc6ad38f5a3a,video,SR-NA_02_1313,Juli 2003,personsRaw,person,person,John  Defares,john defares,John  Defares,nas-persons-field,,1,STVS Journaal van 17 juli 2003,John  Defares,true,high-precision
73cfb84c-f28d-8fb9-5dc7-a4227083a275::5855da29-0baf-29e6-3ab0-fc6ad38f5a3a,73cfb84c-f28d-8fb9-5dc7-a4227083a275,5855da29-0baf-29e6-3ab0-fc6ad38f5a3a,video,SR-NA_02_1313,Juli 2003,personsRaw,person,person,Oemar Chiragally,oemar chiragally,Oemar Chiragally,nas-persons-field,,1,STVS Journaal van 17 juli 2003,Oemar Chiragally,true,high-precision
73cfb84c-f28d-8fb9-5dc7-a4227083a275::5855da29-0baf-29e6-3ab0-fc6ad38f5a3a,73cfb84c-f28d-8fb9-5dc7-a4227083a275,5855da29-0baf-29e6-3ab0-fc6ad38f5a3a,video,SR-NA_02_1313,Juli 2003,personsRaw,person,person,Freddy Watson,freddy watson,Freddy Watson,nas-persons-field,,1,STVS Journaal van 17 juli 2003,Freddy Watson,true,high-precision
74549f2a-810f-9853-39fb-5a3b1bcd1953::340b77e4-bfca-1053-5394-1930eecbc742,74549f2a-810f-9853-39fb-5a3b1bcd1953,340b77e4-bfca-1053-5394-1930eecbc742,image,SR-NA_01_0208,1969,keywords,place,street,Waterkant,waterkant,Waterkant,paramaribo-street-standardization,,1,Centrale Markt-bovenverdieping,Gebouwen | Centrale Markt | Waterkant | Markten | Kopers | Verkopers,true,high-precision
7461d912-cacb-97e8-1646-7f9a367257af::dd9dd115-19fc-d5f2-e9bd-2b1bcc1448dc,7461d912-cacb-97e8-1646-7f9a367257af,dd9dd115-19fc-d5f2-e9bd-2b1bcc1448dc,video,SR-NA_02_1335,Onbekend,personsRaw,person,person,Willy Soemita,willy soemita,Willy Soemita,nas-persons-field,,1,Willy Soemita praat 7 partijen die elkaar hebben gevonden,Willy Soemita,true,high-precision
74c5e07a-8a04-cb2a-8b86-15f515bcfe32::0806f77b-bf46-e0db-0d6d-6bc8c3f604c9,74c5e07a-8a04-cb2a-8b86-15f515bcfe32,0806f77b-bf46-e0db-0d6d-6bc8c3f604c9,video,SR-NA_02_0963,Onbekend,personsRaw,person,person,Cliff Djamin,cliff djamin,Cliff Djamin,nas-persons-field,,1,Interview met Andre Telting  Governor CBvS over economische situatie,Cliff Djamin,true,high-precision
74e62752-7c93-7a67-4c59-2c8e1d66f621::70e7b657-c76b-0f7b-0416-f2f1f952bb01,74e62752-7c93-7a67-4c59-2c8e1d66f621,70e7b657-c76b-0f7b-0416-f2f1f952bb01,image,SR-NA_03_0048,1930/1985,description,place,river,Marowijne,marowijne,Marowijne,stm-gazetteer,stm-00363,1,Jungle Gold-Van de goudvelden in Suriname,. Herinneringen. Ik dreig weer dood te gaan. Profiel van de Marowijne Company. Een volk dat niet verdwijnen zal. De 'King' brengt mij een bezoek.,true,high-precision
754d393a-1b1b-bf1c-55fb-4657c23cc447::2efdb5dd-7688-7c6c-ecb4-ae9c07f4e0fc,754d393a-1b1b-bf1c-55fb-4657c23cc447,2efdb5dd-7688-7c6c-ecb4-ae9c07f4e0fc,image,SR-NA_03_0155,1 oktober 1996,keywords,place,plantation,Industrie,industrie,Industrie,stm-gazetteer,stm-00858,1,Regeringsverklaring 1996-2001,er van Defensie) | Robby K. Dragman (Minister van Handel en Industrie) | Saimin Redjosentono (Minister van Landbouw | Veeteelt en Visserij) | Liakat A.E. Alibux (Minister van Natuurlijke Hu,true,high-precision
75ef65fd-8a3a-aedb-891f-196063a60a21::d68f14bb-d28e-fe0a-92a2-4862cb30b2e2,75ef65fd-8a3a-aedb-891f-196063a60a21,d68f14bb-d28e-fe0a-92a2-4862cb30b2e2,video,SR-NA_02_1331,Onbekend,personsRaw,person,person,Paul Christiaan Flu,paul christiaan flu,Paul Christiaan Flu,nas-persons-field,,1,Documentaire over Professor Paul Christiaan Flu,Paul Christiaan Flu,true,high-precision
75ef65fd-8a3a-aedb-891f-196063a60a21::d68f14bb-d28e-fe0a-92a2-4862cb30b2e2,75ef65fd-8a3a-aedb-891f-196063a60a21,d68f14bb-d28e-fe0a-92a2-4862cb30b2e2,video,SR-NA_02_1331,Onbekend,personsRaw,person,person,Lucien Karg,lucien karg,Lucien Karg,nas-persons-field,,1,Documentaire over Professor Paul Christiaan Flu,Lucien Karg,true,high-precision
75ef65fd-8a3a-aedb-891f-196063a60a21::d68f14bb-d28e-fe0a-92a2-4862cb30b2e2,75ef65fd-8a3a-aedb-891f-196063a60a21,d68f14bb-d28e-fe0a-92a2-4862cb30b2e2,video,SR-NA_02_1331,Onbekend,personsRaw,person,person,Elizabeth Maria Polak,elizabeth maria polak,Elizabeth Maria Polak,nas-persons-field,,1,Documentaire over Professor Paul Christiaan Flu,Elizabeth Maria Polak,true,high-precision
75ef65fd-8a3a-aedb-891f-196063a60a21::d68f14bb-d28e-fe0a-92a2-4862cb30b2e2,75ef65fd-8a3a-aedb-891f-196063a60a21,d68f14bb-d28e-fe0a-92a2-4862cb30b2e2,video,SR-NA_02_1331,Onbekend,personsRaw,person,person,Lesly Resida,lesly resida,Lesly Resida,nas-persons-field,,1,Documentaire over Professor Paul Christiaan Flu,Lesly Resida,true,high-precision
76a68e2c-605c-4e4e-8064-7e1bf483523b::a4f5b5e2-74ed-591e-6511-10d132f57abd,76a68e2c-605c-4e4e-8064-7e1bf483523b,a4f5b5e2-74ed-591e-6511-10d132f57abd,image,SR-NA_03_088_009,1981,description,place,district,District Nickerie,district nickerie,District Nickerie,stm-gazetteer,stm-00002,1,NVD-Nieuws No. 4.5.6 / 22 januari - 11 februari 1981,en feit Concept grondwet in studie Opheffing dorpsgemeenten district Nickerie Onderscheiding voor Esseliene Polanen Bezinningsbijeenkomst in Wi na Wie Illegale vissers komende week voor de rechter,true,high-precision
76a68e2c-605c-4e4e-8064-7e1bf483523b::a4f5b5e2-74ed-591e-6511-10d132f57abd,76a68e2c-605c-4e4e-8064-7e1bf483523b,a4f5b5e2-74ed-591e-6511-10d132f57abd,image,SR-NA_03_088_009,1981,description,place,river,Nickerie,nickerie,Nickerie,stm-gazetteer,stm-00261,1,NVD-Nieuws No. 4.5.6 / 22 januari - 11 februari 1981,oncept grondwet in studie Opheffing dorpsgemeenten district Nickerie Onderscheiding voor Esseliene Polanen Bezinningsbijeenkomst in Wi na Wie Illegale vissers komende week voor de rechter,true,high-precision
76a68e2c-605c-4e4e-8064-7e1bf483523b::a4f5b5e2-74ed-591e-6511-10d132f57abd,76a68e2c-605c-4e4e-8064-7e1bf483523b,a4f5b5e2-74ed-591e-6511-10d132f57abd,image,SR-NA_03_088_009,1981,description,place,plantation,Industrie,industrie,Industrie,stm-gazetteer,stm-00858,1,NVD-Nieuws No. 4.5.6 / 22 januari - 11 februari 1981,"duktiebeurs; “Sranan sa wini”, leuze bij herdenking Centrum industrie ontwikkeling en exportbevordering (Index) Kowna Opo schenkt Technische bijstand volksrepubliek China aan Suriname Mini",true,high-precision
775fbc6e-1ab5-b25f-9dab-d3e2b3e6803e::4941584b-25e0-83ef-c0ee-c3c10d55fd09,775fbc6e-1ab5-b25f-9dab-d3e2b3e6803e,4941584b-25e0-83ef-c0ee-c3c10d55fd09,video,SR-NA_02_0879,1990,description,place,street,Gravenstraat,gravenstraat,Gravenstraat,paramaribo-street-standardization,,1,Parlementarier Frank Playfair over devaluatie munt,Frank Playfair geeft in De Nationale Assemblee aan de Gravenstraat een relaas over de devaluatie in Suriname,true,high-precision
7962dca7-9db6-db2e-e201-2e687cd5d11d::ce725413-6939-4a5b-86dc-ca3b89793932,7962dca7-9db6-db2e-e201-2e687cd5d11d,ce725413-6939-4a5b-86dc-ca3b89793932,video,SR-NA_02_1383,Onbekend,personsRaw,person,person,Desi Bouterse,desi bouterse,Desi Bouterse,nas-persons-field,,1,Verkiezingstoespraak van Bouterse,Desi Bouterse,true,high-precision
7a5d37c4-1f4b-7327-ae6e-9038a398b857::b846ba08-73c5-c539-8e9c-4f0b1444adcd,7a5d37c4-1f4b-7327-ae6e-9038a398b857,b846ba08-73c5-c539-8e9c-4f0b1444adcd,video,SR-NA_02_1307,2022,personsRaw,person,person,Faya Sidon. Perun Perun. Mini Mini.  Slaverni,faya sidon perun perun mini mini slaverni,Faya Sidon. Perun Perun. Mini Mini.  Slaverni,nas-persons-field,,1,"Wi Kondre, Aflevering 3. Kinderliederen van vroeger",Faya Sidon. Perun Perun. Mini Mini.  Slaverni,true,high-precision
7a5d37c4-1f4b-7327-ae6e-9038a398b857::b846ba08-73c5-c539-8e9c-4f0b1444adcd,7a5d37c4-1f4b-7327-ae6e-9038a398b857,b846ba08-73c5-c539-8e9c-4f0b1444adcd,video,SR-NA_02_1307,2022,personsRaw,person,person,verhalen,verhalen,verhalen,nas-persons-field,,1,"Wi Kondre, Aflevering 3. Kinderliederen van vroeger",verhalen,true,high-precision
7a5d37c4-1f4b-7327-ae6e-9038a398b857::b846ba08-73c5-c539-8e9c-4f0b1444adcd,7a5d37c4-1f4b-7327-ae6e-9038a398b857,b846ba08-73c5-c539-8e9c-4f0b1444adcd,video,SR-NA_02_1307,2022,personsRaw,person,person,boodschappen,boodschappen,boodschappen,nas-persons-field,,1,"Wi Kondre, Aflevering 3. Kinderliederen van vroeger",boodschappen,true,high-precision
7a5d37c4-1f4b-7327-ae6e-9038a398b857::b846ba08-73c5-c539-8e9c-4f0b1444adcd,7a5d37c4-1f4b-7327-ae6e-9038a398b857,b846ba08-73c5-c539-8e9c-4f0b1444adcd,video,SR-NA_02_1307,2022,personsRaw,person,person,waarschuwingen,waarschuwingen,waarschuwingen,nas-persons-field,,1,"Wi Kondre, Aflevering 3. Kinderliederen van vroeger",waarschuwingen,true,high-precision
7a5d37c4-1f4b-7327-ae6e-9038a398b857::b846ba08-73c5-c539-8e9c-4f0b1444adcd,7a5d37c4-1f4b-7327-ae6e-9038a398b857,b846ba08-73c5-c539-8e9c-4f0b1444adcd,video,SR-NA_02_1307,2022,personsRaw,person,person,plantage-eigenaar,plantage-eigenaar,plantage-eigenaar,nas-persons-field,,1,"Wi Kondre, Aflevering 3. Kinderliederen van vroeger",plantage-eigenaar,true,high-precision
7a5d37c4-1f4b-7327-ae6e-9038a398b857::b846ba08-73c5-c539-8e9c-4f0b1444adcd,7a5d37c4-1f4b-7327-ae6e-9038a398b857,b846ba08-73c5-c539-8e9c-4f0b1444adcd,video,SR-NA_02_1307,2022,personsRaw,person,person,Kevin Headley,kevin headley,Kevin Headley,nas-persons-field,,1,"Wi Kondre, Aflevering 3. Kinderliederen van vroeger",Kevin Headley,true,high-precision
7a5d37c4-1f4b-7327-ae6e-9038a398b857::b846ba08-73c5-c539-8e9c-4f0b1444adcd,7a5d37c4-1f4b-7327-ae6e-9038a398b857,b846ba08-73c5-c539-8e9c-4f0b1444adcd,video,SR-NA_02_1307,2022,personsRaw,person,person,Tico Koopmans,tico koopmans,Tico Koopmans,nas-persons-field,,1,"Wi Kondre, Aflevering 3. Kinderliederen van vroeger",Tico Koopmans,true,high-precision
7a5d37c4-1f4b-7327-ae6e-9038a398b857::b846ba08-73c5-c539-8e9c-4f0b1444adcd,7a5d37c4-1f4b-7327-ae6e-9038a398b857,b846ba08-73c5-c539-8e9c-4f0b1444adcd,video,SR-NA_02_1307,2022,personsRaw,person,person,Ann Hermelijn,ann hermelijn,Ann Hermelijn,nas-persons-field,,1,"Wi Kondre, Aflevering 3. Kinderliederen van vroeger",Ann Hermelijn,true,high-precision
7a5d37c4-1f4b-7327-ae6e-9038a398b857::b846ba08-73c5-c539-8e9c-4f0b1444adcd,7a5d37c4-1f4b-7327-ae6e-9038a398b857,b846ba08-73c5-c539-8e9c-4f0b1444adcd,video,SR-NA_02_1307,2022,personsRaw,person,person,Giorgio de la Fuente,giorgio de la fuente,Giorgio de la Fuente,nas-persons-field,,1,"Wi Kondre, Aflevering 3. Kinderliederen van vroeger",Giorgio de la Fuente,true,high-precision
7a5d37c4-1f4b-7327-ae6e-9038a398b857::b846ba08-73c5-c539-8e9c-4f0b1444adcd,7a5d37c4-1f4b-7327-ae6e-9038a398b857,b846ba08-73c5-c539-8e9c-4f0b1444adcd,video,SR-NA_02_1307,2022,personsRaw,person,person,Anthony Stippel,anthony stippel,Anthony Stippel,nas-persons-field,,1,"Wi Kondre, Aflevering 3. Kinderliederen van vroeger",Anthony Stippel,true,high-precision
7a5d37c4-1f4b-7327-ae6e-9038a398b857::b846ba08-73c5-c539-8e9c-4f0b1444adcd,7a5d37c4-1f4b-7327-ae6e-9038a398b857,b846ba08-73c5-c539-8e9c-4f0b1444adcd,video,SR-NA_02_1307,2022,personsRaw,person,person,Donovan Ceeder,donovan ceeder,Donovan Ceeder,nas-persons-field,,1,"Wi Kondre, Aflevering 3. Kinderliederen van vroeger",Donovan Ceeder,true,high-precision
7a5d37c4-1f4b-7327-ae6e-9038a398b857::b846ba08-73c5-c539-8e9c-4f0b1444adcd,7a5d37c4-1f4b-7327-ae6e-9038a398b857,b846ba08-73c5-c539-8e9c-4f0b1444adcd,video,SR-NA_02_1307,2022,personsRaw,person,person,Vernon Fredison,vernon fredison,Vernon Fredison,nas-persons-field,,1,"Wi Kondre, Aflevering 3. Kinderliederen van vroeger",Vernon Fredison,true,high-precision
7a5d37c4-1f4b-7327-ae6e-9038a398b857::b846ba08-73c5-c539-8e9c-4f0b1444adcd,7a5d37c4-1f4b-7327-ae6e-9038a398b857,b846ba08-73c5-c539-8e9c-4f0b1444adcd,video,SR-NA_02_1307,2022,personsRaw,person,person,Chantal Rijker,chantal rijker,Chantal Rijker,nas-persons-field,,1,"Wi Kondre, Aflevering 3. Kinderliederen van vroeger",Chantal Rijker,true,high-precision
7a5d37c4-1f4b-7327-ae6e-9038a398b857::b846ba08-73c5-c539-8e9c-4f0b1444adcd,7a5d37c4-1f4b-7327-ae6e-9038a398b857,b846ba08-73c5-c539-8e9c-4f0b1444adcd,video,SR-NA_02_1307,2022,personsRaw,person,person,Ivan Ritfeld,ivan ritfeld,Ivan Ritfeld,nas-persons-field,,1,"Wi Kondre, Aflevering 3. Kinderliederen van vroeger",Ivan Ritfeld,true,high-precision
7a5d37c4-1f4b-7327-ae6e-9038a398b857::b846ba08-73c5-c539-8e9c-4f0b1444adcd,7a5d37c4-1f4b-7327-ae6e-9038a398b857,b846ba08-73c5-c539-8e9c-4f0b1444adcd,video,SR-NA_02_1307,2022,personsRaw,person,person,Steven van Frederikslust,steven van frederikslust,Steven van Frederikslust,nas-persons-field,,1,"Wi Kondre, Aflevering 3. Kinderliederen van vroeger",Steven van Frederikslust,true,high-precision
7a5d37c4-1f4b-7327-ae6e-9038a398b857::b846ba08-73c5-c539-8e9c-4f0b1444adcd,7a5d37c4-1f4b-7327-ae6e-9038a398b857,b846ba08-73c5-c539-8e9c-4f0b1444adcd,video,SR-NA_02_1307,2022,personsRaw,person,person,Joey Impoza,joey impoza,Joey Impoza,nas-persons-field,,1,"Wi Kondre, Aflevering 3. Kinderliederen van vroeger",Joey Impoza,true,high-precision
7a5d37c4-1f4b-7327-ae6e-9038a398b857::b846ba08-73c5-c539-8e9c-4f0b1444adcd,7a5d37c4-1f4b-7327-ae6e-9038a398b857,b846ba08-73c5-c539-8e9c-4f0b1444adcd,video,SR-NA_02_1307,2022,personsRaw,person,person,Everts Aliredjo,everts aliredjo,Everts Aliredjo,nas-persons-field,,1,"Wi Kondre, Aflevering 3. Kinderliederen van vroeger",Everts Aliredjo,true,high-precision
7a5d37c4-1f4b-7327-ae6e-9038a398b857::b846ba08-73c5-c539-8e9c-4f0b1444adcd,7a5d37c4-1f4b-7327-ae6e-9038a398b857,b846ba08-73c5-c539-8e9c-4f0b1444adcd,video,SR-NA_02_1307,2022,personsRaw,person,person,C-Futego,c-futego,C-Futego,nas-persons-field,,1,"Wi Kondre, Aflevering 3. Kinderliederen van vroeger",C-Futego,true,high-precision
7a5d37c4-1f4b-7327-ae6e-9038a398b857::b846ba08-73c5-c539-8e9c-4f0b1444adcd,7a5d37c4-1f4b-7327-ae6e-9038a398b857,b846ba08-73c5-c539-8e9c-4f0b1444adcd,video,SR-NA_02_1307,2022,personsRaw,person,person,Erik Lucassen,erik lucassen,Erik Lucassen,nas-persons-field,,1,"Wi Kondre, Aflevering 3. Kinderliederen van vroeger",Erik Lucassen,true,high-precision
7a5d37c4-1f4b-7327-ae6e-9038a398b857::b846ba08-73c5-c539-8e9c-4f0b1444adcd,7a5d37c4-1f4b-7327-ae6e-9038a398b857,b846ba08-73c5-c539-8e9c-4f0b1444adcd,video,SR-NA_02_1307,2022,personsRaw,person,person,Kristina Petrasova,kristina petrasova,Kristina Petrasova,nas-persons-field,,1,"Wi Kondre, Aflevering 3. Kinderliederen van vroeger",Kristina Petrasova,true,high-precision
7a5d37c4-1f4b-7327-ae6e-9038a398b857::b846ba08-73c5-c539-8e9c-4f0b1444adcd,7a5d37c4-1f4b-7327-ae6e-9038a398b857,b846ba08-73c5-c539-8e9c-4f0b1444adcd,video,SR-NA_02_1307,2022,personsRaw,person,person,Marijke Sonneveld,marijke sonneveld,Marijke Sonneveld,nas-persons-field,,1,"Wi Kondre, Aflevering 3. Kinderliederen van vroeger",Marijke Sonneveld,true,high-precision
7a5d37c4-1f4b-7327-ae6e-9038a398b857::b846ba08-73c5-c539-8e9c-4f0b1444adcd,7a5d37c4-1f4b-7327-ae6e-9038a398b857,b846ba08-73c5-c539-8e9c-4f0b1444adcd,video,SR-NA_02_1307,2022,personsRaw,person,person,Zabdai Zamuel,zabdai zamuel,Zabdai Zamuel,nas-persons-field,,1,"Wi Kondre, Aflevering 3. Kinderliederen van vroeger",Zabdai Zamuel,true,high-precision
7a5d37c4-1f4b-7327-ae6e-9038a398b857::b846ba08-73c5-c539-8e9c-4f0b1444adcd,7a5d37c4-1f4b-7327-ae6e-9038a398b857,b846ba08-73c5-c539-8e9c-4f0b1444adcd,video,SR-NA_02_1307,2022,personsRaw,person,person,Marciano Zalman,marciano zalman,Marciano Zalman,nas-persons-field,,1,"Wi Kondre, Aflevering 3. Kinderliederen van vroeger",Marciano Zalman,true,high-precision
7a5d37c4-1f4b-7327-ae6e-9038a398b857::b846ba08-73c5-c539-8e9c-4f0b1444adcd,7a5d37c4-1f4b-7327-ae6e-9038a398b857,b846ba08-73c5-c539-8e9c-4f0b1444adcd,video,SR-NA_02_1307,2022,personsRaw,person,person,School voor Jong Talent Suriname,school voor jong talent suriname,School voor Jong Talent Suriname,nas-persons-field,,1,"Wi Kondre, Aflevering 3. Kinderliederen van vroeger",School voor Jong Talent Suriname,true,high-precision
7a5d37c4-1f4b-7327-ae6e-9038a398b857::b846ba08-73c5-c539-8e9c-4f0b1444adcd,7a5d37c4-1f4b-7327-ae6e-9038a398b857,b846ba08-73c5-c539-8e9c-4f0b1444adcd,video,SR-NA_02_1307,2022,personsRaw,person,person,AVATROS,avatros,AVATROS,nas-persons-field,,1,"Wi Kondre, Aflevering 3. Kinderliederen van vroeger",AVATROS,true,high-precision
7a5d37c4-1f4b-7327-ae6e-9038a398b857::b846ba08-73c5-c539-8e9c-4f0b1444adcd,7a5d37c4-1f4b-7327-ae6e-9038a398b857,b846ba08-73c5-c539-8e9c-4f0b1444adcd,video,SR-NA_02_1307,2022,personsRaw,person,person,VARA,vara,VARA,nas-persons-field,,1,"Wi Kondre, Aflevering 3. Kinderliederen van vroeger",VARA,true,high-precision
7a5d37c4-1f4b-7327-ae6e-9038a398b857::b846ba08-73c5-c539-8e9c-4f0b1444adcd,7a5d37c4-1f4b-7327-ae6e-9038a398b857,b846ba08-73c5-c539-8e9c-4f0b1444adcd,video,SR-NA_02_1307,2022,personsRaw,person,person,NTSR,ntsr,NTSR,nas-persons-field,,1,"Wi Kondre, Aflevering 3. Kinderliederen van vroeger",NTSR,true,high-precision
7b298dd3-e39d-d77b-85af-f699af1537d1::debc5714-79c7-f2e1-61a1-6ebf71977489,7b298dd3-e39d-d77b-85af-f699af1537d1,debc5714-79c7-f2e1-61a1-6ebf71977489,video,SR-NA_02_1056,1995,description,place,plantation,Willemstad,willemstad,Willemstad,stm-gazetteer,stm-02030,1,De Verwelkte Ruiker -documentaire Arron,+ kl) div. van Arron en Lachmon; - (zw/w) nasleep rellen in Willemstad op Cura‡ao; - brandstichting in Paramaribo.,true,high-precision
7b298dd3-e39d-d77b-85af-f699af1537d1::debc5714-79c7-f2e1-61a1-6ebf71977489,7b298dd3-e39d-d77b-85af-f699af1537d1,debc5714-79c7-f2e1-61a1-6ebf71977489,video,SR-NA_02_1056,1995,personsRaw,person,person,Henk Baard,henk baard,Henk Baard,nas-persons-field,,1,De Verwelkte Ruiker -documentaire Arron,Henk Baard,true,high-precision
7b298dd3-e39d-d77b-85af-f699af1537d1::debc5714-79c7-f2e1-61a1-6ebf71977489,7b298dd3-e39d-d77b-85af-f699af1537d1,debc5714-79c7-f2e1-61a1-6ebf71977489,video,SR-NA_02_1056,1995,personsRaw,person,person,Kester Dixon,kester dixon,Kester Dixon,nas-persons-field,,1,De Verwelkte Ruiker -documentaire Arron,Kester Dixon,true,high-precision
7b298dd3-e39d-d77b-85af-f699af1537d1::debc5714-79c7-f2e1-61a1-6ebf71977489,7b298dd3-e39d-d77b-85af-f699af1537d1,debc5714-79c7-f2e1-61a1-6ebf71977489,video,SR-NA_02_1056,1995,personsRaw,person,person,John Jansen van Galen,john jansen van galen,John Jansen van Galen,nas-persons-field,,1,De Verwelkte Ruiker -documentaire Arron,John Jansen van Galen,true,high-precision
7b298dd3-e39d-d77b-85af-f699af1537d1::debc5714-79c7-f2e1-61a1-6ebf71977489,7b298dd3-e39d-d77b-85af-f699af1537d1,debc5714-79c7-f2e1-61a1-6ebf71977489,video,SR-NA_02_1056,1995,personsRaw,person,person,Rudi Kross,rudi kross,Rudi Kross,nas-persons-field,,1,De Verwelkte Ruiker -documentaire Arron,Rudi Kross,true,high-precision
7b298dd3-e39d-d77b-85af-f699af1537d1::debc5714-79c7-f2e1-61a1-6ebf71977489,7b298dd3-e39d-d77b-85af-f699af1537d1,debc5714-79c7-f2e1-61a1-6ebf71977489,video,SR-NA_02_1056,1995,personsRaw,person,person,Magda Langenberg,magda langenberg,Magda Langenberg,nas-persons-field,,1,De Verwelkte Ruiker -documentaire Arron,Magda Langenberg,true,high-precision
7b298dd3-e39d-d77b-85af-f699af1537d1::debc5714-79c7-f2e1-61a1-6ebf71977489,7b298dd3-e39d-d77b-85af-f699af1537d1,debc5714-79c7-f2e1-61a1-6ebf71977489,video,SR-NA_02_1056,1995,personsRaw,person,person,Willem van der Linde,willem van der linde,Willem van der Linde,nas-persons-field,,1,De Verwelkte Ruiker -documentaire Arron,Willem van der Linde,true,high-precision
7b298dd3-e39d-d77b-85af-f699af1537d1::debc5714-79c7-f2e1-61a1-6ebf71977489,7b298dd3-e39d-d77b-85af-f699af1537d1,debc5714-79c7-f2e1-61a1-6ebf71977489,video,SR-NA_02_1056,1995,personsRaw,person,person,Ben Ong A Swie,ben ong a swie,Ben Ong A Swie,nas-persons-field,,1,De Verwelkte Ruiker -documentaire Arron,Ben Ong A Swie,true,high-precision
7b298dd3-e39d-d77b-85af-f699af1537d1::debc5714-79c7-f2e1-61a1-6ebf71977489,7b298dd3-e39d-d77b-85af-f699af1537d1,debc5714-79c7-f2e1-61a1-6ebf71977489,video,SR-NA_02_1056,1995,personsRaw,person,person,Frank Zichem,frank zichem,Frank Zichem,nas-persons-field,,1,De Verwelkte Ruiker -documentaire Arron,Frank Zichem,true,high-precision
7b298dd3-e39d-d77b-85af-f699af1537d1::debc5714-79c7-f2e1-61a1-6ebf71977489,7b298dd3-e39d-d77b-85af-f699af1537d1,debc5714-79c7-f2e1-61a1-6ebf71977489,video,SR-NA_02_1056,1995,personsRaw,person,person,economie,economie,economie,nas-persons-field,,1,De Verwelkte Ruiker -documentaire Arron,economie,true,high-precision
7b298dd3-e39d-d77b-85af-f699af1537d1::debc5714-79c7-f2e1-61a1-6ebf71977489,7b298dd3-e39d-d77b-85af-f699af1537d1,debc5714-79c7-f2e1-61a1-6ebf71977489,video,SR-NA_02_1056,1995,personsRaw,person,person,onafhankelijkheid,onafhankelijkheid,onafhankelijkheid,nas-persons-field,,1,De Verwelkte Ruiker -documentaire Arron,onafhankelijkheid,true,high-precision
7b298dd3-e39d-d77b-85af-f699af1537d1::debc5714-79c7-f2e1-61a1-6ebf71977489,7b298dd3-e39d-d77b-85af-f699af1537d1,debc5714-79c7-f2e1-61a1-6ebf71977489,video,SR-NA_02_1056,1995,personsRaw,person,person,ontwikkelingssamenwerking,ontwikkelingssamenwerking,ontwikkelingssamenwerking,nas-persons-field,,1,De Verwelkte Ruiker -documentaire Arron,ontwikkelingssamenwerking,true,high-precision
7b298dd3-e39d-d77b-85af-f699af1537d1::debc5714-79c7-f2e1-61a1-6ebf71977489,7b298dd3-e39d-d77b-85af-f699af1537d1,debc5714-79c7-f2e1-61a1-6ebf71977489,video,SR-NA_02_1056,1995,personsRaw,person,person,plantages,plantages,plantages,nas-persons-field,,1,De Verwelkte Ruiker -documentaire Arron,plantages,true,high-precision
7b298dd3-e39d-d77b-85af-f699af1537d1::debc5714-79c7-f2e1-61a1-6ebf71977489,7b298dd3-e39d-d77b-85af-f699af1537d1,debc5714-79c7-f2e1-61a1-6ebf71977489,video,SR-NA_02_1056,1995,personsRaw,person,person,politieke partijen,politieke partijen,politieke partijen,nas-persons-field,,1,De Verwelkte Ruiker -documentaire Arron,politieke partijen,true,high-precision
7b298dd3-e39d-d77b-85af-f699af1537d1::debc5714-79c7-f2e1-61a1-6ebf71977489,7b298dd3-e39d-d77b-85af-f699af1537d1,debc5714-79c7-f2e1-61a1-6ebf71977489,video,SR-NA_02_1056,1995,personsRaw,person,person,spoorwegen,spoorwegen,spoorwegen,nas-persons-field,,1,De Verwelkte Ruiker -documentaire Arron,spoorwegen,true,high-precision
7b298dd3-e39d-d77b-85af-f699af1537d1::debc5714-79c7-f2e1-61a1-6ebf71977489,7b298dd3-e39d-d77b-85af-f699af1537d1,debc5714-79c7-f2e1-61a1-6ebf71977489,video,SR-NA_02_1056,1995,personsRaw,person,person,suikerriet,suikerriet,suikerriet,nas-persons-field,,1,De Verwelkte Ruiker -documentaire Arron,suikerriet,true,high-precision
7b298dd3-e39d-d77b-85af-f699af1537d1::debc5714-79c7-f2e1-61a1-6ebf71977489,7b298dd3-e39d-d77b-85af-f699af1537d1,debc5714-79c7-f2e1-61a1-6ebf71977489,video,SR-NA_02_1056,1995,personsRaw,person,person,Henk Arron,henk arron,Henk Arron,nas-persons-field,,1,De Verwelkte Ruiker -documentaire Arron,Henk Arron,true,high-precision
7b298dd3-e39d-d77b-85af-f699af1537d1::debc5714-79c7-f2e1-61a1-6ebf71977489,7b298dd3-e39d-d77b-85af-f699af1537d1,debc5714-79c7-f2e1-61a1-6ebf71977489,video,SR-NA_02_1056,1995,personsRaw,person,person,Willem Drees,willem drees,Willem Drees,nas-persons-field,,1,De Verwelkte Ruiker -documentaire Arron,Willem Drees,true,high-precision
7b298dd3-e39d-d77b-85af-f699af1537d1::debc5714-79c7-f2e1-61a1-6ebf71977489,7b298dd3-e39d-d77b-85af-f699af1537d1,debc5714-79c7-f2e1-61a1-6ebf71977489,video,SR-NA_02_1056,1995,personsRaw,person,person,Frank Essed,frank essed,Frank Essed,nas-persons-field,,1,De Verwelkte Ruiker -documentaire Arron,Frank Essed,true,high-precision
7b298dd3-e39d-d77b-85af-f699af1537d1::debc5714-79c7-f2e1-61a1-6ebf71977489,7b298dd3-e39d-d77b-85af-f699af1537d1,debc5714-79c7-f2e1-61a1-6ebf71977489,video,SR-NA_02_1056,1995,personsRaw,person,person,J. Lachmon,j lachmon,J. Lachmon,nas-persons-field,,1,De Verwelkte Ruiker -documentaire Arron,J. Lachmon,true,high-precision
7b298dd3-e39d-d77b-85af-f699af1537d1::debc5714-79c7-f2e1-61a1-6ebf71977489,7b298dd3-e39d-d77b-85af-f699af1537d1,debc5714-79c7-f2e1-61a1-6ebf71977489,video,SR-NA_02_1056,1995,personsRaw,person,person,Jan Pronk,jan pronk,Jan Pronk,nas-persons-field,,1,De Verwelkte Ruiker -documentaire Arron,Jan Pronk,true,high-precision
7b298dd3-e39d-d77b-85af-f699af1537d1::debc5714-79c7-f2e1-61a1-6ebf71977489,7b298dd3-e39d-d77b-85af-f699af1537d1,debc5714-79c7-f2e1-61a1-6ebf71977489,video,SR-NA_02_1056,1995,personsRaw,person,person,Jules Sedney,jules sedney,Jules Sedney,nas-persons-field,,1,De Verwelkte Ruiker -documentaire Arron,Jules Sedney,true,high-precision
7b588cb3-5ebf-214f-1007-10b2a3433ea2::7dca9073-30b4-4d6c-3847-5fb7da89703c,7b588cb3-5ebf-214f-1007-10b2a3433ea2,7dca9073-30b4-4d6c-3847-5fb7da89703c,image,SR-NA_03_0153_001,10-20 oktober 2018,keywords,place,street,Heiligenweg,heiligenweg,Heiligenweg,paramaribo-street-standardization,,1,Herdenking Dag der Marrons en 165 jaar Chinese Immigratie,in | Moengo | Poolo Neti | Codjo | Mentor en Presentplein | Heiligenweg | Palmentuin | SCUA | Suriname China United Association | Soeng Ngie | Witte Lotus | Onafhankelijkheidsplein,true,high-precision
7b8e438a-514f-42ae-18b1-df25be15e513::43e55266-aa80-b7bd-31c9-43833dd81cad,7b8e438a-514f-42ae-18b1-df25be15e513,43e55266-aa80-b7bd-31c9-43833dd81cad,video,SR-NA_02_1303-STV0000003DVM,29 april 2010,keywords,place,river,Para,para,Para,stm-gazetteer,stm-00290,1,Nieuw Front-Wageningen-Nickerie,NPS | promofilmpjes | soso krey | stabiele munt | Para Industries | hamer | Goud | Fort Zeelandia,true,high-precision
7c1150cd-88a8-7388-4f36-cf49f779c5ce::68dc2984-3aca-d215-9426-843cfb287174,7c1150cd-88a8-7388-4f36-cf49f779c5ce,68dc2984-3aca-d215-9426-843cfb287174,image,SR-NA 01 0293,13/Aug/10,keywords,place,plantation,Industrie,industrie,Industrie,stm-gazetteer,stm-00858,1,Ministers Kabinet Bouterse-1 beedigd,terie van Natuurlijke Hulpbronnen | Ministerie van Handel & Industrie | Ministerie van Arbeid Technologische Ontwikkeling & Milieu | Ministerie van Buitenlandse Zaken | Ministerie van Openb,true,high-precision
7caaa442-c825-2854-aaeb-ca0a24b8ba6e::bf9ce6b4-6636-c3f9-45a3-86764cc4899b,7caaa442-c825-2854-aaeb-ca0a24b8ba6e,bf9ce6b4-6636-c3f9-45a3-86764cc4899b,video,SR-NA_02_1310,September 2003,personsRaw,person,person,Mac Donald,mac donald,Mac Donald,nas-persons-field,,1,STVS Journaal van 12 september 2003,Mac Donald,true,high-precision
7caaa442-c825-2854-aaeb-ca0a24b8ba6e::bf9ce6b4-6636-c3f9-45a3-86764cc4899b,7caaa442-c825-2854-aaeb-ca0a24b8ba6e,bf9ce6b4-6636-c3f9-45a3-86764cc4899b,video,SR-NA_02_1310,September 2003,personsRaw,person,person,Bandison,bandison,Bandison,nas-persons-field,,1,STVS Journaal van 12 september 2003,Bandison,true,high-precision
7ddfd693-0255-c982-7b5e-a29977fe2f95::2a3872a6-443d-cb5b-8f33-53ac393f9f6e,7ddfd693-0255-c982-7b5e-a29977fe2f95,2a3872a6-443d-cb5b-8f33-53ac393f9f6e,video,SR-NA_02_1333,Onbekend,personsRaw,person,person,Celcius Waterberg,celcius waterberg,Celcius Waterberg,nas-persons-field,,1,Celcius Waterberg over de verkiezingen,Celcius Waterberg,true,high-precision
7e472d10-6f09-c88a-97d5-e206b14e1504::4e6a01c6-fbc8-4043-6645-9699a9882737,7e472d10-6f09-c88a-97d5-e206b14e1504,4e6a01c6-fbc8-4043-6645-9699a9882737,video,SR-NA_02_1336,Onbekend,personsRaw,person,person,Noreen Cheung,noreen cheung,Noreen Cheung,nas-persons-field,,1,Noreen Cheung roept kiezers op om Suriname te bevrijden,Noreen Cheung,true,high-precision
7e83acc1-dced-ed81-1a44-582515652364::e7df4532-6878-b623-59ac-e7667b009735,7e83acc1-dced-ed81-1a44-582515652364,e7df4532-6878-b623-59ac-e7667b009735,video,SR-NA_02_0994,Onbekend,personsRaw,person,person,Jules Ajodhia,jules ajodhia,Jules Ajodhia,nas-persons-field,,1,DNA begroting 2003 kwestie LVV,Jules Ajodhia,true,high-precision
7e83acc1-dced-ed81-1a44-582515652364::e7df4532-6878-b623-59ac-e7667b009735,7e83acc1-dced-ed81-1a44-582515652364,e7df4532-6878-b623-59ac-e7667b009735,video,SR-NA_02_0994,Onbekend,personsRaw,person,person,Otmar Rodgers,otmar rodgers,Otmar Rodgers,nas-persons-field,,1,DNA begroting 2003 kwestie LVV,Otmar Rodgers,true,high-precision
7e83acc1-dced-ed81-1a44-582515652364::e7df4532-6878-b623-59ac-e7667b009735,7e83acc1-dced-ed81-1a44-582515652364,e7df4532-6878-b623-59ac-e7667b009735,video,SR-NA_02_0994,Onbekend,personsRaw,person,person,Radjkoemar Randjietsingh,radjkoemar randjietsingh,Radjkoemar Randjietsingh,nas-persons-field,,1,DNA begroting 2003 kwestie LVV,Radjkoemar Randjietsingh,true,high-precision
7e83acc1-dced-ed81-1a44-582515652364::e7df4532-6878-b623-59ac-e7667b009735,7e83acc1-dced-ed81-1a44-582515652364,e7df4532-6878-b623-59ac-e7667b009735,video,SR-NA_02_0994,Onbekend,personsRaw,person,person,Ruth Wijdenbosch,ruth wijdenbosch,Ruth Wijdenbosch,nas-persons-field,,1,DNA begroting 2003 kwestie LVV,Ruth Wijdenbosch,true,high-precision
7e83acc1-dced-ed81-1a44-582515652364::e7df4532-6878-b623-59ac-e7667b009735,7e83acc1-dced-ed81-1a44-582515652364,e7df4532-6878-b623-59ac-e7667b009735,video,SR-NA_02_0994,Onbekend,personsRaw,person,person,Jiwan Sital,jiwan sital,Jiwan Sital,nas-persons-field,,1,DNA begroting 2003 kwestie LVV,Jiwan Sital,true,high-precision
7e83acc1-dced-ed81-1a44-582515652364::e7df4532-6878-b623-59ac-e7667b009735,7e83acc1-dced-ed81-1a44-582515652364,e7df4532-6878-b623-59ac-e7667b009735,video,SR-NA_02_0994,Onbekend,personsRaw,person,person,Carmelita Ferreira,carmelita ferreira,Carmelita Ferreira,nas-persons-field,,1,DNA begroting 2003 kwestie LVV,Carmelita Ferreira,true,high-precision
7e83acc1-dced-ed81-1a44-582515652364::e7df4532-6878-b623-59ac-e7667b009735,7e83acc1-dced-ed81-1a44-582515652364,e7df4532-6878-b623-59ac-e7667b009735,video,SR-NA_02_0994,Onbekend,personsRaw,person,person,George Radjkoemar,george radjkoemar,George Radjkoemar,nas-persons-field,,1,DNA begroting 2003 kwestie LVV,George Radjkoemar,true,high-precision
7e916322-59d0-0692-bce1-c4d4e49f70ed::cb6d1193-f731-fc7e-a130-3d5f90b8c364,7e916322-59d0-0692-bce1-c4d4e49f70ed,cb6d1193-f731-fc7e-a130-3d5f90b8c364,image,SR-NA_03_089_021,Juni-1975,description,place,plantation,Baboenhol,baboenhol,Baboenhol,stm-gazetteer,stm-00532,1,"Suriname nieuwsbrief, 1 tot en met 7 juni 1975","voor bromfietsers verplicht stellen SEL start veebedrijf te Baboenhol (Minister Willy Soemita van Landbouw, Veeteelt en Visserij hoeft op dinsdag 3 juni het slachtveebedrijf van de stichtin",true,high-precision
80bd354e-04ed-16f0-84d3-f1755ae09a0a::ce15bcd5-7ab5-a2da-7507-d87c79bdc9ca,80bd354e-04ed-16f0-84d3-f1755ae09a0a,ce15bcd5-7ab5-a2da-7507-d87c79bdc9ca,video,SR-NA_02_0012,Onbekend,personsRaw,person,person,een bezoek in één van die huizen. District commissaris Hugo Pinas,een bezoek in een van die huizen district commissaris hugo pinas,een bezoek in één van die huizen. District commissaris Hugo Pinas,nas-persons-field,,1,Arnold Kruisland over geweldsfilms,een bezoek in één van die huizen. District commissaris Hugo Pinas,true,high-precision
81d8bad5-2560-faaa-62b2-a93702d5d8b5::b793fa91-c31e-3bb9-2726-f8824665dd71,81d8bad5-2560-faaa-62b2-a93702d5d8b5,b793fa91-c31e-3bb9-2726-f8824665dd71,video,SR-NA_02_1308,2022,personsRaw,person,person,Erik Lucassen,erik lucassen,Erik Lucassen,nas-persons-field,,1,"Wi Kondre, Aflevering 4. Producten van de plantages van vroeger",Erik Lucassen,true,high-precision
81d8bad5-2560-faaa-62b2-a93702d5d8b5::b793fa91-c31e-3bb9-2726-f8824665dd71,81d8bad5-2560-faaa-62b2-a93702d5d8b5,b793fa91-c31e-3bb9-2726-f8824665dd71,video,SR-NA_02_1308,2022,personsRaw,person,person,Tico Koopmans,tico koopmans,Tico Koopmans,nas-persons-field,,1,"Wi Kondre, Aflevering 4. Producten van de plantages van vroeger",Tico Koopmans,true,high-precision
81d8bad5-2560-faaa-62b2-a93702d5d8b5::b793fa91-c31e-3bb9-2726-f8824665dd71,81d8bad5-2560-faaa-62b2-a93702d5d8b5,b793fa91-c31e-3bb9-2726-f8824665dd71,video,SR-NA_02_1308,2022,personsRaw,person,person,Kristina Petrasova,kristina petrasova,Kristina Petrasova,nas-persons-field,,1,"Wi Kondre, Aflevering 4. Producten van de plantages van vroeger",Kristina Petrasova,true,high-precision
81d8bad5-2560-faaa-62b2-a93702d5d8b5::b793fa91-c31e-3bb9-2726-f8824665dd71,81d8bad5-2560-faaa-62b2-a93702d5d8b5,b793fa91-c31e-3bb9-2726-f8824665dd71,video,SR-NA_02_1308,2022,personsRaw,person,person,Marijke Sonneveld,marijke sonneveld,Marijke Sonneveld,nas-persons-field,,1,"Wi Kondre, Aflevering 4. Producten van de plantages van vroeger",Marijke Sonneveld,true,high-precision
81d8bad5-2560-faaa-62b2-a93702d5d8b5::b793fa91-c31e-3bb9-2726-f8824665dd71,81d8bad5-2560-faaa-62b2-a93702d5d8b5,b793fa91-c31e-3bb9-2726-f8824665dd71,video,SR-NA_02_1308,2022,personsRaw,person,person,Jerry Egger,jerry egger,Jerry Egger,nas-persons-field,,1,"Wi Kondre, Aflevering 4. Producten van de plantages van vroeger",Jerry Egger,true,high-precision
81d8bad5-2560-faaa-62b2-a93702d5d8b5::b793fa91-c31e-3bb9-2726-f8824665dd71,81d8bad5-2560-faaa-62b2-a93702d5d8b5,b793fa91-c31e-3bb9-2726-f8824665dd71,video,SR-NA_02_1308,2022,personsRaw,person,person,Alyssa Ma-Ajong,alyssa ma-ajong,Alyssa Ma-Ajong,nas-persons-field,,1,"Wi Kondre, Aflevering 4. Producten van de plantages van vroeger",Alyssa Ma-Ajong,true,high-precision
81d8bad5-2560-faaa-62b2-a93702d5d8b5::b793fa91-c31e-3bb9-2726-f8824665dd71,81d8bad5-2560-faaa-62b2-a93702d5d8b5,b793fa91-c31e-3bb9-2726-f8824665dd71,video,SR-NA_02_1308,2022,personsRaw,person,person,Ellen Ligteringen,ellen ligteringen,Ellen Ligteringen,nas-persons-field,,1,"Wi Kondre, Aflevering 4. Producten van de plantages van vroeger",Ellen Ligteringen,true,high-precision
81d8bad5-2560-faaa-62b2-a93702d5d8b5::b793fa91-c31e-3bb9-2726-f8824665dd71,81d8bad5-2560-faaa-62b2-a93702d5d8b5,b793fa91-c31e-3bb9-2726-f8824665dd71,video,SR-NA_02_1308,2022,personsRaw,person,person,Rutger Lem,rutger lem,Rutger Lem,nas-persons-field,,1,"Wi Kondre, Aflevering 4. Producten van de plantages van vroeger",Rutger Lem,true,high-precision
81d8bad5-2560-faaa-62b2-a93702d5d8b5::b793fa91-c31e-3bb9-2726-f8824665dd71,81d8bad5-2560-faaa-62b2-a93702d5d8b5,b793fa91-c31e-3bb9-2726-f8824665dd71,video,SR-NA_02_1308,2022,personsRaw,person,person,Monique Nou-Chaia,monique nou-chaia,Monique Nou-Chaia,nas-persons-field,,1,"Wi Kondre, Aflevering 4. Producten van de plantages van vroeger",Monique Nou-Chaia,true,high-precision
81d8bad5-2560-faaa-62b2-a93702d5d8b5::b793fa91-c31e-3bb9-2726-f8824665dd71,81d8bad5-2560-faaa-62b2-a93702d5d8b5,b793fa91-c31e-3bb9-2726-f8824665dd71,video,SR-NA_02_1308,2022,personsRaw,person,person,Kevin Headley,kevin headley,Kevin Headley,nas-persons-field,,1,"Wi Kondre, Aflevering 4. Producten van de plantages van vroeger",Kevin Headley,true,high-precision
81d8bad5-2560-faaa-62b2-a93702d5d8b5::b793fa91-c31e-3bb9-2726-f8824665dd71,81d8bad5-2560-faaa-62b2-a93702d5d8b5,b793fa91-c31e-3bb9-2726-f8824665dd71,video,SR-NA_02_1308,2022,personsRaw,person,person,Ann Hermelijn,ann hermelijn,Ann Hermelijn,nas-persons-field,,1,"Wi Kondre, Aflevering 4. Producten van de plantages van vroeger",Ann Hermelijn,true,high-precision
81d8bad5-2560-faaa-62b2-a93702d5d8b5::b793fa91-c31e-3bb9-2726-f8824665dd71,81d8bad5-2560-faaa-62b2-a93702d5d8b5,b793fa91-c31e-3bb9-2726-f8824665dd71,video,SR-NA_02_1308,2022,personsRaw,person,person,Giorgio de la Fuente,giorgio de la fuente,Giorgio de la Fuente,nas-persons-field,,1,"Wi Kondre, Aflevering 4. Producten van de plantages van vroeger",Giorgio de la Fuente,true,high-precision
81d8bad5-2560-faaa-62b2-a93702d5d8b5::b793fa91-c31e-3bb9-2726-f8824665dd71,81d8bad5-2560-faaa-62b2-a93702d5d8b5,b793fa91-c31e-3bb9-2726-f8824665dd71,video,SR-NA_02_1308,2022,personsRaw,person,person,Anthony Stippel,anthony stippel,Anthony Stippel,nas-persons-field,,1,"Wi Kondre, Aflevering 4. Producten van de plantages van vroeger",Anthony Stippel,true,high-precision
81d8bad5-2560-faaa-62b2-a93702d5d8b5::b793fa91-c31e-3bb9-2726-f8824665dd71,81d8bad5-2560-faaa-62b2-a93702d5d8b5,b793fa91-c31e-3bb9-2726-f8824665dd71,video,SR-NA_02_1308,2022,personsRaw,person,person,Donovan Ceeder,donovan ceeder,Donovan Ceeder,nas-persons-field,,1,"Wi Kondre, Aflevering 4. Producten van de plantages van vroeger",Donovan Ceeder,true,high-precision
81d8bad5-2560-faaa-62b2-a93702d5d8b5::b793fa91-c31e-3bb9-2726-f8824665dd71,81d8bad5-2560-faaa-62b2-a93702d5d8b5,b793fa91-c31e-3bb9-2726-f8824665dd71,video,SR-NA_02_1308,2022,personsRaw,person,person,Vernon Fredison,vernon fredison,Vernon Fredison,nas-persons-field,,1,"Wi Kondre, Aflevering 4. Producten van de plantages van vroeger",Vernon Fredison,true,high-precision
81d8bad5-2560-faaa-62b2-a93702d5d8b5::b793fa91-c31e-3bb9-2726-f8824665dd71,81d8bad5-2560-faaa-62b2-a93702d5d8b5,b793fa91-c31e-3bb9-2726-f8824665dd71,video,SR-NA_02_1308,2022,personsRaw,person,person,Chantal Rijker,chantal rijker,Chantal Rijker,nas-persons-field,,1,"Wi Kondre, Aflevering 4. Producten van de plantages van vroeger",Chantal Rijker,true,high-precision
81d8bad5-2560-faaa-62b2-a93702d5d8b5::b793fa91-c31e-3bb9-2726-f8824665dd71,81d8bad5-2560-faaa-62b2-a93702d5d8b5,b793fa91-c31e-3bb9-2726-f8824665dd71,video,SR-NA_02_1308,2022,personsRaw,person,person,Ivan Ritfeld,ivan ritfeld,Ivan Ritfeld,nas-persons-field,,1,"Wi Kondre, Aflevering 4. Producten van de plantages van vroeger",Ivan Ritfeld,true,high-precision
81d8bad5-2560-faaa-62b2-a93702d5d8b5::b793fa91-c31e-3bb9-2726-f8824665dd71,81d8bad5-2560-faaa-62b2-a93702d5d8b5,b793fa91-c31e-3bb9-2726-f8824665dd71,video,SR-NA_02_1308,2022,personsRaw,person,person,Steven van Frederikslust,steven van frederikslust,Steven van Frederikslust,nas-persons-field,,1,"Wi Kondre, Aflevering 4. Producten van de plantages van vroeger",Steven van Frederikslust,true,high-precision
81d8bad5-2560-faaa-62b2-a93702d5d8b5::b793fa91-c31e-3bb9-2726-f8824665dd71,81d8bad5-2560-faaa-62b2-a93702d5d8b5,b793fa91-c31e-3bb9-2726-f8824665dd71,video,SR-NA_02_1308,2022,personsRaw,person,person,Joey Impoza,joey impoza,Joey Impoza,nas-persons-field,,1,"Wi Kondre, Aflevering 4. Producten van de plantages van vroeger",Joey Impoza,true,high-precision
81d8bad5-2560-faaa-62b2-a93702d5d8b5::b793fa91-c31e-3bb9-2726-f8824665dd71,81d8bad5-2560-faaa-62b2-a93702d5d8b5,b793fa91-c31e-3bb9-2726-f8824665dd71,video,SR-NA_02_1308,2022,personsRaw,person,person,Everts Aliredjo,everts aliredjo,Everts Aliredjo,nas-persons-field,,1,"Wi Kondre, Aflevering 4. Producten van de plantages van vroeger",Everts Aliredjo,true,high-precision
81d8bad5-2560-faaa-62b2-a93702d5d8b5::b793fa91-c31e-3bb9-2726-f8824665dd71,81d8bad5-2560-faaa-62b2-a93702d5d8b5,b793fa91-c31e-3bb9-2726-f8824665dd71,video,SR-NA_02_1308,2022,personsRaw,person,person,C-Futego,c-futego,C-Futego,nas-persons-field,,1,"Wi Kondre, Aflevering 4. Producten van de plantages van vroeger",C-Futego,true,high-precision
81de6c96-9acd-4b0b-9b72-292f658b2c94::b65635ac-db27-bcf5-8ab4-f70dcc482bb9,81de6c96-9acd-4b0b-9b72-292f658b2c94,b65635ac-db27-bcf5-8ab4-f70dcc482bb9,image,SR-NA_1_0181,1962,title,place,plantation,Industrie,industrie,Industrie,stm-gazetteer,stm-00858,1,Industrie,Industrie,true,high-precision
81de6c96-9acd-4b0b-9b72-292f658b2c94::b65635ac-db27-bcf5-8ab4-f70dcc482bb9,81de6c96-9acd-4b0b-9b72-292f658b2c94,b65635ac-db27-bcf5-8ab4-f70dcc482bb9,image,SR-NA_1_0181,1962,description,place,plantation,Industrie,industrie,Industrie,stm-gazetteer,stm-00858,1,Industrie,Industrie Suriname anno 1962,true,high-precision
83456f87-6b61-aa17-effc-3b4f8b662277::5132ac7d-6bdf-30d9-709c-092f73b5741e,83456f87-6b61-aa17-effc-3b4f8b662277,5132ac7d-6bdf-30d9-709c-092f73b5741e,video,SR-NA_02_1305,2022,personsRaw,person,person,Kevin Headley,kevin headley,Kevin Headley,nas-persons-field,,1,"Wi Kondre, Aflevering 1. Sranan Tongo",Kevin Headley,true,high-precision
83456f87-6b61-aa17-effc-3b4f8b662277::5132ac7d-6bdf-30d9-709c-092f73b5741e,83456f87-6b61-aa17-effc-3b4f8b662277,5132ac7d-6bdf-30d9-709c-092f73b5741e,video,SR-NA_02_1305,2022,personsRaw,person,person,Tico Koopmans,tico koopmans,Tico Koopmans,nas-persons-field,,1,"Wi Kondre, Aflevering 1. Sranan Tongo",Tico Koopmans,true,high-precision
83456f87-6b61-aa17-effc-3b4f8b662277::5132ac7d-6bdf-30d9-709c-092f73b5741e,83456f87-6b61-aa17-effc-3b4f8b662277,5132ac7d-6bdf-30d9-709c-092f73b5741e,video,SR-NA_02_1305,2022,personsRaw,person,person,Ann Hermelijn,ann hermelijn,Ann Hermelijn,nas-persons-field,,1,"Wi Kondre, Aflevering 1. Sranan Tongo",Ann Hermelijn,true,high-precision
83456f87-6b61-aa17-effc-3b4f8b662277::5132ac7d-6bdf-30d9-709c-092f73b5741e,83456f87-6b61-aa17-effc-3b4f8b662277,5132ac7d-6bdf-30d9-709c-092f73b5741e,video,SR-NA_02_1305,2022,personsRaw,person,person,Giorgio de la Fuente,giorgio de la fuente,Giorgio de la Fuente,nas-persons-field,,1,"Wi Kondre, Aflevering 1. Sranan Tongo",Giorgio de la Fuente,true,high-precision
83456f87-6b61-aa17-effc-3b4f8b662277::5132ac7d-6bdf-30d9-709c-092f73b5741e,83456f87-6b61-aa17-effc-3b4f8b662277,5132ac7d-6bdf-30d9-709c-092f73b5741e,video,SR-NA_02_1305,2022,personsRaw,person,person,Anthony Stippel,anthony stippel,Anthony Stippel,nas-persons-field,,1,"Wi Kondre, Aflevering 1. Sranan Tongo",Anthony Stippel,true,high-precision
83456f87-6b61-aa17-effc-3b4f8b662277::5132ac7d-6bdf-30d9-709c-092f73b5741e,83456f87-6b61-aa17-effc-3b4f8b662277,5132ac7d-6bdf-30d9-709c-092f73b5741e,video,SR-NA_02_1305,2022,personsRaw,person,person,Donovan Ceeder,donovan ceeder,Donovan Ceeder,nas-persons-field,,1,"Wi Kondre, Aflevering 1. Sranan Tongo",Donovan Ceeder,true,high-precision
83456f87-6b61-aa17-effc-3b4f8b662277::5132ac7d-6bdf-30d9-709c-092f73b5741e,83456f87-6b61-aa17-effc-3b4f8b662277,5132ac7d-6bdf-30d9-709c-092f73b5741e,video,SR-NA_02_1305,2022,personsRaw,person,person,Vernon Fredison,vernon fredison,Vernon Fredison,nas-persons-field,,1,"Wi Kondre, Aflevering 1. Sranan Tongo",Vernon Fredison,true,high-precision
83456f87-6b61-aa17-effc-3b4f8b662277::5132ac7d-6bdf-30d9-709c-092f73b5741e,83456f87-6b61-aa17-effc-3b4f8b662277,5132ac7d-6bdf-30d9-709c-092f73b5741e,video,SR-NA_02_1305,2022,personsRaw,person,person,Chantal Rijker,chantal rijker,Chantal Rijker,nas-persons-field,,1,"Wi Kondre, Aflevering 1. Sranan Tongo",Chantal Rijker,true,high-precision
83456f87-6b61-aa17-effc-3b4f8b662277::5132ac7d-6bdf-30d9-709c-092f73b5741e,83456f87-6b61-aa17-effc-3b4f8b662277,5132ac7d-6bdf-30d9-709c-092f73b5741e,video,SR-NA_02_1305,2022,personsRaw,person,person,Ivan Ritfeld,ivan ritfeld,Ivan Ritfeld,nas-persons-field,,1,"Wi Kondre, Aflevering 1. Sranan Tongo",Ivan Ritfeld,true,high-precision
83456f87-6b61-aa17-effc-3b4f8b662277::5132ac7d-6bdf-30d9-709c-092f73b5741e,83456f87-6b61-aa17-effc-3b4f8b662277,5132ac7d-6bdf-30d9-709c-092f73b5741e,video,SR-NA_02_1305,2022,personsRaw,person,person,Steven van Frederikslust,steven van frederikslust,Steven van Frederikslust,nas-persons-field,,1,"Wi Kondre, Aflevering 1. Sranan Tongo",Steven van Frederikslust,true,high-precision
83456f87-6b61-aa17-effc-3b4f8b662277::5132ac7d-6bdf-30d9-709c-092f73b5741e,83456f87-6b61-aa17-effc-3b4f8b662277,5132ac7d-6bdf-30d9-709c-092f73b5741e,video,SR-NA_02_1305,2022,personsRaw,person,person,Joey Impoza,joey impoza,Joey Impoza,nas-persons-field,,1,"Wi Kondre, Aflevering 1. Sranan Tongo",Joey Impoza,true,high-precision
83456f87-6b61-aa17-effc-3b4f8b662277::5132ac7d-6bdf-30d9-709c-092f73b5741e,83456f87-6b61-aa17-effc-3b4f8b662277,5132ac7d-6bdf-30d9-709c-092f73b5741e,video,SR-NA_02_1305,2022,personsRaw,person,person,Everts Aliredjo,everts aliredjo,Everts Aliredjo,nas-persons-field,,1,"Wi Kondre, Aflevering 1. Sranan Tongo",Everts Aliredjo,true,high-precision
83456f87-6b61-aa17-effc-3b4f8b662277::5132ac7d-6bdf-30d9-709c-092f73b5741e,83456f87-6b61-aa17-effc-3b4f8b662277,5132ac7d-6bdf-30d9-709c-092f73b5741e,video,SR-NA_02_1305,2022,personsRaw,person,person,C-Futego,c-futego,C-Futego,nas-persons-field,,1,"Wi Kondre, Aflevering 1. Sranan Tongo",C-Futego,true,high-precision
83456f87-6b61-aa17-effc-3b4f8b662277::5132ac7d-6bdf-30d9-709c-092f73b5741e,83456f87-6b61-aa17-effc-3b4f8b662277,5132ac7d-6bdf-30d9-709c-092f73b5741e,video,SR-NA_02_1305,2022,personsRaw,person,person,Erik Lucassen,erik lucassen,Erik Lucassen,nas-persons-field,,1,"Wi Kondre, Aflevering 1. Sranan Tongo",Erik Lucassen,true,high-precision
83456f87-6b61-aa17-effc-3b4f8b662277::5132ac7d-6bdf-30d9-709c-092f73b5741e,83456f87-6b61-aa17-effc-3b4f8b662277,5132ac7d-6bdf-30d9-709c-092f73b5741e,video,SR-NA_02_1305,2022,personsRaw,person,person,Kristina Petrasova,kristina petrasova,Kristina Petrasova,nas-persons-field,,1,"Wi Kondre, Aflevering 1. Sranan Tongo",Kristina Petrasova,true,high-precision
83456f87-6b61-aa17-effc-3b4f8b662277::5132ac7d-6bdf-30d9-709c-092f73b5741e,83456f87-6b61-aa17-effc-3b4f8b662277,5132ac7d-6bdf-30d9-709c-092f73b5741e,video,SR-NA_02_1305,2022,personsRaw,person,person,Marijke Sonneveld,marijke sonneveld,Marijke Sonneveld,nas-persons-field,,1,"Wi Kondre, Aflevering 1. Sranan Tongo",Marijke Sonneveld,true,high-precision
83456f87-6b61-aa17-effc-3b4f8b662277::5132ac7d-6bdf-30d9-709c-092f73b5741e,83456f87-6b61-aa17-effc-3b4f8b662277,5132ac7d-6bdf-30d9-709c-092f73b5741e,video,SR-NA_02_1305,2022,personsRaw,person,person,Ornyl Malone,ornyl malone,Ornyl Malone,nas-persons-field,,1,"Wi Kondre, Aflevering 1. Sranan Tongo",Ornyl Malone,true,high-precision
83456f87-6b61-aa17-effc-3b4f8b662277::5132ac7d-6bdf-30d9-709c-092f73b5741e,83456f87-6b61-aa17-effc-3b4f8b662277,5132ac7d-6bdf-30d9-709c-092f73b5741e,video,SR-NA_02_1305,2022,personsRaw,person,person,Jinaraja Menke,jinaraja menke,Jinaraja Menke,nas-persons-field,,1,"Wi Kondre, Aflevering 1. Sranan Tongo",Jinaraja Menke,true,high-precision
83456f87-6b61-aa17-effc-3b4f8b662277::5132ac7d-6bdf-30d9-709c-092f73b5741e,83456f87-6b61-aa17-effc-3b4f8b662277,5132ac7d-6bdf-30d9-709c-092f73b5741e,video,SR-NA_02_1305,2022,personsRaw,person,person,Mavis Noordwijk,mavis noordwijk,Mavis Noordwijk,nas-persons-field,,1,"Wi Kondre, Aflevering 1. Sranan Tongo",Mavis Noordwijk,true,high-precision
836e2495-e67e-9fe3-a18f-e0fa876d8f05::94cf1ebc-f977-5531-c8ea-d76910dcebbd,836e2495-e67e-9fe3-a18f-e0fa876d8f05,94cf1ebc-f977-5531-c8ea-d76910dcebbd,video,SR-NA_02_0011,Onbekend,personsRaw,person,person,Caricom,caricom,Caricom,nas-persons-field,,1,Yvor Carol over CSME,Caricom,true,high-precision
836e2495-e67e-9fe3-a18f-e0fa876d8f05::94cf1ebc-f977-5531-c8ea-d76910dcebbd,836e2495-e67e-9fe3-a18f-e0fa876d8f05,94cf1ebc-f977-5531-c8ea-d76910dcebbd,video,SR-NA_02_0011,Onbekend,personsRaw,person,person,Single Market,single market,Single Market,nas-persons-field,,1,Yvor Carol over CSME,Single Market,true,high-precision
8669fd18-e82d-38cb-f656-49097671c05b::6c7df042-d0a1-dc07-7bd5-6d5dbdba2d63,8669fd18-e82d-38cb-f656-49097671c05b,6c7df042-d0a1-dc07-7bd5-6d5dbdba2d63,image,SR-NA_03_0125_001,1991,keywords,place,plantation,Java,java,Java,stm-gazetteer,stm-00789,1,Javanen in Suriname,Prins Willem | Java | Mariënburg | Kaum (religieuze leider) | kebayan (dorpsbode) | rukun (harmonie) | slametans (heilmaaltijden) | Idul Fi,true,high-precision
8669fd18-e82d-38cb-f656-49097671c05b::6c7df042-d0a1-dc07-7bd5-6d5dbdba2d63,8669fd18-e82d-38cb-f656-49097671c05b,6c7df042-d0a1-dc07-7bd5-6d5dbdba2d63,image,SR-NA_03_0125_001,1991,keywords,place,plantation,Harmonie,harmonie,Harmonie,plantages-dataset,,1,Javanen in Suriname,g | Kaum (religieuze leider) | kebayan (dorpsbode) | rukun (harmonie) | slametans (heilmaaltijden) | Idul Fitre | kloso (matten) | kukusan (stoommand) | tampah | tyapil (zonnehoed) | print,true,high-precision
87b358c6-e8fd-ae13-b107-54df821b1b31::a367d583-7d91-73af-57d9-205fc6d2a14c,87b358c6-e8fd-ae13-b107-54df821b1b31,a367d583-7d91-73af-57d9-205fc6d2a14c,video,NAS_064______-NAS3000NAMI,1 februari 1978,description,place,river,Coesewijne,coesewijne,Coesewijne,stm-gazetteer,stm-00391,1,Films_Johan_Henri_Eliza_Ferrier_08,"t Binebeth en Joan(Uitkijk, onder Saramaccabrug in aanbouw, Coesewijne, Batavia; 5/3 Charity Fair Ambassadeurs vrouwen; Varen in de Coesewijne; St. Jorisdag Palmentuin; 30/4 Varen naar Cott",true,high-precision
87b358c6-e8fd-ae13-b107-54df821b1b31::a367d583-7d91-73af-57d9-205fc6d2a14c,87b358c6-e8fd-ae13-b107-54df821b1b31,a367d583-7d91-73af-57d9-205fc6d2a14c,video,NAS_064______-NAS3000NAMI,1 februari 1978,description,place,plantation,Batavia,batavia,Batavia,stm-gazetteer,stm-02099,1,Films_Johan_Henri_Eliza_Ferrier_08,"n Joan(Uitkijk, onder Saramaccabrug in aanbouw, Coesewijne, Batavia; 5/3 Charity Fair Ambassadeurs vrouwen; Varen in de Coesewijne; St. Jorisdag Palmentuin; 30/4 Varen naar Cottica, bezo",true,high-precision
87b358c6-e8fd-ae13-b107-54df821b1b31::a367d583-7d91-73af-57d9-205fc6d2a14c,87b358c6-e8fd-ae13-b107-54df821b1b31,a367d583-7d91-73af-57d9-205fc6d2a14c,video,NAS_064______-NAS3000NAMI,1 februari 1978,personsRaw,person,person,Johan Ferrier,johan ferrier,Johan Ferrier,nas-persons-field,,1,Films_Johan_Henri_Eliza_Ferrier_08,Johan Ferrier,true,high-precision
8a791570-0e2d-ee24-3d92-9df1255da714::451b493f-7bc6-a7ba-7107-1c594b02c72b,8a791570-0e2d-ee24-3d92-9df1255da714,451b493f-7bc6-a7ba-7107-1c594b02c72b,video,SR-NA_02_0959_001_001-005,Onbekend,description,place,plantation,Industrie,industrie,Industrie,stm-gazetteer,stm-00858,1,Nationale dialoog deel 2A,"Vreedzaam-Joeroeja, minister Clifford Marica van Handel en Industrie, VSB-voorzitter Marcel Meyer, Max Ooft van UNDP, minister Michael Jong Tjien Fa van ROGB",true,high-precision
8b7d6f78-4710-9544-b4b3-d01e0e8aac38::e15550a6-9e9f-742d-7202-28405802019b,8b7d6f78-4710-9544-b4b3-d01e0e8aac38,e15550a6-9e9f-742d-7202-28405802019b,video,SR-NA_02_0613,23 maart 1988,description,place,street,Gravenstraat,gravenstraat,Gravenstraat,paramaribo-street-standardization,,1,Vicepresident Arron in DNA over de handel,"k Arron reageert in de Nationale Assemblee, toen nog aan de Gravenstraat, op kritiek uit de politiek en de samenleving op het regeerbeleid",true,high-precision
8d7a05af-bd51-8e44-476b-52e3db8f1b46::0f887772-e931-9d63-2c84-b386b2902618,8d7a05af-bd51-8e44-476b-52e3db8f1b46,0f887772-e931-9d63-2c84-b386b2902618,video,SR-NA_02_1386,Onbekend,personsRaw,person,person,Robert Ameerali,robert ameerali,Robert Ameerali,nas-persons-field,,1,Inzwering en installatie van de nieuwe vicepresident Robert Ameerali,Robert Ameerali,true,high-precision
8da629fa-4609-f21b-a100-c650a90c8639::00cc6c97-cb3f-401b-9b2d-edb13f39a830,8da629fa-4609-f21b-a100-c650a90c8639,00cc6c97-cb3f-401b-9b2d-edb13f39a830,video,SR-NA_02_0631,28 maart 1988,title,place,street,Wanica,wanica,Wanica,paramaribo-street-standardization,,1,Radiostation Sangeet Mala-Pad van Wanica,Radiostation Sangeet Mala-Pad van Wanica,true,high-precision
8e82d48b-ad43-3980-2baf-51c76ddb12db::d4de7999-53d2-06e2-ce32-88ad9f68b465,8e82d48b-ad43-3980-2baf-51c76ddb12db,d4de7999-53d2-06e2-ce32-88ad9f68b465,video,SR-NA_02_0113,Onbekend,description,place,street,Wanica,wanica,Wanica,paramaribo-street-standardization,,1,Kerkdiensten Goede Vrijdag,"enst op Goede Vrijdag zoals, de Grote Stadskerk en Gemeente Wanica",true,high-precision
8e82d48b-ad43-3980-2baf-51c76ddb12db::d4de7999-53d2-06e2-ce32-88ad9f68b465,8e82d48b-ad43-3980-2baf-51c76ddb12db,d4de7999-53d2-06e2-ce32-88ad9f68b465,video,SR-NA_02_0113,Onbekend,keywords,place,street,Wanica,wanica,Wanica,paramaribo-street-standardization,,1,Kerkdiensten Goede Vrijdag,Kerkdienst | Goede Vrijdag | Grote Stadskerk | Gemeente Wanica | lijden en sterven van Jezus Christus,true,high-precision
8eca6704-959a-4d41-94d2-1f7aec094a8a::c4542303-6f57-1fd3-e2e4-4d485ebddc6a,8eca6704-959a-4d41-94d2-1f7aec094a8a,c4542303-6f57-1fd3-e2e4-4d485ebddc6a,video,SR-NA_02_1332,Onbekend,personsRaw,person,person,Ronald Hooghart,ronald hooghart,Ronald Hooghart,nas-persons-field,,1,Ronald Hooghart over zijn politieke positionering,Ronald Hooghart,true,high-precision
8f59964e-5704-9096-bb48-f000ccefb1f5::f2755b83-74aa-3cbb-75c8-47432dd7627f,8f59964e-5704-9096-bb48-f000ccefb1f5,f2755b83-74aa-3cbb-75c8-47432dd7627f,video,SR-NA_02_1037,Onbekend,personsRaw,person,person,Cliff Djamin,cliff djamin,Cliff Djamin,nas-persons-field,,1,Jaarwisseling toespraak van president Ronald Venetiaan,Cliff Djamin,true,high-precision
90164888-d552-cddf-2f80-3e58934c653d::78acfcc9-0ad1-eb43-dd7d-7b103bf2d861,90164888-d552-cddf-2f80-3e58934c653d,78acfcc9-0ad1-eb43-dd7d-7b103bf2d861,video,NAS_059______-NAS3000MF0M,14 september 1977,personsRaw,person,person,Johan Ferrier,johan ferrier,Johan Ferrier,nas-persons-field,,1,Films_Johan_Henri_Eliza_Ferrier_05,Johan Ferrier,true,high-precision
91939922-2f17-1e75-8f91-a77701104667::afaeee2d-5a39-4dee-a4ff-8d35adf4579b,91939922-2f17-1e75-8f91-a77701104667,afaeee2d-5a39-4dee-a4ff-8d35adf4579b,video,SR-NA_02_0067,1990,description,place,plantation,Ephraimzegen,ephraimzegen,Ephraimzegen,plantages-dataset,,1,Waterprobleem_Weekjournaal-,"Noodkreet bewoners Nieuw Weergevondenweg, Ephraimzegen en omgeving; barricaderen straten; watergebrek in gebieden.",true,high-precision
92429e69-c108-f6b3-c53c-109a19d3ee6a::049aa2fb-7fd9-b41a-fc2e-d780030ef864,92429e69-c108-f6b3-c53c-109a19d3ee6a,049aa2fb-7fd9-b41a-fc2e-d780030ef864,video,SR-NA_02_1385,Onbekend,personsRaw,person,person,Desi Bouterse,desi bouterse,Desi Bouterse,nas-persons-field,,1,Verkiezing van President Desi Bouterse,Desi Bouterse,true,high-precision
93d49401-d978-8db1-1327-c7597cbc7713::88af433f-497f-1fdf-953b-d6b1379dcd21,93d49401-d978-8db1-1327-c7597cbc7713,88af433f-497f-1fdf-953b-d6b1379dcd21,video,SR-NA_02_0465,2 oktober 1991,description,place,street,Maagdenstraat,maagdenstraat,Maagdenstraat,paramaribo-street-standardization,,1,Kranslegging bij het standbeeld van Gandhi,Bij het standbeeld van Mahatma Gandhi op de hoek van de Maagdenstraat en Heiligenweg en de Knuffelsgracht worden kransen gelegd door onder andere VHP-voorzitter Jagernat Lachmon.,true,high-precision
93d49401-d978-8db1-1327-c7597cbc7713::88af433f-497f-1fdf-953b-d6b1379dcd21,93d49401-d978-8db1-1327-c7597cbc7713,88af433f-497f-1fdf-953b-d6b1379dcd21,video,SR-NA_02_0465,2 oktober 1991,description,place,street,Heiligenweg,heiligenweg,Heiligenweg,paramaribo-street-standardization,,1,Kranslegging bij het standbeeld van Gandhi,beeld van Mahatma Gandhi op de hoek van de Maagdenstraat en Heiligenweg en de Knuffelsgracht worden kransen gelegd door onder andere VHP-voorzitter Jagernat Lachmon.,true,high-precision
93d49401-d978-8db1-1327-c7597cbc7713::88af433f-497f-1fdf-953b-d6b1379dcd21,93d49401-d978-8db1-1327-c7597cbc7713,88af433f-497f-1fdf-953b-d6b1379dcd21,video,SR-NA_02_0465,2 oktober 1991,description,place,street,Knuffelsgracht,knuffelsgracht,Knuffelsgracht,paramaribo-street-standardization,,1,Kranslegging bij het standbeeld van Gandhi,andhi op de hoek van de Maagdenstraat en Heiligenweg en de Knuffelsgracht worden kransen gelegd door onder andere VHP-voorzitter Jagernat Lachmon.,true,high-precision
95a04536-71f9-aafd-29ea-0d6e12c83482::4bd8e61d-3a2d-6d83-2a98-4dbbc6332129,95a04536-71f9-aafd-29ea-0d6e12c83482,4bd8e61d-3a2d-6d83-2a98-4dbbc6332129,image,SR-NA_01_0735,1988,description,place,street,Heiligenweg,heiligenweg,Heiligenweg,paramaribo-street-standardization,,1,Kranslegging herdenking revolutie,olutie bij het gelijknamig monument aan de Watermolenstraat/Heiligenweg,true,high-precision
95a04536-71f9-aafd-29ea-0d6e12c83482::4bd8e61d-3a2d-6d83-2a98-4dbbc6332129,95a04536-71f9-aafd-29ea-0d6e12c83482,4bd8e61d-3a2d-6d83-2a98-4dbbc6332129,image,SR-NA_01_0735,1988,description,place,street,Watermolenstraat,watermolenstraat,Watermolenstraat,paramaribo-street-standardization,,1,Kranslegging herdenking revolutie,enking van de revolutie bij het gelijknamig monument aan de Watermolenstraat/Heiligenweg,true,high-precision
95fa9da6-1f88-4147-aa05-814436f56bec::beceba44-a9b5-c641-5a6d-33c8ebeb61c4,95fa9da6-1f88-4147-aa05-814436f56bec,beceba44-a9b5-c641-5a6d-33c8ebeb61c4,video,SR-NA_02_0742,Onbekend,title,place,river,Nickerie,nickerie,Nickerie,stm-gazetteer,stm-00261,1,Reconditionering wegen Nickerie,Reconditionering wegen Nickerie,true,high-precision
95fa9da6-1f88-4147-aa05-814436f56bec::beceba44-a9b5-c641-5a6d-33c8ebeb61c4,95fa9da6-1f88-4147-aa05-814436f56bec,beceba44-a9b5-c641-5a6d-33c8ebeb61c4,video,SR-NA_02_0742,Onbekend,description,place,river,Nickerie,nickerie,Nickerie,stm-gazetteer,stm-00261,1,Reconditionering wegen Nickerie,In Nickerie is herstel- en reconditionering van wegen in volle gang. De werkzaamheden vinden plaats onder leiding van een commissie,true,high-precision
962215b4-eed7-4c42-95f1-9b253c4c373a::0f4734b4-6d2f-f8ac-78e3-14600a79e971,962215b4-eed7-4c42-95f1-9b253c4c373a,0f4734b4-6d2f-f8ac-78e3-14600a79e971,image,SR-NA_01_0307,Onbekend,title,place,river,Corantijn,corantijn,Corantijn,stm-gazetteer,stm-00365,1,Haven Paramaribo schip Corantijn,Haven Paramaribo schip Corantijn,true,high-precision
962215b4-eed7-4c42-95f1-9b253c4c373a::0f4734b4-6d2f-f8ac-78e3-14600a79e971,962215b4-eed7-4c42-95f1-9b253c4c373a,0f4734b4-6d2f-f8ac-78e3-14600a79e971,image,SR-NA_01_0307,Onbekend,description,place,river,Corantijn,corantijn,Corantijn,stm-gazetteer,stm-00365,1,Haven Paramaribo schip Corantijn,Het schip Corantijn in de Haven van Paramaribo,true,high-precision
9696fe21-c6c9-4483-b877-95cdb54ed9fd::edb088d0-b16e-17ac-ffbd-43d5aaded67e,9696fe21-c6c9-4483-b877-95cdb54ed9fd,edb088d0-b16e-17ac-ffbd-43d5aaded67e,image,SR-NA_01_0163,December 1970,title,place,district,District Nickerie,district nickerie,District Nickerie,stm-gazetteer,stm-00002,1,Reis Minister Rens naar het district Nickerie,Reis Minister Rens naar het district Nickerie,true,high-precision
9696fe21-c6c9-4483-b877-95cdb54ed9fd::edb088d0-b16e-17ac-ffbd-43d5aaded67e,9696fe21-c6c9-4483-b877-95cdb54ed9fd,edb088d0-b16e-17ac-ffbd-43d5aaded67e,image,SR-NA_01_0163,December 1970,title,place,river,Nickerie,nickerie,Nickerie,stm-gazetteer,stm-00261,1,Reis Minister Rens naar het district Nickerie,Reis Minister Rens naar het district Nickerie,true,high-precision
9696fe21-c6c9-4483-b877-95cdb54ed9fd::edb088d0-b16e-17ac-ffbd-43d5aaded67e,9696fe21-c6c9-4483-b877-95cdb54ed9fd,edb088d0-b16e-17ac-ffbd-43d5aaded67e,image,SR-NA_01_0163,December 1970,description,place,district,District Nickerie,district nickerie,District Nickerie,stm-gazetteer,stm-00002,1,Reis Minister Rens naar het district Nickerie,Reis Minister Rens naar het district Nickerie,true,high-precision
9696fe21-c6c9-4483-b877-95cdb54ed9fd::edb088d0-b16e-17ac-ffbd-43d5aaded67e,9696fe21-c6c9-4483-b877-95cdb54ed9fd,edb088d0-b16e-17ac-ffbd-43d5aaded67e,image,SR-NA_01_0163,December 1970,description,place,river,Nickerie,nickerie,Nickerie,stm-gazetteer,stm-00261,1,Reis Minister Rens naar het district Nickerie,Reis Minister Rens naar het district Nickerie,true,high-precision
98011a02-0ba6-64d2-feaf-f36a87ad1b16::3e10926a-c669-2d05-174d-3a5beaa6a8c1,98011a02-0ba6-64d2-feaf-f36a87ad1b16,3e10926a-c669-2d05-174d-3a5beaa6a8c1,image,SR-NA_01_0244,Onbekend,title,place,street,Gravenstraat,gravenstraat,Gravenstraat,paramaribo-street-standardization,,1,Feestvierders Gravenstraat,Feestvierders Gravenstraat,true,high-precision
98011a02-0ba6-64d2-feaf-f36a87ad1b16::3e10926a-c669-2d05-174d-3a5beaa6a8c1,98011a02-0ba6-64d2-feaf-f36a87ad1b16,3e10926a-c669-2d05-174d-3a5beaa6a8c1,image,SR-NA_01_0244,Onbekend,description,place,street,Gravenstraat,gravenstraat,Gravenstraat,paramaribo-street-standardization,,1,Feestvierders Gravenstraat,Feestvierders aan de Gravenstraat,true,high-precision
98011a02-0ba6-64d2-feaf-f36a87ad1b16::3e10926a-c669-2d05-174d-3a5beaa6a8c1,98011a02-0ba6-64d2-feaf-f36a87ad1b16,3e10926a-c669-2d05-174d-3a5beaa6a8c1,image,SR-NA_01_0244,Onbekend,keywords,place,street,Gravenstraat,gravenstraat,Gravenstraat,paramaribo-street-standardization,,1,Feestvierders Gravenstraat,Feestvierders | Gravenstraat | Binnenstad,true,high-precision
9a38756d-9219-328d-568e-6f97bdfda8cf::9b603485-2313-48ed-1330-dfd4cb275929,9a38756d-9219-328d-568e-6f97bdfda8cf,9b603485-2313-48ed-1330-dfd4cb275929,video,SR-NA_02_0010,Onbekend,personsRaw,person,person,Ambassadeur,ambassadeur,Ambassadeur,nas-persons-field,,1,Chinese ambassade en RO tekenen contract Brokopondo,Ambassadeur,true,high-precision
9a38756d-9219-328d-568e-6f97bdfda8cf::9b603485-2313-48ed-1330-dfd4cb275929,9a38756d-9219-328d-568e-6f97bdfda8cf,9b603485-2313-48ed-1330-dfd4cb275929,video,SR-NA_02_0010,Onbekend,personsRaw,person,person,China,china,China,nas-persons-field,,1,Chinese ambassade en RO tekenen contract Brokopondo,China,true,high-precision
9a38756d-9219-328d-568e-6f97bdfda8cf::9b603485-2313-48ed-1330-dfd4cb275929,9a38756d-9219-328d-568e-6f97bdfda8cf,9b603485-2313-48ed-1330-dfd4cb275929,video,SR-NA_02_0010,Onbekend,personsRaw,person,person,districtscommissaris,districtscommissaris,districtscommissaris,nas-persons-field,,1,Chinese ambassade en RO tekenen contract Brokopondo,districtscommissaris,true,high-precision
9a661a3a-2274-65a6-b8b6-e48ef10a7c20::842d3047-784f-0e78-de1f-97781976900f,9a661a3a-2274-65a6-b8b6-e48ef10a7c20,842d3047-784f-0e78-de1f-97781976900f,image,SR-NA_03_0007_049,1983,keywords,place,river,Marowijne,marowijne,Marowijne,stm-gazetteer,stm-00363,1,"Suralco magazine, 1983 vol. 15 nr. 2",chillende artikelen in voorbereiding | zoals: Goud langs de Marowijne | Operatie Gwamba | Een tocht naar de Kasikasima | Enkele Surinaamse Vlinders | De gebroeders Penard | De eerste kaarte,true,high-precision
9a6cf20b-2ace-eb99-b67e-e4c1bf5ec9e2::cdc221c5-a7fe-b1ca-cda1-56eb2f002580,9a6cf20b-2ace-eb99-b67e-e4c1bf5ec9e2,cdc221c5-a7fe-b1ca-cda1-56eb2f002580,video,SR-NA_02_1334,Onbekend,personsRaw,person,person,Winston Jessurun,winston jessurun,Winston Jessurun,nas-persons-field,,1,Winston Jessurun spreekt over de verkiezingen met C-7,Winston Jessurun,true,high-precision
9a945752-ba0d-b053-5663-39415abb7d6a::23b5945e-fbdf-297e-2fbb-51c3bb36106c,9a945752-ba0d-b053-5663-39415abb7d6a,23b5945e-fbdf-297e-2fbb-51c3bb36106c,video,SR-NA_02_0992_001,Onbekend,personsRaw,person,person,Lloyd Groenewoud,lloyd groenewoud,Lloyd Groenewoud,nas-persons-field,,1,Volksreceptie i.v.m. Onafhankelijkheidsdag-deel 1,Lloyd Groenewoud,true,high-precision
9a945752-ba0d-b053-5663-39415abb7d6a::23b5945e-fbdf-297e-2fbb-51c3bb36106c,9a945752-ba0d-b053-5663-39415abb7d6a,23b5945e-fbdf-297e-2fbb-51c3bb36106c,video,SR-NA_02_0992_001,Onbekend,personsRaw,person,person,MacNack,macnack,MacNack,nas-persons-field,,1,Volksreceptie i.v.m. Onafhankelijkheidsdag-deel 1,MacNack,true,high-precision
9a945752-ba0d-b053-5663-39415abb7d6a::23b5945e-fbdf-297e-2fbb-51c3bb36106c,9a945752-ba0d-b053-5663-39415abb7d6a,23b5945e-fbdf-297e-2fbb-51c3bb36106c,video,SR-NA_02_0992_001,Onbekend,personsRaw,person,person,Jenny Ramautarsingh,jenny ramautarsingh,Jenny Ramautarsingh,nas-persons-field,,1,Volksreceptie i.v.m. Onafhankelijkheidsdag-deel 1,Jenny Ramautarsingh,true,high-precision
9a945752-ba0d-b053-5663-39415abb7d6a::23b5945e-fbdf-297e-2fbb-51c3bb36106c,9a945752-ba0d-b053-5663-39415abb7d6a,23b5945e-fbdf-297e-2fbb-51c3bb36106c,video,SR-NA_02_0992_001,Onbekend,personsRaw,person,person,Robert Ameerali,robert ameerali,Robert Ameerali,nas-persons-field,,1,Volksreceptie i.v.m. Onafhankelijkheidsdag-deel 1,Robert Ameerali,true,high-precision
9a945752-ba0d-b053-5663-39415abb7d6a::23b5945e-fbdf-297e-2fbb-51c3bb36106c,9a945752-ba0d-b053-5663-39415abb7d6a,23b5945e-fbdf-297e-2fbb-51c3bb36106c,video,SR-NA_02_0992_001,Onbekend,personsRaw,person,person,Leroy Cadogan,leroy cadogan,Leroy Cadogan,nas-persons-field,,1,Volksreceptie i.v.m. Onafhankelijkheidsdag-deel 1,Leroy Cadogan,true,high-precision
9a945752-ba0d-b053-5663-39415abb7d6a::23b5945e-fbdf-297e-2fbb-51c3bb36106c,9a945752-ba0d-b053-5663-39415abb7d6a,23b5945e-fbdf-297e-2fbb-51c3bb36106c,video,SR-NA_02_0992_001,Onbekend,personsRaw,person,person,Danielle Vieira,danielle vieira,Danielle Vieira,nas-persons-field,,1,Volksreceptie i.v.m. Onafhankelijkheidsdag-deel 1,Danielle Vieira,true,high-precision
9a945752-ba0d-b053-5663-39415abb7d6a::23b5945e-fbdf-297e-2fbb-51c3bb36106c,9a945752-ba0d-b053-5663-39415abb7d6a,23b5945e-fbdf-297e-2fbb-51c3bb36106c,video,SR-NA_02_0992_001,Onbekend,personsRaw,person,person,Minister-Defensie Ronald Assen,minister-defensie ronald assen,Minister-Defensie Ronald Assen,nas-persons-field,,1,Volksreceptie i.v.m. Onafhankelijkheidsdag-deel 1,Minister-Defensie Ronald Assen,true,high-precision
9a945752-ba0d-b053-5663-39415abb7d6a::23b5945e-fbdf-297e-2fbb-51c3bb36106c,9a945752-ba0d-b053-5663-39415abb7d6a,23b5945e-fbdf-297e-2fbb-51c3bb36106c,video,SR-NA_02_0992_001,Onbekend,personsRaw,person,person,DNA-voorzitter Ram Sardjoe,dna-voorzitter ram sardjoe,DNA-voorzitter Ram Sardjoe,nas-persons-field,,1,Volksreceptie i.v.m. Onafhankelijkheidsdag-deel 1,DNA-voorzitter Ram Sardjoe,true,high-precision
9a945752-ba0d-b053-5663-39415abb7d6a::23b5945e-fbdf-297e-2fbb-51c3bb36106c,9a945752-ba0d-b053-5663-39415abb7d6a,23b5945e-fbdf-297e-2fbb-51c3bb36106c,video,SR-NA_02_0992_001,Onbekend,personsRaw,person,person,Minister Antillen Etienne Ys,minister antillen etienne ys,Minister Antillen Etienne Ys,nas-persons-field,,1,Volksreceptie i.v.m. Onafhankelijkheidsdag-deel 1,Minister Antillen Etienne Ys,true,high-precision
9a945752-ba0d-b053-5663-39415abb7d6a::23b5945e-fbdf-297e-2fbb-51c3bb36106c,9a945752-ba0d-b053-5663-39415abb7d6a,23b5945e-fbdf-297e-2fbb-51c3bb36106c,video,SR-NA_02_0992_001,Onbekend,personsRaw,person,person,CLO-voorzitter Ronald Hooghart,clo-voorzitter ronald hooghart,CLO-voorzitter Ronald Hooghart,nas-persons-field,,1,Volksreceptie i.v.m. Onafhankelijkheidsdag-deel 1,CLO-voorzitter Ronald Hooghart,true,high-precision
9a945752-ba0d-b053-5663-39415abb7d6a::23b5945e-fbdf-297e-2fbb-51c3bb36106c,9a945752-ba0d-b053-5663-39415abb7d6a,23b5945e-fbdf-297e-2fbb-51c3bb36106c,video,SR-NA_02_0992_001,Onbekend,personsRaw,person,person,Buza-minister Marie Levens,buza-minister marie levens,Buza-minister Marie Levens,nas-persons-field,,1,Volksreceptie i.v.m. Onafhankelijkheidsdag-deel 1,Buza-minister Marie Levens,true,high-precision
9a945752-ba0d-b053-5663-39415abb7d6a::23b5945e-fbdf-297e-2fbb-51c3bb36106c,9a945752-ba0d-b053-5663-39415abb7d6a,23b5945e-fbdf-297e-2fbb-51c3bb36106c,video,SR-NA_02_0992_001,Onbekend,personsRaw,person,person,Henk Shields,henk shields,Henk Shields,nas-persons-field,,1,Volksreceptie i.v.m. Onafhankelijkheidsdag-deel 1,Henk Shields,true,high-precision
9ae1e95f-b965-7b00-03c8-20b4b7415e4f::d0732bf0-ce02-ece0-f61c-e19badb87a60,9ae1e95f-b965-7b00-03c8-20b4b7415e4f,d0732bf0-ce02-ece0-f61c-e19badb87a60,video,SR-NA_02_0899,1990,personsRaw,person,person,Subhas Mungra,subhas mungra,Subhas Mungra,nas-persons-field,,1,Uitgifte postzegels,Subhas Mungra,true,high-precision
9ae1e95f-b965-7b00-03c8-20b4b7415e4f::d0732bf0-ce02-ece0-f61c-e19badb87a60,9ae1e95f-b965-7b00-03c8-20b4b7415e4f,d0732bf0-ce02-ece0-f61c-e19badb87a60,video,SR-NA_02_0899,1990,personsRaw,person,person,Elfriede Alexander-Vanenburg,elfriede alexander-vanenburg,Elfriede Alexander-Vanenburg,nas-persons-field,,1,Uitgifte postzegels,Elfriede Alexander-Vanenburg,true,high-precision
9ae1e95f-b965-7b00-03c8-20b4b7415e4f::d0732bf0-ce02-ece0-f61c-e19badb87a60,9ae1e95f-b965-7b00-03c8-20b4b7415e4f,d0732bf0-ce02-ece0-f61c-e19badb87a60,video,SR-NA_02_0899,1990,personsRaw,person,person,Ronald Venetiaan,ronald venetiaan,Ronald Venetiaan,nas-persons-field,,1,Uitgifte postzegels,Ronald Venetiaan,true,high-precision
9b81282c-cec1-a427-a51d-572ad866b304::2ddb5819-2e7b-3c7e-004a-1e7eac94d4c8,9b81282c-cec1-a427-a51d-572ad866b304,2ddb5819-2e7b-3c7e-004a-1e7eac94d4c8,image,SR-NA_03_0007_036,1979,description,place,river,Corantijn,corantijn,Corantijn,stm-gazetteer,stm-00365,1,"Suralco Magazine, 1979 vol. 11 nr.1","ie, geschreven door Dr. Ir. A. van Dijk. -Het Multi-Purpose Corantijn Kanaal project, geschreven door Ir. Joh. B. Visser. De historische prenten in deze editie zijn afkomstig uit het Surin",true,high-precision
9b81282c-cec1-a427-a51d-572ad866b304::2ddb5819-2e7b-3c7e-004a-1e7eac94d4c8,9b81282c-cec1-a427-a51d-572ad866b304,2ddb5819-2e7b-3c7e-004a-1e7eac94d4c8,image,SR-NA_03_0007_036,1979,description,place,river,Nickerie,nickerie,Nickerie,stm-gazetteer,stm-00261,1,"Suralco Magazine, 1979 vol. 11 nr.1","reven door Prof. Mr. A. J. A. Quintus Bosz. -100 Jaar Nieuw Nickerie, geschreven door Dr. Ir. A. van Dijk. -Het Multi-Purpose Corantijn Kanaal project, geschreven door Ir. Joh. B. Visser.",true,high-precision
9bb21ab7-d6db-f750-2616-19ae876719a8::ee7ce3ba-1995-0e1c-304d-a94f3b0beb7c,9bb21ab7-d6db-f750-2616-19ae876719a8,ee7ce3ba-1995-0e1c-304d-a94f3b0beb7c,video,SR-NA_02_0023,Onbekend,title,place,plantation,Paradise,paradise,Paradise,stm-gazetteer,stm-01641,1,Renovatie OS Paradise,Renovatie OS Paradise,true,high-precision
9bb21ab7-d6db-f750-2616-19ae876719a8::ee7ce3ba-1995-0e1c-304d-a94f3b0beb7c,9bb21ab7-d6db-f750-2616-19ae876719a8,ee7ce3ba-1995-0e1c-304d-a94f3b0beb7c,video,SR-NA_02_0023,Onbekend,description,place,river,Nickerie,nickerie,Nickerie,stm-gazetteer,stm-00261,1,Renovatie OS Paradise,"Reportage in Nickerie rond renovatie school te Paradise school in Nickerie, met toespraken van minister Stanley Raghoebarsing en Carmelita Fe",true,high-precision
9bb21ab7-d6db-f750-2616-19ae876719a8::ee7ce3ba-1995-0e1c-304d-a94f3b0beb7c,9bb21ab7-d6db-f750-2616-19ae876719a8,ee7ce3ba-1995-0e1c-304d-a94f3b0beb7c,video,SR-NA_02_0023,Onbekend,description,place,plantation,Paradise,paradise,Paradise,stm-gazetteer,stm-01641,1,Renovatie OS Paradise,"Reportage in Nickerie rond renovatie school te Paradise school in Nickerie, met toespraken van minister Stanley Raghoebarsing en Carmelita Ferreira, schooldirecteur",true,high-precision
9bb21ab7-d6db-f750-2616-19ae876719a8::ee7ce3ba-1995-0e1c-304d-a94f3b0beb7c,9bb21ab7-d6db-f750-2616-19ae876719a8,ee7ce3ba-1995-0e1c-304d-a94f3b0beb7c,video,SR-NA_02_0023,Onbekend,keywords,place,river,Nickerie,nickerie,Nickerie,stm-gazetteer,stm-00261,1,Renovatie OS Paradise,Paradise | school | Nickerie | Stanley Raghoebarsing | Planning | ontwikkelingssamenwerking. Carmelita Ferreira | Toespraken | Mediatheek | neem | n,true,high-precision
9bb21ab7-d6db-f750-2616-19ae876719a8::ee7ce3ba-1995-0e1c-304d-a94f3b0beb7c,9bb21ab7-d6db-f750-2616-19ae876719a8,ee7ce3ba-1995-0e1c-304d-a94f3b0beb7c,video,SR-NA_02_0023,Onbekend,keywords,place,plantation,Paradise,paradise,Paradise,stm-gazetteer,stm-01641,1,Renovatie OS Paradise,Paradise | school | Nickerie | Stanley Raghoebarsing | Planning | ontwikkelingssamenwerking. Carmelita Ferreira | Toespraken | M,true,high-precision
9bf88d0e-70d2-c911-a4a8-9d33e97f1192::baa862b0-3f18-8d00-ffb3-4b708588610a,9bf88d0e-70d2-c911-a4a8-9d33e97f1192,baa862b0-3f18-8d00-ffb3-4b708588610a,video,SR-NA_02_0970,Onbekend,title,place,street,Saramaccastraat,saramaccastraat,Saramaccastraat,paramaribo-street-standardization,,1,Asfalteringswerkzaamheden Saramaccastraat,Asfalteringswerkzaamheden Saramaccastraat,true,high-precision
9bf88d0e-70d2-c911-a4a8-9d33e97f1192::baa862b0-3f18-8d00-ffb3-4b708588610a,9bf88d0e-70d2-c911-a4a8-9d33e97f1192,baa862b0-3f18-8d00-ffb3-4b708588610a,video,SR-NA_02_0970,Onbekend,description,place,street,Saramaccastraat,saramaccastraat,Saramaccastraat,paramaribo-street-standardization,,1,Asfalteringswerkzaamheden Saramaccastraat,"Beelden van de asfalteringswerkzaamheden aan de Saramaccastraat, ter hoogte van de EBS-opwekkingscentrale",true,high-precision
9c5671e3-a6f9-090f-d36f-7f9b11155178::d976270c-5f12-410a-d00e-37e5d657309c,9c5671e3-a6f9-090f-d36f-7f9b11155178,d976270c-5f12-410a-d00e-37e5d657309c,video,SR-NA_02_0961,1999,personsRaw,person,person,Torarica,torarica,Torarica,nas-persons-field,,1,Videoclip Javaanse artiest,Torarica,true,high-precision
9cc50da1-d945-9415-aa6c-9850d46e89f2::c0f4f33c-9b74-22bf-9c37-b647d7e82597,9cc50da1-d945-9415-aa6c-9850d46e89f2,c0f4f33c-9b74-22bf-9c37-b647d7e82597,video,SR-NA_02_1356,Onbekend,personsRaw,person,person,Desi Bouterse,desi bouterse,Desi Bouterse,nas-persons-field,,1,Bouterse spreekt op een vergadering van de NDP,Desi Bouterse,true,high-precision
9d3e5e2d-e491-9cc1-bf5c-e31bc8bcdc15::09f57a32-7941-16ea-c831-c9cc7110dab9,9d3e5e2d-e491-9cc1-bf5c-e31bc8bcdc15,09f57a32-7941-16ea-c831-c9cc7110dab9,video,SR-NA_02_0005,Onbekend,personsRaw,person,person,Wijdenbosch,wijdenbosch,Wijdenbosch,nas-persons-field,,1,Jaaropening van de AHKCO,Wijdenbosch,true,high-precision
9d3e5e2d-e491-9cc1-bf5c-e31bc8bcdc15::09f57a32-7941-16ea-c831-c9cc7110dab9,9d3e5e2d-e491-9cc1-bf5c-e31bc8bcdc15,09f57a32-7941-16ea-c831-c9cc7110dab9,video,SR-NA_02_0005,Onbekend,personsRaw,person,person,Cursusleider,cursusleider,Cursusleider,nas-persons-field,,1,Jaaropening van de AHKCO,Cursusleider,true,high-precision
9d3e5e2d-e491-9cc1-bf5c-e31bc8bcdc15::09f57a32-7941-16ea-c831-c9cc7110dab9,9d3e5e2d-e491-9cc1-bf5c-e31bc8bcdc15,09f57a32-7941-16ea-c831-c9cc7110dab9,video,SR-NA_02_0005,Onbekend,personsRaw,person,person,Journalistiek,journalistiek,Journalistiek,nas-persons-field,,1,Jaaropening van de AHKCO,Journalistiek,true,high-precision
9d3e5e2d-e491-9cc1-bf5c-e31bc8bcdc15::09f57a32-7941-16ea-c831-c9cc7110dab9,9d3e5e2d-e491-9cc1-bf5c-e31bc8bcdc15,09f57a32-7941-16ea-c831-c9cc7110dab9,video,SR-NA_02_0005,Onbekend,personsRaw,person,person,Pawiroredjo,pawiroredjo,Pawiroredjo,nas-persons-field,,1,Jaaropening van de AHKCO,Pawiroredjo,true,high-precision
9d3e5e2d-e491-9cc1-bf5c-e31bc8bcdc15::09f57a32-7941-16ea-c831-c9cc7110dab9,9d3e5e2d-e491-9cc1-bf5c-e31bc8bcdc15,09f57a32-7941-16ea-c831-c9cc7110dab9,video,SR-NA_02_0005,Onbekend,personsRaw,person,person,Directoraat Cultuur. Minov,directoraat cultuur minov,Directoraat Cultuur. Minov,nas-persons-field,,1,Jaaropening van de AHKCO,Directoraat Cultuur. Minov,true,high-precision
9d3e5e2d-e491-9cc1-bf5c-e31bc8bcdc15::09f57a32-7941-16ea-c831-c9cc7110dab9,9d3e5e2d-e491-9cc1-bf5c-e31bc8bcdc15,09f57a32-7941-16ea-c831-c9cc7110dab9,video,SR-NA_02_0005,Onbekend,personsRaw,person,person,Castelen,castelen,Castelen,nas-persons-field,,1,Jaaropening van de AHKCO,Castelen,true,high-precision
9d3e5e2d-e491-9cc1-bf5c-e31bc8bcdc15::09f57a32-7941-16ea-c831-c9cc7110dab9,9d3e5e2d-e491-9cc1-bf5c-e31bc8bcdc15,09f57a32-7941-16ea-c831-c9cc7110dab9,video,SR-NA_02_0005,Onbekend,personsRaw,person,person,minister,minister,minister,nas-persons-field,,1,Jaaropening van de AHKCO,minister,true,high-precision
9f1883a2-10a9-dbee-6824-95a0b4ba4f4e::12ec33ee-176f-142f-2ff4-07aa9ce72a3f,9f1883a2-10a9-dbee-6824-95a0b4ba4f4e,12ec33ee-176f-142f-2ff4-07aa9ce72a3f,image,SR-NA_01_0275,1990,title,place,street,Kerkplein,kerkplein,Kerkplein,paramaribo-street-standardization,,1,Gebouw NV EBS Kerkplein,Gebouw NV EBS Kerkplein,true,high-precision
9f1883a2-10a9-dbee-6824-95a0b4ba4f4e::12ec33ee-176f-142f-2ff4-07aa9ce72a3f,9f1883a2-10a9-dbee-6824-95a0b4ba4f4e,12ec33ee-176f-142f-2ff4-07aa9ce72a3f,image,SR-NA_01_0275,1990,description,place,street,Kerkplein,kerkplein,Kerkplein,paramaribo-street-standardization,,1,Gebouw NV EBS Kerkplein,Hoofdgebouw van de NV EBS aan het Kerkplein,true,high-precision
9f25d3ba-3e1e-4bbc-99a7-4a147f948dc5::067f28ee-ca72-1bb2-b5e3-5e706e9b461a,9f25d3ba-3e1e-4bbc-99a7-4a147f948dc5,067f28ee-ca72-1bb2-b5e3-5e706e9b461a,image,SR-NA_01_0249,Onbekend,description,place,street,Gravenstraat,gravenstraat,Gravenstraat,paramaribo-street-standardization,,1,Oud Parlementsgebouw,"le Assemblée (DNA), het parlement van Suriname, toen aan de Gravenstraat. Op 1 augustus 1996 werd door een brand het oude gebouw van de volksvertegenwoordiging geheel verwoest .",true,high-precision
a0824a5b-650c-8bd7-5a91-6a5a7db0dc20::2e409524-ac87-936a-759c-d5732ae27d1f,a0824a5b-650c-8bd7-5a91-6a5a7db0dc20,2e409524-ac87-936a-759c-d5732ae27d1f,video,SR-NA_02_0334,Onbekend,description,place,river,Marowijne,marowijne,Marowijne,stm-gazetteer,stm-00363,1,Legerleider Bouterse over bezetting Moengo,"ft het volk de verzekering dat het bauxietstadje Moengo, in Marowijne, door het Nationaal Leger ontzet zal worden. Moengo was tijdens de Binnenlandse Oorlog bezet door Ronnie Brunswijk en z",true,high-precision
a0a5eea3-7e5b-f9bb-18e5-f6d2f811ec17::c3c043fe-6bed-7b67-406d-675e9a648bd7,a0a5eea3-7e5b-f9bb-18e5-f6d2f811ec17,c3c043fe-6bed-7b67-406d-675e9a648bd7,video,SR-NA_2_1032_001,1988,personsRaw,person,person,Componisten: 1. Ruth Koenders,componisten 1 ruth koenders,Componisten: 1. Ruth Koenders,nas-persons-field,,1,Suripop 5 1988_ deel 1,Componisten: 1. Ruth Koenders,true,high-precision
a0a5eea3-7e5b-f9bb-18e5-f6d2f811ec17::c3c043fe-6bed-7b67-406d-675e9a648bd7,a0a5eea3-7e5b-f9bb-18e5-f6d2f811ec17,c3c043fe-6bed-7b67-406d-675e9a648bd7,video,SR-NA_2_1032_001,1988,personsRaw,person,person,Dren Kon Tru,dren kon tru,Dren Kon Tru,nas-persons-field,,1,Suripop 5 1988_ deel 1,Dren Kon Tru,true,high-precision
a0a5eea3-7e5b-f9bb-18e5-f6d2f811ec17::c3c043fe-6bed-7b67-406d-675e9a648bd7,a0a5eea3-7e5b-f9bb-18e5-f6d2f811ec17,c3c043fe-6bed-7b67-406d-675e9a648bd7,video,SR-NA_2_1032_001,1988,personsRaw,person,person,zang: Lucretia Muringen,zang lucretia muringen,zang: Lucretia Muringen,nas-persons-field,,1,Suripop 5 1988_ deel 1,zang: Lucretia Muringen,true,high-precision
a0a5eea3-7e5b-f9bb-18e5-f6d2f811ec17::c3c043fe-6bed-7b67-406d-675e9a648bd7,a0a5eea3-7e5b-f9bb-18e5-f6d2f811ec17,c3c043fe-6bed-7b67-406d-675e9a648bd7,video,SR-NA_2_1032_001,1988,personsRaw,person,person,2. Johan Herbert,2 johan herbert,2. Johan Herbert,nas-persons-field,,1,Suripop 5 1988_ deel 1,2. Johan Herbert,true,high-precision
a0a5eea3-7e5b-f9bb-18e5-f6d2f811ec17::c3c043fe-6bed-7b67-406d-675e9a648bd7,a0a5eea3-7e5b-f9bb-18e5-f6d2f811ec17,c3c043fe-6bed-7b67-406d-675e9a648bd7,video,SR-NA_2_1032_001,1988,personsRaw,person,person,Yu Fosi Lobi,yu fosi lobi,Yu Fosi Lobi,nas-persons-field,,1,Suripop 5 1988_ deel 1,Yu Fosi Lobi,true,high-precision
a0a5eea3-7e5b-f9bb-18e5-f6d2f811ec17::c3c043fe-6bed-7b67-406d-675e9a648bd7,a0a5eea3-7e5b-f9bb-18e5-f6d2f811ec17,c3c043fe-6bed-7b67-406d-675e9a648bd7,video,SR-NA_2_1032_001,1988,personsRaw,person,person,zang: Darl Filemon,zang darl filemon,zang: Darl Filemon,nas-persons-field,,1,Suripop 5 1988_ deel 1,zang: Darl Filemon,true,high-precision
a0a5eea3-7e5b-f9bb-18e5-f6d2f811ec17::c3c043fe-6bed-7b67-406d-675e9a648bd7,a0a5eea3-7e5b-f9bb-18e5-f6d2f811ec17,c3c043fe-6bed-7b67-406d-675e9a648bd7,video,SR-NA_2_1032_001,1988,personsRaw,person,person,3. Vincent Hooplot,3 vincent hooplot,3. Vincent Hooplot,nas-persons-field,,1,Suripop 5 1988_ deel 1,3. Vincent Hooplot,true,high-precision
a0a5eea3-7e5b-f9bb-18e5-f6d2f811ec17::c3c043fe-6bed-7b67-406d-675e9a648bd7,a0a5eea3-7e5b-f9bb-18e5-f6d2f811ec17,c3c043fe-6bed-7b67-406d-675e9a648bd7,video,SR-NA_2_1032_001,1988,personsRaw,person,person,Mi Swit? Presi,mi swit presi,Mi Swit? Presi,nas-persons-field,,1,Suripop 5 1988_ deel 1,Mi Swit? Presi,true,high-precision
a0a5eea3-7e5b-f9bb-18e5-f6d2f811ec17::c3c043fe-6bed-7b67-406d-675e9a648bd7,a0a5eea3-7e5b-f9bb-18e5-f6d2f811ec17,c3c043fe-6bed-7b67-406d-675e9a648bd7,video,SR-NA_2_1032_001,1988,personsRaw,person,person,zang: Roy van Ommeren,zang roy van ommeren,zang: Roy van Ommeren,nas-persons-field,,1,Suripop 5 1988_ deel 1,zang: Roy van Ommeren,true,high-precision
a0a5eea3-7e5b-f9bb-18e5-f6d2f811ec17::c3c043fe-6bed-7b67-406d-675e9a648bd7,a0a5eea3-7e5b-f9bb-18e5-f6d2f811ec17,c3c043fe-6bed-7b67-406d-675e9a648bd7,video,SR-NA_2_1032_001,1988,personsRaw,person,person,4. Hugo Landolf,4 hugo landolf,4. Hugo Landolf,nas-persons-field,,1,Suripop 5 1988_ deel 1,4. Hugo Landolf,true,high-precision
a0a5eea3-7e5b-f9bb-18e5-f6d2f811ec17::c3c043fe-6bed-7b67-406d-675e9a648bd7,a0a5eea3-7e5b-f9bb-18e5-f6d2f811ec17,c3c043fe-6bed-7b67-406d-675e9a648bd7,video,SR-NA_2_1032_001,1988,personsRaw,person,person,Still I Love You Mister Drunker,still i love you mister drunker,Still I Love You Mister Drunker,nas-persons-field,,1,Suripop 5 1988_ deel 1,Still I Love You Mister Drunker,true,high-precision
a0a5eea3-7e5b-f9bb-18e5-f6d2f811ec17::c3c043fe-6bed-7b67-406d-675e9a648bd7,a0a5eea3-7e5b-f9bb-18e5-f6d2f811ec17,c3c043fe-6bed-7b67-406d-675e9a648bd7,video,SR-NA_2_1032_001,1988,personsRaw,person,person,zang: Reguillio Alberg,zang reguillio alberg,zang: Reguillio Alberg,nas-persons-field,,1,Suripop 5 1988_ deel 1,zang: Reguillio Alberg,true,high-precision
a0a5eea3-7e5b-f9bb-18e5-f6d2f811ec17::c3c043fe-6bed-7b67-406d-675e9a648bd7,a0a5eea3-7e5b-f9bb-18e5-f6d2f811ec17,c3c043fe-6bed-7b67-406d-675e9a648bd7,video,SR-NA_2_1032_001,1988,personsRaw,person,person,5. Albert Bergen,5 albert bergen,5. Albert Bergen,nas-persons-field,,1,Suripop 5 1988_ deel 1,5. Albert Bergen,true,high-precision
a0a5eea3-7e5b-f9bb-18e5-f6d2f811ec17::c3c043fe-6bed-7b67-406d-675e9a648bd7,a0a5eea3-7e5b-f9bb-18e5-f6d2f811ec17,c3c043fe-6bed-7b67-406d-675e9a648bd7,video,SR-NA_2_1032_001,1988,personsRaw,person,person,Lonely Game,lonely game,Lonely Game,nas-persons-field,,1,Suripop 5 1988_ deel 1,Lonely Game,true,high-precision
a0a5eea3-7e5b-f9bb-18e5-f6d2f811ec17::c3c043fe-6bed-7b67-406d-675e9a648bd7,a0a5eea3-7e5b-f9bb-18e5-f6d2f811ec17,c3c043fe-6bed-7b67-406d-675e9a648bd7,video,SR-NA_2_1032_001,1988,personsRaw,person,person,zang: Delano Weltevreden,zang delano weltevreden,zang: Delano Weltevreden,nas-persons-field,,1,Suripop 5 1988_ deel 1,zang: Delano Weltevreden,true,high-precision
a0a5eea3-7e5b-f9bb-18e5-f6d2f811ec17::c3c043fe-6bed-7b67-406d-675e9a648bd7,a0a5eea3-7e5b-f9bb-18e5-f6d2f811ec17,c3c043fe-6bed-7b67-406d-675e9a648bd7,video,SR-NA_2_1032_001,1988,personsRaw,person,person,6. Erik Refos/Siegfried Geerling,6 erik refos siegfried geerling,6. Erik Refos/Siegfried Geerling,nas-persons-field,,1,Suripop 5 1988_ deel 1,6. Erik Refos/Siegfried Geerling,true,high-precision
a0a5eea3-7e5b-f9bb-18e5-f6d2f811ec17::c3c043fe-6bed-7b67-406d-675e9a648bd7,a0a5eea3-7e5b-f9bb-18e5-f6d2f811ec17,c3c043fe-6bed-7b67-406d-675e9a648bd7,video,SR-NA_2_1032_001,1988,personsRaw,person,person,Brasa Mi,brasa mi,Brasa Mi,nas-persons-field,,1,Suripop 5 1988_ deel 1,Brasa Mi,true,high-precision
a0a5eea3-7e5b-f9bb-18e5-f6d2f811ec17::c3c043fe-6bed-7b67-406d-675e9a648bd7,a0a5eea3-7e5b-f9bb-18e5-f6d2f811ec17,c3c043fe-6bed-7b67-406d-675e9a648bd7,video,SR-NA_2_1032_001,1988,personsRaw,person,person,zang: Paul Ameerali & Silvy Singoredjo,zang paul ameerali silvy singoredjo,zang: Paul Ameerali & Silvy Singoredjo,nas-persons-field,,1,Suripop 5 1988_ deel 1,zang: Paul Ameerali & Silvy Singoredjo,true,high-precision
a0a5eea3-7e5b-f9bb-18e5-f6d2f811ec17::c3c043fe-6bed-7b67-406d-675e9a648bd7,a0a5eea3-7e5b-f9bb-18e5-f6d2f811ec17,c3c043fe-6bed-7b67-406d-675e9a648bd7,video,SR-NA_2_1032_001,1988,personsRaw,person,person,7. Hugo Landolf,7 hugo landolf,7. Hugo Landolf,nas-persons-field,,1,Suripop 5 1988_ deel 1,7. Hugo Landolf,true,high-precision
a0a5eea3-7e5b-f9bb-18e5-f6d2f811ec17::c3c043fe-6bed-7b67-406d-675e9a648bd7,a0a5eea3-7e5b-f9bb-18e5-f6d2f811ec17,c3c043fe-6bed-7b67-406d-675e9a648bd7,video,SR-NA_2_1032_001,1988,personsRaw,person,person,Still I Love You,still i love you,Still I Love You,nas-persons-field,,1,Suripop 5 1988_ deel 1,Still I Love You,true,high-precision
a0a5eea3-7e5b-f9bb-18e5-f6d2f811ec17::c3c043fe-6bed-7b67-406d-675e9a648bd7,a0a5eea3-7e5b-f9bb-18e5-f6d2f811ec17,c3c043fe-6bed-7b67-406d-675e9a648bd7,video,SR-NA_2_1032_001,1988,personsRaw,person,person,8. Harold Gessel,8 harold gessel,8. Harold Gessel,nas-persons-field,,1,Suripop 5 1988_ deel 1,8. Harold Gessel,true,high-precision
a0a5eea3-7e5b-f9bb-18e5-f6d2f811ec17::c3c043fe-6bed-7b67-406d-675e9a648bd7,a0a5eea3-7e5b-f9bb-18e5-f6d2f811ec17,c3c043fe-6bed-7b67-406d-675e9a648bd7,video,SR-NA_2_1032_001,1988,personsRaw,person,person,Sondro Yu,sondro yu,Sondro Yu,nas-persons-field,,1,Suripop 5 1988_ deel 1,Sondro Yu,true,high-precision
a0a5eea3-7e5b-f9bb-18e5-f6d2f811ec17::c3c043fe-6bed-7b67-406d-675e9a648bd7,a0a5eea3-7e5b-f9bb-18e5-f6d2f811ec17,c3c043fe-6bed-7b67-406d-675e9a648bd7,video,SR-NA_2_1032_001,1988,personsRaw,person,person,zang: Jimmy Westfa,zang jimmy westfa,zang: Jimmy Westfa,nas-persons-field,,1,Suripop 5 1988_ deel 1,zang: Jimmy Westfa,true,high-precision
a0a5eea3-7e5b-f9bb-18e5-f6d2f811ec17::c3c043fe-6bed-7b67-406d-675e9a648bd7,a0a5eea3-7e5b-f9bb-18e5-f6d2f811ec17,c3c043fe-6bed-7b67-406d-675e9a648bd7,video,SR-NA_2_1032_001,1988,personsRaw,person,person,9. Raymond Amatoemar,9 raymond amatoemar,9. Raymond Amatoemar,nas-persons-field,,1,Suripop 5 1988_ deel 1,9. Raymond Amatoemar,true,high-precision
a0a5eea3-7e5b-f9bb-18e5-f6d2f811ec17::c3c043fe-6bed-7b67-406d-675e9a648bd7,a0a5eea3-7e5b-f9bb-18e5-f6d2f811ec17,c3c043fe-6bed-7b67-406d-675e9a648bd7,video,SR-NA_2_1032_001,1988,personsRaw,person,person,Gi Yu Nanga Mi,gi yu nanga mi,Gi Yu Nanga Mi,nas-persons-field,,1,Suripop 5 1988_ deel 1,Gi Yu Nanga Mi,true,high-precision
a0a5eea3-7e5b-f9bb-18e5-f6d2f811ec17::c3c043fe-6bed-7b67-406d-675e9a648bd7,a0a5eea3-7e5b-f9bb-18e5-f6d2f811ec17,c3c043fe-6bed-7b67-406d-675e9a648bd7,video,SR-NA_2_1032_001,1988,personsRaw,person,person,zang,zang,zang,nas-persons-field,,1,Suripop 5 1988_ deel 1,zang,true,high-precision
a0a5eea3-7e5b-f9bb-18e5-f6d2f811ec17::c3c043fe-6bed-7b67-406d-675e9a648bd7,a0a5eea3-7e5b-f9bb-18e5-f6d2f811ec17,c3c043fe-6bed-7b67-406d-675e9a648bd7,video,SR-NA_2_1032_001,1988,personsRaw,person,person,Silvy Singoredjo,silvy singoredjo,Silvy Singoredjo,nas-persons-field,,1,Suripop 5 1988_ deel 1,Silvy Singoredjo,true,high-precision
a0a5eea3-7e5b-f9bb-18e5-f6d2f811ec17::c3c043fe-6bed-7b67-406d-675e9a648bd7,a0a5eea3-7e5b-f9bb-18e5-f6d2f811ec17,c3c043fe-6bed-7b67-406d-675e9a648bd7,video,SR-NA_2_1032_001,1988,personsRaw,person,person,10. Erik Refos/Siegfried Geerling,10 erik refos siegfried geerling,10. Erik Refos/Siegfried Geerling,nas-persons-field,,1,Suripop 5 1988_ deel 1,10. Erik Refos/Siegfried Geerling,true,high-precision
a0a5eea3-7e5b-f9bb-18e5-f6d2f811ec17::c3c043fe-6bed-7b67-406d-675e9a648bd7,a0a5eea3-7e5b-f9bb-18e5-f6d2f811ec17,c3c043fe-6bed-7b67-406d-675e9a648bd7,video,SR-NA_2_1032_001,1988,personsRaw,person,person,Ef? A Kan,ef a kan,Ef? A Kan,nas-persons-field,,1,Suripop 5 1988_ deel 1,Ef? A Kan,true,high-precision
a0a5eea3-7e5b-f9bb-18e5-f6d2f811ec17::c3c043fe-6bed-7b67-406d-675e9a648bd7,a0a5eea3-7e5b-f9bb-18e5-f6d2f811ec17,c3c043fe-6bed-7b67-406d-675e9a648bd7,video,SR-NA_2_1032_001,1988,personsRaw,person,person,zang: Paul Ameerali.,zang paul ameerali,zang: Paul Ameerali.,nas-persons-field,,1,Suripop 5 1988_ deel 1,zang: Paul Ameerali.,true,high-precision
a0ded336-3eae-5711-22cb-8c996ff3b397::4f03520f-677f-0dea-3eb7-e1895faa5f6d,a0ded336-3eae-5711-22cb-8c996ff3b397,4f03520f-677f-0dea-3eb7-e1895faa5f6d,video,SR-NA_02_0021,Onbekend,keywords,place,street,Saramaccastraat,saramaccastraat,Saramaccastraat,paramaribo-street-standardization,,1,Bezoek President Venetiaan en minister Demon aan EBS,Rondleiding | Noorderkerklaan | Saramaccastraat | Energie Board | Commewijne | Saramacca | elektriciteit | EBS | Venetiaan | Demon | Natuurlijke Hulpbronnen | EBS | Ch,true,high-precision
a1cb2eed-8783-0b30-7784-dd37c708e40f::1ba76911-6340-bc1d-0ee2-b89e0fc03d37,a1cb2eed-8783-0b30-7784-dd37c708e40f,1ba76911-6340-bc1d-0ee2-b89e0fc03d37,video,SR-NA_02_0056,1990,description,place,street,Weidestraat,weidestraat,Weidestraat,paramaribo-street-standardization,,1,Diefstal vandalisme Lyceum 2 Weekjournaal,"Lyceum 2 Weidestraat. Vandalen en dieven hebben huis gehouden. Meubilair, lichtarmaturen en sanitair zijn meegenomen. Het gevolg is stagnati",true,high-precision
a37feeb0-b6bd-45ac-9f60-e698e9999c65::96f2c0fb-08d3-1785-f9d5-3199154f38c6,a37feeb0-b6bd-45ac-9f60-e698e9999c65,96f2c0fb-08d3-1785-f9d5-3199154f38c6,image,SR-NA_01_0188,1985,keywords,place,street,Domineestraat,domineestraat,Domineestraat,paramaribo-street-standardization,,1,Stadsbeelden 1985,Pompstation | Kathedraal | Maagdenstraat | Domineestraat,true,high-precision
a37feeb0-b6bd-45ac-9f60-e698e9999c65::96f2c0fb-08d3-1785-f9d5-3199154f38c6,a37feeb0-b6bd-45ac-9f60-e698e9999c65,96f2c0fb-08d3-1785-f9d5-3199154f38c6,image,SR-NA_01_0188,1985,keywords,place,street,Maagdenstraat,maagdenstraat,Maagdenstraat,paramaribo-street-standardization,,1,Stadsbeelden 1985,Pompstation | Kathedraal | Maagdenstraat | Domineestraat,true,high-precision
a439c0c8-2d06-6632-5191-a8de68a0e16a::b0801a5a-5366-a142-b33e-55608405a174,a439c0c8-2d06-6632-5191-a8de68a0e16a,b0801a5a-5366-a142-b33e-55608405a174,video,SR-NA_02_1012_001,Onbekend,personsRaw,person,person,George Radjkoemar,george radjkoemar,George Radjkoemar,nas-persons-field,,1,Wereld religiedag,George Radjkoemar,true,high-precision
a45640a0-d37b-41bc-ad02-85b45279e9f4::aa3d0225-8588-a70e-27ea-c408814afe8f,a45640a0-d37b-41bc-ad02-85b45279e9f4,aa3d0225-8588-a70e-27ea-c408814afe8f,image,SR-NA_01_0027,September 1970,title,place,street,Gravenstraat,gravenstraat,Gravenstraat,paramaribo-street-standardization,,1,Wijkkantoor Sociale Zaken Gravenstraat,Wijkkantoor Sociale Zaken Gravenstraat,true,high-precision
a45640a0-d37b-41bc-ad02-85b45279e9f4::aa3d0225-8588-a70e-27ea-c408814afe8f,a45640a0-d37b-41bc-ad02-85b45279e9f4,aa3d0225-8588-a70e-27ea-c408814afe8f,image,SR-NA_01_0027,September 1970,description,place,street,Gravenstraat,gravenstraat,Gravenstraat,paramaribo-street-standardization,,1,Wijkkantoor Sociale Zaken Gravenstraat,Oplevering gerestaureerde gebouw van Sociale zaken aan de Gravenstraat door Minister A. Biswamitre van Openbare Werken aan Minister Amadali van Sociale Zaken,true,high-precision
a60c99cf-11cd-5691-3ff5-f8108c229be6::29c150b9-b0d6-4783-1aa9-eb6d2e3592e4,a60c99cf-11cd-5691-3ff5-f8108c229be6,29c150b9-b0d6-4783-1aa9-eb6d2e3592e4,image,SR-NA_01_0236,Onbekend,description,place,street,Jodenbreestraat,jodenbreestraat,Jodenbreestraat,paramaribo-street-standardization,,1,Lucky Store,Lucky Store aan de Jodenbreestraat,true,high-precision
a882c2c4-2b93-fac4-b2b7-f5afe3bff619::5d9f57e3-ccaf-18c0-8f64-00e51eac85c2,a882c2c4-2b93-fac4-b2b7-f5afe3bff619,5d9f57e3-ccaf-18c0-8f64-00e51eac85c2,video,SR-NA_02_0548,Onbekend,title,place,street,Gravenstraat,gravenstraat,Gravenstraat,paramaribo-street-standardization,,1,Verkeerssituatie Gravenstraat nabij Sint Aloysiusschool,Verkeerssituatie Gravenstraat nabij Sint Aloysiusschool,true,high-precision
a882c2c4-2b93-fac4-b2b7-f5afe3bff619::5d9f57e3-ccaf-18c0-8f64-00e51eac85c2,a882c2c4-2b93-fac4-b2b7-f5afe3bff619,5d9f57e3-ccaf-18c0-8f64-00e51eac85c2,video,SR-NA_02_0548,Onbekend,description,place,street,Gravenstraat,gravenstraat,Gravenstraat,paramaribo-street-standardization,,1,Verkeerssituatie Gravenstraat nabij Sint Aloysiusschool,"van de verkeerssituatie nabij de Sint Aloysiusschool aan de Gravenstraat, twee maanden na de dood van een scholier door een roekeloze truckbestuurder. Interviews van Juffrouw Vera Jungerman en",true,high-precision
a8d5b27b-9474-3507-be86-4e215283ddaf::9674597a-d14d-7bf1-6ef7-ddd6c03c38e4,a8d5b27b-9474-3507-be86-4e215283ddaf,9674597a-d14d-7bf1-6ef7-ddd6c03c38e4,video,SR-NA_02_0024,Mei 2002,personsRaw,person,person,Sosis,sosis,Sosis,nas-persons-field,,1,Uitvoering Challenge Day 2002,Sosis,true,high-precision
a95656a1-05c4-8edb-409e-4d40eb18e7e3::abeb28d9-6262-5721-dd91-0448cfb89a4a,a95656a1-05c4-8edb-409e-4d40eb18e7e3,abeb28d9-6262-5721-dd91-0448cfb89a4a,video,SR-NA_02_1338,Onbekend,personsRaw,person,person,Guno Castelen,guno castelen,Guno Castelen,nas-persons-field,,1,Guno Castelen praat over het regeerbeleid van Desi Bouterse,Guno Castelen,true,high-precision
a9c281e3-0f53-a737-7fa3-1c0255384097::a307d93b-1d82-d25b-1331-5a73c3ca7e69,a9c281e3-0f53-a737-7fa3-1c0255384097,a307d93b-1d82-d25b-1331-5a73c3ca7e69,video,SR-NA_02_0009,Onbekend,personsRaw,person,person,Presidentsvrouwe,presidentsvrouwe,Presidentsvrouwe,nas-persons-field,,1,Ontvangst van Liesbeth Venetiaan in Congreshal,Presidentsvrouwe,true,high-precision
a9c281e3-0f53-a737-7fa3-1c0255384097::a307d93b-1d82-d25b-1331-5a73c3ca7e69,a9c281e3-0f53-a737-7fa3-1c0255384097,a307d93b-1d82-d25b-1331-5a73c3ca7e69,video,SR-NA_02_0009,Onbekend,personsRaw,person,person,Venetiaan,venetiaan,Venetiaan,nas-persons-field,,1,Ontvangst van Liesbeth Venetiaan in Congreshal,Venetiaan,true,high-precision
a9c281e3-0f53-a737-7fa3-1c0255384097::a307d93b-1d82-d25b-1331-5a73c3ca7e69,a9c281e3-0f53-a737-7fa3-1c0255384097,a307d93b-1d82-d25b-1331-5a73c3ca7e69,video,SR-NA_02_0009,Onbekend,personsRaw,person,person,jeugdcongres,jeugdcongres,jeugdcongres,nas-persons-field,,1,Ontvangst van Liesbeth Venetiaan in Congreshal,jeugdcongres,true,high-precision
ab960379-0f35-e69a-01ac-da03af9f285c::5da04ce7-d493-5279-f751-9160721e2d68,ab960379-0f35-e69a-01ac-da03af9f285c,5da04ce7-d493-5279-f751-9160721e2d68,video,SR-NA_02_1086_003,Onbekend,personsRaw,person,person,politie-commissaris Delano Braam,politie-commissaris delano braam,politie-commissaris Delano Braam,nas-persons-field,,1,Onafhankelijkheid 27 jaar-deel 3,politie-commissaris Delano Braam,true,high-precision
ab960379-0f35-e69a-01ac-da03af9f285c::5da04ce7-d493-5279-f751-9160721e2d68,ab960379-0f35-e69a-01ac-da03af9f285c,5da04ce7-d493-5279-f751-9160721e2d68,video,SR-NA_02_1086_003,Onbekend,personsRaw,person,person,DNA-voorzitter Ramdien Sardjoe,dna-voorzitter ramdien sardjoe,DNA-voorzitter Ramdien Sardjoe,nas-persons-field,,1,Onafhankelijkheid 27 jaar-deel 3,DNA-voorzitter Ramdien Sardjoe,true,high-precision
ab960379-0f35-e69a-01ac-da03af9f285c::5da04ce7-d493-5279-f751-9160721e2d68,ab960379-0f35-e69a-01ac-da03af9f285c,5da04ce7-d493-5279-f751-9160721e2d68,video,SR-NA_02_1086_003,Onbekend,personsRaw,person,person,bevelhebber Ernst Mercuur van het Nationaal Leger,bevelhebber ernst mercuur van het nationaal leger,bevelhebber Ernst Mercuur van het Nationaal Leger,nas-persons-field,,1,Onafhankelijkheid 27 jaar-deel 3,bevelhebber Ernst Mercuur van het Nationaal Leger,true,high-precision
ab960379-0f35-e69a-01ac-da03af9f285c::5da04ce7-d493-5279-f751-9160721e2d68,ab960379-0f35-e69a-01ac-da03af9f285c,5da04ce7-d493-5279-f751-9160721e2d68,video,SR-NA_02_1086_003,Onbekend,personsRaw,person,person,Kees Kunta Kinte,kees kunta kinte,Kees Kunta Kinte,nas-persons-field,,1,Onafhankelijkheid 27 jaar-deel 3,Kees Kunta Kinte,true,high-precision
ab960379-0f35-e69a-01ac-da03af9f285c::5da04ce7-d493-5279-f751-9160721e2d68,ab960379-0f35-e69a-01ac-da03af9f285c,5da04ce7-d493-5279-f751-9160721e2d68,video,SR-NA_02_1086_003,Onbekend,personsRaw,person,person,vice-president Jules Adjodja,vice-president jules adjodja,vice-president Jules Adjodja,nas-persons-field,,1,Onafhankelijkheid 27 jaar-deel 3,vice-president Jules Adjodja,true,high-precision
ab960379-0f35-e69a-01ac-da03af9f285c::5da04ce7-d493-5279-f751-9160721e2d68,ab960379-0f35-e69a-01ac-da03af9f285c,5da04ce7-d493-5279-f751-9160721e2d68,video,SR-NA_02_1086_003,Onbekend,personsRaw,person,person,minister-president Eti‰nne IJs van de Nederlandse Antillen,minister-president eti nne ijs van de nederlandse antillen,minister-president Eti‰nne IJs van de Nederlandse Antillen,nas-persons-field,,1,Onafhankelijkheid 27 jaar-deel 3,minister-president Eti‰nne IJs van de Nederlandse Antillen,true,high-precision
ab960379-0f35-e69a-01ac-da03af9f285c::5da04ce7-d493-5279-f751-9160721e2d68,ab960379-0f35-e69a-01ac-da03af9f285c,5da04ce7-d493-5279-f751-9160721e2d68,video,SR-NA_02_1086_003,Onbekend,personsRaw,person,person,president Ronald Venetiaan,president ronald venetiaan,president Ronald Venetiaan,nas-persons-field,,1,Onafhankelijkheid 27 jaar-deel 3,president Ronald Venetiaan,true,high-precision
ab960379-0f35-e69a-01ac-da03af9f285c::5da04ce7-d493-5279-f751-9160721e2d68,ab960379-0f35-e69a-01ac-da03af9f285c,5da04ce7-d493-5279-f751-9160721e2d68,video,SR-NA_02_1086_003,Onbekend,personsRaw,person,person,inspectie-ceremonie,inspectie-ceremonie,inspectie-ceremonie,nas-persons-field,,1,Onafhankelijkheid 27 jaar-deel 3,inspectie-ceremonie,true,high-precision
ab960379-0f35-e69a-01ac-da03af9f285c::5da04ce7-d493-5279-f751-9160721e2d68,ab960379-0f35-e69a-01ac-da03af9f285c,5da04ce7-d493-5279-f751-9160721e2d68,video,SR-NA_02_1086_003,Onbekend,personsRaw,person,person,volkslied,volkslied,volkslied,nas-persons-field,,1,Onafhankelijkheid 27 jaar-deel 3,volkslied,true,high-precision
ab960379-0f35-e69a-01ac-da03af9f285c::5da04ce7-d493-5279-f751-9160721e2d68,ab960379-0f35-e69a-01ac-da03af9f285c,5da04ce7-d493-5279-f751-9160721e2d68,video,SR-NA_02_1086_003,Onbekend,personsRaw,person,person,first-lady Liesbeth Venetiaan-Vanenburg.,first-lady liesbeth venetiaan-vanenburg,first-lady Liesbeth Venetiaan-Vanenburg.,nas-persons-field,,1,Onafhankelijkheid 27 jaar-deel 3,first-lady Liesbeth Venetiaan-Vanenburg.,true,high-precision
abc6c5b8-da4f-0946-fad6-c5e5c8570b5c::fbdb928e-178a-6caa-494c-00e5aa8c9778,abc6c5b8-da4f-0946-fad6-c5e5c8570b5c,fbdb928e-178a-6caa-494c-00e5aa8c9778,video,SR-NA_02_1324,2020,personsRaw,person,person,Amar Ramadhin,amar ramadhin,Amar Ramadhin,nas-persons-field,,1,Minister Amar Ramadhin over tienduizenden Covid-vaccins onderweg,Amar Ramadhin,true,high-precision
ace020e9-96d8-ccd1-cb5f-58e3b1b6edec::c4c12148-a48d-ad4f-9ec2-b3b6bdc91c80,ace020e9-96d8-ccd1-cb5f-58e3b1b6edec,c4c12148-a48d-ad4f-9ec2-b3b6bdc91c80,video,SR-NA_02_0453,Onbekend,description,place,street,Gemenelandsweg,gemenelandsweg,Gemenelandsweg,paramaribo-street-standardization,,1,Opening Radio Pertjajah en gesprek Somohardjo,ion 'Radio Pertjajah' opgericht op de hoek van de Verlengde Gemenelandsweg en Daniel Coutinostraat. Volgens partijvoorzitter Paul 'Salam' Somohardjo betekent de naam 'Geloof'. Het station is va,true,high-precision
adbccc26-d387-ee82-64ff-7ec659a7218a::ead14798-bb16-78f1-bd3a-fbd005289591,adbccc26-d387-ee82-64ff-7ec659a7218a,ead14798-bb16-78f1-bd3a-fbd005289591,image,SR-NA_01_0333,1987,description,place,street,onbekend,onbekend,onbekend,paramaribo-street-standardization,,1,Goudenhuwelijk,Goudenhuwelijk (50 jaar) van onbekend echtpaar en overhandiging van een document door Rudy Blankendal (gewezen schoolhoofd van de Salemschool in Coronie en d,true,high-precision
add4d401-bf4d-2768-9351-d0bb86016d15::4505a34e-2c01-380a-ac78-9d950f63ff39,add4d401-bf4d-2768-9351-d0bb86016d15,4505a34e-2c01-380a-ac78-9d950f63ff39,video,SR-NA_02_0812,12-01-1194,title,place,river,Para,para,Para,stm-gazetteer,stm-00290,1,Werkbezoek Para over vervoer wegen en scholen,Werkbezoek Para over vervoer wegen en scholen,true,high-precision
add4d401-bf4d-2768-9351-d0bb86016d15::4505a34e-2c01-380a-ac78-9d950f63ff39,add4d401-bf4d-2768-9351-d0bb86016d15,4505a34e-2c01-380a-ac78-9d950f63ff39,video,SR-NA_02_0812,12-01-1194,description,place,river,Para,para,Para,stm-gazetteer,stm-00290,1,Werkbezoek Para over vervoer wegen en scholen,Districtscommissaris Proeve van Para praat over de infrastructuur in het district,true,high-precision
ae3c7471-4f06-fef8-9f65-e38977329717::2c6f9fd5-5135-9664-6a66-997e51ad3e04,ae3c7471-4f06-fef8-9f65-e38977329717,2c6f9fd5-5135-9664-6a66-997e51ad3e04,video,SR-NA_02_0447,Onbekend,description,place,street,Kerkplein,kerkplein,Kerkplein,paramaribo-street-standardization,,1,Kranslegging borstbeeld Simon Bolivar,"de Venezolaanse vijrijgeidsstrijder Simon Bolivar, aan het Kerkplein, door buitenlandse vertegenwoordigers van Venezuela, leden van het corps diplomatique en de Surinaamse regering. Minist",true,high-precision
ae7ab539-63e0-1d51-f3e0-703126d44dbd::afa3eff9-6dc1-7bf5-865e-a4bfd0d055ea,ae7ab539-63e0-1d51-f3e0-703126d44dbd,afa3eff9-6dc1-7bf5-865e-a4bfd0d055ea,video,SR-NA_02_0977_001,Onbekend,title,place,river,Nickerie,nickerie,Nickerie,stm-gazetteer,stm-00261,1,Jaardag streekziekenhuis Nickerie deel 1,Jaardag streekziekenhuis Nickerie deel 1,true,high-precision
ae7ab539-63e0-1d51-f3e0-703126d44dbd::afa3eff9-6dc1-7bf5-865e-a4bfd0d055ea,ae7ab539-63e0-1d51-f3e0-703126d44dbd,afa3eff9-6dc1-7bf5-865e-a4bfd0d055ea,video,SR-NA_02_0977_001,Onbekend,description,place,river,Nickerie,nickerie,Nickerie,stm-gazetteer,stm-00261,1,Jaardag streekziekenhuis Nickerie deel 1,"viering van het 45 jarig bestaan van het Streek Ziekenhuis Nickerie (SZN), in aanwezigheid van genodigden, medische staf, DNA-leden, ministers, de districtscommissaris Hardeo Ramadhin en",true,high-precision
ae7ab539-63e0-1d51-f3e0-703126d44dbd::afa3eff9-6dc1-7bf5-865e-a4bfd0d055ea,ae7ab539-63e0-1d51-f3e0-703126d44dbd,afa3eff9-6dc1-7bf5-865e-a4bfd0d055ea,video,SR-NA_02_0977_001,Onbekend,personsRaw,person,person,Rinia Codfried-Kranenburg,rinia codfried-kranenburg,Rinia Codfried-Kranenburg,nas-persons-field,,1,Jaardag streekziekenhuis Nickerie deel 1,Rinia Codfried-Kranenburg,true,high-precision
ae7ab539-63e0-1d51-f3e0-703126d44dbd::afa3eff9-6dc1-7bf5-865e-a4bfd0d055ea,ae7ab539-63e0-1d51-f3e0-703126d44dbd,afa3eff9-6dc1-7bf5-865e-a4bfd0d055ea,video,SR-NA_02_0977_001,Onbekend,personsRaw,person,person,Walter Sandriman,walter sandriman,Walter Sandriman,nas-persons-field,,1,Jaardag streekziekenhuis Nickerie deel 1,Walter Sandriman,true,high-precision
ae7ab539-63e0-1d51-f3e0-703126d44dbd::afa3eff9-6dc1-7bf5-865e-a4bfd0d055ea,ae7ab539-63e0-1d51-f3e0-703126d44dbd,afa3eff9-6dc1-7bf5-865e-a4bfd0d055ea,video,SR-NA_02_0977_001,Onbekend,personsRaw,person,person,Rakieb Khudabux,rakieb khudabux,Rakieb Khudabux,nas-persons-field,,1,Jaardag streekziekenhuis Nickerie deel 1,Rakieb Khudabux,true,high-precision
ae7ab539-63e0-1d51-f3e0-703126d44dbd::afa3eff9-6dc1-7bf5-865e-a4bfd0d055ea,ae7ab539-63e0-1d51-f3e0-703126d44dbd,afa3eff9-6dc1-7bf5-865e-a4bfd0d055ea,video,SR-NA_02_0977_001,Onbekend,personsRaw,person,person,Romeo van Russel,romeo van russel,Romeo van Russel,nas-persons-field,,1,Jaardag streekziekenhuis Nickerie deel 1,Romeo van Russel,true,high-precision
ae7ab539-63e0-1d51-f3e0-703126d44dbd::afa3eff9-6dc1-7bf5-865e-a4bfd0d055ea,ae7ab539-63e0-1d51-f3e0-703126d44dbd,afa3eff9-6dc1-7bf5-865e-a4bfd0d055ea,video,SR-NA_02_0977_001,Onbekend,personsRaw,person,person,Ravin Changoer,ravin changoer,Ravin Changoer,nas-persons-field,,1,Jaardag streekziekenhuis Nickerie deel 1,Ravin Changoer,true,high-precision
ae7ab539-63e0-1d51-f3e0-703126d44dbd::afa3eff9-6dc1-7bf5-865e-a4bfd0d055ea,ae7ab539-63e0-1d51-f3e0-703126d44dbd,afa3eff9-6dc1-7bf5-865e-a4bfd0d055ea,video,SR-NA_02_0977_001,Onbekend,personsRaw,person,person,Manodj Hindorie,manodj hindorie,Manodj Hindorie,nas-persons-field,,1,Jaardag streekziekenhuis Nickerie deel 1,Manodj Hindorie,true,high-precision
af77541f-049f-2154-22ae-c225b6ad6594::099eaf8b-e92b-3162-39c7-2813d42acffe,af77541f-049f-2154-22ae-c225b6ad6594,099eaf8b-e92b-3162-39c7-2813d42acffe,image,SR-NA_03_089_008,Maart-1975,description,place,river,Coppename,coppename,Coppename,stm-gazetteer,stm-00216,1,"Suriname nieuwsbrief, 23 februari t/m 1 maart 1975",ewijne Nieuwe landsboerderij officieel geopend Brug over de Coppename Topfunctionarissen op bezoek Nederlandse diplomaat in Paramaribo Bevordering van rekruten en korporaals bij de troepenm,true,high-precision
afe7e6ce-3fc1-c472-4845-e7cc200633b0::e80e06c2-a922-2e5b-0862-d83c1541c77d,afe7e6ce-3fc1-c472-4845-e7cc200633b0,e80e06c2-a922-2e5b-0862-d83c1541c77d,video,SR-NA_02_0953,Onbekend,personsRaw,person,person,Otmar Rodgers,otmar rodgers,Otmar Rodgers,nas-persons-field,,1,Verslag vergadering sexueel molest Paul Somohardjo,Otmar Rodgers,true,high-precision
b1647e79-63fa-8d33-c604-d7014359cd62::71690b9c-2538-6537-6b72-cec8aa91bf8c,b1647e79-63fa-8d33-c604-d7014359cd62,71690b9c-2538-6537-6b72-cec8aa91bf8c,image,SR-NA_01_0665,Onbekend,description,place,river,Nickerie,nickerie,Nickerie,stm-gazetteer,stm-00261,1,Beleefdheidsbezoekjes aan Venetiaan,"ie analyticus Hardeo Ramadhin die het staatshoofd het boek 'Nickerie in ontwikkelingsperspectief' overhandigde. Ook zanger Bryan Bijlhout werd ontvangen, alsook Julian Hunte (minister van",true,high-precision
b27f3786-2147-cbe5-e6b1-df0222e4f734::ce102016-92a7-39e8-88b7-d38f1c3cc62f,b27f3786-2147-cbe5-e6b1-df0222e4f734,ce102016-92a7-39e8-88b7-d38f1c3cc62f,video,SR-NA_02_1363,Onbekend,personsRaw,person,person,Chan Santokhi,chan santokhi,Chan Santokhi,nas-persons-field,,1,Chan Santokhi over de schuldpositie van Suriname,Chan Santokhi,true,high-precision
b33545e4-0ff8-4eee-4dda-2a4247e27530::41b713e5-f416-aaeb-fabf-26b58b27342c,b33545e4-0ff8-4eee-4dda-2a4247e27530,41b713e5-f416-aaeb-fabf-26b58b27342c,video,SR-NA_02_1316,,personsRaw,person,person,Erwin de Vries,erwin de vries,Erwin de Vries,nas-persons-field,,1,Na 't Nieuws met Erwin de Vries,Erwin de Vries,true,high-precision
b33545e4-0ff8-4eee-4dda-2a4247e27530::41b713e5-f416-aaeb-fabf-26b58b27342c,b33545e4-0ff8-4eee-4dda-2a4247e27530,41b713e5-f416-aaeb-fabf-26b58b27342c,video,SR-NA_02_1316,,personsRaw,person,person,Humbert Pinas,humbert pinas,Humbert Pinas,nas-persons-field,,1,Na 't Nieuws met Erwin de Vries,Humbert Pinas,true,high-precision
b35f4d6f-4174-6cec-5afa-c9b6be8302cc::0da814b9-8032-ad55-d050-492ab97bda0c,b35f4d6f-4174-6cec-5afa-c9b6be8302cc,0da814b9-8032-ad55-d050-492ab97bda0c,video,SR-NA_02_1032_003,1988,personsRaw,person,person,Componisten: 1. Ruth Koenders,componisten 1 ruth koenders,Componisten: 1. Ruth Koenders,nas-persons-field,,1,Suripop-5 1988 deel 3,Componisten: 1. Ruth Koenders,true,high-precision
b35f4d6f-4174-6cec-5afa-c9b6be8302cc::0da814b9-8032-ad55-d050-492ab97bda0c,b35f4d6f-4174-6cec-5afa-c9b6be8302cc,0da814b9-8032-ad55-d050-492ab97bda0c,video,SR-NA_02_1032_003,1988,personsRaw,person,person,Dren Kon Tru,dren kon tru,Dren Kon Tru,nas-persons-field,,1,Suripop-5 1988 deel 3,Dren Kon Tru,true,high-precision
b35f4d6f-4174-6cec-5afa-c9b6be8302cc::0da814b9-8032-ad55-d050-492ab97bda0c,b35f4d6f-4174-6cec-5afa-c9b6be8302cc,0da814b9-8032-ad55-d050-492ab97bda0c,video,SR-NA_02_1032_003,1988,personsRaw,person,person,zang: Lucretia Muringen,zang lucretia muringen,zang: Lucretia Muringen,nas-persons-field,,1,Suripop-5 1988 deel 3,zang: Lucretia Muringen,true,high-precision
b35f4d6f-4174-6cec-5afa-c9b6be8302cc::0da814b9-8032-ad55-d050-492ab97bda0c,b35f4d6f-4174-6cec-5afa-c9b6be8302cc,0da814b9-8032-ad55-d050-492ab97bda0c,video,SR-NA_02_1032_003,1988,personsRaw,person,person,2. Johan Herbert,2 johan herbert,2. Johan Herbert,nas-persons-field,,1,Suripop-5 1988 deel 3,2. Johan Herbert,true,high-precision
b35f4d6f-4174-6cec-5afa-c9b6be8302cc::0da814b9-8032-ad55-d050-492ab97bda0c,b35f4d6f-4174-6cec-5afa-c9b6be8302cc,0da814b9-8032-ad55-d050-492ab97bda0c,video,SR-NA_02_1032_003,1988,personsRaw,person,person,Yu Fosi Lobi,yu fosi lobi,Yu Fosi Lobi,nas-persons-field,,1,Suripop-5 1988 deel 3,Yu Fosi Lobi,true,high-precision
b35f4d6f-4174-6cec-5afa-c9b6be8302cc::0da814b9-8032-ad55-d050-492ab97bda0c,b35f4d6f-4174-6cec-5afa-c9b6be8302cc,0da814b9-8032-ad55-d050-492ab97bda0c,video,SR-NA_02_1032_003,1988,personsRaw,person,person,zang: Darl Filemon,zang darl filemon,zang: Darl Filemon,nas-persons-field,,1,Suripop-5 1988 deel 3,zang: Darl Filemon,true,high-precision
b35f4d6f-4174-6cec-5afa-c9b6be8302cc::0da814b9-8032-ad55-d050-492ab97bda0c,b35f4d6f-4174-6cec-5afa-c9b6be8302cc,0da814b9-8032-ad55-d050-492ab97bda0c,video,SR-NA_02_1032_003,1988,personsRaw,person,person,3. Vincent Hooplot,3 vincent hooplot,3. Vincent Hooplot,nas-persons-field,,1,Suripop-5 1988 deel 3,3. Vincent Hooplot,true,high-precision
b35f4d6f-4174-6cec-5afa-c9b6be8302cc::0da814b9-8032-ad55-d050-492ab97bda0c,b35f4d6f-4174-6cec-5afa-c9b6be8302cc,0da814b9-8032-ad55-d050-492ab97bda0c,video,SR-NA_02_1032_003,1988,personsRaw,person,person,Mi Swit? Presi,mi swit presi,Mi Swit? Presi,nas-persons-field,,1,Suripop-5 1988 deel 3,Mi Swit? Presi,true,high-precision
b35f4d6f-4174-6cec-5afa-c9b6be8302cc::0da814b9-8032-ad55-d050-492ab97bda0c,b35f4d6f-4174-6cec-5afa-c9b6be8302cc,0da814b9-8032-ad55-d050-492ab97bda0c,video,SR-NA_02_1032_003,1988,personsRaw,person,person,zang: Roy van Ommeren,zang roy van ommeren,zang: Roy van Ommeren,nas-persons-field,,1,Suripop-5 1988 deel 3,zang: Roy van Ommeren,true,high-precision
b35f4d6f-4174-6cec-5afa-c9b6be8302cc::0da814b9-8032-ad55-d050-492ab97bda0c,b35f4d6f-4174-6cec-5afa-c9b6be8302cc,0da814b9-8032-ad55-d050-492ab97bda0c,video,SR-NA_02_1032_003,1988,personsRaw,person,person,4. Hugo Landolf,4 hugo landolf,4. Hugo Landolf,nas-persons-field,,1,Suripop-5 1988 deel 3,4. Hugo Landolf,true,high-precision
b35f4d6f-4174-6cec-5afa-c9b6be8302cc::0da814b9-8032-ad55-d050-492ab97bda0c,b35f4d6f-4174-6cec-5afa-c9b6be8302cc,0da814b9-8032-ad55-d050-492ab97bda0c,video,SR-NA_02_1032_003,1988,personsRaw,person,person,Still I Love You Mister Drunker,still i love you mister drunker,Still I Love You Mister Drunker,nas-persons-field,,1,Suripop-5 1988 deel 3,Still I Love You Mister Drunker,true,high-precision
b35f4d6f-4174-6cec-5afa-c9b6be8302cc::0da814b9-8032-ad55-d050-492ab97bda0c,b35f4d6f-4174-6cec-5afa-c9b6be8302cc,0da814b9-8032-ad55-d050-492ab97bda0c,video,SR-NA_02_1032_003,1988,personsRaw,person,person,zang: Reguillio Alberg,zang reguillio alberg,zang: Reguillio Alberg,nas-persons-field,,1,Suripop-5 1988 deel 3,zang: Reguillio Alberg,true,high-precision
b35f4d6f-4174-6cec-5afa-c9b6be8302cc::0da814b9-8032-ad55-d050-492ab97bda0c,b35f4d6f-4174-6cec-5afa-c9b6be8302cc,0da814b9-8032-ad55-d050-492ab97bda0c,video,SR-NA_02_1032_003,1988,personsRaw,person,person,5. Albert Bergen,5 albert bergen,5. Albert Bergen,nas-persons-field,,1,Suripop-5 1988 deel 3,5. Albert Bergen,true,high-precision
b35f4d6f-4174-6cec-5afa-c9b6be8302cc::0da814b9-8032-ad55-d050-492ab97bda0c,b35f4d6f-4174-6cec-5afa-c9b6be8302cc,0da814b9-8032-ad55-d050-492ab97bda0c,video,SR-NA_02_1032_003,1988,personsRaw,person,person,Lonely Game,lonely game,Lonely Game,nas-persons-field,,1,Suripop-5 1988 deel 3,Lonely Game,true,high-precision
b35f4d6f-4174-6cec-5afa-c9b6be8302cc::0da814b9-8032-ad55-d050-492ab97bda0c,b35f4d6f-4174-6cec-5afa-c9b6be8302cc,0da814b9-8032-ad55-d050-492ab97bda0c,video,SR-NA_02_1032_003,1988,personsRaw,person,person,zang: Delano Weltevreden,zang delano weltevreden,zang: Delano Weltevreden,nas-persons-field,,1,Suripop-5 1988 deel 3,zang: Delano Weltevreden,true,high-precision
b35f4d6f-4174-6cec-5afa-c9b6be8302cc::0da814b9-8032-ad55-d050-492ab97bda0c,b35f4d6f-4174-6cec-5afa-c9b6be8302cc,0da814b9-8032-ad55-d050-492ab97bda0c,video,SR-NA_02_1032_003,1988,personsRaw,person,person,6. Erik Refos/Siegfried Geerling,6 erik refos siegfried geerling,6. Erik Refos/Siegfried Geerling,nas-persons-field,,1,Suripop-5 1988 deel 3,6. Erik Refos/Siegfried Geerling,true,high-precision
b35f4d6f-4174-6cec-5afa-c9b6be8302cc::0da814b9-8032-ad55-d050-492ab97bda0c,b35f4d6f-4174-6cec-5afa-c9b6be8302cc,0da814b9-8032-ad55-d050-492ab97bda0c,video,SR-NA_02_1032_003,1988,personsRaw,person,person,Brasa Mi,brasa mi,Brasa Mi,nas-persons-field,,1,Suripop-5 1988 deel 3,Brasa Mi,true,high-precision
b35f4d6f-4174-6cec-5afa-c9b6be8302cc::0da814b9-8032-ad55-d050-492ab97bda0c,b35f4d6f-4174-6cec-5afa-c9b6be8302cc,0da814b9-8032-ad55-d050-492ab97bda0c,video,SR-NA_02_1032_003,1988,personsRaw,person,person,zang: Paul Ameerali & Silvy Singoredjo,zang paul ameerali silvy singoredjo,zang: Paul Ameerali & Silvy Singoredjo,nas-persons-field,,1,Suripop-5 1988 deel 3,zang: Paul Ameerali & Silvy Singoredjo,true,high-precision
b35f4d6f-4174-6cec-5afa-c9b6be8302cc::0da814b9-8032-ad55-d050-492ab97bda0c,b35f4d6f-4174-6cec-5afa-c9b6be8302cc,0da814b9-8032-ad55-d050-492ab97bda0c,video,SR-NA_02_1032_003,1988,personsRaw,person,person,7. Hugo Landolf,7 hugo landolf,7. Hugo Landolf,nas-persons-field,,1,Suripop-5 1988 deel 3,7. Hugo Landolf,true,high-precision
b35f4d6f-4174-6cec-5afa-c9b6be8302cc::0da814b9-8032-ad55-d050-492ab97bda0c,b35f4d6f-4174-6cec-5afa-c9b6be8302cc,0da814b9-8032-ad55-d050-492ab97bda0c,video,SR-NA_02_1032_003,1988,personsRaw,person,person,Still I Love You,still i love you,Still I Love You,nas-persons-field,,1,Suripop-5 1988 deel 3,Still I Love You,true,high-precision
b35f4d6f-4174-6cec-5afa-c9b6be8302cc::0da814b9-8032-ad55-d050-492ab97bda0c,b35f4d6f-4174-6cec-5afa-c9b6be8302cc,0da814b9-8032-ad55-d050-492ab97bda0c,video,SR-NA_02_1032_003,1988,personsRaw,person,person,8. Harold Gessel,8 harold gessel,8. Harold Gessel,nas-persons-field,,1,Suripop-5 1988 deel 3,8. Harold Gessel,true,high-precision
b35f4d6f-4174-6cec-5afa-c9b6be8302cc::0da814b9-8032-ad55-d050-492ab97bda0c,b35f4d6f-4174-6cec-5afa-c9b6be8302cc,0da814b9-8032-ad55-d050-492ab97bda0c,video,SR-NA_02_1032_003,1988,personsRaw,person,person,Sondro Yu,sondro yu,Sondro Yu,nas-persons-field,,1,Suripop-5 1988 deel 3,Sondro Yu,true,high-precision
b35f4d6f-4174-6cec-5afa-c9b6be8302cc::0da814b9-8032-ad55-d050-492ab97bda0c,b35f4d6f-4174-6cec-5afa-c9b6be8302cc,0da814b9-8032-ad55-d050-492ab97bda0c,video,SR-NA_02_1032_003,1988,personsRaw,person,person,zang: Jimmy Westfa,zang jimmy westfa,zang: Jimmy Westfa,nas-persons-field,,1,Suripop-5 1988 deel 3,zang: Jimmy Westfa,true,high-precision
b35f4d6f-4174-6cec-5afa-c9b6be8302cc::0da814b9-8032-ad55-d050-492ab97bda0c,b35f4d6f-4174-6cec-5afa-c9b6be8302cc,0da814b9-8032-ad55-d050-492ab97bda0c,video,SR-NA_02_1032_003,1988,personsRaw,person,person,9. Raymond Amatoemar,9 raymond amatoemar,9. Raymond Amatoemar,nas-persons-field,,1,Suripop-5 1988 deel 3,9. Raymond Amatoemar,true,high-precision
b35f4d6f-4174-6cec-5afa-c9b6be8302cc::0da814b9-8032-ad55-d050-492ab97bda0c,b35f4d6f-4174-6cec-5afa-c9b6be8302cc,0da814b9-8032-ad55-d050-492ab97bda0c,video,SR-NA_02_1032_003,1988,personsRaw,person,person,Gi Yu Nanga Mi,gi yu nanga mi,Gi Yu Nanga Mi,nas-persons-field,,1,Suripop-5 1988 deel 3,Gi Yu Nanga Mi,true,high-precision
b35f4d6f-4174-6cec-5afa-c9b6be8302cc::0da814b9-8032-ad55-d050-492ab97bda0c,b35f4d6f-4174-6cec-5afa-c9b6be8302cc,0da814b9-8032-ad55-d050-492ab97bda0c,video,SR-NA_02_1032_003,1988,personsRaw,person,person,zang,zang,zang,nas-persons-field,,1,Suripop-5 1988 deel 3,zang,true,high-precision
b35f4d6f-4174-6cec-5afa-c9b6be8302cc::0da814b9-8032-ad55-d050-492ab97bda0c,b35f4d6f-4174-6cec-5afa-c9b6be8302cc,0da814b9-8032-ad55-d050-492ab97bda0c,video,SR-NA_02_1032_003,1988,personsRaw,person,person,Silvy Singoredjo,silvy singoredjo,Silvy Singoredjo,nas-persons-field,,1,Suripop-5 1988 deel 3,Silvy Singoredjo,true,high-precision
b35f4d6f-4174-6cec-5afa-c9b6be8302cc::0da814b9-8032-ad55-d050-492ab97bda0c,b35f4d6f-4174-6cec-5afa-c9b6be8302cc,0da814b9-8032-ad55-d050-492ab97bda0c,video,SR-NA_02_1032_003,1988,personsRaw,person,person,10. Erik Refos/Siegfried Geerling,10 erik refos siegfried geerling,10. Erik Refos/Siegfried Geerling,nas-persons-field,,1,Suripop-5 1988 deel 3,10. Erik Refos/Siegfried Geerling,true,high-precision
b35f4d6f-4174-6cec-5afa-c9b6be8302cc::0da814b9-8032-ad55-d050-492ab97bda0c,b35f4d6f-4174-6cec-5afa-c9b6be8302cc,0da814b9-8032-ad55-d050-492ab97bda0c,video,SR-NA_02_1032_003,1988,personsRaw,person,person,Ef? A Kan,ef a kan,Ef? A Kan,nas-persons-field,,1,Suripop-5 1988 deel 3,Ef? A Kan,true,high-precision
b35f4d6f-4174-6cec-5afa-c9b6be8302cc::0da814b9-8032-ad55-d050-492ab97bda0c,b35f4d6f-4174-6cec-5afa-c9b6be8302cc,0da814b9-8032-ad55-d050-492ab97bda0c,video,SR-NA_02_1032_003,1988,personsRaw,person,person,zang: Paul Ameerali.,zang paul ameerali,zang: Paul Ameerali.,nas-persons-field,,1,Suripop-5 1988 deel 3,zang: Paul Ameerali.,true,high-precision
b3671134-e974-6352-775b-611a3bab8e35::c5bbce54-822f-c0bd-bcdd-933e79c676a1,b3671134-e974-6352-775b-611a3bab8e35,c5bbce54-822f-c0bd-bcdd-933e79c676a1,video,SR-NA_02_1341,Onbekend,personsRaw,person,person,Charles Pahlad,charles pahlad,Charles Pahlad,nas-persons-field,,1,Charles Pahlad over rol jongeren bij verkiezingen,Charles Pahlad,true,high-precision
b3b41f89-4d4f-5c89-11f6-e2c7a4831e0f::7cf5f852-c384-1a2e-9dda-becf4ab21230,b3b41f89-4d4f-5c89-11f6-e2c7a4831e0f,7cf5f852-c384-1a2e-9dda-becf4ab21230,video,SR-NA_02_1388,Onbekend,personsRaw,person,person,Winston Jessurun,winston jessurun,Winston Jessurun,nas-persons-field,,1,Fragment van toespraak V7-leider Winston Jessurun,Winston Jessurun,true,high-precision
b3c692b8-8b9f-c6b8-bdb8-2605034446a1::2b470791-5aa3-3b22-bf71-50c90d374c6d,b3c692b8-8b9f-c6b8-bdb8-2605034446a1,2b470791-5aa3-3b22-bf71-50c90d374c6d,image,SR-NA_03_0065,Mei 1999,title,place,river,Coppename,coppename,Coppename,stm-gazetteer,stm-00216,1,Bruggenproject Coppename Surinamerivier,Bruggenproject Coppename Surinamerivier,true,high-precision
b3c692b8-8b9f-c6b8-bdb8-2605034446a1::2b470791-5aa3-3b22-bf71-50c90d374c6d,b3c692b8-8b9f-c6b8-bdb8-2605034446a1,2b470791-5aa3-3b22-bf71-50c90d374c6d,image,SR-NA_03_0065,Mei 1999,description,place,river,Nickerie,nickerie,Nickerie,stm-gazetteer,stm-00261,1,Bruggenproject Coppename Surinamerivier,"t Suriname in 2001 een doorgaande verbinding van Albina tot Nickerie, waarbij de wachttijden bij de veren tot het verleden gaan behoren.",true,high-precision
b43c17fe-b7f9-1983-6fc2-e113b8c99a6c::0a8b2801-847d-3ec1-7242-68930e479ba0,b43c17fe-b7f9-1983-6fc2-e113b8c99a6c,0a8b2801-847d-3ec1-7242-68930e479ba0,image,SR-NA_01_0271,1990,title,place,street,Heerenstraat,heerenstraat,Herenstraat,paramaribo-street-standardization,,1,Heerenstraat,Heerenstraat,true,high-precision
b43c17fe-b7f9-1983-6fc2-e113b8c99a6c::0a8b2801-847d-3ec1-7242-68930e479ba0,b43c17fe-b7f9-1983-6fc2-e113b8c99a6c,0a8b2801-847d-3ec1-7242-68930e479ba0,image,SR-NA_01_0271,1990,description,place,street,Heerenstraat,heerenstraat,Herenstraat,paramaribo-street-standardization,,1,Heerenstraat,"Heerenstraat, bezien vanuit het Kerkplein",true,high-precision
b43c17fe-b7f9-1983-6fc2-e113b8c99a6c::0a8b2801-847d-3ec1-7242-68930e479ba0,b43c17fe-b7f9-1983-6fc2-e113b8c99a6c,0a8b2801-847d-3ec1-7242-68930e479ba0,image,SR-NA_01_0271,1990,description,place,street,Kerkplein,kerkplein,Kerkplein,paramaribo-street-standardization,,1,Heerenstraat,"Heerenstraat, bezien vanuit het Kerkplein",true,high-precision
b5de1d38-c62e-202b-99c7-d8a586dcbecb::f15a854e-e408-d2c0-31a5-b1fcf0de10cd,b5de1d38-c62e-202b-99c7-d8a586dcbecb,f15a854e-e408-d2c0-31a5-b1fcf0de10cd,video,SR-NA_02_0966,Onbekend,personsRaw,person,person,Sabitrie Gangapersad,sabitrie gangapersad,Sabitrie Gangapersad,nas-persons-field,,1,Toewin Nalie egaliseert slechte wegen,Sabitrie Gangapersad,true,high-precision
b641bf76-76ad-0d22-aa6d-5d7e021716d0::8d785ad8-9380-b97e-41f9-34805c07997f,b641bf76-76ad-0d22-aa6d-5d7e021716d0,8d785ad8-9380-b97e-41f9-34805c07997f,video,SR-NA_02_0562,02 oktober 1988,title,place,river,Nickerie,nickerie,Nickerie,stm-gazetteer,stm-00261,1,Bestrating Van Idsingaweg en andere activiteiten Nickerie,Bestrating Van Idsingaweg en andere activiteiten Nickerie,true,high-precision
b641bf76-76ad-0d22-aa6d-5d7e021716d0::8d785ad8-9380-b97e-41f9-34805c07997f,b641bf76-76ad-0d22-aa6d-5d7e021716d0,8d785ad8-9380-b97e-41f9-34805c07997f,video,SR-NA_02_0562,02 oktober 1988,description,place,river,Nickerie,nickerie,Nickerie,stm-gazetteer,stm-00261,1,Bestrating Van Idsingaweg en andere activiteiten Nickerie,De werkzaamheden aan de bestrating Van de Van Idsingaweg in Nickerie worden vertraagd uitgevoerd als gevolg van de zware regens en hoge springvloed in Nickerie.,true,high-precision
b6505e01-2579-6f06-e984-727ee2167d11::05642fc6-2077-45e1-b222-ddc33df0935b,b6505e01-2579-6f06-e984-727ee2167d11,05642fc6-2077-45e1-b222-ddc33df0935b,video,SR-NA_02_0619,24-maart-1988,description,place,street,Gravenstraat,gravenstraat,Gravenstraat,paramaribo-street-standardization,,1,Bouwcontract voor Nierstichting,gebouw komt te staan op het terrein van oud-Majella aan de Gravenstraat. Plus interview met: .....?,true,high-precision
b6505e01-2579-6f06-e984-727ee2167d11::05642fc6-2077-45e1-b222-ddc33df0935b,b6505e01-2579-6f06-e984-727ee2167d11,05642fc6-2077-45e1-b222-ddc33df0935b,video,SR-NA_02_0619,24-maart-1988,keywords,place,street,Gravenstraat,gravenstraat,Gravenstraat,paramaribo-street-standardization,,1,Bouwcontract voor Nierstichting,rg | nierstichting Robles | R. Tjong A Hung | Oud-Majella | Gravenstraat | interview,true,high-precision
b75e98e3-997d-8eeb-316b-31d9eeeeba09::2243a2d8-84c3-ed70-088c-5a0a1d02f0e3,b75e98e3-997d-8eeb-316b-31d9eeeeba09,2243a2d8-84c3-ed70-088c-5a0a1d02f0e3,video,SR-NA_02_0890,1990,title,place,river,Nickerie,nickerie,Nickerie,stm-gazetteer,stm-00261,1,Bouw van een mini Visserijcentrum te Nickerie,Bouw van een mini Visserijcentrum te Nickerie,true,high-precision
b75e98e3-997d-8eeb-316b-31d9eeeeba09::2243a2d8-84c3-ed70-088c-5a0a1d02f0e3,b75e98e3-997d-8eeb-316b-31d9eeeeba09,2243a2d8-84c3-ed70-088c-5a0a1d02f0e3,video,SR-NA_02_0890,1990,description,place,river,Nickerie,nickerie,Nickerie,stm-gazetteer,stm-00261,1,Bouw van een mini Visserijcentrum te Nickerie,De bouw van het mini-visserijcentrum Nickerie is in volle gang. Het project wordt gefinancierd door het Ontwikkelingsfonds van de Europese Economische Gemeenschap (E,true,high-precision
b94e1265-aebe-44d7-9e87-211cd67c55d4::9fbc1013-c90a-c4d4-f108-6ffca27f0a03,b94e1265-aebe-44d7-9e87-211cd67c55d4,9fbc1013-c90a-c4d4-f108-6ffca27f0a03,video,NAS_054______-NAS3000MTOZ,1 januari 1976,personsRaw,person,person,Johan Ferrier,johan ferrier,Johan Ferrier,nas-persons-field,,1,Films_Johan_Henri_Eliza_Ferrier_03,Johan Ferrier,true,high-precision
ba577aa4-ef31-294a-9854-5129687a89b7::ddfdffcf-ead5-44b0-17ae-67915ffbc92a,ba577aa4-ef31-294a-9854-5129687a89b7,ddfdffcf-ead5-44b0-17ae-67915ffbc92a,video,SR-NA_02_1086_002,Onbekend,personsRaw,person,person,basketballer Remi Tam,basketballer remi tam,basketballer Remi Tam,nas-persons-field,,1,Onafhankelijkheid 27 jaar-deel 2,basketballer Remi Tam,true,high-precision
ba577aa4-ef31-294a-9854-5129687a89b7::ddfdffcf-ead5-44b0-17ae-67915ffbc92a,ba577aa4-ef31-294a-9854-5129687a89b7,ddfdffcf-ead5-44b0-17ae-67915ffbc92a,video,SR-NA_02_1086_002,Onbekend,personsRaw,person,person,fotografen Edward Troon en Johan de Randamie,fotografen edward troon en johan de randamie,fotografen Edward Troon en Johan de Randamie,nas-persons-field,,1,Onafhankelijkheid 27 jaar-deel 2,fotografen Edward Troon en Johan de Randamie,true,high-precision
ba577aa4-ef31-294a-9854-5129687a89b7::ddfdffcf-ead5-44b0-17ae-67915ffbc92a,ba577aa4-ef31-294a-9854-5129687a89b7,ddfdffcf-ead5-44b0-17ae-67915ffbc92a,video,SR-NA_02_1086_002,Onbekend,personsRaw,person,person,onderminister ? van Onderwijs,onderminister van onderwijs,onderminister ? van Onderwijs,nas-persons-field,,1,Onafhankelijkheid 27 jaar-deel 2,onderminister ? van Onderwijs,true,high-precision
ba577aa4-ef31-294a-9854-5129687a89b7::ddfdffcf-ead5-44b0-17ae-67915ffbc92a,ba577aa4-ef31-294a-9854-5129687a89b7,ddfdffcf-ead5-44b0-17ae-67915ffbc92a,video,SR-NA_02_1086_002,Onbekend,personsRaw,person,person,de ministers Rakhieb Khudabux van Volksgezondheid,de ministers rakhieb khudabux van volksgezondheid,de ministers Rakhieb Khudabux van Volksgezondheid,nas-persons-field,,1,Onafhankelijkheid 27 jaar-deel 2,de ministers Rakhieb Khudabux van Volksgezondheid,true,high-precision
ba577aa4-ef31-294a-9854-5129687a89b7::ddfdffcf-ead5-44b0-17ae-67915ffbc92a,ba577aa4-ef31-294a-9854-5129687a89b7,ddfdffcf-ead5-44b0-17ae-67915ffbc92a,video,SR-NA_02_1086_002,Onbekend,personsRaw,person,person,Walther Sandriman van Onderwijs en Paul Somohardjo van Sociale Zaken en Volkshuisvesting,walther sandriman van onderwijs en paul somohardjo van sociale zaken en volkshuisvesting,Walther Sandriman van Onderwijs en Paul Somohardjo van Sociale Zaken en Volkshuisvesting,nas-persons-field,,1,Onafhankelijkheid 27 jaar-deel 2,Walther Sandriman van Onderwijs en Paul Somohardjo van Sociale Zaken en Volkshuisvesting,true,high-precision
ba577aa4-ef31-294a-9854-5129687a89b7::ddfdffcf-ead5-44b0-17ae-67915ffbc92a,ba577aa4-ef31-294a-9854-5129687a89b7,ddfdffcf-ead5-44b0-17ae-67915ffbc92a,video,SR-NA_02_1086_002,Onbekend,personsRaw,person,person,districtscommissaris Rudi Strijk van Paramaribo.,districtscommissaris rudi strijk van paramaribo,districtscommissaris Rudi Strijk van Paramaribo.,nas-persons-field,,1,Onafhankelijkheid 27 jaar-deel 2,districtscommissaris Rudi Strijk van Paramaribo.,true,high-precision
ba762ff3-e716-4f23-a0df-5bfc68e79886::9c2fd634-090f-f5cc-caa5-bf17598d0239,ba762ff3-e716-4f23-a0df-5bfc68e79886,9c2fd634-090f-f5cc-caa5-bf17598d0239,image,SR-NA_01_0206,Onbekend,personsRaw,person,person,Onbekend,onbekend,Onbekend,nas-persons-field,,1,Bauxiet-ontginning,Onbekend,true,high-precision
babccf82-a5a9-975e-2cb0-f646f5e7390d::fe314085-c48b-81da-164f-03b5bac35ea0,babccf82-a5a9-975e-2cb0-f646f5e7390d,fe314085-c48b-81da-164f-03b5bac35ea0,video,SR-NA_02_1042,Onbekend,description,place,street,Kerkplein,kerkplein,Kerkplein,paramaribo-street-standardization,,1,Hoofdkantoor RBTT Suriname,"oofdkantoor van de Royal Bank of Trinidad and Tobago op het Kerkplein. Deze bank heette eerst de ABN-Amro, daarna Royal Bank of Canada (RBC), vervolgens RBTT en nu Republic Bank",true,high-precision
bd2f9246-23a0-0885-c70b-1a4947f3f625::349ce829-47ac-450b-b594-9694de9253c8,bd2f9246-23a0-0885-c70b-1a4947f3f625,349ce829-47ac-450b-b594-9694de9253c8,image,SR-NA_01_0283_021,1980,description,place,street,onbekend,onbekend,onbekend,paramaribo-street-standardization,,1,Vrouwen in bijzondere beroepen,arige Florence Popke als uitvoerder tijdens de bouw van een onbekend gebouw,true,high-precision
bd35b16b-02f1-c201-4c5c-067887f166f3::16c3b4bd-f375-3ddd-b5ed-4dccd942fa64,bd35b16b-02f1-c201-4c5c-067887f166f3,16c3b4bd-f375-3ddd-b5ed-4dccd942fa64,video,SR-NA_02_0936,Onbekend,keywords,place,street,Waterkant,waterkant,Waterkant,paramaribo-street-standardization,,1,Suriname in beelden in Spaans gesproken,kheid | standbeeld | Koningin Wilhelmina | Fort Zeelandia | Waterkant | SMS-steiger | Nita Olf | treinstation | treinstellen | treinen | ezelkarren | binnenstadsbeelden | kerkdienstbeelden,true,high-precision
bd740d49-0cd7-4074-f1e1-c642379283da::239058b3-7953-cf70-05ce-da3cadfe19e4,bd740d49-0cd7-4074-f1e1-c642379283da,239058b3-7953-cf70-05ce-da3cadfe19e4,video,SR-NA_02_1002,Onbekend,title,place,district,District Nickerie,district nickerie,District Nickerie,stm-gazetteer,stm-00002,1,Asfalteringsproject district Nickerie met Kries Matai,Asfalteringsproject district Nickerie met Kries Matai,true,high-precision
bd740d49-0cd7-4074-f1e1-c642379283da::239058b3-7953-cf70-05ce-da3cadfe19e4,bd740d49-0cd7-4074-f1e1-c642379283da,239058b3-7953-cf70-05ce-da3cadfe19e4,video,SR-NA_02_1002,Onbekend,title,place,river,Nickerie,nickerie,Nickerie,stm-gazetteer,stm-00261,1,Asfalteringsproject district Nickerie met Kries Matai,Asfalteringsproject district Nickerie met Kries Matai,true,high-precision
bd740d49-0cd7-4074-f1e1-c642379283da::239058b3-7953-cf70-05ce-da3cadfe19e4,bd740d49-0cd7-4074-f1e1-c642379283da,239058b3-7953-cf70-05ce-da3cadfe19e4,video,SR-NA_02_1002,Onbekend,description,place,district,District Nickerie,district nickerie,District Nickerie,stm-gazetteer,stm-00002,1,Asfalteringsproject district Nickerie met Kries Matai,en bij 11 km) van het ministerie van Openbare Werken in het district Nickerie. Parlementarier Kris Matai wijst op het belang van goede wegen voor Nickerie.,true,high-precision
bd740d49-0cd7-4074-f1e1-c642379283da::239058b3-7953-cf70-05ce-da3cadfe19e4,bd740d49-0cd7-4074-f1e1-c642379283da,239058b3-7953-cf70-05ce-da3cadfe19e4,video,SR-NA_02_1002,Onbekend,description,place,river,Nickerie,nickerie,Nickerie,stm-gazetteer,stm-00261,1,Asfalteringsproject district Nickerie met Kries Matai,km) van het ministerie van Openbare Werken in het district Nickerie. Parlementarier Kris Matai wijst op het belang van goede wegen voor Nickerie.,true,high-precision
bdd001d8-a5c0-1b8e-75f5-978e0c54faf8::3ec4a609-1e95-d06a-f8d3-e288aae6614c,bdd001d8-a5c0-1b8e-75f5-978e0c54faf8,3ec4a609-1e95-d06a-f8d3-e288aae6614c,video,SR-NA_02_0108,Onbekend,description,place,street,Gemenelandsweg,gemenelandsweg,Gemenelandsweg,paramaribo-street-standardization,,1,John Jones Politie en Paho over verkeersveiligheid,"anrijding met dodelijke afloop, op de hoek van de Verlengde Gemenelandsweg en de Benjaminstraat",true,high-precision
bde61e1a-fc58-03e0-e246-8c878e178fb8::be9356b1-3c48-65e4-289b-a39351f773b2,bde61e1a-fc58-03e0-e246-8c878e178fb8,be9356b1-3c48-65e4-289b-a39351f773b2,image,SR-NA_03_0007_062,2001,description,place,river,Nickerie,nickerie,Nickerie,stm-gazetteer,stm-00261,1,"Suralco magazine, 2001 vol. 24 nr. 2","z, Stichting Radio - Omroep Suriname, SRS. Radio ABC, Radio Nickerie, Rani. Langzaam herstel. Ontwikkelingen in Nickerie en in de andere districten. Overzicht Paramaribo. Overzicht Nickeri",true,high-precision
be273ee4-0740-e8ed-f39b-5973cce7b279::d3345d93-2598-74cd-e5c4-f4b50f6f1fb6,be273ee4-0740-e8ed-f39b-5973cce7b279,d3345d93-2598-74cd-e5c4-f4b50f6f1fb6,video,SR-NA_02_0620,24 maart 1988,title,place,street,Jodenbreestraat,jodenbreestraat,Jodenbreestraat,paramaribo-street-standardization,,1,Afsluiting weggedeelte Jodenbreestraat,Afsluiting weggedeelte Jodenbreestraat,true,high-precision
be273ee4-0740-e8ed-f39b-5973cce7b279::d3345d93-2598-74cd-e5c4-f4b50f6f1fb6,be273ee4-0740-e8ed-f39b-5973cce7b279,d3345d93-2598-74cd-e5c4-f4b50f6f1fb6,video,SR-NA_02_0620,24 maart 1988,description,place,street,Maagdenstraat,maagdenstraat,Maagdenstraat,paramaribo-street-standardization,,1,Afsluiting weggedeelte Jodenbreestraat,"De Jodenbreestraat, tussen de Waterkant en Maagdenstraat, wordt afgesloten voor het verkeer, in verband met ontwateringswerkzaamheden aan deze weg",true,high-precision
be273ee4-0740-e8ed-f39b-5973cce7b279::d3345d93-2598-74cd-e5c4-f4b50f6f1fb6,be273ee4-0740-e8ed-f39b-5973cce7b279,d3345d93-2598-74cd-e5c4-f4b50f6f1fb6,video,SR-NA_02_0620,24 maart 1988,description,place,street,Jodenbreestraat,jodenbreestraat,Jodenbreestraat,paramaribo-street-standardization,,1,Afsluiting weggedeelte Jodenbreestraat,"De Jodenbreestraat, tussen de Waterkant en Maagdenstraat, wordt afgesloten voor het verkeer, in verband met ontwateringswerkzaamheden aan",true,high-precision
be273ee4-0740-e8ed-f39b-5973cce7b279::d3345d93-2598-74cd-e5c4-f4b50f6f1fb6,be273ee4-0740-e8ed-f39b-5973cce7b279,d3345d93-2598-74cd-e5c4-f4b50f6f1fb6,video,SR-NA_02_0620,24 maart 1988,description,place,street,Waterkant,waterkant,Waterkant,paramaribo-street-standardization,,1,Afsluiting weggedeelte Jodenbreestraat,"De Jodenbreestraat, tussen de Waterkant en Maagdenstraat, wordt afgesloten voor het verkeer, in verband met ontwateringswerkzaamheden aan deze weg",true,high-precision
be2c7334-c32a-feac-a872-536f50e76f0c::1c0657c7-2b9c-6cad-d2e5-611777578bfb,be2c7334-c32a-feac-a872-536f50e76f0c,1c0657c7-2b9c-6cad-d2e5-611777578bfb,video,SR-NA_02_0488,Onbekend,title,place,street,Gravenstraat,gravenstraat,Gravenstraat,paramaribo-street-standardization,,1,Verkeerssituatie Hoek Gravenstraat en Rust en Vredestraat,Verkeerssituatie Hoek Gravenstraat en Rust en Vredestraat,true,high-precision
be2c7334-c32a-feac-a872-536f50e76f0c::1c0657c7-2b9c-6cad-d2e5-611777578bfb,be2c7334-c32a-feac-a872-536f50e76f0c,1c0657c7-2b9c-6cad-d2e5-611777578bfb,video,SR-NA_02_0488,Onbekend,title,place,street,Rust en Vredestraat,rust en vredestraat,Rust en Vredestraat,paramaribo-street-standardization,,1,Verkeerssituatie Hoek Gravenstraat en Rust en Vredestraat,Verkeerssituatie Hoek Gravenstraat en Rust en Vredestraat,true,high-precision
be725b75-0243-1a89-90b1-e0cf011746b6::92459f88-489c-1c55-7842-0b05e52c85aa,be725b75-0243-1a89-90b1-e0cf011746b6,92459f88-489c-1c55-7842-0b05e52c85aa,video,SR-NA_02_1366,Onbekend,personsRaw,person,person,Ronald Hooghart,ronald hooghart,Ronald Hooghart,nas-persons-field,,1,Ronald Hooghart van PBO spreekt op een vergadering van de NDP.,Ronald Hooghart,true,high-precision
bf8d588c-8090-2720-1125-400cdc830e37::9ca7a3ab-1908-4500-a1aa-6eec2d350cb8,bf8d588c-8090-2720-1125-400cdc830e37,9ca7a3ab-1908-4500-a1aa-6eec2d350cb8,video,SR-NA_02_0998_002,25-11-2002,personsRaw,person,person,LVV-minister Geetapersad Gangaram Panday,lvv-minister geetapersad gangaram panday,LVV-minister Geetapersad Gangaram Panday,nas-persons-field,,1,Persconferentie President Ronald Venetiaan deel 2,LVV-minister Geetapersad Gangaram Panday,true,high-precision
bf8d588c-8090-2720-1125-400cdc830e37::9ca7a3ab-1908-4500-a1aa-6eec2d350cb8,bf8d588c-8090-2720-1125-400cdc830e37,9ca7a3ab-1908-4500-a1aa-6eec2d350cb8,video,SR-NA_02_0998_002,25-11-2002,personsRaw,person,person,Directeur pensioenfonds Maurits Tuur,directeur pensioenfonds maurits tuur,Directeur pensioenfonds Maurits Tuur,nas-persons-field,,1,Persconferentie President Ronald Venetiaan deel 2,Directeur pensioenfonds Maurits Tuur,true,high-precision
bf8d588c-8090-2720-1125-400cdc830e37::9ca7a3ab-1908-4500-a1aa-6eec2d350cb8,bf8d588c-8090-2720-1125-400cdc830e37,9ca7a3ab-1908-4500-a1aa-6eec2d350cb8,video,SR-NA_02_0998_002,25-11-2002,personsRaw,person,person,Otmar Rodgers,otmar rodgers,Otmar Rodgers,nas-persons-field,,1,Persconferentie President Ronald Venetiaan deel 2,Otmar Rodgers,true,high-precision
bf8d588c-8090-2720-1125-400cdc830e37::9ca7a3ab-1908-4500-a1aa-6eec2d350cb8,bf8d588c-8090-2720-1125-400cdc830e37,9ca7a3ab-1908-4500-a1aa-6eec2d350cb8,video,SR-NA_02_0998_002,25-11-2002,personsRaw,person,person,Jules Fullington,jules fullington,Jules Fullington,nas-persons-field,,1,Persconferentie President Ronald Venetiaan deel 2,Jules Fullington,true,high-precision
bf8d588c-8090-2720-1125-400cdc830e37::9ca7a3ab-1908-4500-a1aa-6eec2d350cb8,bf8d588c-8090-2720-1125-400cdc830e37,9ca7a3ab-1908-4500-a1aa-6eec2d350cb8,video,SR-NA_02_0998_002,25-11-2002,personsRaw,person,person,Lieuw's Catering,lieuw s catering,Lieuw's Catering,nas-persons-field,,1,Persconferentie President Ronald Venetiaan deel 2,Lieuw's Catering,true,high-precision
bf8d588c-8090-2720-1125-400cdc830e37::9ca7a3ab-1908-4500-a1aa-6eec2d350cb8,bf8d588c-8090-2720-1125-400cdc830e37,9ca7a3ab-1908-4500-a1aa-6eec2d350cb8,video,SR-NA_02_0998_002,25-11-2002,personsRaw,person,person,felicitaties,felicitaties,felicitaties,nas-persons-field,,1,Persconferentie President Ronald Venetiaan deel 2,felicitaties,true,high-precision
bf8d588c-8090-2720-1125-400cdc830e37::9ca7a3ab-1908-4500-a1aa-6eec2d350cb8,bf8d588c-8090-2720-1125-400cdc830e37,9ca7a3ab-1908-4500-a1aa-6eec2d350cb8,video,SR-NA_02_0998_002,25-11-2002,personsRaw,person,person,ontwikkeling,ontwikkeling,ontwikkeling,nas-persons-field,,1,Persconferentie President Ronald Venetiaan deel 2,ontwikkeling,true,high-precision
bf8d588c-8090-2720-1125-400cdc830e37::9ca7a3ab-1908-4500-a1aa-6eec2d350cb8,bf8d588c-8090-2720-1125-400cdc830e37,9ca7a3ab-1908-4500-a1aa-6eec2d350cb8,video,SR-NA_02_0998_002,25-11-2002,personsRaw,person,person,langdurig proces,langdurig proces,langdurig proces,nas-persons-field,,1,Persconferentie President Ronald Venetiaan deel 2,langdurig proces,true,high-precision
bf8d588c-8090-2720-1125-400cdc830e37::9ca7a3ab-1908-4500-a1aa-6eec2d350cb8,bf8d588c-8090-2720-1125-400cdc830e37,9ca7a3ab-1908-4500-a1aa-6eec2d350cb8,video,SR-NA_02_0998_002,25-11-2002,personsRaw,person,person,coup,coup,coup,nas-persons-field,,1,Persconferentie President Ronald Venetiaan deel 2,coup,true,high-precision
bf8d588c-8090-2720-1125-400cdc830e37::9ca7a3ab-1908-4500-a1aa-6eec2d350cb8,bf8d588c-8090-2720-1125-400cdc830e37,9ca7a3ab-1908-4500-a1aa-6eec2d350cb8,video,SR-NA_02_0998_002,25-11-2002,personsRaw,person,person,beoordelen,beoordelen,beoordelen,nas-persons-field,,1,Persconferentie President Ronald Venetiaan deel 2,beoordelen,true,high-precision
bf8d588c-8090-2720-1125-400cdc830e37::9ca7a3ab-1908-4500-a1aa-6eec2d350cb8,bf8d588c-8090-2720-1125-400cdc830e37,9ca7a3ab-1908-4500-a1aa-6eec2d350cb8,video,SR-NA_02_0998_002,25-11-2002,personsRaw,person,person,kritiek,kritiek,kritiek,nas-persons-field,,1,Persconferentie President Ronald Venetiaan deel 2,kritiek,true,high-precision
bf8d588c-8090-2720-1125-400cdc830e37::9ca7a3ab-1908-4500-a1aa-6eec2d350cb8,bf8d588c-8090-2720-1125-400cdc830e37,9ca7a3ab-1908-4500-a1aa-6eec2d350cb8,video,SR-NA_02_0998_002,25-11-2002,personsRaw,person,person,aanpakken,aanpakken,aanpakken,nas-persons-field,,1,Persconferentie President Ronald Venetiaan deel 2,aanpakken,true,high-precision
bf8d588c-8090-2720-1125-400cdc830e37::9ca7a3ab-1908-4500-a1aa-6eec2d350cb8,bf8d588c-8090-2720-1125-400cdc830e37,9ca7a3ab-1908-4500-a1aa-6eec2d350cb8,video,SR-NA_02_0998_002,25-11-2002,personsRaw,person,person,bundelen,bundelen,bundelen,nas-persons-field,,1,Persconferentie President Ronald Venetiaan deel 2,bundelen,true,high-precision
bf8d588c-8090-2720-1125-400cdc830e37::9ca7a3ab-1908-4500-a1aa-6eec2d350cb8,bf8d588c-8090-2720-1125-400cdc830e37,9ca7a3ab-1908-4500-a1aa-6eec2d350cb8,video,SR-NA_02_0998_002,25-11-2002,personsRaw,person,person,optimistisch,optimistisch,optimistisch,nas-persons-field,,1,Persconferentie President Ronald Venetiaan deel 2,optimistisch,true,high-precision
bf8d588c-8090-2720-1125-400cdc830e37::9ca7a3ab-1908-4500-a1aa-6eec2d350cb8,bf8d588c-8090-2720-1125-400cdc830e37,9ca7a3ab-1908-4500-a1aa-6eec2d350cb8,video,SR-NA_02_0998_002,25-11-2002,personsRaw,person,person,vrijheid,vrijheid,vrijheid,nas-persons-field,,1,Persconferentie President Ronald Venetiaan deel 2,vrijheid,true,high-precision
bf8d588c-8090-2720-1125-400cdc830e37::9ca7a3ab-1908-4500-a1aa-6eec2d350cb8,bf8d588c-8090-2720-1125-400cdc830e37,9ca7a3ab-1908-4500-a1aa-6eec2d350cb8,video,SR-NA_02_0998_002,25-11-2002,personsRaw,person,person,dictatuur,dictatuur,dictatuur,nas-persons-field,,1,Persconferentie President Ronald Venetiaan deel 2,dictatuur,true,high-precision
bf8d588c-8090-2720-1125-400cdc830e37::9ca7a3ab-1908-4500-a1aa-6eec2d350cb8,bf8d588c-8090-2720-1125-400cdc830e37,9ca7a3ab-1908-4500-a1aa-6eec2d350cb8,video,SR-NA_02_0998_002,25-11-2002,personsRaw,person,person,toast,toast,toast,nas-persons-field,,1,Persconferentie President Ronald Venetiaan deel 2,toast,true,high-precision
bf99d568-9e0c-7588-f63f-76b81e2e9857::260d68dc-cd87-2330-d337-9940d14ac82a,bf99d568-9e0c-7588-f63f-76b81e2e9857,260d68dc-cd87-2330-d337-9940d14ac82a,video,SR-NA_02_1315,Maart 2007,personsRaw,person,person,Chequita Bakker,chequita bakker,Chequita Bakker,nas-persons-field,,1,STVS Journaal van 20 maart 2007,Chequita Bakker,true,high-precision
bf99d568-9e0c-7588-f63f-76b81e2e9857::260d68dc-cd87-2330-d337-9940d14ac82a,bf99d568-9e0c-7588-f63f-76b81e2e9857,260d68dc-cd87-2330-d337-9940d14ac82a,video,SR-NA_02_1315,Maart 2007,personsRaw,person,person,R. Musahal,r musahal,R. Musahal,nas-persons-field,,1,STVS Journaal van 20 maart 2007,R. Musahal,true,high-precision
bf99d568-9e0c-7588-f63f-76b81e2e9857::260d68dc-cd87-2330-d337-9940d14ac82a,bf99d568-9e0c-7588-f63f-76b81e2e9857,260d68dc-cd87-2330-d337-9940d14ac82a,video,SR-NA_02_1315,Maart 2007,personsRaw,person,person,Abdoel Hoessein Mohammed,abdoel hoessein mohammed,Abdoel Hoessein Mohammed,nas-persons-field,,1,STVS Journaal van 20 maart 2007,Abdoel Hoessein Mohammed,true,high-precision
bf99d568-9e0c-7588-f63f-76b81e2e9857::260d68dc-cd87-2330-d337-9940d14ac82a,bf99d568-9e0c-7588-f63f-76b81e2e9857,260d68dc-cd87-2330-d337-9940d14ac82a,video,SR-NA_02_1315,Maart 2007,personsRaw,person,person,Kenneth Sukul,kenneth sukul,Kenneth Sukul,nas-persons-field,,1,STVS Journaal van 20 maart 2007,Kenneth Sukul,true,high-precision
bf99d568-9e0c-7588-f63f-76b81e2e9857::260d68dc-cd87-2330-d337-9940d14ac82a,bf99d568-9e0c-7588-f63f-76b81e2e9857,260d68dc-cd87-2330-d337-9940d14ac82a,video,SR-NA_02_1315,Maart 2007,personsRaw,person,person,John Slagveer,john slagveer,John Slagveer,nas-persons-field,,1,STVS Journaal van 20 maart 2007,John Slagveer,true,high-precision
bf99d568-9e0c-7588-f63f-76b81e2e9857::260d68dc-cd87-2330-d337-9940d14ac82a,bf99d568-9e0c-7588-f63f-76b81e2e9857,260d68dc-cd87-2330-d337-9940d14ac82a,video,SR-NA_02_1315,Maart 2007,personsRaw,person,person,Rubi Pocorni,rubi pocorni,Rubi Pocorni,nas-persons-field,,1,STVS Journaal van 20 maart 2007,Rubi Pocorni,true,high-precision
bffc6318-863c-5cf4-c4f0-3170c8bfa696::03eee130-5883-b233-81ae-02ff3ece490f,bffc6318-863c-5cf4-c4f0-3170c8bfa696,03eee130-5883-b233-81ae-02ff3ece490f,video,SR-NA_02_0484,Onbekend,title,place,river,Nickerie,nickerie,Nickerie,stm-gazetteer,stm-00261,1,Schoolbussen Bussen Nickerie staken,Schoolbussen Bussen Nickerie staken,true,high-precision
bffc6318-863c-5cf4-c4f0-3170c8bfa696::03eee130-5883-b233-81ae-02ff3ece490f,bffc6318-863c-5cf4-c4f0-3170c8bfa696,03eee130-5883-b233-81ae-02ff3ece490f,video,SR-NA_02_0484,Onbekend,description,place,river,Nickerie,nickerie,Nickerie,stm-gazetteer,stm-00261,1,Schoolbussen Bussen Nickerie staken,Leerlingen en scholieren in Nickerie worden gedupeerd doordat de schoolbussen nier rijden. Schterstallige betalingen liggen daaraan ten grondslag. Lydia Har,true,high-precision
c0a16b12-294c-78cf-7576-a03214276377::575cc49f-c775-5098-c4cc-225d8eb52d38,c0a16b12-294c-78cf-7576-a03214276377,575cc49f-c775-5098-c4cc-225d8eb52d38,video,SR-NA_02_0002,Onbekend,personsRaw,person,person,Marica,marica,Marica,nas-persons-field,,1,"Interview met minister Clifford Marica van Arbeid, Technologische Ontwikkeling en Milieu (ATM)",Marica,true,high-precision
c0a16b12-294c-78cf-7576-a03214276377::575cc49f-c775-5098-c4cc-225d8eb52d38,c0a16b12-294c-78cf-7576-a03214276377,575cc49f-c775-5098-c4cc-225d8eb52d38,video,SR-NA_02_0002,Onbekend,personsRaw,person,person,goudwinning,goudwinning,goudwinning,nas-persons-field,,1,"Interview met minister Clifford Marica van Arbeid, Technologische Ontwikkeling en Milieu (ATM)",goudwinning,true,high-precision
c0a16b12-294c-78cf-7576-a03214276377::575cc49f-c775-5098-c4cc-225d8eb52d38,c0a16b12-294c-78cf-7576-a03214276377,575cc49f-c775-5098-c4cc-225d8eb52d38,video,SR-NA_02_0002,Onbekend,personsRaw,person,person,Natuurlijke Hulpbronnen,natuurlijke hulpbronnen,Natuurlijke Hulpbronnen,nas-persons-field,,1,"Interview met minister Clifford Marica van Arbeid, Technologische Ontwikkeling en Milieu (ATM)",Natuurlijke Hulpbronnen,true,high-precision
c1128888-0aee-256e-3c76-7a6ab3c0db5b::07585ae1-f5b9-aefb-59b5-b06dbad30d15,c1128888-0aee-256e-3c76-7a6ab3c0db5b,07585ae1-f5b9-aefb-59b5-b06dbad30d15,video,SR-NA_02_1317,,personsRaw,person,person,John Touwslager,john touwslager,John Touwslager,nas-persons-field,,1,Optreden Papa Touwtjie,John Touwslager,true,high-precision
c1128888-0aee-256e-3c76-7a6ab3c0db5b::07585ae1-f5b9-aefb-59b5-b06dbad30d15,c1128888-0aee-256e-3c76-7a6ab3c0db5b,07585ae1-f5b9-aefb-59b5-b06dbad30d15,video,SR-NA_02_1317,,personsRaw,person,person,Papa Touwtjie,papa touwtjie,Papa Touwtjie,nas-persons-field,,1,Optreden Papa Touwtjie,Papa Touwtjie,true,high-precision
c17db76a-77c1-33d9-cf60-7920a0cb8d92::32d2b660-6f71-5000-9411-805f499d9b8c,c17db76a-77c1-33d9-cf60-7920a0cb8d92,32d2b660-6f71-5000-9411-805f499d9b8c,video,SR-NA_02_1057,Onbekend,personsRaw,person,person,Luchtopnamen,luchtopnamen,Luchtopnamen,nas-persons-field,,1,Nederlandse ontwikkelingshulp nader bekeken,Luchtopnamen,true,high-precision
c17db76a-77c1-33d9-cf60-7920a0cb8d92::32d2b660-6f71-5000-9411-805f499d9b8c,c17db76a-77c1-33d9-cf60-7920a0cb8d92,32d2b660-6f71-5000-9411-805f499d9b8c,video,SR-NA_02_1057,Onbekend,personsRaw,person,person,oerwouden,oerwouden,oerwouden,nas-persons-field,,1,Nederlandse ontwikkelingshulp nader bekeken,oerwouden,true,high-precision
c17db76a-77c1-33d9-cf60-7920a0cb8d92::32d2b660-6f71-5000-9411-805f499d9b8c,c17db76a-77c1-33d9-cf60-7920a0cb8d92,32d2b660-6f71-5000-9411-805f499d9b8c,video,SR-NA_02_1057,Onbekend,personsRaw,person,person,ontwikkelingssamenwerking,ontwikkelingssamenwerking,ontwikkelingssamenwerking,nas-persons-field,,1,Nederlandse ontwikkelingshulp nader bekeken,ontwikkelingssamenwerking,true,high-precision
c17db76a-77c1-33d9-cf60-7920a0cb8d92::32d2b660-6f71-5000-9411-805f499d9b8c,c17db76a-77c1-33d9-cf60-7920a0cb8d92,32d2b660-6f71-5000-9411-805f499d9b8c,video,SR-NA_02_1057,Onbekend,personsRaw,person,person,savannen,savannen,savannen,nas-persons-field,,1,Nederlandse ontwikkelingshulp nader bekeken,savannen,true,high-precision
c17db76a-77c1-33d9-cf60-7920a0cb8d92::32d2b660-6f71-5000-9411-805f499d9b8c,c17db76a-77c1-33d9-cf60-7920a0cb8d92,32d2b660-6f71-5000-9411-805f499d9b8c,video,SR-NA_02_1057,Onbekend,personsRaw,person,person,scheepsbouw,scheepsbouw,scheepsbouw,nas-persons-field,,1,Nederlandse ontwikkelingshulp nader bekeken,scheepsbouw,true,high-precision
c17db76a-77c1-33d9-cf60-7920a0cb8d92::32d2b660-6f71-5000-9411-805f499d9b8c,c17db76a-77c1-33d9-cf60-7920a0cb8d92,32d2b660-6f71-5000-9411-805f499d9b8c,video,SR-NA_02_1057,Onbekend,personsRaw,person,person,Suriname,suriname,Suriname,nas-persons-field,,1,Nederlandse ontwikkelingshulp nader bekeken,Suriname,true,high-precision
c17db76a-77c1-33d9-cf60-7920a0cb8d92::32d2b660-6f71-5000-9411-805f499d9b8c,c17db76a-77c1-33d9-cf60-7920a0cb8d92,32d2b660-6f71-5000-9411-805f499d9b8c,video,SR-NA_02_1057,Onbekend,personsRaw,person,person,J. de Koning,j de koning,J. de Koning,nas-persons-field,,1,Nederlandse ontwikkelingshulp nader bekeken,J. de Koning,true,high-precision
c282f6d8-b613-6c5c-3bb6-531ecc8d3e6a::efc43714-1c24-bea2-c9a9-29f663e87887,c282f6d8-b613-6c5c-3bb6-531ecc8d3e6a,efc43714-1c24-bea2-c9a9-29f663e87887,video,SR-NA_02_1044,Onbekend,description,place,plantation,Industrie,industrie,Industrie,stm-gazetteer,stm-00858,1,Prijscontrole en vervaldatum van producten,erteld over operatie Havik van het ministerie van Handel en Industrie waarbij verschillende winkels worden gecontroleerd op de prijzen en houdbaarheid van producten.,true,high-precision
c5547ab3-ac35-6a45-0eeb-da3a7666e736::b4cc6270-dfd6-8555-c501-0a09ea4ec6f1,c5547ab3-ac35-6a45-0eeb-da3a7666e736,b4cc6270-dfd6-8555-c501-0a09ea4ec6f1,video,SR-NA_02_0999,2003,personsRaw,person,person,Radjkoemar Randjietsingh,radjkoemar randjietsingh,Radjkoemar Randjietsingh,nas-persons-field,,1,Interview volkshuisvesting over huursubsidie,Radjkoemar Randjietsingh,true,high-precision
c5547ab3-ac35-6a45-0eeb-da3a7666e736::b4cc6270-dfd6-8555-c501-0a09ea4ec6f1,c5547ab3-ac35-6a45-0eeb-da3a7666e736,b4cc6270-dfd6-8555-c501-0a09ea4ec6f1,video,SR-NA_02_0999,2003,personsRaw,person,person,Jeniffer geerlings-Simons,jeniffer geerlings-simons,Jeniffer geerlings-Simons,nas-persons-field,,1,Interview volkshuisvesting over huursubsidie,Jeniffer geerlings-Simons,true,high-precision
c5547ab3-ac35-6a45-0eeb-da3a7666e736::b4cc6270-dfd6-8555-c501-0a09ea4ec6f1,c5547ab3-ac35-6a45-0eeb-da3a7666e736,b4cc6270-dfd6-8555-c501-0a09ea4ec6f1,video,SR-NA_02_0999,2003,personsRaw,person,person,DNA-voorzitter Ram Sardjoe,dna-voorzitter ram sardjoe,DNA-voorzitter Ram Sardjoe,nas-persons-field,,1,Interview volkshuisvesting over huursubsidie,DNA-voorzitter Ram Sardjoe,true,high-precision
c5547ab3-ac35-6a45-0eeb-da3a7666e736::b4cc6270-dfd6-8555-c501-0a09ea4ec6f1,c5547ab3-ac35-6a45-0eeb-da3a7666e736,b4cc6270-dfd6-8555-c501-0a09ea4ec6f1,video,SR-NA_02_0999,2003,personsRaw,person,person,Otmar Rodgers,otmar rodgers,Otmar Rodgers,nas-persons-field,,1,Interview volkshuisvesting over huursubsidie,Otmar Rodgers,true,high-precision
c5d4f824-114a-3801-ef32-e307d810c525::2882cde9-9058-8415-33d0-eb7f0cc03ea2,c5d4f824-114a-3801-ef32-e307d810c525,2882cde9-9058-8415-33d0-eb7f0cc03ea2,video,SR-NA_02_0483,Onbekend,title,place,river,Nickerie,nickerie,Nickerie,stm-gazetteer,stm-00261,1,Crashprogramma Nickerie,Crashprogramma Nickerie,true,high-precision
c5d4f824-114a-3801-ef32-e307d810c525::2882cde9-9058-8415-33d0-eb7f0cc03ea2,c5d4f824-114a-3801-ef32-e307d810c525,2882cde9-9058-8415-33d0-eb7f0cc03ea2,video,SR-NA_02_0483,Onbekend,description,place,river,Nickerie,nickerie,Nickerie,stm-gazetteer,stm-00261,1,Crashprogramma Nickerie,"Onderhoud en Rehabilitatie van wegen in Nickerie, als onderdeel van het Crashprogramma om de infrastructuur aan te pakken.",true,high-precision
c5e8bab9-7eab-a3ec-2a58-dd2cf72b2907::3fdc06ab-5511-711d-8427-f0a70fe6d640,c5e8bab9-7eab-a3ec-2a58-dd2cf72b2907,3fdc06ab-5511-711d-8427-f0a70fe6d640,video,SR-NA_02_0861,3 mei 1988,personsRaw,person,person,Erik Refos,erik refos,Erik Refos,nas-persons-field,,1,Vergadering over organisatie Suripop-5,Erik Refos,true,high-precision
c5e8bab9-7eab-a3ec-2a58-dd2cf72b2907::3fdc06ab-5511-711d-8427-f0a70fe6d640,c5e8bab9-7eab-a3ec-2a58-dd2cf72b2907,3fdc06ab-5511-711d-8427-f0a70fe6d640,video,SR-NA_02_0861,3 mei 1988,personsRaw,person,person,Harold Gessel,harold gessel,Harold Gessel,nas-persons-field,,1,Vergadering over organisatie Suripop-5,Harold Gessel,true,high-precision
c5e8bab9-7eab-a3ec-2a58-dd2cf72b2907::3fdc06ab-5511-711d-8427-f0a70fe6d640,c5e8bab9-7eab-a3ec-2a58-dd2cf72b2907,3fdc06ab-5511-711d-8427-f0a70fe6d640,video,SR-NA_02_0861,3 mei 1988,personsRaw,person,person,Hugo Landolf,hugo landolf,Hugo Landolf,nas-persons-field,,1,Vergadering over organisatie Suripop-5,Hugo Landolf,true,high-precision
c5e8bab9-7eab-a3ec-2a58-dd2cf72b2907::3fdc06ab-5511-711d-8427-f0a70fe6d640,c5e8bab9-7eab-a3ec-2a58-dd2cf72b2907,3fdc06ab-5511-711d-8427-f0a70fe6d640,video,SR-NA_02_0861,3 mei 1988,personsRaw,person,person,Vincenzo Hooplot,vincenzo hooplot,Vincenzo Hooplot,nas-persons-field,,1,Vergadering over organisatie Suripop-5,Vincenzo Hooplot,true,high-precision
c5e8bab9-7eab-a3ec-2a58-dd2cf72b2907::3fdc06ab-5511-711d-8427-f0a70fe6d640,c5e8bab9-7eab-a3ec-2a58-dd2cf72b2907,3fdc06ab-5511-711d-8427-f0a70fe6d640,video,SR-NA_02_0861,3 mei 1988,personsRaw,person,person,Albert Bergen,albert bergen,Albert Bergen,nas-persons-field,,1,Vergadering over organisatie Suripop-5,Albert Bergen,true,high-precision
c5e8bab9-7eab-a3ec-2a58-dd2cf72b2907::3fdc06ab-5511-711d-8427-f0a70fe6d640,c5e8bab9-7eab-a3ec-2a58-dd2cf72b2907,3fdc06ab-5511-711d-8427-f0a70fe6d640,video,SR-NA_02_0861,3 mei 1988,personsRaw,person,person,Ruth Koenders,ruth koenders,Ruth Koenders,nas-persons-field,,1,Vergadering over organisatie Suripop-5,Ruth Koenders,true,high-precision
c5e8bab9-7eab-a3ec-2a58-dd2cf72b2907::3fdc06ab-5511-711d-8427-f0a70fe6d640,c5e8bab9-7eab-a3ec-2a58-dd2cf72b2907,3fdc06ab-5511-711d-8427-f0a70fe6d640,video,SR-NA_02_0861,3 mei 1988,personsRaw,person,person,Raymond Amatoemar,raymond amatoemar,Raymond Amatoemar,nas-persons-field,,1,Vergadering over organisatie Suripop-5,Raymond Amatoemar,true,high-precision
c5e8bab9-7eab-a3ec-2a58-dd2cf72b2907::3fdc06ab-5511-711d-8427-f0a70fe6d640,c5e8bab9-7eab-a3ec-2a58-dd2cf72b2907,3fdc06ab-5511-711d-8427-f0a70fe6d640,video,SR-NA_02_0861,3 mei 1988,personsRaw,person,person,Johan Herbert,johan herbert,Johan Herbert,nas-persons-field,,1,Vergadering over organisatie Suripop-5,Johan Herbert,true,high-precision
c66cce8c-2e28-c14d-068a-89200b3b4aa2::88fc234e-eb7c-9565-3539-eb096457914a,c66cce8c-2e28-c14d-068a-89200b3b4aa2,88fc234e-eb7c-9565-3539-eb096457914a,video,SR-NA_02_1075_001,Onbekend,personsRaw,person,person,Hugo Blanker,hugo blanker,Hugo Blanker,nas-persons-field,,1,vocational Lenin school 21 en 23 gelinked,Hugo Blanker,true,high-precision
c76b53bb-70c2-48a8-bc04-6e66bd1019a2::5cc925f5-2325-977b-299d-77bb15e191ae,c76b53bb-70c2-48a8-bc04-6e66bd1019a2,5cc925f5-2325-977b-299d-77bb15e191ae,image,SR-NA_01_0022,Juni 1970,description,place,street,Wagenwegstraat,wagenwegstraat,Wagenwegstraat,paramaribo-street-standardization,,1,Gebouw Arbeid en volkshuisvesting,Nieuw gebouw Arbeid en volkshuisvesting aan de Wagenwegstraat,true,high-precision
c7d92f83-34e3-0731-b6c0-7c8b2115350d::7c9d7cf3-a91e-92a0-afd9-c06a075de7bc,c7d92f83-34e3-0731-b6c0-7c8b2115350d,7c9d7cf3-a91e-92a0-afd9-c06a075de7bc,video,SR-NA_02_1349,Onbekend,personsRaw,person,person,Carl Breeveld,carl breeveld,Carl Breeveld,nas-persons-field,,1,Carl Breeveld bespreekt de rol van DOE bij de verkiezingen,Carl Breeveld,true,high-precision
c800be7b-8890-83d2-1362-4b74f11aeeb5::bda23062-2318-79ba-6c64-d39a35c6e00c,c800be7b-8890-83d2-1362-4b74f11aeeb5,bda23062-2318-79ba-6c64-d39a35c6e00c,video,SR-NA_02_0996,25-11-2002,description,place,district,District Coronie,district coronie,District Coronie,stm-gazetteer,stm-00001,1,Contract bouw Coronie dam,rijf belast met het technisch gedeelte) en bewoners van het district Coronie. Er werd tijdens de vergadering aangegeven dat door de bouw van de dam de mogelijkheid zal bestaan om een areaal van om,true,high-precision
c800be7b-8890-83d2-1362-4b74f11aeeb5::bda23062-2318-79ba-6c64-d39a35c6e00c,c800be7b-8890-83d2-1362-4b74f11aeeb5,bda23062-2318-79ba-6c64-d39a35c6e00c,video,SR-NA_02_0996,25-11-2002,personsRaw,person,person,Sabitrie Gangapersad,sabitrie gangapersad,Sabitrie Gangapersad,nas-persons-field,,1,Contract bouw Coronie dam,Sabitrie Gangapersad,true,high-precision
c8599258-f101-264b-3bd1-cf0df6e683ad::676b2ecc-35fc-5b86-32dd-e762b5c7df48,c8599258-f101-264b-3bd1-cf0df6e683ad,676b2ecc-35fc-5b86-32dd-e762b5c7df48,image,SR-NA_03_0007_048,1983,description,place,river,Para,para,Para,stm-gazetteer,stm-00290,1,"Suralco magazine, 1983 vol. 15 nr. 1","mbiaans Suriname, geschreven door Drs. A. H. Versteeg. -Het Para-distrikt/District Para, werd samengesteld door de redaktie met gegevens van P. Schoonheym. -De Paranam-Afobaka weg. -On",true,high-precision
c93014d9-d508-737e-b7b6-493fde082da4::6a8e7cac-2e5d-1386-8de5-3a4069f5c65f,c93014d9-d508-737e-b7b6-493fde082da4,6a8e7cac-2e5d-1386-8de5-3a4069f5c65f,image,SR-NA_01_0931_002,2015,personsRaw,person,person,Henk Herrenberg,henk herrenberg,Henk Herrenberg,nas-persons-field,,1,Decoratie-deel2 viering 40 jaar Srefidensi 2015,Henk Herrenberg,true,high-precision
c93014d9-d508-737e-b7b6-493fde082da4::6a8e7cac-2e5d-1386-8de5-3a4069f5c65f,c93014d9-d508-737e-b7b6-493fde082da4,6a8e7cac-2e5d-1386-8de5-3a4069f5c65f,image,SR-NA_01_0931_002,2015,personsRaw,person,person,Desi Bouterse,desi bouterse,Desi Bouterse,nas-persons-field,,1,Decoratie-deel2 viering 40 jaar Srefidensi 2015,Desi Bouterse,true,high-precision
c93014d9-d508-737e-b7b6-493fde082da4::6a8e7cac-2e5d-1386-8de5-3a4069f5c65f,c93014d9-d508-737e-b7b6-493fde082da4,6a8e7cac-2e5d-1386-8de5-3a4069f5c65f,image,SR-NA_01_0931_002,2015,personsRaw,person,person,Ingrid Bouterse-Waldring,ingrid bouterse-waldring,Ingrid Bouterse-Waldring,nas-persons-field,,1,Decoratie-deel2 viering 40 jaar Srefidensi 2015,Ingrid Bouterse-Waldring,true,high-precision
c93014d9-d508-737e-b7b6-493fde082da4::6a8e7cac-2e5d-1386-8de5-3a4069f5c65f,c93014d9-d508-737e-b7b6-493fde082da4,6a8e7cac-2e5d-1386-8de5-3a4069f5c65f,image,SR-NA_01_0931_002,2015,personsRaw,person,person,Steven Rodriguez,steven rodriguez,Steven Rodriguez,nas-persons-field,,1,Decoratie-deel2 viering 40 jaar Srefidensi 2015,Steven Rodriguez,true,high-precision
c93014d9-d508-737e-b7b6-493fde082da4::6a8e7cac-2e5d-1386-8de5-3a4069f5c65f,c93014d9-d508-737e-b7b6-493fde082da4,6a8e7cac-2e5d-1386-8de5-3a4069f5c65f,image,SR-NA_01_0931_002,2015,personsRaw,person,person,Steven Relyveld,steven relyveld,Steven Relyveld,nas-persons-field,,1,Decoratie-deel2 viering 40 jaar Srefidensi 2015,Steven Relyveld,true,high-precision
c93014d9-d508-737e-b7b6-493fde082da4::6a8e7cac-2e5d-1386-8de5-3a4069f5c65f,c93014d9-d508-737e-b7b6-493fde082da4,6a8e7cac-2e5d-1386-8de5-3a4069f5c65f,image,SR-NA_01_0931_002,2015,personsRaw,person,person,Ernie Wolff,ernie wolff,Ernie Wolff,nas-persons-field,,1,Decoratie-deel2 viering 40 jaar Srefidensi 2015,Ernie Wolff,true,high-precision
c93014d9-d508-737e-b7b6-493fde082da4::6a8e7cac-2e5d-1386-8de5-3a4069f5c65f,c93014d9-d508-737e-b7b6-493fde082da4,6a8e7cac-2e5d-1386-8de5-3a4069f5c65f,image,SR-NA_01_0931_002,2015,personsRaw,person,person,Ramon Keizer,ramon keizer,Ramon Keizer,nas-persons-field,,1,Decoratie-deel2 viering 40 jaar Srefidensi 2015,Ramon Keizer,true,high-precision
c93014d9-d508-737e-b7b6-493fde082da4::6a8e7cac-2e5d-1386-8de5-3a4069f5c65f,c93014d9-d508-737e-b7b6-493fde082da4,6a8e7cac-2e5d-1386-8de5-3a4069f5c65f,image,SR-NA_01_0931_002,2015,personsRaw,person,person,Sieglien Burleson,sieglien burleson,Sieglien Burleson,nas-persons-field,,1,Decoratie-deel2 viering 40 jaar Srefidensi 2015,Sieglien Burleson,true,high-precision
c93014d9-d508-737e-b7b6-493fde082da4::6a8e7cac-2e5d-1386-8de5-3a4069f5c65f,c93014d9-d508-737e-b7b6-493fde082da4,6a8e7cac-2e5d-1386-8de5-3a4069f5c65f,image,SR-NA_01_0931_002,2015,personsRaw,person,person,Faizel Abdoelgafoer,faizel abdoelgafoer,Faizel Abdoelgafoer,nas-persons-field,,1,Decoratie-deel2 viering 40 jaar Srefidensi 2015,Faizel Abdoelgafoer,true,high-precision
c93014d9-d508-737e-b7b6-493fde082da4::6a8e7cac-2e5d-1386-8de5-3a4069f5c65f,c93014d9-d508-737e-b7b6-493fde082da4,6a8e7cac-2e5d-1386-8de5-3a4069f5c65f,image,SR-NA_01_0931_002,2015,personsRaw,person,person,Edgar Dikan,edgar dikan,Edgar Dikan,nas-persons-field,,1,Decoratie-deel2 viering 40 jaar Srefidensi 2015,Edgar Dikan,true,high-precision
c93014d9-d508-737e-b7b6-493fde082da4::6a8e7cac-2e5d-1386-8de5-3a4069f5c65f,c93014d9-d508-737e-b7b6-493fde082da4,6a8e7cac-2e5d-1386-8de5-3a4069f5c65f,image,SR-NA_01_0931_002,2015,personsRaw,person,person,Songpo Alalaparu,songpo alalaparu,Songpo Alalaparu,nas-persons-field,,1,Decoratie-deel2 viering 40 jaar Srefidensi 2015,Songpo Alalaparu,true,high-precision
c93014d9-d508-737e-b7b6-493fde082da4::6a8e7cac-2e5d-1386-8de5-3a4069f5c65f,c93014d9-d508-737e-b7b6-493fde082da4,6a8e7cac-2e5d-1386-8de5-3a4069f5c65f,image,SR-NA_01_0931_002,2015,personsRaw,person,person,Marvin Moesan,marvin moesan,Marvin Moesan,nas-persons-field,,1,Decoratie-deel2 viering 40 jaar Srefidensi 2015,Marvin Moesan,true,high-precision
c93014d9-d508-737e-b7b6-493fde082da4::6a8e7cac-2e5d-1386-8de5-3a4069f5c65f,c93014d9-d508-737e-b7b6-493fde082da4,6a8e7cac-2e5d-1386-8de5-3a4069f5c65f,image,SR-NA_01_0931_002,2015,personsRaw,person,person,Cliff Limburg,cliff limburg,Cliff Limburg,nas-persons-field,,1,Decoratie-deel2 viering 40 jaar Srefidensi 2015,Cliff Limburg,true,high-precision
c93014d9-d508-737e-b7b6-493fde082da4::6a8e7cac-2e5d-1386-8de5-3a4069f5c65f,c93014d9-d508-737e-b7b6-493fde082da4,6a8e7cac-2e5d-1386-8de5-3a4069f5c65f,image,SR-NA_01_0931_002,2015,personsRaw,person,person,Irvin Goedhart,irvin goedhart,Irvin Goedhart,nas-persons-field,,1,Decoratie-deel2 viering 40 jaar Srefidensi 2015,Irvin Goedhart,true,high-precision
c93014d9-d508-737e-b7b6-493fde082da4::6a8e7cac-2e5d-1386-8de5-3a4069f5c65f,c93014d9-d508-737e-b7b6-493fde082da4,6a8e7cac-2e5d-1386-8de5-3a4069f5c65f,image,SR-NA_01_0931_002,2015,personsRaw,person,person,Fred van Russel,fred van russel,Fred van Russel,nas-persons-field,,1,Decoratie-deel2 viering 40 jaar Srefidensi 2015,Fred van Russel,true,high-precision
c93014d9-d508-737e-b7b6-493fde082da4::6a8e7cac-2e5d-1386-8de5-3a4069f5c65f,c93014d9-d508-737e-b7b6-493fde082da4,6a8e7cac-2e5d-1386-8de5-3a4069f5c65f,image,SR-NA_01_0931_002,2015,personsRaw,person,person,Ferdinand Welzijn,ferdinand welzijn,Ferdinand Welzijn,nas-persons-field,,1,Decoratie-deel2 viering 40 jaar Srefidensi 2015,Ferdinand Welzijn,true,high-precision
c93014d9-d508-737e-b7b6-493fde082da4::6a8e7cac-2e5d-1386-8de5-3a4069f5c65f,c93014d9-d508-737e-b7b6-493fde082da4,6a8e7cac-2e5d-1386-8de5-3a4069f5c65f,image,SR-NA_01_0931_002,2015,personsRaw,person,person,Robby Parabirsingh,robby parabirsingh,Robby Parabirsingh,nas-persons-field,,1,Decoratie-deel2 viering 40 jaar Srefidensi 2015,Robby Parabirsingh,true,high-precision
c93014d9-d508-737e-b7b6-493fde082da4::6a8e7cac-2e5d-1386-8de5-3a4069f5c65f,c93014d9-d508-737e-b7b6-493fde082da4,6a8e7cac-2e5d-1386-8de5-3a4069f5c65f,image,SR-NA_01_0931_002,2015,personsRaw,person,person,Ronny Benschop,ronny benschop,Ronny Benschop,nas-persons-field,,1,Decoratie-deel2 viering 40 jaar Srefidensi 2015,Ronny Benschop,true,high-precision
c93014d9-d508-737e-b7b6-493fde082da4::6a8e7cac-2e5d-1386-8de5-3a4069f5c65f,c93014d9-d508-737e-b7b6-493fde082da4,6a8e7cac-2e5d-1386-8de5-3a4069f5c65f,image,SR-NA_01_0931_002,2015,personsRaw,person,person,Frederica Morpurgo,frederica morpurgo,Frederica Morpurgo,nas-persons-field,,1,Decoratie-deel2 viering 40 jaar Srefidensi 2015,Frederica Morpurgo,true,high-precision
c93014d9-d508-737e-b7b6-493fde082da4::6a8e7cac-2e5d-1386-8de5-3a4069f5c65f,c93014d9-d508-737e-b7b6-493fde082da4,6a8e7cac-2e5d-1386-8de5-3a4069f5c65f,image,SR-NA_01_0931_002,2015,personsRaw,person,person,Jennifer Van Dijk-Silos,jennifer van dijk-silos,Jennifer Van Dijk-Silos,nas-persons-field,,1,Decoratie-deel2 viering 40 jaar Srefidensi 2015,Jennifer Van Dijk-Silos,true,high-precision
c93014d9-d508-737e-b7b6-493fde082da4::6a8e7cac-2e5d-1386-8de5-3a4069f5c65f,c93014d9-d508-737e-b7b6-493fde082da4,6a8e7cac-2e5d-1386-8de5-3a4069f5c65f,image,SR-NA_01_0931_002,2015,personsRaw,person,person,Soebhas Punwasi,soebhas punwasi,Soebhas Punwasi,nas-persons-field,,1,Decoratie-deel2 viering 40 jaar Srefidensi 2015,Soebhas Punwasi,true,high-precision
c93014d9-d508-737e-b7b6-493fde082da4::6a8e7cac-2e5d-1386-8de5-3a4069f5c65f,c93014d9-d508-737e-b7b6-493fde082da4,6a8e7cac-2e5d-1386-8de5-3a4069f5c65f,image,SR-NA_01_0931_002,2015,personsRaw,person,person,Ingrid Braam,ingrid braam,Ingrid Braam,nas-persons-field,,1,Decoratie-deel2 viering 40 jaar Srefidensi 2015,Ingrid Braam,true,high-precision
c93014d9-d508-737e-b7b6-493fde082da4::6a8e7cac-2e5d-1386-8de5-3a4069f5c65f,c93014d9-d508-737e-b7b6-493fde082da4,6a8e7cac-2e5d-1386-8de5-3a4069f5c65f,image,SR-NA_01_0931_002,2015,personsRaw,person,person,Diego Ooiberg,diego ooiberg,Diego Ooiberg,nas-persons-field,,1,Decoratie-deel2 viering 40 jaar Srefidensi 2015,Diego Ooiberg,true,high-precision
c93014d9-d508-737e-b7b6-493fde082da4::6a8e7cac-2e5d-1386-8de5-3a4069f5c65f,c93014d9-d508-737e-b7b6-493fde082da4,6a8e7cac-2e5d-1386-8de5-3a4069f5c65f,image,SR-NA_01_0931_002,2015,personsRaw,person,person,Chantal Tangali,chantal tangali,Chantal Tangali,nas-persons-field,,1,Decoratie-deel2 viering 40 jaar Srefidensi 2015,Chantal Tangali,true,high-precision
c93014d9-d508-737e-b7b6-493fde082da4::6a8e7cac-2e5d-1386-8de5-3a4069f5c65f,c93014d9-d508-737e-b7b6-493fde082da4,6a8e7cac-2e5d-1386-8de5-3a4069f5c65f,image,SR-NA_01_0931_002,2015,personsRaw,person,person,Lakshminarain Doebay,lakshminarain doebay,Lakshminarain Doebay,nas-persons-field,,1,Decoratie-deel2 viering 40 jaar Srefidensi 2015,Lakshminarain Doebay,true,high-precision
c93014d9-d508-737e-b7b6-493fde082da4::6a8e7cac-2e5d-1386-8de5-3a4069f5c65f,c93014d9-d508-737e-b7b6-493fde082da4,6a8e7cac-2e5d-1386-8de5-3a4069f5c65f,image,SR-NA_01_0931_002,2015,personsRaw,person,person,Siegfried Wolff,siegfried wolff,Siegfried Wolff,nas-persons-field,,1,Decoratie-deel2 viering 40 jaar Srefidensi 2015,Siegfried Wolff,true,high-precision
c93014d9-d508-737e-b7b6-493fde082da4::6a8e7cac-2e5d-1386-8de5-3a4069f5c65f,c93014d9-d508-737e-b7b6-493fde082da4,6a8e7cac-2e5d-1386-8de5-3a4069f5c65f,image,SR-NA_01_0931_002,2015,personsRaw,person,person,Clairy Linger,clairy linger,Clairy Linger,nas-persons-field,,1,Decoratie-deel2 viering 40 jaar Srefidensi 2015,Clairy Linger,true,high-precision
c93014d9-d508-737e-b7b6-493fde082da4::6a8e7cac-2e5d-1386-8de5-3a4069f5c65f,c93014d9-d508-737e-b7b6-493fde082da4,6a8e7cac-2e5d-1386-8de5-3a4069f5c65f,image,SR-NA_01_0931_002,2015,personsRaw,person,person,Ellen Naarendorp,ellen naarendorp,Ellen Naarendorp,nas-persons-field,,1,Decoratie-deel2 viering 40 jaar Srefidensi 2015,Ellen Naarendorp,true,high-precision
c93014d9-d508-737e-b7b6-493fde082da4::6a8e7cac-2e5d-1386-8de5-3a4069f5c65f,c93014d9-d508-737e-b7b6-493fde082da4,6a8e7cac-2e5d-1386-8de5-3a4069f5c65f,image,SR-NA_01_0931_002,2015,personsRaw,person,person,Regillio Dodson,regillio dodson,Regillio Dodson,nas-persons-field,,1,Decoratie-deel2 viering 40 jaar Srefidensi 2015,Regillio Dodson,true,high-precision
c93014d9-d508-737e-b7b6-493fde082da4::6a8e7cac-2e5d-1386-8de5-3a4069f5c65f,c93014d9-d508-737e-b7b6-493fde082da4,6a8e7cac-2e5d-1386-8de5-3a4069f5c65f,image,SR-NA_01_0931_002,2015,personsRaw,person,person,Mike Noersalim,mike noersalim,Mike Noersalim,nas-persons-field,,1,Decoratie-deel2 viering 40 jaar Srefidensi 2015,Mike Noersalim,true,high-precision
c93014d9-d508-737e-b7b6-493fde082da4::6a8e7cac-2e5d-1386-8de5-3a4069f5c65f,c93014d9-d508-737e-b7b6-493fde082da4,6a8e7cac-2e5d-1386-8de5-3a4069f5c65f,image,SR-NA_01_0931_002,2015,personsRaw,person,person,Magali Biervliet,magali biervliet,Magali Biervliet,nas-persons-field,,1,Decoratie-deel2 viering 40 jaar Srefidensi 2015,Magali Biervliet,true,high-precision
c93014d9-d508-737e-b7b6-493fde082da4::6a8e7cac-2e5d-1386-8de5-3a4069f5c65f,c93014d9-d508-737e-b7b6-493fde082da4,6a8e7cac-2e5d-1386-8de5-3a4069f5c65f,image,SR-NA_01_0931_002,2015,personsRaw,person,person,Soewarto Moestadja,soewarto moestadja,Soewarto Moestadja,nas-persons-field,,1,Decoratie-deel2 viering 40 jaar Srefidensi 2015,Soewarto Moestadja,true,high-precision
c93014d9-d508-737e-b7b6-493fde082da4::6a8e7cac-2e5d-1386-8de5-3a4069f5c65f,c93014d9-d508-737e-b7b6-493fde082da4,6a8e7cac-2e5d-1386-8de5-3a4069f5c65f,image,SR-NA_01_0931_002,2015,personsRaw,person,person,Soeresh Algoe,soeresh algoe,Soeresh Algoe,nas-persons-field,,1,Decoratie-deel2 viering 40 jaar Srefidensi 2015,Soeresh Algoe,true,high-precision
c93014d9-d508-737e-b7b6-493fde082da4::6a8e7cac-2e5d-1386-8de5-3a4069f5c65f,c93014d9-d508-737e-b7b6-493fde082da4,6a8e7cac-2e5d-1386-8de5-3a4069f5c65f,image,SR-NA_01_0931_002,2015,personsRaw,person,person,Patrick Pengel,patrick pengel,Patrick Pengel,nas-persons-field,,1,Decoratie-deel2 viering 40 jaar Srefidensi 2015,Patrick Pengel,true,high-precision
c93014d9-d508-737e-b7b6-493fde082da4::6a8e7cac-2e5d-1386-8de5-3a4069f5c65f,c93014d9-d508-737e-b7b6-493fde082da4,6a8e7cac-2e5d-1386-8de5-3a4069f5c65f,image,SR-NA_01_0931_002,2015,personsRaw,person,person,Rose-ann Franklin,rose-ann franklin,Rose-ann Franklin,nas-persons-field,,1,Decoratie-deel2 viering 40 jaar Srefidensi 2015,Rose-ann Franklin,true,high-precision
c93014d9-d508-737e-b7b6-493fde082da4::6a8e7cac-2e5d-1386-8de5-3a4069f5c65f,c93014d9-d508-737e-b7b6-493fde082da4,6a8e7cac-2e5d-1386-8de5-3a4069f5c65f,image,SR-NA_01_0931_002,2015,personsRaw,person,person,Gardelito Hew A Kee,gardelito hew a kee,Gardelito Hew A Kee,nas-persons-field,,1,Decoratie-deel2 viering 40 jaar Srefidensi 2015,Gardelito Hew A Kee,true,high-precision
c93014d9-d508-737e-b7b6-493fde082da4::6a8e7cac-2e5d-1386-8de5-3a4069f5c65f,c93014d9-d508-737e-b7b6-493fde082da4,6a8e7cac-2e5d-1386-8de5-3a4069f5c65f,image,SR-NA_01_0931_002,2015,personsRaw,person,person,Ashwin Adhin,ashwin adhin,Ashwin Adhin,nas-persons-field,,1,Decoratie-deel2 viering 40 jaar Srefidensi 2015,Ashwin Adhin,true,high-precision
c93014d9-d508-737e-b7b6-493fde082da4::6a8e7cac-2e5d-1386-8de5-3a4069f5c65f,c93014d9-d508-737e-b7b6-493fde082da4,6a8e7cac-2e5d-1386-8de5-3a4069f5c65f,image,SR-NA_01_0931_002,2015,personsRaw,person,person,Walter Muringen,walter muringen,Walter Muringen,nas-persons-field,,1,Decoratie-deel2 viering 40 jaar Srefidensi 2015,Walter Muringen,true,high-precision
c93014d9-d508-737e-b7b6-493fde082da4::6a8e7cac-2e5d-1386-8de5-3a4069f5c65f,c93014d9-d508-737e-b7b6-493fde082da4,6a8e7cac-2e5d-1386-8de5-3a4069f5c65f,image,SR-NA_01_0931_002,2015,personsRaw,person,person,Natasja Bishesar,natasja bishesar,Natasja Bishesar,nas-persons-field,,1,Decoratie-deel2 viering 40 jaar Srefidensi 2015,Natasja Bishesar,true,high-precision
c93014d9-d508-737e-b7b6-493fde082da4::6a8e7cac-2e5d-1386-8de5-3a4069f5c65f,c93014d9-d508-737e-b7b6-493fde082da4,6a8e7cac-2e5d-1386-8de5-3a4069f5c65f,image,SR-NA_01_0931_002,2015,personsRaw,person,person,Henk Peneux,henk peneux,Henk Peneux,nas-persons-field,,1,Decoratie-deel2 viering 40 jaar Srefidensi 2015,Henk Peneux,true,high-precision
c93014d9-d508-737e-b7b6-493fde082da4::6a8e7cac-2e5d-1386-8de5-3a4069f5c65f,c93014d9-d508-737e-b7b6-493fde082da4,6a8e7cac-2e5d-1386-8de5-3a4069f5c65f,image,SR-NA_01_0931_002,2015,personsRaw,person,person,Michael Groenhart,michael groenhart,Michael Groenhart,nas-persons-field,,1,Decoratie-deel2 viering 40 jaar Srefidensi 2015,Michael Groenhart,true,high-precision
c93014d9-d508-737e-b7b6-493fde082da4::6a8e7cac-2e5d-1386-8de5-3a4069f5c65f,c93014d9-d508-737e-b7b6-493fde082da4,6a8e7cac-2e5d-1386-8de5-3a4069f5c65f,image,SR-NA_01_0931_002,2015,personsRaw,person,person,Siene Proeve,siene proeve,Siene Proeve,nas-persons-field,,1,Decoratie-deel2 viering 40 jaar Srefidensi 2015,Siene Proeve,true,high-precision
c93014d9-d508-737e-b7b6-493fde082da4::6a8e7cac-2e5d-1386-8de5-3a4069f5c65f,c93014d9-d508-737e-b7b6-493fde082da4,6a8e7cac-2e5d-1386-8de5-3a4069f5c65f,image,SR-NA_01_0931_002,2015,personsRaw,person,person,Joan Dogojo,joan dogojo,Joan Dogojo,nas-persons-field,,1,Decoratie-deel2 viering 40 jaar Srefidensi 2015,Joan Dogojo,true,high-precision
c93014d9-d508-737e-b7b6-493fde082da4::6a8e7cac-2e5d-1386-8de5-3a4069f5c65f,c93014d9-d508-737e-b7b6-493fde082da4,6a8e7cac-2e5d-1386-8de5-3a4069f5c65f,image,SR-NA_01_0931_002,2015,personsRaw,person,person,Steve Meye,steve meye,Steve Meye,nas-persons-field,,1,Decoratie-deel2 viering 40 jaar Srefidensi 2015,Steve Meye,true,high-precision
c93014d9-d508-737e-b7b6-493fde082da4::6a8e7cac-2e5d-1386-8de5-3a4069f5c65f,c93014d9-d508-737e-b7b6-493fde082da4,6a8e7cac-2e5d-1386-8de5-3a4069f5c65f,image,SR-NA_01_0931_002,2015,personsRaw,person,person,Toekidjan Soekardi,toekidjan soekardi,Toekidjan Soekardi,nas-persons-field,,1,Decoratie-deel2 viering 40 jaar Srefidensi 2015,Toekidjan Soekardi,true,high-precision
c93014d9-d508-737e-b7b6-493fde082da4::6a8e7cac-2e5d-1386-8de5-3a4069f5c65f,c93014d9-d508-737e-b7b6-493fde082da4,6a8e7cac-2e5d-1386-8de5-3a4069f5c65f,image,SR-NA_01_0931_002,2015,personsRaw,person,person,Wedprekash Joeloemsingh,wedprekash joeloemsingh,Wedprekash Joeloemsingh,nas-persons-field,,1,Decoratie-deel2 viering 40 jaar Srefidensi 2015,Wedprekash Joeloemsingh,true,high-precision
c93014d9-d508-737e-b7b6-493fde082da4::6a8e7cac-2e5d-1386-8de5-3a4069f5c65f,c93014d9-d508-737e-b7b6-493fde082da4,6a8e7cac-2e5d-1386-8de5-3a4069f5c65f,image,SR-NA_01_0931_002,2015,personsRaw,person,person,John de la Fuente,john de la fuente,John de la Fuente,nas-persons-field,,1,Decoratie-deel2 viering 40 jaar Srefidensi 2015,John de la Fuente,true,high-precision
c93014d9-d508-737e-b7b6-493fde082da4::6a8e7cac-2e5d-1386-8de5-3a4069f5c65f,c93014d9-d508-737e-b7b6-493fde082da4,6a8e7cac-2e5d-1386-8de5-3a4069f5c65f,image,SR-NA_01_0931_002,2015,personsRaw,person,person,Remy Polak,remy polak,Remy Polak,nas-persons-field,,1,Decoratie-deel2 viering 40 jaar Srefidensi 2015,Remy Polak,true,high-precision
c93014d9-d508-737e-b7b6-493fde082da4::6a8e7cac-2e5d-1386-8de5-3a4069f5c65f,c93014d9-d508-737e-b7b6-493fde082da4,6a8e7cac-2e5d-1386-8de5-3a4069f5c65f,image,SR-NA_01_0931_002,2015,personsRaw,person,person,Marlon Powel,marlon powel,Marlon Powel,nas-persons-field,,1,Decoratie-deel2 viering 40 jaar Srefidensi 2015,Marlon Powel,true,high-precision
c93014d9-d508-737e-b7b6-493fde082da4::6a8e7cac-2e5d-1386-8de5-3a4069f5c65f,c93014d9-d508-737e-b7b6-493fde082da4,6a8e7cac-2e5d-1386-8de5-3a4069f5c65f,image,SR-NA_01_0931_002,2015,personsRaw,person,person,Glenn Dest,glenn dest,Glenn Dest,nas-persons-field,,1,Decoratie-deel2 viering 40 jaar Srefidensi 2015,Glenn Dest,true,high-precision
c93014d9-d508-737e-b7b6-493fde082da4::6a8e7cac-2e5d-1386-8de5-3a4069f5c65f,c93014d9-d508-737e-b7b6-493fde082da4,6a8e7cac-2e5d-1386-8de5-3a4069f5c65f,image,SR-NA_01_0931_002,2015,personsRaw,person,person,Dilip Sardjoe,dilip sardjoe,Dilip Sardjoe,nas-persons-field,,1,Decoratie-deel2 viering 40 jaar Srefidensi 2015,Dilip Sardjoe,true,high-precision
c93014d9-d508-737e-b7b6-493fde082da4::6a8e7cac-2e5d-1386-8de5-3a4069f5c65f,c93014d9-d508-737e-b7b6-493fde082da4,6a8e7cac-2e5d-1386-8de5-3a4069f5c65f,image,SR-NA_01_0931_002,2015,personsRaw,person,person,Lesley Resida.,lesley resida,Lesley Resida.,nas-persons-field,,1,Decoratie-deel2 viering 40 jaar Srefidensi 2015,Lesley Resida.,true,high-precision
cae44430-3f0d-4b4f-a904-032c221740f4::5ca9a11c-70ef-0108-a239-9af02de3f5e3,cae44430-3f0d-4b4f-a904-032c221740f4,5ca9a11c-70ef-0108-a239-9af02de3f5e3,image,SR-NA_01_0226,Onbekend,description,place,district,District Coronie,district coronie,District Coronie,stm-gazetteer,stm-00001,1,Kerk Coronie,"Een kerk in het district Coronie, met als hoofdplaats Totness . Coronie werd op 10 oktober 1851, afgesplitst van het district Nickerie.",true,high-precision
cae44430-3f0d-4b4f-a904-032c221740f4::5ca9a11c-70ef-0108-a239-9af02de3f5e3,cae44430-3f0d-4b4f-a904-032c221740f4,5ca9a11c-70ef-0108-a239-9af02de3f5e3,image,SR-NA_01_0226,Onbekend,description,place,district,District Nickerie,district nickerie,District Nickerie,stm-gazetteer,stm-00002,1,Kerk Coronie,"ess . Coronie werd op 10 oktober 1851, afgesplitst van het district Nickerie.",true,high-precision
cae44430-3f0d-4b4f-a904-032c221740f4::5ca9a11c-70ef-0108-a239-9af02de3f5e3,cae44430-3f0d-4b4f-a904-032c221740f4,5ca9a11c-70ef-0108-a239-9af02de3f5e3,image,SR-NA_01_0226,Onbekend,description,place,river,Nickerie,nickerie,Nickerie,stm-gazetteer,stm-00261,1,Kerk Coronie,"onie werd op 10 oktober 1851, afgesplitst van het district Nickerie.",true,high-precision
cbf89ff9-9efa-0ee4-685d-4024f56eef9a::497a645a-22dc-c257-260c-64f230bed73d,cbf89ff9-9efa-0ee4-685d-4024f56eef9a,497a645a-22dc-c257-260c-64f230bed73d,video,SR-NA_02_0568,04 oktober 1988,description,place,plantation,Goede moed,goede moed,Goede moed,stm-gazetteer,stm-01927,1,Eerste schooldag Paramaribo,"Scholieren van de lagere scholen hebben vandaag vol goede moed plaatsgenomen in de schoolbanken. Voor velen was het een weerzien van vrienden en vriendinnen. Voor de nieuwelingen, kl",true,high-precision
ccb10909-3036-fc37-01f4-e991db4995cd::5dd70b5f-7b0a-8919-faa2-86099a5a2074,ccb10909-3036-fc37-01f4-e991db4995cd,5dd70b5f-7b0a-8919-faa2-86099a5a2074,image,SR-NA-01_0317,Onbekend,title,place,street,Waterkant,waterkant,Waterkant,paramaribo-street-standardization,,1,Waterkant,Waterkant,true,high-precision
ccb10909-3036-fc37-01f4-e991db4995cd::5dd70b5f-7b0a-8919-faa2-86099a5a2074,ccb10909-3036-fc37-01f4-e991db4995cd,5dd70b5f-7b0a-8919-faa2-86099a5a2074,image,SR-NA-01_0317,Onbekend,description,place,street,Saramaccastraat,saramaccastraat,Saramaccastraat,paramaribo-street-standardization,,1,Waterkant,"e andere belangrijke verkeersaders van de stad beginnen: de Saramaccastraat in het verlengde van de Waterkant verder zuidelijk, en de Dr. Sophie Redmondstraat in westelijke richting.",true,high-precision
ccb10909-3036-fc37-01f4-e991db4995cd::5dd70b5f-7b0a-8919-faa2-86099a5a2074,ccb10909-3036-fc37-01f4-e991db4995cd,5dd70b5f-7b0a-8919-faa2-86099a5a2074,image,SR-NA-01_0317,Onbekend,description,place,street,Waterkant,waterkant,Waterkant,paramaribo-street-standardization,,1,Waterkant,Waterkant te Paramaribo. De Waterkant is ‚‚n van de belangrijkste straten van Paramaribo en loopt van het Onafhankelijkheidsplein,true,high-precision
cd670d3c-a277-4646-81ce-18d5ccf372e4::fe48f6d2-d927-7a20-8073-4e9f508475e0,cd670d3c-a277-4646-81ce-18d5ccf372e4,fe48f6d2-d927-7a20-8073-4e9f508475e0,image,SR-NA_01_0220,1968,title,place,street,Saramaccastraat,saramaccastraat,Saramaccastraat,paramaribo-street-standardization,,1,EBS Saramaccastraat,EBS Saramaccastraat,true,high-precision
ce364e70-9043-3e12-63ee-72d8b588b467::32200172-b616-557b-f6b4-9954ac24047f,ce364e70-9043-3e12-63ee-72d8b588b467,32200172-b616-557b-f6b4-9954ac24047f,video,SR-NA_02_0405,Onbekend,title,place,plantation,Joden Savanne,joden savanne,Joden Savanne,stm-gazetteer,stm-02137,1,Joden Savanne,Joden Savanne,true,high-precision
ce364e70-9043-3e12-63ee-72d8b588b467::32200172-b616-557b-f6b4-9954ac24047f,ce364e70-9043-3e12-63ee-72d8b588b467,32200172-b616-557b-f6b4-9954ac24047f,video,SR-NA_02_0405,Onbekend,description,place,plantation,Joden Savanne,joden savanne,Joden Savanne,stm-gazetteer,stm-02137,1,Joden Savanne,"Fragmenten van de historische beschrijving van Joden Savanne, uit Geschiedenis der kolonie van Suriname... van David Cohen Nassy (1791), geïllustreerd met beelden van de plek toen",true,high-precision
ce364e70-9043-3e12-63ee-72d8b588b467::32200172-b616-557b-f6b4-9954ac24047f,ce364e70-9043-3e12-63ee-72d8b588b467,32200172-b616-557b-f6b4-9954ac24047f,video,SR-NA_02_0405,Onbekend,keywords,place,plantation,Jodensavanne,jodensavanne,Jodensavanne,stm-gazetteer,stm-02274,1,Joden Savanne,Fragmenten van de historische beschrijving van Jodensavanne | uit Geschiedenis der kolonie van Suriname... van David Cohen Nassy (1791) | geillustreerd met beelden van de plek toe,true,high-precision
cf35555b-44ae-4314-8f2f-9f9068cb25b1::acc4dd70-0b9b-797a-9aea-cdcceea338f1,cf35555b-44ae-4314-8f2f-9f9068cb25b1,acc4dd70-0b9b-797a-9aea-cdcceea338f1,image,SR-NA_01_0314,Onbekend,description,place,street,Waterkant,waterkant,Waterkant,paramaribo-street-standardization,,1,Oude veersteiger,"e Veersteiger, Platte brug en Oud Bureau van Politie aan de Waterkant te Paramaribo",true,high-precision
cf7494a8-adf1-94c4-c845-770c0c086038::ee433819-b9e2-96f8-c69e-07362b63a011,cf7494a8-adf1-94c4-c845-770c0c086038,ee433819-b9e2-96f8-c69e-07362b63a011,video,SR-NA_02_0957,Onbekend,personsRaw,person,person,A.Margareth,a margareth,A.Margareth,nas-persons-field,,1,Programma De Surinaamse rebel,A.Margareth,true,high-precision
cf7494a8-adf1-94c4-c845-770c0c086038::ee433819-b9e2-96f8-c69e-07362b63a011,cf7494a8-adf1-94c4-c845-770c0c086038,ee433819-b9e2-96f8-c69e-07362b63a011,video,SR-NA_02_0957,Onbekend,personsRaw,person,person,suikerriet,suikerriet,suikerriet,nas-persons-field,,1,Programma De Surinaamse rebel,suikerriet,true,high-precision
cf7494a8-adf1-94c4-c845-770c0c086038::ee433819-b9e2-96f8-c69e-07362b63a011,cf7494a8-adf1-94c4-c845-770c0c086038,ee433819-b9e2-96f8-c69e-07362b63a011,video,SR-NA_02_0957,Onbekend,personsRaw,person,person,Michael Slory,michael slory,Michael Slory,nas-persons-field,,1,Programma De Surinaamse rebel,Michael Slory,true,high-precision
cf7494a8-adf1-94c4-c845-770c0c086038::ee433819-b9e2-96f8-c69e-07362b63a011,cf7494a8-adf1-94c4-c845-770c0c086038,ee433819-b9e2-96f8-c69e-07362b63a011,video,SR-NA_02_0957,Onbekend,personsRaw,person,person,Nieuwe Haven,nieuwe haven,Nieuwe Haven,nas-persons-field,,1,Programma De Surinaamse rebel,Nieuwe Haven,true,high-precision
cf7494a8-adf1-94c4-c845-770c0c086038::ee433819-b9e2-96f8-c69e-07362b63a011,cf7494a8-adf1-94c4-c845-770c0c086038,ee433819-b9e2-96f8-c69e-07362b63a011,video,SR-NA_02_0957,Onbekend,personsRaw,person,person,pakkettendienst,pakkettendienst,pakkettendienst,nas-persons-field,,1,Programma De Surinaamse rebel,pakkettendienst,true,high-precision
cf7494a8-adf1-94c4-c845-770c0c086038::ee433819-b9e2-96f8-c69e-07362b63a011,cf7494a8-adf1-94c4-c845-770c0c086038,ee433819-b9e2-96f8-c69e-07362b63a011,video,SR-NA_02_0957,Onbekend,personsRaw,person,person,Liesbeth Venetiaan-Vanenburg,liesbeth venetiaan-vanenburg,Liesbeth Venetiaan-Vanenburg,nas-persons-field,,1,Programma De Surinaamse rebel,Liesbeth Venetiaan-Vanenburg,true,high-precision
cf7494a8-adf1-94c4-c845-770c0c086038::ee433819-b9e2-96f8-c69e-07362b63a011,cf7494a8-adf1-94c4-c845-770c0c086038,ee433819-b9e2-96f8-c69e-07362b63a011,video,SR-NA_02_0957,Onbekend,personsRaw,person,person,dichter Orlando Franken,dichter orlando franken,dichter Orlando Franken,nas-persons-field,,1,Programma De Surinaamse rebel,dichter Orlando Franken,true,high-precision
cf7494a8-adf1-94c4-c845-770c0c086038::ee433819-b9e2-96f8-c69e-07362b63a011,cf7494a8-adf1-94c4-c845-770c0c086038,ee433819-b9e2-96f8-c69e-07362b63a011,video,SR-NA_02_0957,Onbekend,personsRaw,person,person,Liesbeth Babel,liesbeth babel,Liesbeth Babel,nas-persons-field,,1,Programma De Surinaamse rebel,Liesbeth Babel,true,high-precision
cf7494a8-adf1-94c4-c845-770c0c086038::ee433819-b9e2-96f8-c69e-07362b63a011,cf7494a8-adf1-94c4-c845-770c0c086038,ee433819-b9e2-96f8-c69e-07362b63a011,video,SR-NA_02_0957,Onbekend,personsRaw,person,person,Ilona Hofstra,ilona hofstra,Ilona Hofstra,nas-persons-field,,1,Programma De Surinaamse rebel,Ilona Hofstra,true,high-precision
cf7494a8-adf1-94c4-c845-770c0c086038::ee433819-b9e2-96f8-c69e-07362b63a011,cf7494a8-adf1-94c4-c845-770c0c086038,ee433819-b9e2-96f8-c69e-07362b63a011,video,SR-NA_02_0957,Onbekend,personsRaw,person,person,Andre Stekkel,andre stekkel,Andre Stekkel,nas-persons-field,,1,Programma De Surinaamse rebel,Andre Stekkel,true,high-precision
cf7494a8-adf1-94c4-c845-770c0c086038::ee433819-b9e2-96f8-c69e-07362b63a011,cf7494a8-adf1-94c4-c845-770c0c086038,ee433819-b9e2-96f8-c69e-07362b63a011,video,SR-NA_02_0957,Onbekend,personsRaw,person,person,Henk Kioe A Sen,henk kioe a sen,Henk Kioe A Sen,nas-persons-field,,1,Programma De Surinaamse rebel,Henk Kioe A Sen,true,high-precision
d0df0e28-529b-e2e7-87cb-6691ac68e939::026b129e-05db-4e83-3d1f-c555f29ab518,d0df0e28-529b-e2e7-87cb-6691ac68e939,026b129e-05db-4e83-3d1f-c555f29ab518,video,SR-NA_02_0727,Onbekend,description,place,street,Gravenstraat,gravenstraat,Gravenstraat,paramaribo-street-standardization,,1,Brandweerlieden naar parlementsgebouw,andweerlieden hebben de Mirandastraat en de kruising met de Gravenstraat geblokkeerd. Er is een petitie aangeboden aan parlementsvoorzitter Jagernath Lachmon,true,high-precision
d10bcc9f-e2c7-4490-c94c-2ab84ef494f3::84264e18-2e08-2355-cde8-d9af87240ae6,d10bcc9f-e2c7-4490-c94c-2ab84ef494f3,84264e18-2e08-2355-cde8-d9af87240ae6,video,SR-NA_02_1036,Onbekend,personsRaw,person,person,Cliff Djamin,cliff djamin,Cliff Djamin,nas-persons-field,,1,Minister Geetapersad Gangaram Panday bespreking met verwerkers en exporteurs,Cliff Djamin,true,high-precision
d2408496-5cbf-ee98-c0a6-81c369e14ae1::49ed598c-f645-ebcb-2678-e055cc78edf0,d2408496-5cbf-ee98-c0a6-81c369e14ae1,49ed598c-f645-ebcb-2678-e055cc78edf0,video,SR-NA_02_1314,Maart 2003,personsRaw,person,person,Arnold  Kruisland,arnold kruisland,Arnold  Kruisland,nas-persons-field,,1,STVS Journaal van 20 maart 2003,Arnold  Kruisland,true,high-precision
d2408496-5cbf-ee98-c0a6-81c369e14ae1::49ed598c-f645-ebcb-2678-e055cc78edf0,d2408496-5cbf-ee98-c0a6-81c369e14ae1,49ed598c-f645-ebcb-2678-e055cc78edf0,video,SR-NA_02_1314,Maart 2003,personsRaw,person,person,Winston Jessurun,winston jessurun,Winston Jessurun,nas-persons-field,,1,STVS Journaal van 20 maart 2003,Winston Jessurun,true,high-precision
d2408496-5cbf-ee98-c0a6-81c369e14ae1::49ed598c-f645-ebcb-2678-e055cc78edf0,d2408496-5cbf-ee98-c0a6-81c369e14ae1,49ed598c-f645-ebcb-2678-e055cc78edf0,video,SR-NA_02_1314,Maart 2003,personsRaw,person,person,Rajkoemar Randjietsing,rajkoemar randjietsing,Rajkoemar Randjietsing,nas-persons-field,,1,STVS Journaal van 20 maart 2003,Rajkoemar Randjietsing,true,high-precision
d2408496-5cbf-ee98-c0a6-81c369e14ae1::49ed598c-f645-ebcb-2678-e055cc78edf0,d2408496-5cbf-ee98-c0a6-81c369e14ae1,49ed598c-f645-ebcb-2678-e055cc78edf0,video,SR-NA_02_1314,Maart 2003,personsRaw,person,person,Iwan Krolis,iwan krolis,Iwan Krolis,nas-persons-field,,1,STVS Journaal van 20 maart 2003,Iwan Krolis,true,high-precision
d2408496-5cbf-ee98-c0a6-81c369e14ae1::49ed598c-f645-ebcb-2678-e055cc78edf0,d2408496-5cbf-ee98-c0a6-81c369e14ae1,49ed598c-f645-ebcb-2678-e055cc78edf0,video,SR-NA_02_1314,Maart 2003,personsRaw,person,person,Paul Salaam Somohardjo,paul salaam somohardjo,Paul Salaam Somohardjo,nas-persons-field,,1,STVS Journaal van 20 maart 2003,Paul Salaam Somohardjo,true,high-precision
d2aa361c-0e15-7ece-6578-c021dbc4a4c8::99fbd052-9eb7-db09-83aa-00010130fa3f,d2aa361c-0e15-7ece-6578-c021dbc4a4c8,99fbd052-9eb7-db09-83aa-00010130fa3f,image,SR-NA_01_0930,2005-2010,keywords,place,plantation,Industrie,industrie,Industrie,stm-gazetteer,stm-00858,1,Kabinet Venetiaan-Sardjoe 2000-2005,Hildenberg (NPS)- FinanciënSiegfried Gilds (SPA)- Handel en Industrie. Vanaf april 2006: Clifford Marica (sinds jan. 2006 al a.i.)Chandrikapersad Santokhi (VHP)- Justitie en PolitieKermeche,true,high-precision
d2aa361c-0e15-7ece-6578-c021dbc4a4c8::99fbd052-9eb7-db09-83aa-00010130fa3f,d2aa361c-0e15-7ece-6578-c021dbc4a4c8,99fbd052-9eb7-db09-83aa-00010130fa3f,image,SR-NA_01_0930,2005-2010,personsRaw,person,person,Vicepresident Ramdien Sardjoe.Clifford Marica (SPA)-Arbeid,vicepresident ramdien sardjoe clifford marica spa -arbeid,Vicepresident Ramdien Sardjoe.Clifford Marica (SPA)-Arbeid,nas-persons-field,,1,Kabinet Venetiaan-Sardjoe 2000-2005,Vicepresident Ramdien Sardjoe.Clifford Marica (SPA)-Arbeid,true,high-precision
d2aa361c-0e15-7ece-6578-c021dbc4a4c8::99fbd052-9eb7-db09-83aa-00010130fa3f,d2aa361c-0e15-7ece-6578-c021dbc4a4c8,99fbd052-9eb7-db09-83aa-00010130fa3f,image,SR-NA_01_0930,2005-2010,personsRaw,person,person,Technologische Ontwikkeling en Milieu. (Vanaf april 2006: Joyce Amarello-Williams)Maurits Hassankhan (VHP)- Binnenlandse ZakenLygia Kraag-Keteldijk (NPS)-Buitenlandse ZakenIvan Fernald (NPS)-DefensieHumphrey Hildenberg (NPS)- FinanciënSiegfried Gilds (SPA)- Handel en Industrie. Vanaf april 2006: Clifford Marica (sinds jan. 2006 al a.i.)Chandrikapersad Santokhi (VHP)- Justitie en PolitieKermechend Raghoebarsing (VHP)- Landbouw,technologische ontwikkeling en milieu vanaf april 2006 joyce amarello-williams maurits hassankhan vhp - binnenlandse zakenlygia kraag-keteldijk nps -buitenlandse zakenivan fernald nps -defensiehumphrey hildenberg nps - financiensiegfried gilds spa - handel en industrie vanaf april 2006 clifford marica sinds jan 2006 al a i chandrikapersad santokhi vhp - justitie en politiekermechend raghoebarsing vhp - landbouw,Technologische Ontwikkeling en Milieu. (Vanaf april 2006: Joyce Amarello-Williams)Maurits Hassankhan (VHP)- Binnenlandse ZakenLygia Kraag-Keteldijk (NPS)-Buitenlandse ZakenIvan Fernald (NPS)-DefensieHumphrey Hildenberg (NPS)- FinanciënSiegfried Gilds (SPA)- Handel en Industrie. Vanaf april 2006: Clifford Marica (sinds jan. 2006 al a.i.)Chandrikapersad Santokhi (VHP)- Justitie en PolitieKermechend Raghoebarsing (VHP)- Landbouw,nas-persons-field,,1,Kabinet Venetiaan-Sardjoe 2000-2005,Technologische Ontwikkeling en Milieu. (Vanaf april 2006: Joyce Amarello-Williams)Maurits Hassankhan (VHP)- Binnenlandse ZakenLygia Kraag-Keteldijk (NPS)-Buitenlandse ZakenIvan Fernald (NPS)-DefensieHumphrey Hildenberg (NPS)- FinanciënSiegfried Gilds (SPA)- Handel en Industrie. Vanaf april 2006: Clifford Marica (sinds jan. 2006 al a.i.)Chandrikapersad Santokhi (VHP)- Justitie en PolitieKermechend Raghoebarsing (VHP)- Landbouw,true,high-precision
d2aa361c-0e15-7ece-6578-c021dbc4a4c8::99fbd052-9eb7-db09-83aa-00010130fa3f,d2aa361c-0e15-7ece-6578-c021dbc4a4c8,99fbd052-9eb7-db09-83aa-00010130fa3f,image,SR-NA_01_0930,2005-2010,personsRaw,person,person,Veeteelt en VisserijGregory Rusland (NPS)- Natuurlijke HulpbronnenEdwin Wolf (Pertjajah Luhur)- Onderwijs en VolksontwikkelingGaneshkoemar Kandhai (VHP)- Openbare WerkenRick van Ravenswaay (DA'91)- Planning en OntwikkelingssamenwerkingMichel Felisi (AC/BEP)- Regionale OntwikkelingMichael Jong Tjien Fa (Pertjajah Luhur)- Ruimtelijke Ordening,veeteelt en visserijgregory rusland nps - natuurlijke hulpbronnenedwin wolf pertjajah luhur - onderwijs en volksontwikkelingganeshkoemar kandhai vhp - openbare werkenrick van ravenswaay da 91 - planning en ontwikkelingssamenwerkingmichel felisi ac bep - regionale ontwikkelingmichael jong tjien fa pertjajah luhur - ruimtelijke ordening,Veeteelt en VisserijGregory Rusland (NPS)- Natuurlijke HulpbronnenEdwin Wolf (Pertjajah Luhur)- Onderwijs en VolksontwikkelingGaneshkoemar Kandhai (VHP)- Openbare WerkenRick van Ravenswaay (DA'91)- Planning en OntwikkelingssamenwerkingMichel Felisi (AC/BEP)- Regionale OntwikkelingMichael Jong Tjien Fa (Pertjajah Luhur)- Ruimtelijke Ordening,nas-persons-field,,1,Kabinet Venetiaan-Sardjoe 2000-2005,Veeteelt en VisserijGregory Rusland (NPS)- Natuurlijke HulpbronnenEdwin Wolf (Pertjajah Luhur)- Onderwijs en VolksontwikkelingGaneshkoemar Kandhai (VHP)- Openbare WerkenRick van Ravenswaay (DA'91)- Planning en OntwikkelingssamenwerkingMichel Felisi (AC/BEP)- Regionale OntwikkelingMichael Jong Tjien Fa (Pertjajah Luhur)- Ruimtelijke Ordening,true,high-precision
d2aa361c-0e15-7ece-6578-c021dbc4a4c8::99fbd052-9eb7-db09-83aa-00010130fa3f,d2aa361c-0e15-7ece-6578-c021dbc4a4c8,99fbd052-9eb7-db09-83aa-00010130fa3f,image,SR-NA_01_0930,2005-2010,personsRaw,person,person,Grondbeheer en BosbeleidHendrik Setrowidjojo (Pertjajah Luhur)- Sociale Zaken en VolkshuisvestingTransport,grondbeheer en bosbeleidhendrik setrowidjojo pertjajah luhur - sociale zaken en volkshuisvestingtransport,Grondbeheer en BosbeleidHendrik Setrowidjojo (Pertjajah Luhur)- Sociale Zaken en VolkshuisvestingTransport,nas-persons-field,,1,Kabinet Venetiaan-Sardjoe 2000-2005,Grondbeheer en BosbeleidHendrik Setrowidjojo (Pertjajah Luhur)- Sociale Zaken en VolkshuisvestingTransport,true,high-precision
d2aa361c-0e15-7ece-6578-c021dbc4a4c8::99fbd052-9eb7-db09-83aa-00010130fa3f,d2aa361c-0e15-7ece-6578-c021dbc4a4c8,99fbd052-9eb7-db09-83aa-00010130fa3f,image,SR-NA_01_0930,2005-2010,personsRaw,person,person,Communicatie en Toerisme (Alice Amafo (AC/ABOP),communicatie en toerisme alice amafo ac abop,Communicatie en Toerisme (Alice Amafo (AC/ABOP),nas-persons-field,,1,Kabinet Venetiaan-Sardjoe 2000-2005,Communicatie en Toerisme (Alice Amafo (AC/ABOP),true,high-precision
d2aa361c-0e15-7ece-6578-c021dbc4a4c8::99fbd052-9eb7-db09-83aa-00010130fa3f,d2aa361c-0e15-7ece-6578-c021dbc4a4c8,99fbd052-9eb7-db09-83aa-00010130fa3f,image,SR-NA_01_0930,2005-2010,personsRaw,person,person,vanaf mrt. 2007: Michel Felisi a.i.,vanaf mrt 2007 michel felisi a i,vanaf mrt. 2007: Michel Felisi a.i.,nas-persons-field,,1,Kabinet Venetiaan-Sardjoe 2000-2005,vanaf mrt. 2007: Michel Felisi a.i.,true,high-precision
d2aa361c-0e15-7ece-6578-c021dbc4a4c8::99fbd052-9eb7-db09-83aa-00010130fa3f,d2aa361c-0e15-7ece-6578-c021dbc4a4c8,99fbd052-9eb7-db09-83aa-00010130fa3f,image,SR-NA_01_0930,2005-2010,personsRaw,person,person,vanaf mei 2007: Richel Apinsa. Celsius Waterberg (AC/BEP)- Volksgezondheid .,vanaf mei 2007 richel apinsa celsius waterberg ac bep - volksgezondheid,vanaf mei 2007: Richel Apinsa. Celsius Waterberg (AC/BEP)- Volksgezondheid .,nas-persons-field,,1,Kabinet Venetiaan-Sardjoe 2000-2005,vanaf mei 2007: Richel Apinsa. Celsius Waterberg (AC/BEP)- Volksgezondheid .,true,high-precision
d2eadf9e-c4e4-6eeb-d513-4659b640b344::f4ea5367-af66-e913-b8aa-e91588f01360,d2eadf9e-c4e4-6eeb-d513-4659b640b344,f4ea5367-af66-e913-b8aa-e91588f01360,video,SR-NA_02_0006,Onbekend,personsRaw,person,person,Schalkwijk,schalkwijk,Schalkwijk,nas-persons-field,,1,Gesprek met DOE-voorzitter Martin  Schalkwijk,Schalkwijk,true,high-precision
d2eadf9e-c4e4-6eeb-d513-4659b640b344::f4ea5367-af66-e913-b8aa-e91588f01360,d2eadf9e-c4e4-6eeb-d513-4659b640b344,f4ea5367-af66-e913-b8aa-e91588f01360,video,SR-NA_02_0006,Onbekend,personsRaw,person,person,getint,getint,getint,nas-persons-field,,1,Gesprek met DOE-voorzitter Martin  Schalkwijk,getint,true,high-precision
d2eadf9e-c4e4-6eeb-d513-4659b640b344::f4ea5367-af66-e913-b8aa-e91588f01360,d2eadf9e-c4e4-6eeb-d513-4659b640b344,f4ea5367-af66-e913-b8aa-e91588f01360,video,SR-NA_02_0006,Onbekend,personsRaw,person,person,ruiten,ruiten,ruiten,nas-persons-field,,1,Gesprek met DOE-voorzitter Martin  Schalkwijk,ruiten,true,high-precision
d3bb77f6-8140-b09b-0590-6b41a1642a8f::4894d7dc-10e9-3d20-9734-ccc1bb3abfe1,d3bb77f6-8140-b09b-0590-6b41a1642a8f,4894d7dc-10e9-3d20-9734-ccc1bb3abfe1,video,SR-NA_02_1337,Onbekend,personsRaw,person,person,Gregory Rusland,gregory rusland,Gregory Rusland,nas-persons-field,,1,Gregory Rusland roept op om zelf initiatieven te ontplooien,Gregory Rusland,true,high-precision
d3d61ea2-0f11-74bd-aa12-33fda773befa::0b01ee53-10c8-f253-2e37-06da09aa8239,d3d61ea2-0f11-74bd-aa12-33fda773befa,0b01ee53-10c8-f253-2e37-06da09aa8239,video,SR-NA_02_1071,Onbekend,title,place,street,Kwatta,kwatta,Kwatta,paramaribo-street-standardization,,1,Documentaire van en over de Landbouwmarkt Kwatta,Documentaire van en over de Landbouwmarkt Kwatta,true,high-precision
d3d61ea2-0f11-74bd-aa12-33fda773befa::0b01ee53-10c8-f253-2e37-06da09aa8239,d3d61ea2-0f11-74bd-aa12-33fda773befa,0b01ee53-10c8-f253-2e37-06da09aa8239,video,SR-NA_02_1071,Onbekend,description,place,street,Kwatta,kwatta,Kwatta,paramaribo-street-standardization,,1,Documentaire van en over de Landbouwmarkt Kwatta,Documentaire van en over de Landbouwmarkt Kwatta. Deze markt is gevestigd in het ressort Kwatta en werd opgericht in 1977 door de Ministerie van Landbouw Veeteelt en Vi,true,high-precision
d3d61ea2-0f11-74bd-aa12-33fda773befa::0b01ee53-10c8-f253-2e37-06da09aa8239,d3d61ea2-0f11-74bd-aa12-33fda773befa,0b01ee53-10c8-f253-2e37-06da09aa8239,video,SR-NA_02_1071,Onbekend,personsRaw,person,person,Ewald Blankendal (voorzitter Landbouwmarkt Kwatta),ewald blankendal voorzitter landbouwmarkt kwatta,Ewald Blankendal (voorzitter Landbouwmarkt Kwatta),nas-persons-field,,1,Documentaire van en over de Landbouwmarkt Kwatta,Ewald Blankendal (voorzitter Landbouwmarkt Kwatta),true,high-precision
d3d61ea2-0f11-74bd-aa12-33fda773befa::0b01ee53-10c8-f253-2e37-06da09aa8239,d3d61ea2-0f11-74bd-aa12-33fda773befa,0b01ee53-10c8-f253-2e37-06da09aa8239,video,SR-NA_02_1071,Onbekend,personsRaw,person,person,Jagroep (secretaris),jagroep secretaris,Jagroep (secretaris),nas-persons-field,,1,Documentaire van en over de Landbouwmarkt Kwatta,Jagroep (secretaris),true,high-precision
d3d61ea2-0f11-74bd-aa12-33fda773befa::0b01ee53-10c8-f253-2e37-06da09aa8239,d3d61ea2-0f11-74bd-aa12-33fda773befa,0b01ee53-10c8-f253-2e37-06da09aa8239,video,SR-NA_02_1071,Onbekend,personsRaw,person,person,Landbouwers,landbouwers,Landbouwers,nas-persons-field,,1,Documentaire van en over de Landbouwmarkt Kwatta,Landbouwers,true,high-precision
d3d61ea2-0f11-74bd-aa12-33fda773befa::0b01ee53-10c8-f253-2e37-06da09aa8239,d3d61ea2-0f11-74bd-aa12-33fda773befa,0b01ee53-10c8-f253-2e37-06da09aa8239,video,SR-NA_02_1071,Onbekend,personsRaw,person,person,marktbestuur,marktbestuur,marktbestuur,nas-persons-field,,1,Documentaire van en over de Landbouwmarkt Kwatta,marktbestuur,true,high-precision
d3d61ea2-0f11-74bd-aa12-33fda773befa::0b01ee53-10c8-f253-2e37-06da09aa8239,d3d61ea2-0f11-74bd-aa12-33fda773befa,0b01ee53-10c8-f253-2e37-06da09aa8239,video,SR-NA_02_1071,Onbekend,personsRaw,person,person,landbouwtentoonstelling,landbouwtentoonstelling,landbouwtentoonstelling,nas-persons-field,,1,Documentaire van en over de Landbouwmarkt Kwatta,landbouwtentoonstelling,true,high-precision
d3d61ea2-0f11-74bd-aa12-33fda773befa::0b01ee53-10c8-f253-2e37-06da09aa8239,d3d61ea2-0f11-74bd-aa12-33fda773befa,0b01ee53-10c8-f253-2e37-06da09aa8239,video,SR-NA_02_1071,Onbekend,personsRaw,person,person,districtscommissaris,districtscommissaris,districtscommissaris,nas-persons-field,,1,Documentaire van en over de Landbouwmarkt Kwatta,districtscommissaris,true,high-precision
d3d61ea2-0f11-74bd-aa12-33fda773befa::0b01ee53-10c8-f253-2e37-06da09aa8239,d3d61ea2-0f11-74bd-aa12-33fda773befa,0b01ee53-10c8-f253-2e37-06da09aa8239,video,SR-NA_02_1071,Onbekend,personsRaw,person,person,marktactiviteiten,marktactiviteiten,marktactiviteiten,nas-persons-field,,1,Documentaire van en over de Landbouwmarkt Kwatta,marktactiviteiten,true,high-precision
d3d61ea2-0f11-74bd-aa12-33fda773befa::0b01ee53-10c8-f253-2e37-06da09aa8239,d3d61ea2-0f11-74bd-aa12-33fda773befa,0b01ee53-10c8-f253-2e37-06da09aa8239,video,SR-NA_02_1071,Onbekend,personsRaw,person,person,subsidie,subsidie,subsidie,nas-persons-field,,1,Documentaire van en over de Landbouwmarkt Kwatta,subsidie,true,high-precision
d3d61ea2-0f11-74bd-aa12-33fda773befa::0b01ee53-10c8-f253-2e37-06da09aa8239,d3d61ea2-0f11-74bd-aa12-33fda773befa,0b01ee53-10c8-f253-2e37-06da09aa8239,video,SR-NA_02_1071,Onbekend,personsRaw,person,person,overheidsinstantie. Julio Accord (Camera),overheidsinstantie julio accord camera,overheidsinstantie. Julio Accord (Camera),nas-persons-field,,1,Documentaire van en over de Landbouwmarkt Kwatta,overheidsinstantie. Julio Accord (Camera),true,high-precision
d3d61ea2-0f11-74bd-aa12-33fda773befa::0b01ee53-10c8-f253-2e37-06da09aa8239,d3d61ea2-0f11-74bd-aa12-33fda773befa,0b01ee53-10c8-f253-2e37-06da09aa8239,video,SR-NA_02_1071,Onbekend,personsRaw,person,person,Siegfried Gerlings (narrator),siegfried gerlings narrator,Siegfried Gerlings (narrator),nas-persons-field,,1,Documentaire van en over de Landbouwmarkt Kwatta,Siegfried Gerlings (narrator),true,high-precision
d4046383-08cc-71fa-598a-6168ff0dda0f::844ac0bb-efcb-56a3-c7b4-f2ea79142eaa,d4046383-08cc-71fa-598a-6168ff0dda0f,844ac0bb-efcb-56a3-c7b4-f2ea79142eaa,video,SR-NA_02_1046,Onbekend,description,place,plantation,Industrie,industrie,Industrie,stm-gazetteer,stm-00858,1,Oprichting goederen cooperatie Oceko en gotong royong,peratie gotong rojong Tamanredjo. De minister van Handel en Industrie Jack Tjon Tjin Joe en minister Salam Somohardjo van Sociale Zaken en Volkshuisvesting waren aanwezig bij de opening van,true,high-precision
d55a931a-2561-35ff-0dfa-0f1f8da886af::fabdf5b1-80f3-162e-b3f6-dad0cc19d880,d55a931a-2561-35ff-0dfa-0f1f8da886af,fabdf5b1-80f3-162e-b3f6-dad0cc19d880,video,SR-NA_02_1025,Onbekend,title,place,river,Nickerie,nickerie,Nickerie,stm-gazetteer,stm-00261,1,Optreden brasband in Nickerie,Optreden brasband in Nickerie,true,high-precision
d55a931a-2561-35ff-0dfa-0f1f8da886af::fabdf5b1-80f3-162e-b3f6-dad0cc19d880,d55a931a-2561-35ff-0dfa-0f1f8da886af,fabdf5b1-80f3-162e-b3f6-dad0cc19d880,video,SR-NA_02_1025,Onbekend,description,place,river,Nickerie,nickerie,Nickerie,stm-gazetteer,stm-00261,1,Optreden brasband in Nickerie,"e opvoering door de straten (Gouverneur- en Emmastraat) van Nickerie, welke omgeving ook bekend staat als Trefpunt",true,high-precision
d7b0c50b-b597-9811-c830-fd54a4922564::a235077a-b590-66ae-82a6-365b138540d2,d7b0c50b-b597-9811-c830-fd54a4922564,a235077a-b590-66ae-82a6-365b138540d2,video,SR-NA_02_1066,Onbekend,personsRaw,person,person,Johan Adolf Pengelluchthaven,johan adolf pengelluchthaven,Johan Adolf Pengelluchthaven,nas-persons-field,,1,Braziliaanse minster bezoekt Suriname,Johan Adolf Pengelluchthaven,true,high-precision
d7b0c50b-b597-9811-c830-fd54a4922564::a235077a-b590-66ae-82a6-365b138540d2,d7b0c50b-b597-9811-c830-fd54a4922564,a235077a-b590-66ae-82a6-365b138540d2,video,SR-NA_02_1066,Onbekend,personsRaw,person,person,presidentieel paleis,presidentieel paleis,presidentieel paleis,nas-persons-field,,1,Braziliaanse minster bezoekt Suriname,presidentieel paleis,true,high-precision
d7b0c50b-b597-9811-c830-fd54a4922564::a235077a-b590-66ae-82a6-365b138540d2,d7b0c50b-b597-9811-c830-fd54a4922564,a235077a-b590-66ae-82a6-365b138540d2,video,SR-NA_02_1066,Onbekend,personsRaw,person,person,Hotel Torarica,hotel torarica,Hotel Torarica,nas-persons-field,,1,Braziliaanse minster bezoekt Suriname,Hotel Torarica,true,high-precision
d7b0c50b-b597-9811-c830-fd54a4922564::a235077a-b590-66ae-82a6-365b138540d2,d7b0c50b-b597-9811-c830-fd54a4922564,a235077a-b590-66ae-82a6-365b138540d2,video,SR-NA_02_1066,Onbekend,personsRaw,person,person,Revo plein,revo plein,Revo plein,nas-persons-field,,1,Braziliaanse minster bezoekt Suriname,Revo plein,true,high-precision
d7b0c50b-b597-9811-c830-fd54a4922564::a235077a-b590-66ae-82a6-365b138540d2,d7b0c50b-b597-9811-c830-fd54a4922564,a235077a-b590-66ae-82a6-365b138540d2,video,SR-NA_02_1066,Onbekend,personsRaw,person,person,Hof van Justitie,hof van justitie,Hof van Justitie,nas-persons-field,,1,Braziliaanse minster bezoekt Suriname,Hof van Justitie,true,high-precision
d96c343e-726f-4c86-86a4-9d606b5da131::0e2cf1ba-8108-d7e4-7727-923d6b528514,d96c343e-726f-4c86-86a4-9d606b5da131,0e2cf1ba-8108-d7e4-7727-923d6b528514,image,SR-NA_01_0301,Onbekend,description,place,street,Gravenstraat,gravenstraat,Gravenstraat,paramaribo-street-standardization,,1,Parlementsvergaderzaal,Oud-Parlementsvergaderzaal aan de Gravenstraat. Het vroegere DNA-gebouw en zaal brandde in 1996 af,true,high-precision
da402e15-cd7d-7a5f-a77d-b79954ce2322::0bee74ef-dabb-5913-fca8-dfb74c9b0500,da402e15-cd7d-7a5f-a77d-b79954ce2322,0bee74ef-dabb-5913-fca8-dfb74c9b0500,video,SR-NA_02_0119,,description,place,street,Jodenbreestraat,jodenbreestraat,Jodenbreestraat,paramaribo-street-standardization,,1,Brandweer bluswerkzaamheden Hollandia,t in het gebouw van HJ de Vries aan de Saramaccastraat hoek Jodenbreestraat.,true,high-precision
da402e15-cd7d-7a5f-a77d-b79954ce2322::0bee74ef-dabb-5913-fca8-dfb74c9b0500,da402e15-cd7d-7a5f-a77d-b79954ce2322,0bee74ef-dabb-5913-fca8-dfb74c9b0500,video,SR-NA_02_0119,,description,place,street,Saramaccastraat,saramaccastraat,Saramaccastraat,paramaribo-street-standardization,,1,Brandweer bluswerkzaamheden Hollandia,"llandia, ondergebracht in het gebouw van HJ de Vries aan de Saramaccastraat hoek Jodenbreestraat.",true,high-precision
da52e3a1-fd19-9a9c-af5a-30b8d030b653::0054f714-3327-ce9d-8713-b317f23e5950,da52e3a1-fd19-9a9c-af5a-30b8d030b653,0054f714-3327-ce9d-8713-b317f23e5950,image,SR-NA_03_0007_001,1995,description,place,plantation,Industrie,industrie,Industrie,stm-gazetteer,stm-00858,1,Suralco Magazine-30 jaar Paranam,"ac en Onoribo uitgemijnd, Herstelplannen Surinaamse Bauxiet Industrie, 1986-1987 een periode van zware tegenslagen, 1988 een ommekeer, 1989-1992 een periode van vallen en opstaan, De period",true,high-precision
da52e3a1-fd19-9a9c-af5a-30b8d030b653::0054f714-3327-ce9d-8713-b317f23e5950,da52e3a1-fd19-9a9c-af5a-30b8d030b653,0054f714-3327-ce9d-8713-b317f23e5950,image,SR-NA_03_0007_001,1995,description,place,plantation,Rorac,rorac,Rorac,stm-gazetteer,stm-01880,1,Suralco Magazine-30 jaar Paranam,"Refining/Smelting, Invloeden van OPEC en de Bauxiet-Levy, Rorac en Onoribo uitgemijnd, Herstelplannen Surinaamse Bauxiet Industrie, 1986-1987 een periode van zware tegenslagen, 1988 e",true,high-precision
da6ba10c-5aff-33bf-c121-515ea8d06afb::1b6c8be7-d067-92a1-046e-f092d4ae676f,da6ba10c-5aff-33bf-c121-515ea8d06afb,1b6c8be7-d067-92a1-046e-f092d4ae676f,image,SR-NA_01_0437,1987,personsRaw,person,person,Fred Ramdat Missier,fred ramdat missier,Fred Ramdat Missier,nas-persons-field,,1,Centrale Bank 30 jaar,Fred Ramdat Missier,true,high-precision
da6ba10c-5aff-33bf-c121-515ea8d06afb::1b6c8be7-d067-92a1-046e-f092d4ae676f,da6ba10c-5aff-33bf-c121-515ea8d06afb,1b6c8be7-d067-92a1-046e-f092d4ae676f,image,SR-NA_01_0437,1987,personsRaw,person,person,Jules Wijdenbosch,jules wijdenbosch,Jules Wijdenbosch,nas-persons-field,,1,Centrale Bank 30 jaar,Jules Wijdenbosch,true,high-precision
da6ba10c-5aff-33bf-c121-515ea8d06afb::1b6c8be7-d067-92a1-046e-f092d4ae676f,da6ba10c-5aff-33bf-c121-515ea8d06afb,1b6c8be7-d067-92a1-046e-f092d4ae676f,image,SR-NA_01_0437,1987,personsRaw,person,person,Henk Goedschalk,henk goedschalk,Henk Goedschalk,nas-persons-field,,1,Centrale Bank 30 jaar,Henk Goedschalk,true,high-precision
db2edab0-6ff4-93c3-3fc0-a51edff7767b::6533a7b7-c0aa-35f2-70b9-6bd58d0cc3bd,db2edab0-6ff4-93c3-3fc0-a51edff7767b,6533a7b7-c0aa-35f2-70b9-6bd58d0cc3bd,video,SR-NA_02_0549,Onbekend,title,place,street,Gravenstraat,gravenstraat,Gravenstraat,paramaribo-street-standardization,,1,Beelden verkeerssituatie Gravenstraat en Wanicastraat,Beelden verkeerssituatie Gravenstraat en Wanicastraat,true,high-precision
db2edab0-6ff4-93c3-3fc0-a51edff7767b::6533a7b7-c0aa-35f2-70b9-6bd58d0cc3bd,db2edab0-6ff4-93c3-3fc0-a51edff7767b,6533a7b7-c0aa-35f2-70b9-6bd58d0cc3bd,video,SR-NA_02_0549,Onbekend,title,place,street,Wanicastraat,wanicastraat,Wanicastraat,paramaribo-street-standardization,,1,Beelden verkeerssituatie Gravenstraat en Wanicastraat,Beelden verkeerssituatie Gravenstraat en Wanicastraat,true,high-precision
db2edab0-6ff4-93c3-3fc0-a51edff7767b::6533a7b7-c0aa-35f2-70b9-6bd58d0cc3bd,db2edab0-6ff4-93c3-3fc0-a51edff7767b,6533a7b7-c0aa-35f2-70b9-6bd58d0cc3bd,video,SR-NA_02_0549,Onbekend,description,place,street,Domineestraat,domineestraat,Domineestraat,paramaribo-street-standardization,,1,Beelden verkeerssituatie Gravenstraat en Wanicastraat,"toriseerd verkeer aan de Gravenstraat, Wanicastraat, Nieuwe Domineestraat",true,high-precision
db2edab0-6ff4-93c3-3fc0-a51edff7767b::6533a7b7-c0aa-35f2-70b9-6bd58d0cc3bd,db2edab0-6ff4-93c3-3fc0-a51edff7767b,6533a7b7-c0aa-35f2-70b9-6bd58d0cc3bd,video,SR-NA_02_0549,Onbekend,description,place,street,Gravenstraat,gravenstraat,Gravenstraat,paramaribo-street-standardization,,1,Beelden verkeerssituatie Gravenstraat en Wanicastraat,"Videoshots van het gemotoriseerd verkeer aan de Gravenstraat, Wanicastraat, Nieuwe Domineestraat",true,high-precision
db2edab0-6ff4-93c3-3fc0-a51edff7767b::6533a7b7-c0aa-35f2-70b9-6bd58d0cc3bd,db2edab0-6ff4-93c3-3fc0-a51edff7767b,6533a7b7-c0aa-35f2-70b9-6bd58d0cc3bd,video,SR-NA_02_0549,Onbekend,description,place,street,Nieuwe Domineestraat,nieuwe domineestraat,Nieuwe Domineestraat,paramaribo-street-standardization,,1,Beelden verkeerssituatie Gravenstraat en Wanicastraat,"et gemotoriseerd verkeer aan de Gravenstraat, Wanicastraat, Nieuwe Domineestraat",true,high-precision
db2edab0-6ff4-93c3-3fc0-a51edff7767b::6533a7b7-c0aa-35f2-70b9-6bd58d0cc3bd,db2edab0-6ff4-93c3-3fc0-a51edff7767b,6533a7b7-c0aa-35f2-70b9-6bd58d0cc3bd,video,SR-NA_02_0549,Onbekend,description,place,street,Wanicastraat,wanicastraat,Wanicastraat,paramaribo-street-standardization,,1,Beelden verkeerssituatie Gravenstraat en Wanicastraat,"deoshots van het gemotoriseerd verkeer aan de Gravenstraat, Wanicastraat, Nieuwe Domineestraat",true,high-precision
dc4a759e-e2ea-4991-8bb9-172ad6dca216::f8ad2d4c-dd0f-e0ef-584d-bb6ccd77f7a5,dc4a759e-e2ea-4991-8bb9-172ad6dca216,f8ad2d4c-dd0f-e0ef-584d-bb6ccd77f7a5,image,SR-NA_03_0090,jan-82,description,place,river,Marowijne,marowijne,Marowijne,stm-gazetteer,stm-00363,1,Surinfo-Suriname Informatie No1,anifest van de revolutie mei 1981) Districten Commewijne en Marowijne kregen een districts- raad. Van dolhuis naar psychiatrisch centrum Activiteiten van het ministerie van arbeid in 1981,true,high-precision
de01f4cb-24a2-af75-0c5e-f446bec07c54::b1831429-ccfb-eb1f-bb72-6e2470ecfa6f,de01f4cb-24a2-af75-0c5e-f446bec07c54,b1831429-ccfb-eb1f-bb72-6e2470ecfa6f,video,SR-NA_02_0973,Onbekend,personsRaw,person,person,Sabitrie Gangapersad,sabitrie gangapersad,Sabitrie Gangapersad,nas-persons-field,,1,Culturele show djaran kepan,Sabitrie Gangapersad,true,high-precision
de5ace02-443a-2f48-ed49-3544c0198941::b7230f95-3b8f-837f-3354-5162665da4ec,de5ace02-443a-2f48-ed49-3544c0198941,b7230f95-3b8f-837f-3354-5162665da4ec,video,SR-NA_02_0649,18 februari 1990,title,place,river,Para,para,Para,stm-gazetteer,stm-00290,1,Vicepresident Henk Arron over Para Holding,Vicepresident Henk Arron over Para Holding,true,high-precision
de5ace02-443a-2f48-ed49-3544c0198941::b7230f95-3b8f-837f-3354-5162665da4ec,de5ace02-443a-2f48-ed49-3544c0198941,b7230f95-3b8f-837f-3354-5162665da4ec,video,SR-NA_02_0649,18 februari 1990,description,place,river,Para,para,Para,stm-gazetteer,stm-00290,1,Vicepresident Henk Arron over Para Holding,De drie overige bedrijven van de Para Holdingmaatschappij (die uit vier bedrijven zal bestaan) zijn nog niet geopend. Alleen Pemba Doti NV is vorige week doo,true,high-precision
de5ace02-443a-2f48-ed49-3544c0198941::b7230f95-3b8f-837f-3354-5162665da4ec,de5ace02-443a-2f48-ed49-3544c0198941,b7230f95-3b8f-837f-3354-5162665da4ec,video,SR-NA_02_0649,18 februari 1990,keywords,place,plantation,Industrie,industrie,Industrie,stm-gazetteer,stm-00858,1,Vicepresident Henk Arron over Para Holding,Industrie,true,high-precision
dfd2c649-47d1-4624-47ac-5bc644b7bc78::e91104f5-4618-77bd-ebdf-3a32309c2bd2,dfd2c649-47d1-4624-47ac-5bc644b7bc78,e91104f5-4618-77bd-ebdf-3a32309c2bd2,video,SR-NA_02_0127,Onbekend,description,place,street,Jodenbreestraat,jodenbreestraat,Jodenbreestraat,paramaribo-street-standardization,,1,Straatinterviews hoge prijzen-6,"van goederen in de winkel. Gesprek met winkelier Baynatsah (Jodenbreestraat/Neumanpad), die het afkeurt dat mensen de prijzen opdrijven",true,high-precision
dfd2c649-47d1-4624-47ac-5bc644b7bc78::e91104f5-4618-77bd-ebdf-3a32309c2bd2,dfd2c649-47d1-4624-47ac-5bc644b7bc78,e91104f5-4618-77bd-ebdf-3a32309c2bd2,video,SR-NA_02_0127,Onbekend,keywords,place,street,Jodenbreestraat,jodenbreestraat,Jodenbreestraat,paramaribo-street-standardization,,1,Straatinterviews hoge prijzen-6,huurspons | poedersuiker | koffie | winkelier | Baynatsah | Jodenbreestraat | Neumanpad | oudste supermarkt | volkswinkel | bonafide en malafide handelaren | oude voorraad | oude prijzen,true,high-precision
e02ce514-3431-c953-d213-8a5d84e2432d::ee463bd1-732d-77ae-f185-62ec217c4450,e02ce514-3431-c953-d213-8a5d84e2432d,ee463bd1-732d-77ae-f185-62ec217c4450,image,SR-NA_01_0266,1990,description,place,street,Domineestraat,domineestraat,Domineestraat,paramaribo-street-standardization,,1,Kerstinkopen bij Ali's Drugstore,Kerstinkopen in Ali's Drugstore aan de Domineestraat,true,high-precision
e08d22fa-34f4-d9dc-6a98-ad0a97e41cf8::4d920b63-3ea4-2855-03e4-2a4875073557,e08d22fa-34f4-d9dc-6a98-ad0a97e41cf8,4d920b63-3ea4-2855-03e4-2a4875073557,video,SR-NA_02_0602,September 1987,personsRaw,person,person,Jagernath Lachmon,jagernath lachmon,Jagernath Lachmon,nas-persons-field,,1,Feestvergadering 41 jaar NPS,Jagernath Lachmon,true,high-precision
e08d22fa-34f4-d9dc-6a98-ad0a97e41cf8::4d920b63-3ea4-2855-03e4-2a4875073557,e08d22fa-34f4-d9dc-6a98-ad0a97e41cf8,4d920b63-3ea4-2855-03e4-2a4875073557,video,SR-NA_02_0602,September 1987,personsRaw,person,person,Willy Soemita,willy soemita,Willy Soemita,nas-persons-field,,1,Feestvergadering 41 jaar NPS,Willy Soemita,true,high-precision
e08d22fa-34f4-d9dc-6a98-ad0a97e41cf8::4d920b63-3ea4-2855-03e4-2a4875073557,e08d22fa-34f4-d9dc-6a98-ad0a97e41cf8,4d920b63-3ea4-2855-03e4-2a4875073557,video,SR-NA_02_0602,September 1987,personsRaw,person,person,Otmar Rodgers,otmar rodgers,Otmar Rodgers,nas-persons-field,,1,Feestvergadering 41 jaar NPS,Otmar Rodgers,true,high-precision
e187ccee-e2e9-4fe8-ba5d-f51db418f86d::472bb819-60ef-e76d-96e1-ca861954e3c2,e187ccee-e2e9-4fe8-ba5d-f51db418f86d,472bb819-60ef-e76d-96e1-ca861954e3c2,image,SR-NA_01_0168,18 april 1970,description,place,street,Waterkant,waterkant,Waterkant,paramaribo-street-standardization,,1,Opening Centrale Markt,Opening nieuwe Centrale Markt aan de Waterkant door Minister Just Rens van Economische Zaken,true,high-precision
e1e501cb-4197-48b1-9b3f-0ac1dd2abc77::2188936f-3629-ef71-18ee-a7aeea3259c9,e1e501cb-4197-48b1-9b3f-0ac1dd2abc77,2188936f-3629-ef71-18ee-a7aeea3259c9,image,SR-NA_01_0174,1969,description,place,street,Waterkant,waterkant,Waterkant,paramaribo-street-standardization,,1,Minister Rens naar Centrale Markt,Bezoek Minister Just Rens aan de Centrale Markt aan de waterkant,true,high-precision
e2e71eec-aa7d-3efa-5e5e-bf262768d064::376edbb8-c54e-50f2-66a7-9a680ab9ddb4,e2e71eec-aa7d-3efa-5e5e-bf262768d064,376edbb8-c54e-50f2-66a7-9a680ab9ddb4,video,SR-NA_02_0082,1990,keywords,place,street,Kwatta,kwatta,Kwatta,paramaribo-street-standardization,,1,Bouw Filtergebouw Weekjournaal,Filtergebouw | Kwatta,true,high-precision
e444c3e1-77f6-d280-c053-525c0952184f::8a6aac08-bd5f-98d2-3245-467631cc5106,e444c3e1-77f6-d280-c053-525c0952184f,8a6aac08-bd5f-98d2-3245-467631cc5106,image,SR-NA_01_0282,1902-1914,description,place,street,Heerenstraat,heerenstraat,Herenstraat,paramaribo-street-standardization,,1,Fotocollectie Adriaan Versluys,ilderij). Ook wordt een woning gehuurd in Paramaribo aan de Heerenstraat A75 (oude nummering). De losse foto's bestrijken de gehele periode 1902-1914,true,high-precision
e7109ce5-b582-6b66-8b9a-fcefdd7bcfbb::2ebe7251-7883-2ffe-34d5-129bccd32ff1,e7109ce5-b582-6b66-8b9a-fcefdd7bcfbb,2ebe7251-7883-2ffe-34d5-129bccd32ff1,image,SR-NA_01_1092,,description,place,river,Para,para,Para,stm-gazetteer,stm-00290,1,Cassavefabriek in deplorabele en verlaten staat,"de cassavefabriek, die in 2012 werd geopend in het district Para te Zanderij 1. “Heel wat materialen, die daar gebruikt zijn bij het opzetten van de fabriek, voldoen niet aan de voedse",true,high-precision
e714cd72-8e86-3f5c-bbd6-132b6a2fef04::5e93c6a8-231f-4770-a75e-f5674b04e51f,e714cd72-8e86-3f5c-bbd6-132b6a2fef04,5e93c6a8-231f-4770-a75e-f5674b04e51f,video,SR-NA_02_0997,25-11-2002,personsRaw,person,person,Cliff Djamin,cliff djamin,Cliff Djamin,nas-persons-field,,1,Interview met Shaam Sardjoe en Robby Makka,Cliff Djamin,true,high-precision
e7290fef-fb20-7189-4308-e0238bb09df9::ab54bd96-7250-c872-95ff-39b9bcce1683,e7290fef-fb20-7189-4308-e0238bb09df9,ab54bd96-7250-c872-95ff-39b9bcce1683,video,SR-NA_02_1351,Onbekend,personsRaw,person,person,Desi Bouterse,desi bouterse,Desi Bouterse,nas-persons-field,,1,Registratie van Bouterse als kiesgerechtigde,Desi Bouterse,true,high-precision
e7a7ff6a-7680-e27b-8720-7844126b4d45::a4c2ea39-916c-aaf2-b0f3-702237fac68e,e7a7ff6a-7680-e27b-8720-7844126b4d45,a4c2ea39-916c-aaf2-b0f3-702237fac68e,video,SR-NA_02_0981,15 januari 2004,personsRaw,person,person,Rinia Codfried-Kranenburg,rinia codfried-kranenburg,Rinia Codfried-Kranenburg,nas-persons-field,,1,Interview met Isaac Soerokarso chef Pr en klantenservice douanedienst,Rinia Codfried-Kranenburg,true,high-precision
e7a7ff6a-7680-e27b-8720-7844126b4d45::a4c2ea39-916c-aaf2-b0f3-702237fac68e,e7a7ff6a-7680-e27b-8720-7844126b4d45,a4c2ea39-916c-aaf2-b0f3-702237fac68e,video,SR-NA_02_0981,15 januari 2004,personsRaw,person,person,Walter Sandriman,walter sandriman,Walter Sandriman,nas-persons-field,,1,Interview met Isaac Soerokarso chef Pr en klantenservice douanedienst,Walter Sandriman,true,high-precision
e7a7ff6a-7680-e27b-8720-7844126b4d45::a4c2ea39-916c-aaf2-b0f3-702237fac68e,e7a7ff6a-7680-e27b-8720-7844126b4d45,a4c2ea39-916c-aaf2-b0f3-702237fac68e,video,SR-NA_02_0981,15 januari 2004,personsRaw,person,person,Rakieb Khudabux,rakieb khudabux,Rakieb Khudabux,nas-persons-field,,1,Interview met Isaac Soerokarso chef Pr en klantenservice douanedienst,Rakieb Khudabux,true,high-precision
e7a7ff6a-7680-e27b-8720-7844126b4d45::a4c2ea39-916c-aaf2-b0f3-702237fac68e,e7a7ff6a-7680-e27b-8720-7844126b4d45,a4c2ea39-916c-aaf2-b0f3-702237fac68e,video,SR-NA_02_0981,15 januari 2004,personsRaw,person,person,Romeo van Russel,romeo van russel,Romeo van Russel,nas-persons-field,,1,Interview met Isaac Soerokarso chef Pr en klantenservice douanedienst,Romeo van Russel,true,high-precision
e7a7ff6a-7680-e27b-8720-7844126b4d45::a4c2ea39-916c-aaf2-b0f3-702237fac68e,e7a7ff6a-7680-e27b-8720-7844126b4d45,a4c2ea39-916c-aaf2-b0f3-702237fac68e,video,SR-NA_02_0981,15 januari 2004,personsRaw,person,person,Ravin Changoer,ravin changoer,Ravin Changoer,nas-persons-field,,1,Interview met Isaac Soerokarso chef Pr en klantenservice douanedienst,Ravin Changoer,true,high-precision
e7a7ff6a-7680-e27b-8720-7844126b4d45::a4c2ea39-916c-aaf2-b0f3-702237fac68e,e7a7ff6a-7680-e27b-8720-7844126b4d45,a4c2ea39-916c-aaf2-b0f3-702237fac68e,video,SR-NA_02_0981,15 januari 2004,personsRaw,person,person,Manodj Hindorie,manodj hindorie,Manodj Hindorie,nas-persons-field,,1,Interview met Isaac Soerokarso chef Pr en klantenservice douanedienst,Manodj Hindorie,true,high-precision
e7d6b0c7-bfa4-470d-a441-862c2cc8e8c7::cc608ea2-345e-04ef-a25a-3267f7d012e6,e7d6b0c7-bfa4-470d-a441-862c2cc8e8c7,cc608ea2-345e-04ef-a25a-3267f7d012e6,image,SR-NA_01_0216,Onbekend,description,place,river,Para,para,Para,stm-gazetteer,stm-00290,1,Saronbrug,"Saronbrug, in het district Para, is onderdeel van de zuidelijke Oost-westverbinding die loopt langs de dorpen Pikin Saron, Witagron, en eindigt te Apoe",true,high-precision
e7d6b0c7-bfa4-470d-a441-862c2cc8e8c7::cc608ea2-345e-04ef-a25a-3267f7d012e6,e7d6b0c7-bfa4-470d-a441-862c2cc8e8c7,cc608ea2-345e-04ef-a25a-3267f7d012e6,image,SR-NA_01_0216,Onbekend,description,place,plantation,Pikin Saron,pikin saron,Pikin Saron,stm-gazetteer,stm-02258,1,Saronbrug,"de zuidelijke Oost-westverbinding die loopt langs de dorpen Pikin Saron, Witagron, en eindigt te Apoera. Relatief dichtbij de weg bevinden zich de inheemse dorpen Matta en Bigi Poika.",true,high-precision
e89326fa-60d2-b640-eeff-babfdca572e5::34c6401f-e810-4d8c-4993-dbe98ffe9cd4,e89326fa-60d2-b640-eeff-babfdca572e5,34c6401f-e810-4d8c-4993-dbe98ffe9cd4,video,SR-NA_02_1011,Onbekend,personsRaw,person,person,George Radjkoemar,george radjkoemar,George Radjkoemar,nas-persons-field,,1,Minister Paul Somohardjo in DNA over stichting Simba,George Radjkoemar,true,high-precision
e936e9dd-f329-42fc-ae16-9b21d97e3bce::068f0a2d-5360-baae-56b8-d4e95f0532c9,e936e9dd-f329-42fc-ae16-9b21d97e3bce,068f0a2d-5360-baae-56b8-d4e95f0532c9,image,SR-NA_01_0312,Onbekend,description,place,street,Gouvernementsplein,gouvernementsplein,Gouvernementsplein,paramaribo-street-standardization,,1,Onafhankelijkheidsplein,"splein ligt in Paramaribo. Voor 1975 werd het plein ook het Gouvernementsplein, het Oranjeplein of het Paradeplein genoemd.",true,high-precision
e936e9dd-f329-42fc-ae16-9b21d97e3bce::068f0a2d-5360-baae-56b8-d4e95f0532c9,e936e9dd-f329-42fc-ae16-9b21d97e3bce,068f0a2d-5360-baae-56b8-d4e95f0532c9,image,SR-NA_01_0312,Onbekend,description,place,street,Het Plein,het plein,Gouvernementsplein,paramaribo-street-standardization,,1,Onafhankelijkheidsplein,"Onafhankelijkheidsplein ligt in Paramaribo. Voor 1975 werd het plein ook het Gouvernementsplein, het Oranjeplein of het Paradeplein genoemd.",true,high-precision
e936e9dd-f329-42fc-ae16-9b21d97e3bce::068f0a2d-5360-baae-56b8-d4e95f0532c9,e936e9dd-f329-42fc-ae16-9b21d97e3bce,068f0a2d-5360-baae-56b8-d4e95f0532c9,image,SR-NA_01_0312,Onbekend,description,place,street,Plein,plein,Gouvernementsplein,paramaribo-street-standardization,,1,Onafhankelijkheidsplein,"Het Onafhankelijkheidsplein ligt in Paramaribo. Voor 1975 werd het plein ook het Gouvernementsplein, het Oranjeplein of het Paradeplein genoemd.",true,high-precision
e969dfa4-cba3-ef73-1087-85b4092bd564::f40956d5-4401-a366-5d38-8749583c05f9,e969dfa4-cba3-ef73-1087-85b4092bd564,f40956d5-4401-a366-5d38-8749583c05f9,video,SR-NA_02_0809_001,Onbekend,personsRaw,person,person,Glenne Truideman,glenne truideman,Glenne Truideman,nas-persons-field,,1,DNA vergadering over WAM,Glenne Truideman,true,high-precision
ebc50442-9e41-5088-8945-3040b148ce74::4341c6bf-7f56-5b3b-f201-7a217d1927f2,ebc50442-9e41-5088-8945-3040b148ce74,4341c6bf-7f56-5b3b-f201-7a217d1927f2,image,SR-NA_03_0007_060,2000,description,place,street,Wanica,wanica,Wanica,paramaribo-street-standardization,,1,"Suralco magazine, 2000 vol. 23 nr. 1","De districten Commewijne, Wanica, Brokopondo, Sipaliwini.",true,high-precision
ebc50442-9e41-5088-8945-3040b148ce74::4341c6bf-7f56-5b3b-f201-7a217d1927f2,ebc50442-9e41-5088-8945-3040b148ce74,4341c6bf-7f56-5b3b-f201-7a217d1927f2,image,SR-NA_03_0007_060,2000,keywords,place,street,Wanica,wanica,Wanica,paramaribo-street-standardization,,1,"Suralco magazine, 2000 vol. 23 nr. 1",De districten Commewijne | Wanica | Brokopondo | Sipaliwini.,true,high-precision
ec1dee09-b6a0-4829-f637-abb9bb27a8fc::576ff3e3-ed8b-febb-0661-0392bcc097a3,ec1dee09-b6a0-4829-f637-abb9bb27a8fc,576ff3e3-ed8b-febb-0661-0392bcc097a3,video,SR-NA_02_1043_001,Onbekend,personsRaw,person,person,Cliff Djamin,cliff djamin,Cliff Djamin,nas-persons-field,,1,Minister Stanley Raghoebarsing over beleid Plos deel 2,Cliff Djamin,true,high-precision
ec6a878e-8825-81d6-13c4-d48237f2380f::be554df7-e863-fbe5-8be1-24a30a1e2baf,ec6a878e-8825-81d6-13c4-d48237f2380f,be554df7-e863-fbe5-8be1-24a30a1e2baf,video,SR-NA_02_1084,Onbekend,personsRaw,person,person,Streekziekenhuis Nickerie,streekziekenhuis nickerie,Streekziekenhuis Nickerie,nas-persons-field,,1,Minister Rakieb khodabux over de gezondheidzorg,Streekziekenhuis Nickerie,true,high-precision
ec6a878e-8825-81d6-13c4-d48237f2380f::be554df7-e863-fbe5-8be1-24a30a1e2baf,ec6a878e-8825-81d6-13c4-d48237f2380f,be554df7-e863-fbe5-8be1-24a30a1e2baf,video,SR-NA_02_1084,Onbekend,personsRaw,person,person,binnenland,binnenland,binnenland,nas-persons-field,,1,Minister Rakieb khodabux over de gezondheidzorg,binnenland,true,high-precision
ec6a878e-8825-81d6-13c4-d48237f2380f::be554df7-e863-fbe5-8be1-24a30a1e2baf,ec6a878e-8825-81d6-13c4-d48237f2380f,be554df7-e863-fbe5-8be1-24a30a1e2baf,video,SR-NA_02_1084,Onbekend,personsRaw,person,person,beleid,beleid,beleid,nas-persons-field,,1,Minister Rakieb khodabux over de gezondheidzorg,beleid,true,high-precision
ec6a878e-8825-81d6-13c4-d48237f2380f::be554df7-e863-fbe5-8be1-24a30a1e2baf,ec6a878e-8825-81d6-13c4-d48237f2380f,be554df7-e863-fbe5-8be1-24a30a1e2baf,video,SR-NA_02_1084,Onbekend,personsRaw,person,person,preventieve zorg,preventieve zorg,preventieve zorg,nas-persons-field,,1,Minister Rakieb khodabux over de gezondheidzorg,preventieve zorg,true,high-precision
ec6a878e-8825-81d6-13c4-d48237f2380f::be554df7-e863-fbe5-8be1-24a30a1e2baf,ec6a878e-8825-81d6-13c4-d48237f2380f,be554df7-e863-fbe5-8be1-24a30a1e2baf,video,SR-NA_02_1084,Onbekend,personsRaw,person,person,vaccinatie,vaccinatie,vaccinatie,nas-persons-field,,1,Minister Rakieb khodabux over de gezondheidzorg,vaccinatie,true,high-precision
ec6a878e-8825-81d6-13c4-d48237f2380f::be554df7-e863-fbe5-8be1-24a30a1e2baf,ec6a878e-8825-81d6-13c4-d48237f2380f,be554df7-e863-fbe5-8be1-24a30a1e2baf,video,SR-NA_02_1084,Onbekend,personsRaw,person,person,minder ellende,minder ellende,minder ellende,nas-persons-field,,1,Minister Rakieb khodabux over de gezondheidzorg,minder ellende,true,high-precision
ec6a878e-8825-81d6-13c4-d48237f2380f::be554df7-e863-fbe5-8be1-24a30a1e2baf,ec6a878e-8825-81d6-13c4-d48237f2380f,be554df7-e863-fbe5-8be1-24a30a1e2baf,video,SR-NA_02_1084,Onbekend,personsRaw,person,person,malaria-probleem.,malaria-probleem,malaria-probleem.,nas-persons-field,,1,Minister Rakieb khodabux over de gezondheidzorg,malaria-probleem.,true,high-precision
ed463c3d-1a18-2465-3278-cea2b3cfb11a::7c116249-9b0c-2af6-d763-e6425064ed78,ed463c3d-1a18-2465-3278-cea2b3cfb11a,7c116249-9b0c-2af6-d763-e6425064ed78,video,SR-NA_02_0959_002_001-005,2002,personsRaw,person,person,Cliff Djamin,cliff djamin,Cliff Djamin,nas-persons-field,,1,Nationale dialoog deel 2B,Cliff Djamin,true,high-precision
ed5b5963-80db-9c8f-d731-6827ae116f27::460b292e-7247-1d25-ed81-84f26ee9c042,ed5b5963-80db-9c8f-d731-6827ae116f27,460b292e-7247-1d25-ed81-84f26ee9c042,image,SR-NA_01_0256,1990,description,place,street,Saramaccastraat,saramaccastraat,Saramaccastraat,paramaribo-street-standardization,,1,Centrale Markt,Gebouw van de Centrale Markt aan de Saramaccastraat,true,high-precision
ed9546b3-4770-77cf-0087-c99d859aa54f::d0cf146d-3301-430f-8356-451d4fc0c393,ed9546b3-4770-77cf-0087-c99d859aa54f,d0cf146d-3301-430f-8356-451d4fc0c393,image,SR-NA_03_089_025,Juli-1975,description,place,river,Nickerie,nickerie,Nickerie,stm-gazetteer,stm-00261,1,"Suriname nieuwsbrief, 30 juni tot en met 6 juli","te nemen bij KRIJGSMACHT Versnelde aanpak voorzieningen in Nickerie Activiteiten voor ontwatering kustgebied Waterleiding in coronie ondergaat uitbreiding, Premier Henck Arron zendt jayce",true,high-precision
ee3a3811-72d2-a345-1fdf-9c0fe7265879::21cffc42-2847-316c-8160-5995f80e9069,ee3a3811-72d2-a345-1fdf-9c0fe7265879,21cffc42-2847-316c-8160-5995f80e9069,image,SR-NA_01_0283_005,1980,description,place,street,Gravenstraat,gravenstraat,Gravenstraat,paramaribo-street-standardization,,1,Theater Thalia,In december 1837 werd voor 846 gulden het terrein tussen de Gravenstraat en de Dr. J. F. Nassylaan 4 (toen nog Wagenwegstraat genoemd) gekocht en op 9 juni 1838 werd door voorzitter N. G. Vlie,true,high-precision
ee3a3811-72d2-a345-1fdf-9c0fe7265879::21cffc42-2847-316c-8160-5995f80e9069,ee3a3811-72d2-a345-1fdf-9c0fe7265879,21cffc42-2847-316c-8160-5995f80e9069,image,SR-NA_01_0283_005,1980,description,place,street,Wagenwegstraat,wagenwegstraat,Wagenwegstraat,paramaribo-street-standardization,,1,Theater Thalia,ussen de Gravenstraat en de Dr. J. F. Nassylaan 4 (toen nog Wagenwegstraat genoemd) gekocht en op 9 juni 1838 werd door voorzitter N. G. Vlier de eerste steen gelegd voor het eigen theater (bron,true,high-precision
eee2f4a2-d638-6a34-cb05-b6f1e67a7a45::32656af9-afb6-2885-1262-f556ce109650,eee2f4a2-d638-6a34-cb05-b6f1e67a7a45,32656af9-afb6-2885-1262-f556ce109650,video,NAS_062______-NAS3000NAME,1 september 1977,personsRaw,person,person,Johan Ferrier,johan ferrier,Johan Ferrier,nas-persons-field,,1,Films_Johan_Henri_Eliza_Ferrier_06,Johan Ferrier,true,high-precision
eeebc6f0-9216-261a-5f77-166c4dd860a0::26eb9b10-2dc6-f1a6-9754-5c73ceb56e8b,eeebc6f0-9216-261a-5f77-166c4dd860a0,26eb9b10-2dc6-f1a6-9754-5c73ceb56e8b,video,SR-NA_02_0872,7 mei 1988,description,place,plantation,Industrie,industrie,Industrie,stm-gazetteer,stm-00858,1,Vliegverbinding Paramaribo-Willemstad hervat,het toestel. Minister Wilfred Greb van Transport Handel en Industrie en leden van de Antilliaanse onderhandelingsdelegatie behoorden tot het gezelschap dat op Zanderij aanwezig was,true,high-precision
ef1f0874-b00a-5e1f-1342-862838ec63ac::ed68a87c-cbd1-ada1-9163-95a2d1c1ba3d,ef1f0874-b00a-5e1f-1342-862838ec63ac,ed68a87c-cbd1-ada1-9163-95a2d1c1ba3d,video,SR-NA_02_1032_002,1988,personsRaw,person,person,Componisten: 1. Ruth Koenders,componisten 1 ruth koenders,Componisten: 1. Ruth Koenders,nas-persons-field,,1,Suripop-5 1988 deel 2,Componisten: 1. Ruth Koenders,true,high-precision
ef1f0874-b00a-5e1f-1342-862838ec63ac::ed68a87c-cbd1-ada1-9163-95a2d1c1ba3d,ef1f0874-b00a-5e1f-1342-862838ec63ac,ed68a87c-cbd1-ada1-9163-95a2d1c1ba3d,video,SR-NA_02_1032_002,1988,personsRaw,person,person,Dren Kon Tru,dren kon tru,Dren Kon Tru,nas-persons-field,,1,Suripop-5 1988 deel 2,Dren Kon Tru,true,high-precision
ef1f0874-b00a-5e1f-1342-862838ec63ac::ed68a87c-cbd1-ada1-9163-95a2d1c1ba3d,ef1f0874-b00a-5e1f-1342-862838ec63ac,ed68a87c-cbd1-ada1-9163-95a2d1c1ba3d,video,SR-NA_02_1032_002,1988,personsRaw,person,person,zang: Lucretia Muringen,zang lucretia muringen,zang: Lucretia Muringen,nas-persons-field,,1,Suripop-5 1988 deel 2,zang: Lucretia Muringen,true,high-precision
ef1f0874-b00a-5e1f-1342-862838ec63ac::ed68a87c-cbd1-ada1-9163-95a2d1c1ba3d,ef1f0874-b00a-5e1f-1342-862838ec63ac,ed68a87c-cbd1-ada1-9163-95a2d1c1ba3d,video,SR-NA_02_1032_002,1988,personsRaw,person,person,2. Johan Herbert,2 johan herbert,2. Johan Herbert,nas-persons-field,,1,Suripop-5 1988 deel 2,2. Johan Herbert,true,high-precision
ef1f0874-b00a-5e1f-1342-862838ec63ac::ed68a87c-cbd1-ada1-9163-95a2d1c1ba3d,ef1f0874-b00a-5e1f-1342-862838ec63ac,ed68a87c-cbd1-ada1-9163-95a2d1c1ba3d,video,SR-NA_02_1032_002,1988,personsRaw,person,person,Yu Fosi Lobi,yu fosi lobi,Yu Fosi Lobi,nas-persons-field,,1,Suripop-5 1988 deel 2,Yu Fosi Lobi,true,high-precision
ef1f0874-b00a-5e1f-1342-862838ec63ac::ed68a87c-cbd1-ada1-9163-95a2d1c1ba3d,ef1f0874-b00a-5e1f-1342-862838ec63ac,ed68a87c-cbd1-ada1-9163-95a2d1c1ba3d,video,SR-NA_02_1032_002,1988,personsRaw,person,person,zang: Darl Filemon,zang darl filemon,zang: Darl Filemon,nas-persons-field,,1,Suripop-5 1988 deel 2,zang: Darl Filemon,true,high-precision
ef1f0874-b00a-5e1f-1342-862838ec63ac::ed68a87c-cbd1-ada1-9163-95a2d1c1ba3d,ef1f0874-b00a-5e1f-1342-862838ec63ac,ed68a87c-cbd1-ada1-9163-95a2d1c1ba3d,video,SR-NA_02_1032_002,1988,personsRaw,person,person,3. Vincent Hooplot,3 vincent hooplot,3. Vincent Hooplot,nas-persons-field,,1,Suripop-5 1988 deel 2,3. Vincent Hooplot,true,high-precision
ef1f0874-b00a-5e1f-1342-862838ec63ac::ed68a87c-cbd1-ada1-9163-95a2d1c1ba3d,ef1f0874-b00a-5e1f-1342-862838ec63ac,ed68a87c-cbd1-ada1-9163-95a2d1c1ba3d,video,SR-NA_02_1032_002,1988,personsRaw,person,person,Mi Swit Presi,mi swit presi,Mi Swit Presi,nas-persons-field,,1,Suripop-5 1988 deel 2,Mi Swit Presi,true,high-precision
ef1f0874-b00a-5e1f-1342-862838ec63ac::ed68a87c-cbd1-ada1-9163-95a2d1c1ba3d,ef1f0874-b00a-5e1f-1342-862838ec63ac,ed68a87c-cbd1-ada1-9163-95a2d1c1ba3d,video,SR-NA_02_1032_002,1988,personsRaw,person,person,zang: Roy van Ommeren,zang roy van ommeren,zang: Roy van Ommeren,nas-persons-field,,1,Suripop-5 1988 deel 2,zang: Roy van Ommeren,true,high-precision
ef1f0874-b00a-5e1f-1342-862838ec63ac::ed68a87c-cbd1-ada1-9163-95a2d1c1ba3d,ef1f0874-b00a-5e1f-1342-862838ec63ac,ed68a87c-cbd1-ada1-9163-95a2d1c1ba3d,video,SR-NA_02_1032_002,1988,personsRaw,person,person,4. Hugo Landolf,4 hugo landolf,4. Hugo Landolf,nas-persons-field,,1,Suripop-5 1988 deel 2,4. Hugo Landolf,true,high-precision
ef1f0874-b00a-5e1f-1342-862838ec63ac::ed68a87c-cbd1-ada1-9163-95a2d1c1ba3d,ef1f0874-b00a-5e1f-1342-862838ec63ac,ed68a87c-cbd1-ada1-9163-95a2d1c1ba3d,video,SR-NA_02_1032_002,1988,personsRaw,person,person,Still I Love You Mister Drunker,still i love you mister drunker,Still I Love You Mister Drunker,nas-persons-field,,1,Suripop-5 1988 deel 2,Still I Love You Mister Drunker,true,high-precision
ef1f0874-b00a-5e1f-1342-862838ec63ac::ed68a87c-cbd1-ada1-9163-95a2d1c1ba3d,ef1f0874-b00a-5e1f-1342-862838ec63ac,ed68a87c-cbd1-ada1-9163-95a2d1c1ba3d,video,SR-NA_02_1032_002,1988,personsRaw,person,person,zang: Reguillio Alberg,zang reguillio alberg,zang: Reguillio Alberg,nas-persons-field,,1,Suripop-5 1988 deel 2,zang: Reguillio Alberg,true,high-precision
ef1f0874-b00a-5e1f-1342-862838ec63ac::ed68a87c-cbd1-ada1-9163-95a2d1c1ba3d,ef1f0874-b00a-5e1f-1342-862838ec63ac,ed68a87c-cbd1-ada1-9163-95a2d1c1ba3d,video,SR-NA_02_1032_002,1988,personsRaw,person,person,5. Albert Bergen,5 albert bergen,5. Albert Bergen,nas-persons-field,,1,Suripop-5 1988 deel 2,5. Albert Bergen,true,high-precision
ef1f0874-b00a-5e1f-1342-862838ec63ac::ed68a87c-cbd1-ada1-9163-95a2d1c1ba3d,ef1f0874-b00a-5e1f-1342-862838ec63ac,ed68a87c-cbd1-ada1-9163-95a2d1c1ba3d,video,SR-NA_02_1032_002,1988,personsRaw,person,person,Lonely Game,lonely game,Lonely Game,nas-persons-field,,1,Suripop-5 1988 deel 2,Lonely Game,true,high-precision
ef1f0874-b00a-5e1f-1342-862838ec63ac::ed68a87c-cbd1-ada1-9163-95a2d1c1ba3d,ef1f0874-b00a-5e1f-1342-862838ec63ac,ed68a87c-cbd1-ada1-9163-95a2d1c1ba3d,video,SR-NA_02_1032_002,1988,personsRaw,person,person,zang: Delano Weltevreden,zang delano weltevreden,zang: Delano Weltevreden,nas-persons-field,,1,Suripop-5 1988 deel 2,zang: Delano Weltevreden,true,high-precision
ef1f0874-b00a-5e1f-1342-862838ec63ac::ed68a87c-cbd1-ada1-9163-95a2d1c1ba3d,ef1f0874-b00a-5e1f-1342-862838ec63ac,ed68a87c-cbd1-ada1-9163-95a2d1c1ba3d,video,SR-NA_02_1032_002,1988,personsRaw,person,person,6. Erik Refos/Siegfried Geerling,6 erik refos siegfried geerling,6. Erik Refos/Siegfried Geerling,nas-persons-field,,1,Suripop-5 1988 deel 2,6. Erik Refos/Siegfried Geerling,true,high-precision
ef1f0874-b00a-5e1f-1342-862838ec63ac::ed68a87c-cbd1-ada1-9163-95a2d1c1ba3d,ef1f0874-b00a-5e1f-1342-862838ec63ac,ed68a87c-cbd1-ada1-9163-95a2d1c1ba3d,video,SR-NA_02_1032_002,1988,personsRaw,person,person,Brasa Mi,brasa mi,Brasa Mi,nas-persons-field,,1,Suripop-5 1988 deel 2,Brasa Mi,true,high-precision
ef1f0874-b00a-5e1f-1342-862838ec63ac::ed68a87c-cbd1-ada1-9163-95a2d1c1ba3d,ef1f0874-b00a-5e1f-1342-862838ec63ac,ed68a87c-cbd1-ada1-9163-95a2d1c1ba3d,video,SR-NA_02_1032_002,1988,personsRaw,person,person,zang: Paul Ameerali & Silvy Singoredjo,zang paul ameerali silvy singoredjo,zang: Paul Ameerali & Silvy Singoredjo,nas-persons-field,,1,Suripop-5 1988 deel 2,zang: Paul Ameerali & Silvy Singoredjo,true,high-precision
ef1f0874-b00a-5e1f-1342-862838ec63ac::ed68a87c-cbd1-ada1-9163-95a2d1c1ba3d,ef1f0874-b00a-5e1f-1342-862838ec63ac,ed68a87c-cbd1-ada1-9163-95a2d1c1ba3d,video,SR-NA_02_1032_002,1988,personsRaw,person,person,7. Hugo Landolf,7 hugo landolf,7. Hugo Landolf,nas-persons-field,,1,Suripop-5 1988 deel 2,7. Hugo Landolf,true,high-precision
ef1f0874-b00a-5e1f-1342-862838ec63ac::ed68a87c-cbd1-ada1-9163-95a2d1c1ba3d,ef1f0874-b00a-5e1f-1342-862838ec63ac,ed68a87c-cbd1-ada1-9163-95a2d1c1ba3d,video,SR-NA_02_1032_002,1988,personsRaw,person,person,Still I Love You,still i love you,Still I Love You,nas-persons-field,,1,Suripop-5 1988 deel 2,Still I Love You,true,high-precision
ef1f0874-b00a-5e1f-1342-862838ec63ac::ed68a87c-cbd1-ada1-9163-95a2d1c1ba3d,ef1f0874-b00a-5e1f-1342-862838ec63ac,ed68a87c-cbd1-ada1-9163-95a2d1c1ba3d,video,SR-NA_02_1032_002,1988,personsRaw,person,person,8. Harold Gessel,8 harold gessel,8. Harold Gessel,nas-persons-field,,1,Suripop-5 1988 deel 2,8. Harold Gessel,true,high-precision
ef1f0874-b00a-5e1f-1342-862838ec63ac::ed68a87c-cbd1-ada1-9163-95a2d1c1ba3d,ef1f0874-b00a-5e1f-1342-862838ec63ac,ed68a87c-cbd1-ada1-9163-95a2d1c1ba3d,video,SR-NA_02_1032_002,1988,personsRaw,person,person,Sondro Yu,sondro yu,Sondro Yu,nas-persons-field,,1,Suripop-5 1988 deel 2,Sondro Yu,true,high-precision
ef1f0874-b00a-5e1f-1342-862838ec63ac::ed68a87c-cbd1-ada1-9163-95a2d1c1ba3d,ef1f0874-b00a-5e1f-1342-862838ec63ac,ed68a87c-cbd1-ada1-9163-95a2d1c1ba3d,video,SR-NA_02_1032_002,1988,personsRaw,person,person,zang: Jimmy Westfa,zang jimmy westfa,zang: Jimmy Westfa,nas-persons-field,,1,Suripop-5 1988 deel 2,zang: Jimmy Westfa,true,high-precision
ef1f0874-b00a-5e1f-1342-862838ec63ac::ed68a87c-cbd1-ada1-9163-95a2d1c1ba3d,ef1f0874-b00a-5e1f-1342-862838ec63ac,ed68a87c-cbd1-ada1-9163-95a2d1c1ba3d,video,SR-NA_02_1032_002,1988,personsRaw,person,person,9. Raymond Amatoemar,9 raymond amatoemar,9. Raymond Amatoemar,nas-persons-field,,1,Suripop-5 1988 deel 2,9. Raymond Amatoemar,true,high-precision
ef1f0874-b00a-5e1f-1342-862838ec63ac::ed68a87c-cbd1-ada1-9163-95a2d1c1ba3d,ef1f0874-b00a-5e1f-1342-862838ec63ac,ed68a87c-cbd1-ada1-9163-95a2d1c1ba3d,video,SR-NA_02_1032_002,1988,personsRaw,person,person,Gi Yu Nanga Mi,gi yu nanga mi,Gi Yu Nanga Mi,nas-persons-field,,1,Suripop-5 1988 deel 2,Gi Yu Nanga Mi,true,high-precision
ef1f0874-b00a-5e1f-1342-862838ec63ac::ed68a87c-cbd1-ada1-9163-95a2d1c1ba3d,ef1f0874-b00a-5e1f-1342-862838ec63ac,ed68a87c-cbd1-ada1-9163-95a2d1c1ba3d,video,SR-NA_02_1032_002,1988,personsRaw,person,person,zang,zang,zang,nas-persons-field,,1,Suripop-5 1988 deel 2,zang,true,high-precision
ef1f0874-b00a-5e1f-1342-862838ec63ac::ed68a87c-cbd1-ada1-9163-95a2d1c1ba3d,ef1f0874-b00a-5e1f-1342-862838ec63ac,ed68a87c-cbd1-ada1-9163-95a2d1c1ba3d,video,SR-NA_02_1032_002,1988,personsRaw,person,person,Silvy Singoredjo,silvy singoredjo,Silvy Singoredjo,nas-persons-field,,1,Suripop-5 1988 deel 2,Silvy Singoredjo,true,high-precision
ef1f0874-b00a-5e1f-1342-862838ec63ac::ed68a87c-cbd1-ada1-9163-95a2d1c1ba3d,ef1f0874-b00a-5e1f-1342-862838ec63ac,ed68a87c-cbd1-ada1-9163-95a2d1c1ba3d,video,SR-NA_02_1032_002,1988,personsRaw,person,person,10. Erik Refos/Siegfried Geerling,10 erik refos siegfried geerling,10. Erik Refos/Siegfried Geerling,nas-persons-field,,1,Suripop-5 1988 deel 2,10. Erik Refos/Siegfried Geerling,true,high-precision
ef1f0874-b00a-5e1f-1342-862838ec63ac::ed68a87c-cbd1-ada1-9163-95a2d1c1ba3d,ef1f0874-b00a-5e1f-1342-862838ec63ac,ed68a87c-cbd1-ada1-9163-95a2d1c1ba3d,video,SR-NA_02_1032_002,1988,personsRaw,person,person,Ef A Kan,ef a kan,Ef A Kan,nas-persons-field,,1,Suripop-5 1988 deel 2,Ef A Kan,true,high-precision
ef1f0874-b00a-5e1f-1342-862838ec63ac::ed68a87c-cbd1-ada1-9163-95a2d1c1ba3d,ef1f0874-b00a-5e1f-1342-862838ec63ac,ed68a87c-cbd1-ada1-9163-95a2d1c1ba3d,video,SR-NA_02_1032_002,1988,personsRaw,person,person,zang: Paul Ameerali.,zang paul ameerali,zang: Paul Ameerali.,nas-persons-field,,1,Suripop-5 1988 deel 2,zang: Paul Ameerali.,true,high-precision
ef4086e9-e2e0-4a2e-93c4-bec2961143cb::836a8a6e-a609-53f7-df7f-85ce0801850c,ef4086e9-e2e0-4a2e-93c4-bec2961143cb,836a8a6e-a609-53f7-df7f-85ce0801850c,image,SR-NA_01_0003,2005,description,place,river,Nickerie,nickerie,Nickerie,stm-gazetteer,stm-00261,1,Bacoven aanplant Surland-Nickerie,djodhia brengt een bezoek aan het bacoven bedijf Surland te Nickerie,true,high-precision
ef7ddba1-83ad-3535-de71-bab6942b95fc::01dd88ca-ebc7-3683-d0d4-8e36b6b2d2d0,ef7ddba1-83ad-3535-de71-bab6942b95fc,01dd88ca-ebc7-3683-d0d4-8e36b6b2d2d0,image,SR-NA_03_089_026,Juli-1975,description,place,plantation,Phedra,phedra,Phedra,stm-gazetteer,stm-01448,1,"Suriname nieuwsbrief, 7 t/m 13 juli 1975",miljoen voor industriële ontwikkeling Regering moderniseert Phedra Uitbreiding röntgenafdeling AZ. Voorbereidingen volkswoningbouw Mariënburg vorderen Vorderingen projekt asfaltering en,true,high-precision
f031c193-d826-f35f-bc03-d3e2d61bb4d1::f6917852-86b7-23f5-8baa-68e01fa300e9,f031c193-d826-f35f-bc03-d3e2d61bb4d1,f6917852-86b7-23f5-8baa-68e01fa300e9,video,SR-NA_02_0003,1990,description,place,plantation,Gevaar,gevaar,Gevaar,stm-gazetteer,stm-02393,1,De Stem,"iseert hij niet aan drugs te beginnen sinds het een ernstig gevaar vormt voor jezelf, de toekomst, gezondheid en voor je leven.",true,high-precision
f071d96a-438f-1175-f17c-8980db2028aa::3070f80a-3b17-9536-3d08-17914b5932a9,f071d96a-438f-1175-f17c-8980db2028aa,3070f80a-3b17-9536-3d08-17914b5932a9,image,SR-NA_03_0007_019,dec. 1973 (3),description,place,plantation,Joden Savanne,joden savanne,Joden Savanne,stm-gazetteer,stm-02137,1,"Suralco magazine, december 1973","r A. Sumter, voormalig Suralco Public Relations medewerker. Joden Savanne; De geschiedenis van een historische plaats in Suriname, werd samengesteld door de redaktie met onder andere gegevens v",true,high-precision
f0c2f2ca-a481-1afe-5dff-149a4ed4578c::15dc0465-f7d3-1d90-ee08-e893f8eb77fe,f0c2f2ca-a481-1afe-5dff-149a4ed4578c,15dc0465-f7d3-1d90-ee08-e893f8eb77fe,image,SR-NA_01_0259,1990,title,place,street,Steenbakkerijstraat,steenbakkerijstraat,Steenbakkerijstraat,paramaribo-street-standardization,,1,Grote Stad kerk aan de Steenbakkerijstraat,Grote Stad kerk aan de Steenbakkerijstraat,true,high-precision
f0c2f2ca-a481-1afe-5dff-149a4ed4578c::15dc0465-f7d3-1d90-ee08-e893f8eb77fe,f0c2f2ca-a481-1afe-5dff-149a4ed4578c,15dc0465-f7d3-1d90-ee08-e893f8eb77fe,image,SR-NA_01_0259,1990,description,place,street,Steenbakkerijstraat,steenbakkerijstraat,Steenbakkerijstraat,paramaribo-street-standardization,,1,Grote Stad kerk aan de Steenbakkerijstraat,Grote Stadskerk aan de Steenbakkerijstraat,true,high-precision
f1088336-ba19-2d18-ebd4-bf2bd1916738::fb63d49c-ad77-5f5d-4392-119da6ae5adf,f1088336-ba19-2d18-ebd4-bf2bd1916738,fb63d49c-ad77-5f5d-4392-119da6ae5adf,video,SR-NA_02_1035,Onbekend,personsRaw,person,person,Cliff Djamin,cliff djamin,Cliff Djamin,nas-persons-field,,1,Jules Adjodhia en minister Geeta Gangaram Panday over rijstsector,Cliff Djamin,true,high-precision
f12b9fa9-920c-c6db-7733-39f1690f6d68::60d05b09-0a70-857c-447d-da23956443e6,f12b9fa9-920c-c6db-7733-39f1690f6d68,60d05b09-0a70-857c-447d-da23956443e6,image,SR-NA_01_0610,Onbekend,description,place,street,Waterkant,waterkant,Waterkant,paramaribo-street-standardization,,1,Gebouwen in Paramaribo,Gebouwen omgeving Waterkant,true,high-precision
f12b9fa9-920c-c6db-7733-39f1690f6d68::60d05b09-0a70-857c-447d-da23956443e6,f12b9fa9-920c-c6db-7733-39f1690f6d68,60d05b09-0a70-857c-447d-da23956443e6,image,SR-NA_01_0610,Onbekend,keywords,place,street,Waterkant,waterkant,Waterkant,paramaribo-street-standardization,,1,Gebouwen in Paramaribo,Presidentieel Paleis | Toren van Financiën | Dixiebar | Waterkant,true,high-precision
f15a818c-40bc-4ae0-677c-544ae5b44e0f::4d4e9302-d94e-4760-7aa9-9d1226867a7e,f15a818c-40bc-4ae0-677c-544ae5b44e0f,4d4e9302-d94e-4760-7aa9-9d1226867a7e,video,SR-NA_02_0938_003,Onbekend,title,place,river,Nickerie,nickerie,Nickerie,stm-gazetteer,stm-00261,1,Jules Adjodhia vergadert met land en padieboeren te Nickerie,Jules Adjodhia vergadert met land en padieboeren te Nickerie,true,high-precision
f15a818c-40bc-4ae0-677c-544ae5b44e0f::4d4e9302-d94e-4760-7aa9-9d1226867a7e,f15a818c-40bc-4ae0-677c-544ae5b44e0f,4d4e9302-d94e-4760-7aa9-9d1226867a7e,video,SR-NA_02_0938_003,Onbekend,description,place,river,Nickerie,nickerie,Nickerie,stm-gazetteer,stm-00261,1,Jules Adjodhia vergadert met land en padieboeren te Nickerie,"n Russel van RO, Geetapersad Gangaram Panday van LVV), naar Nickerie voor besprekingen over de bacoven sector. Delegatie houdt meeting met land- en padieboeren van Nickerie; de boeren en b",true,high-precision
f18b487a-35df-8492-f679-9ad984d04d49::0922fa67-e000-4397-fb82-9556c6750b02,f18b487a-35df-8492-f679-9ad984d04d49,0922fa67-e000-4397-fb82-9556c6750b02,image,SR-NA_01_0240,Onbekend,title,place,street,Gravenstraat,gravenstraat,Gravenstraat,paramaribo-street-standardization,,1,Jagernath Lachmon Gravenstraat,Jagernath Lachmon Gravenstraat,true,high-precision
f18b487a-35df-8492-f679-9ad984d04d49::0922fa67-e000-4397-fb82-9556c6750b02,f18b487a-35df-8492-f679-9ad984d04d49,0922fa67-e000-4397-fb82-9556c6750b02,image,SR-NA_01_0240,Onbekend,description,place,street,Gravenstraat,gravenstraat,Gravenstraat,paramaribo-street-standardization,,1,Jagernath Lachmon Gravenstraat,Jagernath Lachmon aan de Gravenstraat met juichende menigte,true,high-precision
f18b487a-35df-8492-f679-9ad984d04d49::0922fa67-e000-4397-fb82-9556c6750b02,f18b487a-35df-8492-f679-9ad984d04d49,0922fa67-e000-4397-fb82-9556c6750b02,image,SR-NA_01_0240,Onbekend,keywords,place,street,Gravenstraat,gravenstraat,Gravenstraat,paramaribo-street-standardization,,1,Jagernath Lachmon Gravenstraat,Jagernath Lachmon | Gravenstraat,true,high-precision
f1982731-9ed0-0dbf-c837-c1df0d22f801::9c0c759c-670d-3fbd-f2ef-ae2c9fee0921,f1982731-9ed0-0dbf-c837-c1df0d22f801,9c0c759c-670d-3fbd-f2ef-ae2c9fee0921,image,SR-NA_01_0258,1990,title,place,street,Waterkant,waterkant,Waterkant,paramaribo-street-standardization,,1,Lutherse kerk Waterkant,Lutherse kerk Waterkant,true,high-precision
f1982731-9ed0-0dbf-c837-c1df0d22f801::9c0c759c-670d-3fbd-f2ef-ae2c9fee0921,f1982731-9ed0-0dbf-c837-c1df0d22f801,9c0c759c-670d-3fbd-f2ef-ae2c9fee0921,image,SR-NA_01_0258,1990,description,place,street,Waterkant,waterkant,Waterkant,paramaribo-street-standardization,,1,Lutherse kerk Waterkant,Lutherse Kerk aan de Waterkant,true,high-precision
f236bb86-6aea-aecb-65fe-a4ff91beaf8e::600d1b11-cd36-45cb-4438-41b6032c91b7,f236bb86-6aea-aecb-65fe-a4ff91beaf8e,600d1b11-cd36-45cb-4438-41b6032c91b7,image,SR-NA_01_0956,,personsRaw,person,person,Milieuorganisatie Probios,milieuorganisatie probios,Milieuorganisatie Probios,nas-persons-field,,1,Protestacties milieu-activist Erlan Sleur,Milieuorganisatie Probios,true,high-precision
f236bb86-6aea-aecb-65fe-a4ff91beaf8e::600d1b11-cd36-45cb-4438-41b6032c91b7,f236bb86-6aea-aecb-65fe-a4ff91beaf8e,600d1b11-cd36-45cb-4438-41b6032c91b7,image,SR-NA_01_0956,,personsRaw,person,person,Patricia Etnel,patricia etnel,Patricia Etnel,nas-persons-field,,1,Protestacties milieu-activist Erlan Sleur,Patricia Etnel,true,high-precision
f25a0f7b-f62d-4822-9ae9-f374d52c49f0::2b0e05d4-62ad-74e1-95d2-066e18e277e4,f25a0f7b-f62d-4822-9ae9-f374d52c49f0,2b0e05d4-62ad-74e1-95d2-066e18e277e4,image,SR-NA_01_0253,1990,description,place,street,Zwartenhovenbrugstraat,zwartenhovenbrugstraat,Zwartenhovenbrugstraat,paramaribo-street-standardization,,1,Kwakoe-standbeeld Ondrobon-1990,"n Kwakoe, op de hoek van de Dr. Sophie Redmondstrtaat en de Zwartenhovenbrugstraat.",true,high-precision
f297a6e6-af29-6309-4d3e-01d69a3c0190::3ba01421-d48a-b36b-bb3a-cf9905def173,f297a6e6-af29-6309-4d3e-01d69a3c0190,3ba01421-d48a-b36b-bb3a-cf9905def173,video,SR-NA_02_1073,Onbekend,description,place,street,Rust en Vredestraat,rust en vredestraat,Rust en Vredestraat,paramaribo-street-standardization,,1,AVL.onderwijs in ontwikkeling,n brachten er een bezoek aan het Venezolaans Centrum aan de Rust en Vredestraat voor het werpen van een blik van het onderwijsgebeuren in Suriname. Minister Allan Lie Fo Sjoe gaf aan dat de vernieuwi,true,high-precision
f297a6e6-af29-6309-4d3e-01d69a3c0190::3ba01421-d48a-b36b-bb3a-cf9905def173,f297a6e6-af29-6309-4d3e-01d69a3c0190,3ba01421-d48a-b36b-bb3a-cf9905def173,video,SR-NA_02_1073,Onbekend,personsRaw,person,person,Minister Allan Lie Fo Sjoe,minister allan lie fo sjoe,Minister Allan Lie Fo Sjoe,nas-persons-field,,1,AVL.onderwijs in ontwikkeling,Minister Allan Lie Fo Sjoe,true,high-precision
f297a6e6-af29-6309-4d3e-01d69a3c0190::3ba01421-d48a-b36b-bb3a-cf9905def173,f297a6e6-af29-6309-4d3e-01d69a3c0190,3ba01421-d48a-b36b-bb3a-cf9905def173,video,SR-NA_02_1073,Onbekend,personsRaw,person,person,mevrouw Doergaram,mevrouw doergaram,mevrouw Doergaram,nas-persons-field,,1,AVL.onderwijs in ontwikkeling,mevrouw Doergaram,true,high-precision
f297a6e6-af29-6309-4d3e-01d69a3c0190::3ba01421-d48a-b36b-bb3a-cf9905def173,f297a6e6-af29-6309-4d3e-01d69a3c0190,3ba01421-d48a-b36b-bb3a-cf9905def173,video,SR-NA_02_1073,Onbekend,personsRaw,person,person,muziekdocent Rozenblad,muziekdocent rozenblad,muziekdocent Rozenblad,nas-persons-field,,1,AVL.onderwijs in ontwikkeling,muziekdocent Rozenblad,true,high-precision
f3930b38-4f09-07c1-dd68-5b8207d588d6::646c0cec-34e5-d293-a74c-18b207d7c43f,f3930b38-4f09-07c1-dd68-5b8207d588d6,646c0cec-34e5-d293-a74c-18b207d7c43f,video,SR-NA_02_1364,Onbekend,personsRaw,person,person,Paul Somohardjo,paul somohardjo,Paul Somohardjo,nas-persons-field,,1,Somohardjo spreekt over de verdeel- en heerspolitiek van Bouterse,Paul Somohardjo,true,high-precision
f4358ae9-6640-9848-20a1-610ffdc03af9::76b79c12-2fab-0d27-f757-2841a77a41b9,f4358ae9-6640-9848-20a1-610ffdc03af9,76b79c12-2fab-0d27-f757-2841a77a41b9,video,NAS_055______-NAS3000NAMC,25 november 1976,personsRaw,person,person,Johan Ferrier,johan ferrier,Johan Ferrier,nas-persons-field,,1,Films_Johan_Henri_Eliza_Ferrier_04,Johan Ferrier,true,high-precision
f457e89a-0815-0576-01d5-1143e2b2fe8c::28bb75fe-2fec-985c-be92-9272fe9e5f64,f457e89a-0815-0576-01d5-1143e2b2fe8c,28bb75fe-2fec-985c-be92-9272fe9e5f64,image,SR-NA_01_0213,Onbekend,title,place,street,Drambrandersgracht,drambrandersgracht,Drambrandersgracht,paramaribo-street-standardization,,1,Pompgemaal Drambrandersgracht,Pompgemaal Drambrandersgracht,true,high-precision
f457e89a-0815-0576-01d5-1143e2b2fe8c::28bb75fe-2fec-985c-be92-9272fe9e5f64,f457e89a-0815-0576-01d5-1143e2b2fe8c,28bb75fe-2fec-985c-be92-9272fe9e5f64,image,SR-NA_01_0213,Onbekend,description,place,street,Drambrandersgracht,drambrandersgracht,Drambrandersgracht,paramaribo-street-standardization,,1,Pompgemaal Drambrandersgracht,Bouwwerkzaamheden aan het pompgemaal te Drambrandersgracht,true,high-precision
f4b3024e-5427-49fd-620d-4e80c2476f12::cd537617-aa89-9c78-cd02-e6f4014d40ca,f4b3024e-5427-49fd-620d-4e80c2476f12,cd537617-aa89-9c78-cd02-e6f4014d40ca,video,NAS_051______-NAS3000MTOX,19 augustus 1975,description,place,street,Het Plein,het plein,Gouvernementsplein,paramaribo-street-standardization,,1,Films_Johan_Henri_Eliza_Ferrier_02,Heli's landen op het plein 19/8; Reis naar Avanavero;Joan en JHEF op Coeroeni; Joan's laatste dag; Betoging VHP jongeren; Zanderij. Poetiepoetie;,true,high-precision
f4b3024e-5427-49fd-620d-4e80c2476f12::cd537617-aa89-9c78-cd02-e6f4014d40ca,f4b3024e-5427-49fd-620d-4e80c2476f12,cd537617-aa89-9c78-cd02-e6f4014d40ca,video,NAS_051______-NAS3000MTOX,19 augustus 1975,description,place,street,Plein,plein,Gouvernementsplein,paramaribo-street-standardization,,1,Films_Johan_Henri_Eliza_Ferrier_02,Heli's landen op het plein 19/8; Reis naar Avanavero;Joan en JHEF op Coeroeni; Joan's laatste dag; Betoging VHP jongeren; Zanderij. Poetiepoetie;,true,high-precision
f4b3024e-5427-49fd-620d-4e80c2476f12::cd537617-aa89-9c78-cd02-e6f4014d40ca,f4b3024e-5427-49fd-620d-4e80c2476f12,cd537617-aa89-9c78-cd02-e6f4014d40ca,video,NAS_051______-NAS3000MTOX,19 augustus 1975,description,place,river,Coppename,coppename,Coppename,stm-gazetteer,stm-00216,1,Films_Johan_Henri_Eliza_Ferrier_02,"loemen; Drumband wedstrijd, Jeugd Spektakel '75; Varen naar Coppename, bezoek aan Batavia; Apen in de tuin; Kijkje in Gouverneurshuis; Groenhart in bloei; Bureau.",true,high-precision
f4b3024e-5427-49fd-620d-4e80c2476f12::cd537617-aa89-9c78-cd02-e6f4014d40ca,f4b3024e-5427-49fd-620d-4e80c2476f12,cd537617-aa89-9c78-cd02-e6f4014d40ca,video,NAS_051______-NAS3000MTOX,19 augustus 1975,description,place,plantation,Batavia,batavia,Batavia,stm-gazetteer,stm-02099,1,Films_Johan_Henri_Eliza_Ferrier_02,"rijd, Jeugd Spektakel '75; Varen naar Coppename, bezoek aan Batavia; Apen in de tuin; Kijkje in Gouverneurshuis; Groenhart in bloei; Bureau.",true,high-precision
f4b3024e-5427-49fd-620d-4e80c2476f12::cd537617-aa89-9c78-cd02-e6f4014d40ca,f4b3024e-5427-49fd-620d-4e80c2476f12,cd537617-aa89-9c78-cd02-e6f4014d40ca,video,NAS_051______-NAS3000MTOX,19 augustus 1975,personsRaw,person,person,Johan Ferrier,johan ferrier,Johan Ferrier,nas-persons-field,,1,Films_Johan_Henri_Eliza_Ferrier_02,Johan Ferrier,true,high-precision
f61446cf-3bcb-13ec-2cad-d21468523bcf::a4c0b8e0-53cd-1516-e95b-0b8dd1a2d144,f61446cf-3bcb-13ec-2cad-d21468523bcf,a4c0b8e0-53cd-1516-e95b-0b8dd1a2d144,video,SR-NA_02_1361,Onbekend,personsRaw,person,person,Gregory Rusland,gregory rusland,Gregory Rusland,nas-persons-field,,1,Gregory Rusland over onderwijs,Gregory Rusland,true,high-precision
f704ce05-d4f5-2b90-f264-e77b3b5d29e8::1a44ed15-585e-a286-0828-49c79728f124,f704ce05-d4f5-2b90-f264-e77b3b5d29e8,1a44ed15-585e-a286-0828-49c79728f124,video,SR-NA_02_1389,Onbekend,personsRaw,person,person,Keshopersad Gangarampanday,keshopersad gangarampanday,Keshopersad Gangarampanday,nas-persons-field,,1,Keshopersad Gangaram Panday,Keshopersad Gangarampanday,true,high-precision
f7691955-797b-a7f7-75c2-111c8da74329::9fe5d53d-3047-8b81-6585-a3739c8d89e8,f7691955-797b-a7f7-75c2-111c8da74329,9fe5d53d-3047-8b81-6585-a3739c8d89e8,image,SR-NA_03_088_001,1980,description,place,river,Nickerierivier,nickerierivier,Nickerierivier,stm-gazetteer,stm-00035,1,"NVD-nieuws, no 6 van 18-31 december 1980",adviescollege geïnstalleerd Aanbesteding bouw brug over de Nickerierivier nabij klein Henar in het kader van de uitvoering van het urgentieprogramma Forse bedragen voor watervoorziening Einde s,true,high-precision
f83830c2-f1ce-56fd-4fd1-cf07580fe995::f4fe4df5-8998-b7b8-1dfd-f8426466ede1,f83830c2-f1ce-56fd-4fd1-cf07580fe995,f4fe4df5-8998-b7b8-1dfd-f8426466ede1,image,SR-NA_01_0068,Mei 1970,title,place,river,Para,para,Para,stm-gazetteer,stm-00290,1,Distrikt Para onderwater,Distrikt Para onderwater,true,high-precision
f83830c2-f1ce-56fd-4fd1-cf07580fe995::f4fe4df5-8998-b7b8-1dfd-f8426466ede1,f83830c2-f1ce-56fd-4fd1-cf07580fe995,f4fe4df5-8998-b7b8-1dfd-f8426466ede1,image,SR-NA_01_0068,Mei 1970,description,place,river,Para,para,Para,stm-gazetteer,stm-00290,1,Distrikt Para onderwater,Distrikt Para onderwater,true,high-precision
f83830c2-f1ce-56fd-4fd1-cf07580fe995::f4fe4df5-8998-b7b8-1dfd-f8426466ede1,f83830c2-f1ce-56fd-4fd1-cf07580fe995,f4fe4df5-8998-b7b8-1dfd-f8426466ede1,image,SR-NA_01_0068,Mei 1970,keywords,place,river,Para,para,Para,stm-gazetteer,stm-00290,1,Distrikt Para onderwater,Ministerie van Binnenlandse Zaken | Distrikt Para | Para Onderwater,true,high-precision
f8eaf991-3f4e-6b98-3120-4441d0fd8ae7::57b03a7c-f92c-5f86-25e4-b65521d83430,f8eaf991-3f4e-6b98-3120-4441d0fd8ae7,57b03a7c-f92c-5f86-25e4-b65521d83430,video,SR-NA_02_0569,04 oktober 1988,title,place,street,Gravenstraat,gravenstraat,Gravenstraat,paramaribo-street-standardization,,1,Oranje Tuin Gravenstraat,Oranje Tuin Gravenstraat,true,high-precision
f8eaf991-3f4e-6b98-3120-4441d0fd8ae7::57b03a7c-f92c-5f86-25e4-b65521d83430,f8eaf991-3f4e-6b98-3120-4441d0fd8ae7,57b03a7c-f92c-5f86-25e4-b65521d83430,video,SR-NA_02_0569,04 oktober 1988,description,place,street,Gravenstraat,gravenstraat,Gravenstraat,paramaribo-street-standardization,,1,Oranje Tuin Gravenstraat,De Oranje Tuin tussen de Gravenstraat en de Nassylaan krijgt een schoonmaakbeurt als resultaat van een gesprek tussen minister Henk Alimahomed van Volksgezon,true,high-precision
f946642b-47a7-4286-b59c-fa3215b31e6a::fb6ff23c-80f7-24a4-265a-80d566ddb2ef,f946642b-47a7-4286-b59c-fa3215b31e6a,fb6ff23c-80f7-24a4-265a-80d566ddb2ef,image,SR-NA_01_0032,December 1970,description,place,street,Waterkant,waterkant,Waterkant,paramaribo-street-standardization,,1,Hoofdkantoor Sociale Zaken,van het gebouw van het ministerie van Sociale Zaken aan de Waterkant en de woning van de Minister aan de Tibitistraat,true,high-precision
f9ff8eba-052b-ec38-61ad-d85b16ce4a93::fc9b5103-eeda-e8ee-00ff-5ab524274ade,f9ff8eba-052b-ec38-61ad-d85b16ce4a93,fc9b5103-eeda-e8ee-00ff-5ab524274ade,image,SR-NA_03_089_029,aug-75,description,place,river,Nickerie,nickerie,Nickerie,stm-gazetteer,stm-00261,1,"Suriname nieuwsbrief, 27 juli t/m 3 aug. 1975",en-Henar nadert voltooiing Vordering schoolvoorzieningen in Nickerie Regering stelt 230 studiebeurzen beschikbaar Minister Cambridge reikt bosopzichtersdiploma uit,true,high-precision
fad8980b-d7fa-9f17-c1e7-6f137cd0b821::ebe7cbc8-efc8-f84e-7ac2-52d3a71417f5,fad8980b-d7fa-9f17-c1e7-6f137cd0b821,ebe7cbc8-efc8-f84e-7ac2-52d3a71417f5,video,SR-NA_02_0707,1989,title,place,street,Zwartenhovenbrugstraat,zwartenhovenbrugstraat,Zwartenhovenbrugstraat,paramaribo-street-standardization,,1,Omgevallen palmboom Zwartenhovenbrugstraat,Omgevallen palmboom Zwartenhovenbrugstraat,true,high-precision
fad8980b-d7fa-9f17-c1e7-6f137cd0b821::ebe7cbc8-efc8-f84e-7ac2-52d3a71417f5,fad8980b-d7fa-9f17-c1e7-6f137cd0b821,ebe7cbc8-efc8-f84e-7ac2-52d3a71417f5,video,SR-NA_02_0707,1989,description,place,street,Maagdenstraat,maagdenstraat,Maagdenstraat,paramaribo-street-standardization,,1,Omgevallen palmboom Zwartenhovenbrugstraat,"aat, ter hoogte van Theater Star, is omgevallen. Deze en de Maagdenstraat waren aan weerskanten beplant met palmbomen. Door achterstallig onderhoud en ouderdom vielen veel van de bomen om of gi",true,high-precision
fad8980b-d7fa-9f17-c1e7-6f137cd0b821::ebe7cbc8-efc8-f84e-7ac2-52d3a71417f5,fad8980b-d7fa-9f17-c1e7-6f137cd0b821,ebe7cbc8-efc8-f84e-7ac2-52d3a71417f5,video,SR-NA_02_0707,1989,description,place,street,Zwartenhovenbrugstraat,zwartenhovenbrugstraat,Zwartenhovenbrugstraat,paramaribo-street-standardization,,1,Omgevallen palmboom Zwartenhovenbrugstraat,"Een van de koningspalmbomen aan de Zwartenhovenbrugstraat, ter hoogte van Theater Star, is omgevallen. Deze en de Maagdenstraat waren aan weerskanten beplant met palmbomen. Door",true,high-precision
fb1d3a76-1a57-aeff-6a83-8774350789eb::27d4ccc5-90b5-6e05-ad9f-5e23724aa92a,fb1d3a76-1a57-aeff-6a83-8774350789eb,27d4ccc5-90b5-6e05-ad9f-5e23724aa92a,video,SR-NA_02_1016,Onbekend,personsRaw,person,person,Cliff Djamin,cliff djamin,Cliff Djamin,nas-persons-field,,1,Mogelijkheden voor brom- en fietspaden over de wijdenbosbrug,Cliff Djamin,true,high-precision
fb5dc249-ab8c-724c-f6e6-c49e6f5f4755::9fa89955-dd6a-2182-6f79-285152c21ff1,fb5dc249-ab8c-724c-f6e6-c49e6f5f4755,9fa89955-dd6a-2182-6f79-285152c21ff1,video,SR-NA_02_0719,Onbekend,description,place,plantation,Pearl,pearl,Pearl,stm-gazetteer,stm-01613,1,Vergadering over lonen leerkrachten,Bondssecertaris Pearl Antonius van de Katholieke Onderwijzersbond (KOB) praat over discrepantie tussen salarissen van leerkrachten en vergeli,true,high-precision
fc4f47e5-2855-437f-4c87-13084f9233bc::71e6713e-90be-8ecd-0636-0c7b2a01b07e,fc4f47e5-2855-437f-4c87-13084f9233bc,71e6713e-90be-8ecd-0636-0c7b2a01b07e,video,SR-NA_02_1034_001,Onbekend,description,place,river,Nickerie,nickerie,Nickerie,stm-gazetteer,stm-00261,1,Minister van Russel met districtcommissaris Ramadhin-deel 1,in een hart onder de riem om zijn taken als burgervader van Nickerie naar behoren uit te oefenen,true,high-precision
fc85d69e-fb9a-4702-b121-8d3892620e01::24fc9164-46b3-00f3-7c66-c69f5a84db8b,fc85d69e-fb9a-4702-b121-8d3892620e01,24fc9164-46b3-00f3-7c66-c69f5a84db8b,image,SR-NA_01_0201,Onbekend,description,place,street,Keizerstraat,keizerstraat,Keizerstraat,paramaribo-street-standardization,,1,Hotel Johnny,Hotel Johnny aan de keizerstraat,true,high-precision
ff572c45-083d-4be6-90a9-0a3ad8535b46::0cb914b0-66e8-1aaa-7ca3-f0ecd525bfaa,ff572c45-083d-4be6-90a9-0a3ad8535b46,0cb914b0-66e8-1aaa-7ca3-f0ecd525bfaa,image,SR-NA 01 0277,2007,description,place,plantation,Carolina,carolina,Carolina,stm-gazetteer,stm-01698,1,Carolinabrug ingestort,"a NV veroorzaakte in 2007 schade aan de brug nabij het dorp Carolina. Deze brug leidde naar dorpen als Redi Doti en Pierre Kondre, alsook naar Joden Savanna en Blaka Watra. In 2013 werd ki",true,high-precision
ff74d323-99d5-1913-d289-0509754938a5::eb6538f5-c62e-2f65-8e45-fa8174c67061,ff74d323-99d5-1913-d289-0509754938a5,eb6538f5-c62e-2f65-8e45-fa8174c67061,video,SR-NA_02_0004,Onbekend,personsRaw,person,person,Khudabux,khudabux,Khudabux,nas-persons-field,,1,"Interview met minister van Volksgezondheid, Rakieb Khudabux",Khudabux,true,high-precision
ff74d323-99d5-1913-d289-0509754938a5::eb6538f5-c62e-2f65-8e45-fa8174c67061,ff74d323-99d5-1913-d289-0509754938a5,eb6538f5-c62e-2f65-8e45-fa8174c67061,video,SR-NA_02_0004,Onbekend,personsRaw,person,person,volksgezondheid,volksgezondheid,volksgezondheid,nas-persons-field,,1,"Interview met minister van Volksgezondheid, Rakieb Khudabux",volksgezondheid,true,high-precision
ff74d323-99d5-1913-d289-0509754938a5::eb6538f5-c62e-2f65-8e45-fa8174c67061,ff74d323-99d5-1913-d289-0509754938a5,eb6538f5-c62e-2f65-8e45-fa8174c67061,video,SR-NA_02_0004,Onbekend,personsRaw,person,person,IDB-lening,idb-lening,IDB-lening,nas-persons-field,,1,"Interview met minister van Volksgezondheid, Rakieb Khudabux",IDB-lening,true,high-precision
ffde9a27-9709-5227-304d-2a0c1902a71c::557f46c2-d1e7-2bb3-578e-2a8e1e2f5bc6,ffde9a27-9709-5227-304d-2a0c1902a71c,557f46c2-d1e7-2bb3-578e-2a8e1e2f5bc6,video,SR-NA_02_0449,Onbekend,title,place,plantation,Charlesburg,charlesburg,Charlesburg,stm-gazetteer,stm-02282,1,0penbare vuilstortplaats Charlesburg,0penbare vuilstortplaats Charlesburg,true,high-precision
ffde9a27-9709-5227-304d-2a0c1902a71c::557f46c2-d1e7-2bb3-578e-2a8e1e2f5bc6,ffde9a27-9709-5227-304d-2a0c1902a71c,557f46c2-d1e7-2bb3-578e-2a8e1e2f5bc6,video,SR-NA_02_0449,Onbekend,description,place,plantation,Charlesburg,charlesburg,Charlesburg,stm-gazetteer,stm-02282,1,0penbare vuilstortplaats Charlesburg,De openbare vuilstortplaats te Charlesburg. In de volksmond ook bekend als 'Lande'. Deze plek is intussen opgeheven en verplaatst naar Ornamibo aan de Highway.,true,high-precision
6b3e912a-66aa-1a5a-8639-ad14eab2153b::,6b3e912a-66aa-1a5a-8639-ad14eab2153b,,video,SR-NA_02_1328,Onbekend,personsRaw,person,person,Humphrey Simson,humphrey simson,Humphrey Simson,nas-persons-field,,1,Onder-inspecteur Simson over zichtbaarheid politie rond verkeersdrukte,Humphrey Simson,true,high-precision
6b3e912a-66aa-1a5a-8639-ad14eab2153b::,6b3e912a-66aa-1a5a-8639-ad14eab2153b,,video,SR-NA_02_1328,Onbekend,personsRaw,person,person,Stuart Duyser,stuart duyser,Stuart Duyser,nas-persons-field,,1,Onder-inspecteur Simson over zichtbaarheid politie rond verkeersdrukte,Stuart Duyser,true,high-precision
a3cc25e9-5d0d-695f-94fb-67c8addef271::,a3cc25e9-5d0d-695f-94fb-67c8addef271,,image,SR-NA_01_0270,1990,title,place,street,Kerkplein,kerkplein,Kerkplein,paramaribo-street-standardization,,1,Centrumkerk Kerkplein,Centrumkerk Kerkplein,true,high-precision
a3cc25e9-5d0d-695f-94fb-67c8addef271::,a3cc25e9-5d0d-695f-94fb-67c8addef271,,image,SR-NA_01_0270,1990,description,place,street,Kerkplein,kerkplein,Kerkplein,paramaribo-street-standardization,,1,Centrumkerk Kerkplein,Centrum Kerk aan het Kerkplein,true,high-precision
ddcdc42b-fffa-4720-7c8d-0431061100c3::,ddcdc42b-fffa-4720-7c8d-0431061100c3,,video,SR-NA_02_1327,Onbekend,personsRaw,person,person,Ram Sardjoe,ram sardjoe,Ram Sardjoe,nas-persons-field,,1,Aanname wetsontwerpen in de Nationale Assemblee over investeringen,Ram Sardjoe,true,high-precision
ddcdc42b-fffa-4720-7c8d-0431061100c3::,ddcdc42b-fffa-4720-7c8d-0431061100c3,,video,SR-NA_02_1327,Onbekend,personsRaw,person,person,Ronald Venetiaan,ronald venetiaan,Ronald Venetiaan,nas-persons-field,,1,Aanname wetsontwerpen in de Nationale Assemblee over investeringen,Ronald Venetiaan,true,high-precision
ddcdc42b-fffa-4720-7c8d-0431061100c3::,ddcdc42b-fffa-4720-7c8d-0431061100c3,,video,SR-NA_02_1327,Onbekend,personsRaw,person,person,Humphrey Hildenberg,humphrey hildenberg,Humphrey Hildenberg,nas-persons-field,,1,Aanname wetsontwerpen in de Nationale Assemblee over investeringen,Humphrey Hildenberg,true,high-precision
d06e9155-79c3-b680-afdd-da2710915986::,d06e9155-79c3-b680-afdd-da2710915986,,video,SR-NA_02_1325,Onbekend,personsRaw,person,person,Astrid Tolud,astrid tolud,Astrid Tolud,nas-persons-field,,1,Vrouwenvoetbalselectie van Suriname speelt oefeninterland in het Dr. Ir. Franklin Essedstadion tegen Frans-Guyana,Astrid Tolud,true,high-precision
d06e9155-79c3-b680-afdd-da2710915986::,d06e9155-79c3-b680-afdd-da2710915986,,video,SR-NA_02_1325,Onbekend,personsRaw,person,person,Magnolia Woerdings,magnolia woerdings,Magnolia Woerdings,nas-persons-field,,1,Vrouwenvoetbalselectie van Suriname speelt oefeninterland in het Dr. Ir. Franklin Essedstadion tegen Frans-Guyana,Magnolia Woerdings,true,high-precision
d06e9155-79c3-b680-afdd-da2710915986::,d06e9155-79c3-b680-afdd-da2710915986,,video,SR-NA_02_1325,Onbekend,personsRaw,person,person,Winnie Wisch,winnie wisch,Winnie Wisch,nas-persons-field,,1,Vrouwenvoetbalselectie van Suriname speelt oefeninterland in het Dr. Ir. Franklin Essedstadion tegen Frans-Guyana,Winnie Wisch,true,high-precision
d06e9155-79c3-b680-afdd-da2710915986::,d06e9155-79c3-b680-afdd-da2710915986,,video,SR-NA_02_1325,Onbekend,personsRaw,person,person,Sharon Bell,sharon bell,Sharon Bell,nas-persons-field,,1,Vrouwenvoetbalselectie van Suriname speelt oefeninterland in het Dr. Ir. Franklin Essedstadion tegen Frans-Guyana,Sharon Bell,true,high-precision
29eb72de-acae-556a-81a9-b1a87b190ad0::,29eb72de-acae-556a-81a9-b1a87b190ad0,,video,SR-NA_02_1330_001,Onbekend,personsRaw,person,person,Luci‰n Vriese,luci n vriese,Luci‰n Vriese,nas-persons-field,,1,Luci‰n Vriese in reclames van Waldo?s reisbureau,Luci‰n Vriese,true,high-precision
29eb72de-acae-556a-81a9-b1a87b190ad0::,29eb72de-acae-556a-81a9-b1a87b190ad0,,video,SR-NA_02_1330_001,Onbekend,personsRaw,person,person,Waldo Gobardhan,waldo gobardhan,Waldo Gobardhan,nas-persons-field,,1,Luci‰n Vriese in reclames van Waldo?s reisbureau,Waldo Gobardhan,true,high-precision
76f92351-bfab-6f83-9f9e-c2e97542ded4::,76f92351-bfab-6f83-9f9e-c2e97542ded4,,video,02_1088,6/11/2016,personsRaw,person,person,Paul Schram,paul schram,Paul Schram,nas-persons-field,,1,Verdachten Decembermoorden alsnog voor de rechter,Paul Schram,true,high-precision
76f92351-bfab-6f83-9f9e-c2e97542ded4::,76f92351-bfab-6f83-9f9e-c2e97542ded4,,video,02_1088,6/11/2016,personsRaw,person,person,Hennah Draaibaar,hennah draaibaar,Hennah Draaibaar,nas-persons-field,,1,Verdachten Decembermoorden alsnog voor de rechter,Hennah Draaibaar,true,high-precision
40c9c5c8-ec01-1d7c-b934-8585e967954d::ff758d82-af55-18cc-db47-cc959f981be1,40c9c5c8-ec01-1d7c-b934-8585e967954d,ff758d82-af55-18cc-db47-cc959f981be1,image,SR-NA_01_0464,1987,title,place,plantation,Charlesburg,charlesburg,Charlesburg,stm-gazetteer,stm-02282,1,Repro Salijo Nw Charlesburg,Repro Salijo Nw Charlesburg,true,high-precision
9b6b32ed-3c61-fa6e-4859-f29834f129fd::ceb03bbe-3488-4722-3c38-7c502f1c2227,9b6b32ed-3c61-fa6e-4859-f29834f129fd,ceb03bbe-3488-4722-3c38-7c502f1c2227,image,SR-NA_01_0485,1987,description,place,street,Waterkant,waterkant,Waterkant,paramaribo-street-standardization,,1,Seminar Sarnami Hindi,ndi. Ook twee foto's van het Monument der Gevallenen aan de Waterkant erbij.,true,high-precision
9c8f838a-2fe6-dd03-05a6-79528e0332da::4704d850-acfd-978b-13a7-73592dc7f314,9c8f838a-2fe6-dd03-05a6-79528e0332da,4704d850-acfd-978b-13a7-73592dc7f314,image,SR-NA_01_0443,1987,description,place,street,Kerkplein,kerkplein,Kerkplein,paramaribo-street-standardization,,1,Firstday cover,Firstday cover Postkantoor Kerkplein,true,high-precision
ba492417-a673-aedf-61d7-a7106bb677d3::00a3b46f-56ce-4e97-2489-03b7ffeba640,ba492417-a673-aedf-61d7-a7106bb677d3,00a3b46f-56ce-4e97-2489-03b7ffeba640,image,SR-NA_01_0536,1987,title,place,river,Nickerie,nickerie,Nickerie,stm-gazetteer,stm-00261,1,Nickerie vesting Cyril Morpurgo,Nickerie vesting Cyril Morpurgo,true,high-precision
ba492417-a673-aedf-61d7-a7106bb677d3::00a3b46f-56ce-4e97-2489-03b7ffeba640,ba492417-a673-aedf-61d7-a7106bb677d3,00a3b46f-56ce-4e97-2489-03b7ffeba640,image,SR-NA_01_0536,1987,description,place,river,Nickerie,nickerie,Nickerie,stm-gazetteer,stm-00261,1,Nickerie vesting Cyril Morpurgo,Nickerie vesting Cyril Morpurgo,true,high-precision
ba492417-a673-aedf-61d7-a7106bb677d3::00a3b46f-56ce-4e97-2489-03b7ffeba640,ba492417-a673-aedf-61d7-a7106bb677d3,00a3b46f-56ce-4e97-2489-03b7ffeba640,image,SR-NA_01_0536,1987,keywords,place,river,Nickerie,nickerie,Nickerie,stm-gazetteer,stm-00261,1,Nickerie vesting Cyril Morpurgo,Nickerie | Cyril Morpurgo,true,high-precision
8c0dcc24-0320-13d6-18fa-2c8a0100d50b::a03e1bd8-056b-74a8-ab86-bc173c60fe7f,8c0dcc24-0320-13d6-18fa-2c8a0100d50b,a03e1bd8-056b-74a8-ab86-bc173c60fe7f,image,SR-NA_01_0520,1987,title,place,river,Nickerie,nickerie,Nickerie,stm-gazetteer,stm-00261,1,Nationaal rijstcongres in Nw Nickerie,Nationaal rijstcongres in Nw Nickerie,true,high-precision
8c0dcc24-0320-13d6-18fa-2c8a0100d50b::a03e1bd8-056b-74a8-ab86-bc173c60fe7f,8c0dcc24-0320-13d6-18fa-2c8a0100d50b,a03e1bd8-056b-74a8-ab86-bc173c60fe7f,image,SR-NA_01_0520,1987,description,place,river,Nickerie,nickerie,Nickerie,stm-gazetteer,stm-00261,1,Nationaal rijstcongres in Nw Nickerie,Nationaal rijstcongres in Nw Nickerie,true,high-precision
8c0dcc24-0320-13d6-18fa-2c8a0100d50b::a03e1bd8-056b-74a8-ab86-bc173c60fe7f,8c0dcc24-0320-13d6-18fa-2c8a0100d50b,a03e1bd8-056b-74a8-ab86-bc173c60fe7f,image,SR-NA_01_0520,1987,keywords,place,river,Nickerie,nickerie,Nickerie,stm-gazetteer,stm-00261,1,Nationaal rijstcongres in Nw Nickerie,Nationaal rijstcongres | Nw Nickerie,true,high-precision
ee3409ef-e366-16a2-7d0d-c36243c96411::bb695a1c-879b-6ea3-d8bb-cd7257d4fafa,ee3409ef-e366-16a2-7d0d-c36243c96411,bb695a1c-879b-6ea3-d8bb-cd7257d4fafa,image,SR-NA_01_0583,1987,description,place,street,onbekend,onbekend,onbekend,paramaribo-street-standardization,,1,Een Surinaams Voetbalteam,Een onbekend Surinaams Voetbalteam,true,high-precision
01e59d75-ac78-f950-f291-7ddc2c624593::0b03474e-207d-7e88-5e27-915fbf4dec11,01e59d75-ac78-f950-f291-7ddc2c624593,0b03474e-207d-7e88-5e27-915fbf4dec11,video,SR-NA_02_1392,1981,personsRaw,person,person,Sark,sark,Sark,nas-persons-field,,1,Savannarally 1981,Sark,true,high-precision
01e59d75-ac78-f950-f291-7ddc2c624593::0b03474e-207d-7e88-5e27-915fbf4dec11,01e59d75-ac78-f950-f291-7ddc2c624593,0b03474e-207d-7e88-5e27-915fbf4dec11,video,SR-NA_02_1392,1981,personsRaw,person,person,Savanna,savanna,Savanna,nas-persons-field,,1,Savannarally 1981,Savanna,true,high-precision
31601653-f5b0-a8ff-b41e-e40bb941d182::e7c9ba10-cbed-a907-c0e9-8b2602c536e0,31601653-f5b0-a8ff-b41e-e40bb941d182,e7c9ba10-cbed-a907-c0e9-8b2602c536e0,image,SR-NA_01_0205,1952,keywords,place,river,Marowijne,marowijne,Marowijne,stm-gazetteer,stm-00363,1,Expeditie Bioloog Dick Geijskes,met_kind_gevlochten_hoofdhaar | Grankreek (Paramaccaners) | Marowijne | Malobbi_zuidoever_Tapanahony | Bosschade_door_grondjesbrand | Grondje_Aucaners_met_hoge_cassave | grondje_in_kapoewer,true,high-precision
31601653-f5b0-a8ff-b41e-e40bb941d182::e7c9ba10-cbed-a907-c0e9-8b2602c536e0,31601653-f5b0-a8ff-b41e-e40bb941d182,e7c9ba10-cbed-a907-c0e9-8b2602c536e0,image,SR-NA_01_0205,1952,keywords,place,river,Tapanahoni,tapanahoni,Tapanahoni,stm-gazetteer,stm-00497,1,Expeditie Bioloog Dick Geijskes,en-met-papegaai | Luizen-en_spinnen | Cassave_koken | Boven-Tapanahoni | Cassave_persen | Paloemeu_bij_Pepejoe | Wespenraat-waaruit-larven-en-poppen-gegeten-worden | Schorsboot-kloppen-van-d,true,high-precision
9f799489-5da1-ebb1-dd52-1d3f1ac65a02::4d7fe461-da4d-bcb8-d22c-2bd899c60fc8,9f799489-5da1-ebb1-dd52-1d3f1ac65a02,4d7fe461-da4d-bcb8-d22c-2bd899c60fc8,video,SR-NA_02_1318,20 maart 2020,personsRaw,person,person,Danielle Veira,danielle veira,Danielle Veira,nas-persons-field,,1,Danielle Veira over maatregelen COVID-19,Danielle Veira,true,high-precision
02fcd4e9-5ebb-9b28-b1bc-0626e0867f11::49dfecbd-4689-89fb-a56b-5dc9e0af34e2,02fcd4e9-5ebb-9b28-b1bc-0626e0867f11,49dfecbd-4689-89fb-a56b-5dc9e0af34e2,video,SR-NA_02_1362,Onbekend,personsRaw,person,person,Guno Castelen,guno castelen,Guno Castelen,nas-persons-field,,1,Guno Castelen in toespraak te Commewijne,Guno Castelen,true,high-precision
1eb403ba-51ea-6e79-c517-08aaad19c2ea::2a5e2c6b-8cf3-3244-f685-440483b5b8b8,1eb403ba-51ea-6e79-c517-08aaad19c2ea,2a5e2c6b-8cf3-3244-f685-440483b5b8b8,video,SR-NA_02_1326,Onbekend,personsRaw,person,person,Raynel Dalen,raynel dalen,Raynel Dalen,nas-persons-field,,1,Raynel Dalen als zwerver in de binnenstad van Suriname,Raynel Dalen,true,high-precision
1eb403ba-51ea-6e79-c517-08aaad19c2ea::2a5e2c6b-8cf3-3244-f685-440483b5b8b8,1eb403ba-51ea-6e79-c517-08aaad19c2ea,2a5e2c6b-8cf3-3244-f685-440483b5b8b8,video,SR-NA_02_1326,Onbekend,personsRaw,person,person,Chantal,chantal,Chantal,nas-persons-field,,1,Raynel Dalen als zwerver in de binnenstad van Suriname,Chantal,true,high-precision
1eb403ba-51ea-6e79-c517-08aaad19c2ea::2a5e2c6b-8cf3-3244-f685-440483b5b8b8,1eb403ba-51ea-6e79-c517-08aaad19c2ea,2a5e2c6b-8cf3-3244-f685-440483b5b8b8,video,SR-NA_02_1326,Onbekend,personsRaw,person,person,Latoya,latoya,Latoya,nas-persons-field,,1,Raynel Dalen als zwerver in de binnenstad van Suriname,Latoya,true,high-precision
d754fa42-a721-30ec-4027-51d9f132f03c::,d754fa42-a721-30ec-4027-51d9f132f03c,,image,SR-NA_03_0001_009,2005,description,place,street,Burenstraat,burenstraat,Burenstraat,paramaribo-street-standardization,,1,Paramaribo-architectuur,", Zwarthovenbrugstraat 056, Zwarthovenbrugstraat 064 nwhoek Burenstraat, Zwarthovenbrugstraat 066 zwhoek Burenstraat, Zwarthovenbrugstraat 088 Ston Oso, Zwarthovenbrugstraat 088 Ston Oso, Zwa",true,high-precision
d754fa42-a721-30ec-4027-51d9f132f03c::,d754fa42-a721-30ec-4027-51d9f132f03c,,image,SR-NA_03_0001_009,2005,description,place,street,Domineestraat,domineestraat,Domineestraat,paramaribo-street-standardization,,1,Paramaribo-architectuur,"d Askhenazisch, Kwattaweg, Calcuttastraat 079 Fatimaschool, Domineestraat 001 hoek Heiligeweg, Domineestraat 011, Domineestraat 020 nwhoek Jodenbreestraat, Domineestraat 021 nohoek Jodenbreestr",true,high-precision
d754fa42-a721-30ec-4027-51d9f132f03c::,d754fa42-a721-30ec-4027-51d9f132f03c,,image,SR-NA_03_0001_009,2005,description,place,street,Maagdenstraat,maagdenstraat,Maagdenstraat,paramaribo-street-standardization,,1,Paramaribo-architectuur,"eiligeweg algemeen, Heiligeweg 011, Heiligeweg 023 oosthoek Maagdenstraat, Heiligeweg hoek Domineestraat- zie Domineestraat 001, Herenstraat 002, Herenstraat 004, Herenstraat 006, Herenstraat",true,high-precision
d754fa42-a721-30ec-4027-51d9f132f03c::,d754fa42-a721-30ec-4027-51d9f132f03c,,image,SR-NA_03_0001_009,2005,description,place,street,Gravenstraat,gravenstraat,Gravenstraat,paramaribo-street-standardization,,1,Paramaribo-architectuur,"zeelandia - gebouw 1790 verbrand 1990, Gonggrijpstraat 016, Gravenstraat 001 westhoek Mirandastraat, Gravenstraat 002-004 oosthoek Gr Combéweg verbrand 1996, Gravenstraat 003 parket PG, Graven",true,high-precision
d754fa42-a721-30ec-4027-51d9f132f03c::,d754fa42-a721-30ec-4027-51d9f132f03c,,image,SR-NA_03_0001_009,2005,description,place,street,Grote Hofstraat,grote hofstraat,Grote Hofstraat,paramaribo-street-standardization,,1,Paramaribo-architectuur,"Paramaribo, Gravenstraat 100, Grote Combeweg 034 EBG-kerk, Grote Hofstraat 007, Heiligeweg algemeen, Heiligeweg 011, Heiligeweg 023 oosthoek Maagdenstraat, Heiligeweg hoek Domineestraat- zie Do",true,high-precision
d754fa42-a721-30ec-4027-51d9f132f03c::,d754fa42-a721-30ec-4027-51d9f132f03c,,image,SR-NA_03_0001_009,2005,description,place,street,Hogestraat,hogestraat,Hogestraat,paramaribo-street-standardization,,1,Paramaribo-architectuur,"enenstraat, Herenstraat 038, Herenstraat 050 theater Tower, Hogestraat verlengd 022, Jodenbreestraat 035 hk Maagdenstraat, Julianastraat 056 huize Berkenveld, Keizerstraat 002 hoek Waterkant",true,high-precision
d754fa42-a721-30ec-4027-51d9f132f03c::,d754fa42-a721-30ec-4027-51d9f132f03c,,image,SR-NA_03_0001_009,2005,description,place,street,Herenstraat,herenstraat,Herenstraat,paramaribo-street-standardization,,1,Paramaribo-architectuur,"aat, Heiligeweg hoek Domineestraat- zie Domineestraat 001, Herenstraat 002, Herenstraat 004, Herenstraat 006, Herenstraat 008, Herenstraat 011, Herenstraat 014-016 YWCA-verbrand 2006, Herens",true,high-precision
d754fa42-a721-30ec-4027-51d9f132f03c::,d754fa42-a721-30ec-4027-51d9f132f03c,,image,SR-NA_03_0001_009,2005,description,place,street,Heiligeweg,heiligeweg,Heiligenweg,paramaribo-street-standardization,,1,Paramaribo-architectuur,"eg, Calcuttastraat 079 Fatimaschool, Domineestraat 001 hoek Heiligeweg, Domineestraat 011, Domineestraat 020 nwhoek Jodenbreestraat, Domineestraat 021 nohoek Jodenbreestraat, Domineestraat 0",true,high-precision
d754fa42-a721-30ec-4027-51d9f132f03c::,d754fa42-a721-30ec-4027-51d9f132f03c,,image,SR-NA_03_0001_009,2005,description,place,street,Hofstraat,hofstraat,Hofstraat,paramaribo-street-standardization,,1,Paramaribo-architectuur,"aribo, Gravenstraat 100, Grote Combeweg 034 EBG-kerk, Grote Hofstraat 007, Heiligeweg algemeen, Heiligeweg 011, Heiligeweg 023 oosthoek Maagdenstraat, Heiligeweg hoek Domineestraat- zie Do",true,high-precision
d754fa42-a721-30ec-4027-51d9f132f03c::,d754fa42-a721-30ec-4027-51d9f132f03c,,image,SR-NA_03_0001_009,2005,description,place,street,Jodenbreestraat,jodenbreestraat,Jodenbreestraat,paramaribo-street-standardization,,1,Paramaribo-architectuur,"oek Heiligeweg, Domineestraat 011, Domineestraat 020 nwhoek Jodenbreestraat, Domineestraat 021 nohoek Jodenbreestraat, Domineestraat 022 Haenen gebouw, Domineestraat 023 zohoek Jodenbreestraat, D",true,high-precision
d754fa42-a721-30ec-4027-51d9f132f03c::,d754fa42-a721-30ec-4027-51d9f132f03c,,image,SR-NA_03_0001_009,2005,description,place,street,Keizerstraat,keizerstraat,Keizerstraat,paramaribo-street-standardization,,1,Paramaribo-architectuur,"t 035 hk Maagdenstraat, Julianastraat 056 huize Berkenveld, Keizerstraat 002 hoek Waterkant, Keizerstraat 011 hoek Watermolenstraat, Keizerstraat 012-014, Keizerstraat 016 hoek Watermolenstraa",true,high-precision
d754fa42-a721-30ec-4027-51d9f132f03c::,d754fa42-a721-30ec-4027-51d9f132f03c,,image,SR-NA_03_0001_009,2005,description,place,street,Malebatrumstraat,malebatrumstraat,Malebatrumstraat,paramaribo-street-standardization,,1,Paramaribo-architectuur,", Keizerstraat zwhoek Zhbrugstraat, Keizerstraat 078 westhk Malebatrumstraat, Keizerstraat 082 synagoge Ne Ve Shalom, Keizerstraat 112 Emmaus, Keizerstraat verl 065 Alphonsus parochie, Kerkplein g",true,high-precision
d754fa42-a721-30ec-4027-51d9f132f03c::,d754fa42-a721-30ec-4027-51d9f132f03c,,image,SR-NA_03_0001_009,2005,description,place,street,Kerkplein,kerkplein,Kerkplein,paramaribo-street-standardization,,1,Paramaribo-architectuur,"traat 112 Emmaus, Keizerstraat verl 065 Alphonsus parochie, Kerkplein geschiedenis, Kerkplein Hervormde kerk- incompleet, Kerkplein Oude Oranjetuin, Kerkplein 001 RBTT bank, Kerkplein 003 v",true,high-precision
d754fa42-a721-30ec-4027-51d9f132f03c::,d754fa42-a721-30ec-4027-51d9f132f03c,,image,SR-NA_03_0001_009,2005,description,place,street,Klipstenenstraat,klipstenenstraat,Klipstenenstraat,paramaribo-street-standardization,,1,Paramaribo-architectuur,"traat 042-044, Gravenstraat 045, Gravenstraat 049 westhoek Klipstenenstraat, Gravenstraat 052-054 tweelinghuizen, Gravenstraat 060, Gravenstraat 064 min Volksgezondheid, Gravenstraat 064-066 sLa",true,high-precision
d754fa42-a721-30ec-4027-51d9f132f03c::,d754fa42-a721-30ec-4027-51d9f132f03c,,image,SR-NA_03_0001_009,2005,description,place,street,Knuffelsgracht,knuffelsgracht,Knuffelsgracht,paramaribo-street-standardization,,1,Paramaribo-architectuur,"Lim-A-Po straat, Klipstenenstraat 002-010 Fernandesgebouw, Knuffelsgracht ? hoek Keizerstraat, Kromme Elleboogstraat 009 Benz gebouw, Kromme Elleboogstraat 010-verbrand, Kromme Elleboogstraat 0",true,high-precision
d754fa42-a721-30ec-4027-51d9f132f03c::,d754fa42-a721-30ec-4027-51d9f132f03c,,image,SR-NA_03_0001_009,2005,description,place,street,Kromme Elleboogstraat,kromme elleboogstraat,Kromme Elleboogstraat,paramaribo-street-standardization,,1,Paramaribo-architectuur,"02-010 Fernandesgebouw, Knuffelsgracht ? hoek Keizerstraat, Kromme Elleboogstraat 009 Benz gebouw, Kromme Elleboogstraat 010-verbrand, Kromme Elleboogstraat 011-Leeg terrein, Kromme Elleboogstraat 018-",true,high-precision
d754fa42-a721-30ec-4027-51d9f132f03c::,d754fa42-a721-30ec-4027-51d9f132f03c,,image,SR-NA_03_0001_009,2005,description,place,street,Noorderkerkstraat,noorderkerkstraat,Noorderkerkstraat,paramaribo-street-standardization,,1,Paramaribo-architectuur,"traat 022-024 kathedraal orgel, Gravenstraat 023-025 westhk Noorderkerkstraat, Gravenstraat 026-030 DSB, Gravenstraat 027 vml Landsarchief, Gravenstraat 029, Gravenstraat 032, Gravenstraat 033 Tele",true,high-precision
d754fa42-a721-30ec-4027-51d9f132f03c::,d754fa42-a721-30ec-4027-51d9f132f03c,,image,SR-NA_03_0001_009,2005,description,place,street,Oude Oranjetuin,oude oranjetuin,Kerkplein,paramaribo-street-standardization,,1,Paramaribo-architectuur,", Begraafplaats Nieuwe Oranjetuin, Nassylaan, Begraafplaats Oude Oranjetuin, Begraafplaats Oud Askhenazisch, Kwattaweg, Calcuttastraat 079 Fatimaschool, Domineestraat 001 hoek Heiligeweg, Dominee",true,high-precision
d754fa42-a721-30ec-4027-51d9f132f03c::,d754fa42-a721-30ec-4027-51d9f132f03c,,image,SR-NA_03_0001_009,2005,description,place,street,Prinsenstraat,prinsenstraat,Prinsenstraat,paramaribo-street-standardization,,1,Paramaribo-architectuur,"iaschool-2008 gesloopt, Zwarthovenbrugstraat 132-136 nwhoek Prinsenstraat, Zwarthovenbrugstraat 133-135 nohoek,",true,high-precision
d754fa42-a721-30ec-4027-51d9f132f03c::,d754fa42-a721-30ec-4027-51d9f132f03c,,image,SR-NA_03_0001_009,2005,description,place,street,Saramaccastraat,saramaccastraat,Saramaccastraat,paramaribo-street-standardization,,1,Paramaribo-architectuur,"art, Prins Hendrikstraat 017a Ons Erf, Prinsessestraat 043, Saramaccastraat 002, Saramaccastraat 020, Schietbaanweg 033 Geertrudisschool, Sophie Redmondstraat 001-007 CHM, Steenbakkerijstraat 0",true,high-precision
d754fa42-a721-30ec-4027-51d9f132f03c::,d754fa42-a721-30ec-4027-51d9f132f03c,,image,SR-NA_03_0001_009,2005,description,place,street,Steenbakkerijstraat,steenbakkerijstraat,Steenbakkerijstraat,paramaribo-street-standardization,,1,Paramaribo-architectuur,"ineestraat 039 Krasnapolsky hotel, Domineestraat 044 nwhoek Steenbakkerijstraat, Domineestraat 046 zwhoek Steenbakkerijstraat, Domineestraat 048, Fort zeelandia ? binnenfort, Fort zeelandia - huis 05",true,high-precision
d754fa42-a721-30ec-4027-51d9f132f03c::,d754fa42-a721-30ec-4027-51d9f132f03c,,image,SR-NA_03_0001_009,2005,description,place,street,Wagenwegstraat,wagenwegstraat,Wagenwegstraat,paramaribo-street-standardization,,1,Paramaribo-architectuur,"kkerijstraat 041, Stoelmanstraat 040, Waaldijkstraat 126-b, Wagenwegstraat 003-005 - zie Kerkplein 003, Wagenwegstraat 020, Wagenwegstraat 022 het huis Samson, Wagenwegstraat 024, Wagenwegstraa",true,high-precision
d754fa42-a721-30ec-4027-51d9f132f03c::,d754fa42-a721-30ec-4027-51d9f132f03c,,image,SR-NA_03_0001_009,2005,description,place,street,Wanicastraat,wanicastraat,Wanicastraat,paramaribo-street-standardization,,1,Paramaribo-architectuur,"enwegstraat 049-051, Wagenwegstraat 053 het huis van Emden, Wanicastraat 115-117, Wanicastraat 115-117 Bonifaaskerk, Wanicastraat 115-117 Bonifaaspastorie, Wanicastraat 188 Landsgrond Boniface",true,high-precision
d754fa42-a721-30ec-4027-51d9f132f03c::,d754fa42-a721-30ec-4027-51d9f132f03c,,image,SR-NA_03_0001_009,2005,description,place,street,Waterkant,waterkant,Waterkant,paramaribo-street-standardization,,1,Paramaribo-architectuur,", Julianastraat 056 huize Berkenveld, Keizerstraat 002 hoek Waterkant, Keizerstraat 011 hoek Watermolenstraat, Keizerstraat 012-014, Keizerstraat 016 hoek Watermolenstraat, Keizerstraat 025",true,high-precision
d754fa42-a721-30ec-4027-51d9f132f03c::,d754fa42-a721-30ec-4027-51d9f132f03c,,image,SR-NA_03_0001_009,2005,description,place,street,Watermolenstraat,watermolenstraat,Watermolenstraat,paramaribo-street-standardization,,1,Paramaribo-architectuur,"Gravenstraat 008 verbrand 1996, Gravenstraat 009-013 oosthk Watermolenstraat, Gravenstraat 010-012 bisschopshuis, Gravenstraat 014 CAB, Gravenstraat 014 CAB, Gravenstraat 014-018 erf ? overzicht,",true,high-precision
d754fa42-a721-30ec-4027-51d9f132f03c::,d754fa42-a721-30ec-4027-51d9f132f03c,,image,SR-NA_03_0001_009,2005,description,place,street,Weidestraat,weidestraat,Weidestraat,paramaribo-street-standardization,,1,Paramaribo-architectuur,"Keizerstraat, Watermolenstraat 037 noordhoek Gr Hofstraat, Weidestraat 004 Rossignol, Wulfinghstraat 001 Oude Paulusschool, Wulfinghstraat 001 Patronaat, Wulfinghstraat 002 poortgebouw, Wul",true,high-precision
d754fa42-a721-30ec-4027-51d9f132f03c::,d754fa42-a721-30ec-4027-51d9f132f03c,,image,SR-NA_03_0001_009,2005,description,place,street,Zwarthovenbrugstraat,zwarthovenbrugstraat,Zwartenhovenbrugstaat,paramaribo-street-standardization,,1,Paramaribo-architectuur,"Klipstenenstraat, Keizerstraat 066, Keizerstraat 075 zohoek Zwarthovenbrugstraat, Keizerstraat zwhoek Zhbrugstraat, Keizerstraat 078 westhk Malebatrumstraat, Keizerstraat 082 synagoge Ne Ve Shalom, Ke",true,high-precision
22402b52-1bb4-0e6c-e323-69c32859c019::1c5946fb-4b01-f330-044e-b3e17c0e6fd9,22402b52-1bb4-0e6c-e323-69c32859c019,1c5946fb-4b01-f330-044e-b3e17c0e6fd9,image,SR-NA_03_0001_006,2005,title,place,river,Marowijne,marowijne,Marowijne,stm-gazetteer,stm-00363,1,Marowijne -Albina-Galibi,Marowijne -Albina-Galibi,true,high-precision
318fc876-d3f0-a738-238d-23c92920b004::ba7246be-d8a4-99bf-5a91-4cf6c10ab1f3,318fc876-d3f0-a738-238d-23c92920b004,ba7246be-d8a4-99bf-5a91-4cf6c10ab1f3,image,SR-NA_03_0001_003,2005,description,place,river,Boven-Commewijne,boven-commewijne,Boven-Commewijne,stm-gazetteer,stm-00016,1,Forten Commewijne,mmelsdijck op de samenvloeiing van de Cottica (links) en de boven-Commewijne. Het vijfpuntige fort is vanwege de afwijkende begroeiing herkenbaar vanuit de lucht.,true,high-precision
441c0c9f-c2f9-1db9-2438-94aac756c790::437da8b0-a3dd-d695-c28b-06214d829e97,441c0c9f-c2f9-1db9-2438-94aac756c790,437da8b0-a3dd-d695-c28b-06214d829e97,image,SR-NA_03_0001_007,2005,description,place,plantation,Nursery,nursery,Nursery,stm-gazetteer,stm-01644,1,Nickerierivier-plantages-architectuur,"aat 061 VPG kerk, Hampton-Court, Hazard, Margarethenburg, , Nursery, Paradise, Waterloo",true,high-precision
441c0c9f-c2f9-1db9-2438-94aac756c790::437da8b0-a3dd-d695-c28b-06214d829e97,441c0c9f-c2f9-1db9-2438-94aac756c790,437da8b0-a3dd-d695-c28b-06214d829e97,image,SR-NA_03_0001_007,2005,description,place,plantation,Paradise,paradise,Paradise,stm-gazetteer,stm-01641,1,Nickerierivier-plantages-architectuur,"PG kerk, Hampton-Court, Hazard, Margarethenburg, , Nursery, Paradise, Waterloo",true,high-precision
441c0c9f-c2f9-1db9-2438-94aac756c790::437da8b0-a3dd-d695-c28b-06214d829e97,441c0c9f-c2f9-1db9-2438-94aac756c790,437da8b0-a3dd-d695-c28b-06214d829e97,image,SR-NA_03_0001_007,2005,keywords,place,plantation,Nursery,nursery,Nursery,stm-gazetteer,stm-01644,1,Nickerierivier-plantages-architectuur,- erven Balfour / 1890 - 1932 - plantagecomplex Waterloo - Nursery – Hazard / 1932 – sluiting / 2003 - penitentiaire inrichting Hazard / De koffieplantage Margarethenburg: 1797 - aanleg,true,high-precision
441c0c9f-c2f9-1db9-2438-94aac756c790::437da8b0-a3dd-d695-c28b-06214d829e97,441c0c9f-c2f9-1db9-2438-94aac756c790,437da8b0-a3dd-d695-c28b-06214d829e97,image,SR-NA_03_0001_007,2005,keywords,place,plantation,Paradise,paradise,Paradise,stm-gazetteer,stm-01641,1,Nickerierivier-plantages-architectuur,ry – Hazard / circa 1920 – sluiting / 2003 / suikerplantage Paradise: 1797 – Friderici / 1821 - W. Stuart / 1843 - boedel Cruickshank / 1863 - Anthony Dessé / 1889 - erven A. Dessé / 1898,true,high-precision
5c5ae1a6-045a-d836-9cb1-d083fd86da4b::b4378b08-b926-f0ec-5c17-0cf2c5771e7e,5c5ae1a6-045a-d836-9cb1-d083fd86da4b,b4378b08-b926-f0ec-5c17-0cf2c5771e7e,image,SR-NA_03_0001_011,2005,description,place,creek,Tijgerkreek,tijgerkreek,Tijgerkreek,stm-gazetteer,stm-00174,1,Saramaccarivier-Groningen-plantages,"n, woning DC, Groningen, Mon Plaisir aan de Tawajarikreek, Tijgerkreek politiepost",true,high-precision
5c5ae1a6-045a-d836-9cb1-d083fd86da4b::b4378b08-b926-f0ec-5c17-0cf2c5771e7e,5c5ae1a6-045a-d836-9cb1-d083fd86da4b,b4378b08-b926-f0ec-5c17-0cf2c5771e7e,image,SR-NA_03_0001_011,2005,keywords,place,river,Beneden-Saramacca,beneden-saramacca,Beneden-Saramacca,stm-gazetteer,stm-00014,1,Saramaccarivier-Groningen-plantages,"ar boerenkolonisatie suikerplantage Catharina Sophia aan de beneden-Saramacca: volksnaam ""Soekroegron"" = suikergrond. 1797 – Jurriaan François de Friderici. / boedel J. F. De Friderici / 1830 – Par",true,high-precision
5c5ae1a6-045a-d836-9cb1-d083fd86da4b::b4378b08-b926-f0ec-5c17-0cf2c5771e7e,5c5ae1a6-045a-d836-9cb1-d083fd86da4b,b4378b08-b926-f0ec-5c17-0cf2c5771e7e,image,SR-NA_03_0001_011,2005,keywords,place,river,Saramacca Kanaal,saramacca kanaal,Saramacca Kanaal,stm-gazetteer,stm-00286,1,Saramaccarivier-Groningen-plantages,de Wanicakreek en de Tawajari / Circa 1775 – aanleg van het Saramacca kanaal / 1814 – Adriaan Johannes Comvalius / 1896 – 1906 – afsluiting van het Saramaccakanaal en aanleg van de leidingen / 200,true,high-precision
5c5ae1a6-045a-d836-9cb1-d083fd86da4b::b4378b08-b926-f0ec-5c17-0cf2c5771e7e,5c5ae1a6-045a-d836-9cb1-d083fd86da4b,b4378b08-b926-f0ec-5c17-0cf2c5771e7e,image,SR-NA_03_0001_011,2005,keywords,place,creek,Tijgerkreek,tijgerkreek,Tijgerkreek,stm-gazetteer,stm-00174,1,Saramaccarivier-Groningen-plantages,n de leidingen / 2004 – landelijke buitenwijk / Politiepost Tijgerkreek aan de Saramaccarivier,true,high-precision
5c5ae1a6-045a-d836-9cb1-d083fd86da4b::b4378b08-b926-f0ec-5c17-0cf2c5771e7e,5c5ae1a6-045a-d836-9cb1-d083fd86da4b,b4378b08-b926-f0ec-5c17-0cf2c5771e7e,image,SR-NA_03_0001_011,2005,keywords,place,plantation,Columbia,columbia,Columbia,stm-gazetteer,stm-01958,1,Saramaccarivier-Groningen-plantages,oningen: 1790 - aanleg fortress Groningen / 1801 - uitgifte Columbia / Groningen en het district Saramacca omstreeks 1810 / 1818 - beschrijving fortress Groningen / 1838 - beschrijving Aug,true,high-precision
81296a3d-15cf-449e-488a-651c2fd2673c::ba8ba3ff-94ee-78f6-69a0-068f0d081a5e,81296a3d-15cf-449e-488a-651c2fd2673c,ba8ba3ff-94ee-78f6-69a0-068f0d081a5e,image,SR-NA_03_0001_002,2005,keywords,place,river,Vredenburger Kreek,vredenburger kreek,Vredenburger Kreek,stm-gazetteer,stm-00051,1,Cottica en Perica rivier,rheid | Dusseldorp: zie Manheim | Eendracht | Elisabeth zie Vredenburger kreek | Elsenhagen | Ephrata | Geertruida zie Vredenburger kreek | Gekroonde Pauw | Groot en Klein Cuylenburg | Groot Marseil,true,high-precision
81296a3d-15cf-449e-488a-651c2fd2673c::ba8ba3ff-94ee-78f6-69a0-068f0d081a5e,81296a3d-15cf-449e-488a-651c2fd2673c,ba8ba3ff-94ee-78f6-69a0-068f0d081a5e,image,SR-NA_03_0001_002,2005,keywords,place,plantation,Brouwershaven,brouwershaven,Brouwershaven,stm-gazetteer,stm-01206,1,Cottica en Perica rivier,kreek | Bleyenhoop en Bleyenrust | Bokkestein | Boomakker | Brouwershaven | Brunswijck | Capoerica | Ceres | Charlottenburg | Constantia | Corisane | Cortenduur | Courtvlugt | Dageraad en Dankb,true,high-precision
81296a3d-15cf-449e-488a-651c2fd2673c::ba8ba3ff-94ee-78f6-69a0-068f0d081a5e,81296a3d-15cf-449e-488a-651c2fd2673c,ba8ba3ff-94ee-78f6-69a0-068f0d081a5e,image,SR-NA_03_0001_002,2005,keywords,place,plantation,Capoerica,capoerica,Capoerica,stm-gazetteer,stm-00771,1,Cottica en Perica rivier,ust | Bokkestein | Boomakker | Brouwershaven | Brunswijck | Capoerica | Ceres | Charlottenburg | Constantia | Corisane | Cortenduur | Courtvlugt | Dageraad en Dankbaarheid | Dusseldorp: zie,true,high-precision
81296a3d-15cf-449e-488a-651c2fd2673c::ba8ba3ff-94ee-78f6-69a0-068f0d081a5e,81296a3d-15cf-449e-488a-651c2fd2673c,ba8ba3ff-94ee-78f6-69a0-068f0d081a5e,image,SR-NA_03_0001_002,2005,keywords,place,plantation,Ceres,ceres,Ceres,stm-gazetteer,stm-01146,1,Cottica en Perica rivier,tein | Boomakker | Brouwershaven | Brunswijck | Capoerica | Ceres | Charlottenburg | Constantia | Corisane | Cortenduur | Courtvlugt | Dageraad en Dankbaarheid | Dusseldorp: zie Manheim,true,high-precision
81296a3d-15cf-449e-488a-651c2fd2673c::ba8ba3ff-94ee-78f6-69a0-068f0d081a5e,81296a3d-15cf-449e-488a-651c2fd2673c,ba8ba3ff-94ee-78f6-69a0-068f0d081a5e,image,SR-NA_03_0001_002,2005,keywords,place,plantation,De Beste,de beste,De Beste,stm-gazetteer,stm-01145,1,Cottica en Perica rivier,Aleyda | Amsterdam | Bel-air | de Beste | Vredeburger kreek | Bleyenhoop en Bleyenrust | Bokkestein | Boomakker | Brouwershaven | Brunswijck | Capoerica | Cere,true,high-precision
81296a3d-15cf-449e-488a-651c2fd2673c::ba8ba3ff-94ee-78f6-69a0-068f0d081a5e,81296a3d-15cf-449e-488a-651c2fd2673c,ba8ba3ff-94ee-78f6-69a0-068f0d081a5e,image,SR-NA_03_0001_002,2005,keywords,place,plantation,Elsenhagen,elsenhagen,Elsenhagen,stm-gazetteer,stm-01092,1,Cottica en Perica rivier,ie Manheim | Eendracht | Elisabeth zie Vredenburger kreek | Elsenhagen | Ephrata | Geertruida zie Vredenburger kreek | Gekroonde Pauw | Groot en Klein Cuylenburg | Groot Marseille | Hagenbos,true,high-precision
81296a3d-15cf-449e-488a-651c2fd2673c::ba8ba3ff-94ee-78f6-69a0-068f0d081a5e,81296a3d-15cf-449e-488a-651c2fd2673c,ba8ba3ff-94ee-78f6-69a0-068f0d081a5e,image,SR-NA_03_0001_002,2005,keywords,place,plantation,Elisabeth,elisabeth,Elisabeth,stm-gazetteer,stm-01139,1,Cottica en Perica rivier,aad en Dankbaarheid | Dusseldorp: zie Manheim | Eendracht | Elisabeth zie Vredenburger kreek | Elsenhagen | Ephrata | Geertruida zie Vredenburger kreek | Gekroonde Pauw | Groot en Klein Cuy,true,high-precision
81296a3d-15cf-449e-488a-651c2fd2673c::ba8ba3ff-94ee-78f6-69a0-068f0d081a5e,81296a3d-15cf-449e-488a-651c2fd2673c,ba8ba3ff-94ee-78f6-69a0-068f0d081a5e,image,SR-NA_03_0001_002,2005,keywords,place,plantation,Geertruida,geertruida,Geertruida,stm-gazetteer,stm-01152,1,Cottica en Perica rivier,| Elisabeth zie Vredenburger kreek | Elsenhagen | Ephrata | Geertruida zie Vredenburger kreek | Gekroonde Pauw | Groot en Klein Cuylenburg | Groot Marseille | Hagenbosch | Harmonie | de Hulp,true,high-precision
81296a3d-15cf-449e-488a-651c2fd2673c::ba8ba3ff-94ee-78f6-69a0-068f0d081a5e,81296a3d-15cf-449e-488a-651c2fd2673c,ba8ba3ff-94ee-78f6-69a0-068f0d081a5e,image,SR-NA_03_0001_002,2005,keywords,place,plantation,Java,java,Java,stm-gazetteer,stm-00789,1,Cottica en Perica rivier,monie | de Hulp | Hulshoff | Klein-Constantia | Kleinhoop | Java aan de Motkreek | Johanna | Lamotraye- zie Gekroonde Pauw | Leeverpoel | Libanon | Lunenburg | Lunette | Le Mat Rouge |,true,high-precision
81296a3d-15cf-449e-488a-651c2fd2673c::ba8ba3ff-94ee-78f6-69a0-068f0d081a5e,81296a3d-15cf-449e-488a-651c2fd2673c,ba8ba3ff-94ee-78f6-69a0-068f0d081a5e,image,SR-NA_03_0001_002,2005,keywords,place,plantation,Le Mat Rouge,le mat rouge,Le Mat Rouge,stm-gazetteer,stm-01190,1,Cottica en Perica rivier,kroonde Pauw | Leeverpoel | Libanon | Lunenburg | Lunette | Le Mat Rouge | Manheim | Mawaribo | Meulwijk | Mijn Zorg | Misgunst | Mocha | Mon Bijou | Mondesir | Molhoop | Mollenburg | Monsort,true,high-precision
81296a3d-15cf-449e-488a-651c2fd2673c::ba8ba3ff-94ee-78f6-69a0-068f0d081a5e,81296a3d-15cf-449e-488a-651c2fd2673c,ba8ba3ff-94ee-78f6-69a0-068f0d081a5e,image,SR-NA_03_0001_002,2005,keywords,place,plantation,Lunette,lunette,Lunette,stm-gazetteer,stm-01150,1,Cottica en Perica rivier,ye- zie Gekroonde Pauw | Leeverpoel | Libanon | Lunenburg | Lunette | Le Mat Rouge | Manheim | Mawaribo | Meulwijk | Mijn Zorg | Misgunst | Mocha | Mon Bijou | Mondesir | Molhoop | Mollen,true,high-precision
81296a3d-15cf-449e-488a-651c2fd2673c::ba8ba3ff-94ee-78f6-69a0-068f0d081a5e,81296a3d-15cf-449e-488a-651c2fd2673c,ba8ba3ff-94ee-78f6-69a0-068f0d081a5e,image,SR-NA_03_0001_002,2005,keywords,place,plantation,Mijn Zorg,mijn zorg,Mijn Zorg,stm-gazetteer,stm-01143,1,Cottica en Perica rivier,| Lunette | Le Mat Rouge | Manheim | Mawaribo | Meulwijk | Mijn Zorg | Misgunst | Mocha | Mon Bijou | Mondesir | Molhoop | Mollenburg | Monsort | Munnickendam | Naccaracabo | Nes-en-Camp |,true,high-precision
81296a3d-15cf-449e-488a-651c2fd2673c::ba8ba3ff-94ee-78f6-69a0-068f0d081a5e,81296a3d-15cf-449e-488a-651c2fd2673c,ba8ba3ff-94ee-78f6-69a0-068f0d081a5e,image,SR-NA_03_0001_002,2005,keywords,place,plantation,Mon Bijou,mon bijou,Mon Bijou,stm-gazetteer,stm-01130,1,Cottica en Perica rivier,heim | Mawaribo | Meulwijk | Mijn Zorg | Misgunst | Mocha | Mon Bijou | Mondesir | Molhoop | Mollenburg | Monsort | Munnickendam | Naccaracabo | Nes-en-Camp | Nieuw-Acconoribo | Nieuw-Java,true,high-precision
81296a3d-15cf-449e-488a-651c2fd2673c::ba8ba3ff-94ee-78f6-69a0-068f0d081a5e,81296a3d-15cf-449e-488a-651c2fd2673c,ba8ba3ff-94ee-78f6-69a0-068f0d081a5e,image,SR-NA_03_0001_002,2005,keywords,place,plantation,Soribo,soribo,Soribo,stm-gazetteer,stm-01186,1,Cottica en Perica rivier,e Aleyda | Rustenburg | Sardam | Schepmoedt- zie Mondesir | Soribo | Texiergift - zie De Zes Kinderen | Twijfelachtig | Va comme je te pousse | Nouvelle Esperance | Vlugt en Trouw | Voor,true,high-precision
81296a3d-15cf-449e-488a-651c2fd2673c::ba8ba3ff-94ee-78f6-69a0-068f0d081a5e,81296a3d-15cf-449e-488a-651c2fd2673c,ba8ba3ff-94ee-78f6-69a0-068f0d081a5e,image,SR-NA_03_0001_002,2005,keywords,place,plantation,Va comme je te pousse,va comme je te pousse,Va comme je te pousse,stm-gazetteer,stm-01111,1,Cottica en Perica rivier,bo | Nieuwe Eendragt | Nieuwe Levant | Nouvelle Esperance | Va comme je te pousse | Onvergenoegd | Oranje kreek | Oud-Bellevue | Paix | Perou | Poelwijk | Rietwijk | Roosendaal- zie Aleyda | Rustenburg,true,high-precision
81296a3d-15cf-449e-488a-651c2fd2673c::ba8ba3ff-94ee-78f6-69a0-068f0d081a5e,81296a3d-15cf-449e-488a-651c2fd2673c,ba8ba3ff-94ee-78f6-69a0-068f0d081a5e,image,SR-NA_03_0001_002,2005,keywords,place,plantation,Wayamoe,wayamoe,Wayamoe,stm-gazetteer,stm-01455,1,Cottica en Perica rivier,w | Voorzorg | De Vreede | Vredenburger kreek | Waterwijk | Wayamoe aan de Wayamoe-kreek | Welgelegen-zie Zeldenrust | Wolvenhorst | Zeezigt en Eindperk | Zeldenrust en Welgelegen | de Ze,true,high-precision
81296a3d-15cf-449e-488a-651c2fd2673c::ba8ba3ff-94ee-78f6-69a0-068f0d081a5e,81296a3d-15cf-449e-488a-651c2fd2673c,ba8ba3ff-94ee-78f6-69a0-068f0d081a5e,image,SR-NA_03_0001_002,2005,keywords,place,plantation,Wolvenhorst,wolvenhorst,Wolvenhorst,stm-gazetteer,stm-01153,1,Cottica en Perica rivier,Wayamoe aan de Wayamoe-kreek | Welgelegen-zie Zeldenrust | Wolvenhorst | Zeezigt en Eindperk | Zeldenrust en Welgelegen | de Zes Kinderen | Zwarigheid- zie Vredenburger kreek,true,high-precision
81296a3d-15cf-449e-488a-651c2fd2673c::ba8ba3ff-94ee-78f6-69a0-068f0d081a5e,81296a3d-15cf-449e-488a-651c2fd2673c,ba8ba3ff-94ee-78f6-69a0-068f0d081a5e,image,SR-NA_03_0001_002,2005,keywords,place,plantation,Zeezigt en Eindperk,zeezigt en eindperk,Zeezigt en Eindperk,stm-gazetteer,stm-02406,1,Cottica en Perica rivier,e Wayamoe-kreek | Welgelegen-zie Zeldenrust | Wolvenhorst | Zeezigt en Eindperk | Zeldenrust en Welgelegen | de Zes Kinderen | Zwarigheid- zie Vredenburger kreek,true,high-precision
81296a3d-15cf-449e-488a-651c2fd2673c::ba8ba3ff-94ee-78f6-69a0-068f0d081a5e,81296a3d-15cf-449e-488a-651c2fd2673c,ba8ba3ff-94ee-78f6-69a0-068f0d081a5e,image,SR-NA_03_0001_002,2005,keywords,place,plantation,Corisane,corisane,Corisane,plantages-dataset,,1,Cottica en Perica rivier,nswijck | Capoerica | Ceres | Charlottenburg | Constantia | Corisane | Cortenduur | Courtvlugt | Dageraad en Dankbaarheid | Dusseldorp: zie Manheim | Eendracht | Elisabeth zie Vredenburger,true,high-precision
81296a3d-15cf-449e-488a-651c2fd2673c::ba8ba3ff-94ee-78f6-69a0-068f0d081a5e,81296a3d-15cf-449e-488a-651c2fd2673c,ba8ba3ff-94ee-78f6-69a0-068f0d081a5e,image,SR-NA_03_0001_002,2005,keywords,place,plantation,Harmonie,harmonie,Harmonie,plantages-dataset,,1,Cottica en Perica rivier,Groot en Klein Cuylenburg | Groot Marseille | Hagenbosch | Harmonie | de Hulp | Hulshoff | Klein-Constantia | Kleinhoop | Java aan de Motkreek | Johanna | Lamotraye- zie Gekroonde Pauw |,true,high-precision
81296a3d-15cf-449e-488a-651c2fd2673c::ba8ba3ff-94ee-78f6-69a0-068f0d081a5e,81296a3d-15cf-449e-488a-651c2fd2673c,ba8ba3ff-94ee-78f6-69a0-068f0d081a5e,image,SR-NA_03_0001_002,2005,keywords,place,plantation,Mondesir,mondesir,Mondesir,plantages-dataset,,1,Cottica en Perica rivier,ibo | Meulwijk | Mijn Zorg | Misgunst | Mocha | Mon Bijou | Mondesir | Molhoop | Mollenburg | Monsort | Munnickendam | Naccaracabo | Nes-en-Camp | Nieuw-Acconoribo | Nieuw-Java aan de Cott,true,high-precision
8b64876f-4287-4eab-4012-cb3ba25ed21f::597a57f8-c8c7-8d79-24e8-43e01995de67,8b64876f-4287-4eab-4012-cb3ba25ed21f,597a57f8-c8c7-8d79-24e8-43e01995de67,image,SR-NA_03_0001_001,2005,title,place,plantation,Batavia,batavia,Batavia,stm-gazetteer,stm-02099,1,Coppenamerivier Batavia Petrus Donders bedevaartkapel,Coppenamerivier Batavia Petrus Donders bedevaartkapel,true,high-precision
8b64876f-4287-4eab-4012-cb3ba25ed21f::597a57f8-c8c7-8d79-24e8-43e01995de67,8b64876f-4287-4eab-4012-cb3ba25ed21f,597a57f8-c8c7-8d79-24e8-43e01995de67,image,SR-NA_03_0001_001,2005,description,place,plantation,Batavia,batavia,Batavia,stm-gazetteer,stm-02099,1,Coppenamerivier Batavia Petrus Donders bedevaartkapel,Batavia aan de Coppenamerivier. Dit voormalig melaatsen-oord wordt gebruikt als bedevaartsplaats - aan Pater Petrus Donders ge,true,high-precision
a18f65ad-086d-2322-f58e-b781eeb2742f::12b5d21a-5a4b-bc37-93d2-63d949255f47,a18f65ad-086d-2322-f58e-b781eeb2742f,12b5d21a-5a4b-bc37-93d2-63d949255f47,image,SR-NA_03_0001_005,2005,title,place,street,Pad van Wanica,pad van wanica,Pad van Wanica,paramaribo-street-standardization,,1,Lelydorp - Pad van Wanica,Lelydorp - Pad van Wanica,true,high-precision
a18f65ad-086d-2322-f58e-b781eeb2742f::12b5d21a-5a4b-bc37-93d2-63d949255f47,a18f65ad-086d-2322-f58e-b781eeb2742f,12b5d21a-5a4b-bc37-93d2-63d949255f47,image,SR-NA_03_0001_005,2005,title,place,street,Wanica,wanica,Wanica,paramaribo-street-standardization,,1,Lelydorp - Pad van Wanica,Lelydorp - Pad van Wanica,true,high-precision
a18f65ad-086d-2322-f58e-b781eeb2742f::12b5d21a-5a4b-bc37-93d2-63d949255f47,a18f65ad-086d-2322-f58e-b781eeb2742f,12b5d21a-5a4b-bc37-93d2-63d949255f47,image,SR-NA_03_0001_005,2005,title,place,river,Pad van Wanica,pad van wanica,Pad van Wanica,stm-gazetteer,stm-00037,1,Lelydorp - Pad van Wanica,Lelydorp - Pad van Wanica,true,high-precision
a18f65ad-086d-2322-f58e-b781eeb2742f::12b5d21a-5a4b-bc37-93d2-63d949255f47,a18f65ad-086d-2322-f58e-b781eeb2742f,12b5d21a-5a4b-bc37-93d2-63d949255f47,image,SR-NA_03_0001_005,2005,title,place,plantation,Lelydorp,lelydorp,Lelydorp,stm-gazetteer,stm-01282,1,Lelydorp - Pad van Wanica,Lelydorp - Pad van Wanica,true,high-precision
a18f65ad-086d-2322-f58e-b781eeb2742f::12b5d21a-5a4b-bc37-93d2-63d949255f47,a18f65ad-086d-2322-f58e-b781eeb2742f,12b5d21a-5a4b-bc37-93d2-63d949255f47,image,SR-NA_03_0001_005,2005,description,place,street,Pad van Wanica,pad van wanica,Pad van Wanica,paramaribo-street-standardization,,1,Lelydorp - Pad van Wanica,Lelydorp aan het Pad van Wanica geschiedenis. Lelydorp (kofidjompo) aan het Pad van Wanica: 18e en 19e eeuw - de concessieen aan het Pad van Wanica / K,true,high-precision
a18f65ad-086d-2322-f58e-b781eeb2742f::12b5d21a-5a4b-bc37-93d2-63d949255f47,a18f65ad-086d-2322-f58e-b781eeb2742f,12b5d21a-5a4b-bc37-93d2-63d949255f47,image,SR-NA_03_0001_005,2005,description,place,street,Wanica,wanica,Wanica,paramaribo-street-standardization,,1,Lelydorp - Pad van Wanica,Lelydorp aan het Pad van Wanica geschiedenis. Lelydorp (kofidjompo) aan het Pad van Wanica: 18e en 19e eeuw - de concessieen aan het Pad van Wanica / K,true,high-precision
a18f65ad-086d-2322-f58e-b781eeb2742f::12b5d21a-5a4b-bc37-93d2-63d949255f47,a18f65ad-086d-2322-f58e-b781eeb2742f,12b5d21a-5a4b-bc37-93d2-63d949255f47,image,SR-NA_03_0001_005,2005,description,place,river,Pad van Wanica,pad van wanica,Pad van Wanica,stm-gazetteer,stm-00037,1,Lelydorp - Pad van Wanica,Lelydorp aan het Pad van Wanica geschiedenis. Lelydorp (kofidjompo) aan het Pad van Wanica: 18e en 19e eeuw - de concessieen aan het Pad van Wanica / K,true,high-precision
a18f65ad-086d-2322-f58e-b781eeb2742f::12b5d21a-5a4b-bc37-93d2-63d949255f47,a18f65ad-086d-2322-f58e-b781eeb2742f,12b5d21a-5a4b-bc37-93d2-63d949255f47,image,SR-NA_03_0001_005,2005,description,place,plantation,Halfhideslust,halfhideslust,Halfhideslust,stm-gazetteer,stm-02242,1,Lelydorp - Pad van Wanica,"d op de verlaten houtgronden Braamshoop, Klein Nieuwzorg en Halfhideslust. / Begin twintigste eeuw – ontstaan en groei van Kofidjompo / 1929 – beschrijving door A. Peucker / Opmerkelijke gebouw",true,high-precision
a18f65ad-086d-2322-f58e-b781eeb2742f::12b5d21a-5a4b-bc37-93d2-63d949255f47,a18f65ad-086d-2322-f58e-b781eeb2742f,12b5d21a-5a4b-bc37-93d2-63d949255f47,image,SR-NA_03_0001_005,2005,description,place,plantation,Lelydorp,lelydorp,Lelydorp,stm-gazetteer,stm-01282,1,Lelydorp - Pad van Wanica,Lelydorp aan het Pad van Wanica geschiedenis. Lelydorp (kofidjompo) aan het Pad van Wanica: 18e en 19e eeuw - de concessieen aan,true,high-precision
e07afbd0-3ee2-b091-faae-f5fbf7b29b14::089ac352-c856-10e4-a654-a17df3b11cad,e07afbd0-3ee2-b091-faae-f5fbf7b29b14,089ac352-c856-10e4-a654-a17df3b11cad,image,SR-NA_03_0001_004,2005,keywords,place,plantation,Appecappe,appecappe,Appecappe,stm-gazetteer,stm-02169,1,Plantages Commewijne,ersorg sluis | Wederzorg | Zorgvliet | Alkmaar | Alliance | Appecappe | Beekenhorst | Berlijn | Bruinendaal | Clifford Kokshoven | Cornelias burg | Des Tombesburg | Fauquembergue | Frederik,true,high-precision
e07afbd0-3ee2-b091-faae-f5fbf7b29b14::089ac352-c856-10e4-a654-a17df3b11cad,e07afbd0-3ee2-b091-faae-f5fbf7b29b14,089ac352-c856-10e4-a654-a17df3b11cad,image,SR-NA_03_0001_004,2005,keywords,place,plantation,Beekenhorst,beekenhorst,Beekenhorst,stm-gazetteer,stm-02059,1,Plantages Commewijne,| Wederzorg | Zorgvliet | Alkmaar | Alliance | Appecappe | Beekenhorst | Berlijn | Bruinendaal | Clifford Kokshoven | Cornelias burg | Des Tombesburg | Fauquembergue | Frederiksdorp | Goudmi,true,high-precision
e07afbd0-3ee2-b091-faae-f5fbf7b29b14::089ac352-c856-10e4-a654-a17df3b11cad,e07afbd0-3ee2-b091-faae-f5fbf7b29b14,089ac352-c856-10e4-a654-a17df3b11cad,image,SR-NA_03_0001_004,2005,keywords,place,plantation,Bethlehem,bethlehem,Bethlehem,stm-gazetteer,stm-01014,1,Plantages Commewijne,nderhuis | Alliance plantagehuis | Arendsrust | Bentshoop | Bethlehem | Bruinsburg | Concordia | Crawassibo | Echtensrots | Fortuyn | Frederikslust | Groot-jalousie | Hecht en Sterk | Jacob,true,high-precision
e07afbd0-3ee2-b091-faae-f5fbf7b29b14::089ac352-c856-10e4-a654-a17df3b11cad,e07afbd0-3ee2-b091-faae-f5fbf7b29b14,089ac352-c856-10e4-a654-a17df3b11cad,image,SR-NA_03_0001_004,2005,keywords,place,plantation,Bruinsburg,bruinsburg,Bruinsburg,stm-gazetteer,stm-01161,1,Plantages Commewijne,lliance plantagehuis | Arendsrust | Bentshoop | Bethlehem | Bruinsburg | Concordia | Crawassibo | Echtensrots | Fortuyn | Frederikslust | Groot-jalousie | Hecht en Sterk | Jacobasdaal | Juke,true,high-precision
e07afbd0-3ee2-b091-faae-f5fbf7b29b14::089ac352-c856-10e4-a654-a17df3b11cad,e07afbd0-3ee2-b091-faae-f5fbf7b29b14,089ac352-c856-10e4-a654-a17df3b11cad,image,SR-NA_03_0001_004,2005,keywords,place,plantation,Campenburg,campenburg,Campenburg,stm-gazetteer,stm-00672,1,Plantages Commewijne,Anna Catharina | Badenstein | Bergen op zoom | Bodenburg | Campenburg | Constantia | Dageraad Commetewane | Elisabeths hoop | Frederiksburg | Geertruidenberg | Groot-jalousie | Herstelling,true,high-precision
e07afbd0-3ee2-b091-faae-f5fbf7b29b14::089ac352-c856-10e4-a654-a17df3b11cad,e07afbd0-3ee2-b091-faae-f5fbf7b29b14,089ac352-c856-10e4-a654-a17df3b11cad,image,SR-NA_03_0001_004,2005,keywords,place,plantation,Echtensrots,echtensrots,Echtensrots,stm-gazetteer,stm-00685,1,Plantages Commewijne,ntshoop | Bethlehem | Bruinsburg | Concordia | Crawassibo | Echtensrots | Fortuyn | Frederikslust | Groot-jalousie | Hecht en Sterk | Jacobasdaal | Jukemombo | Klein Lunenburg | Livonia | Mac,true,high-precision
e07afbd0-3ee2-b091-faae-f5fbf7b29b14::089ac352-c856-10e4-a654-a17df3b11cad,e07afbd0-3ee2-b091-faae-f5fbf7b29b14,089ac352-c856-10e4-a654-a17df3b11cad,image,SR-NA_03_0001_004,2005,keywords,place,plantation,Goed Accoord,goed accoord,Goed Accoord,stm-gazetteer,stm-01002,1,Plantages Commewijne,burg | Dageraat ? Knoppemombo | Fairfield | Frederiksdorp | Goed Accoord | Guadeloupe | Hooyland | Johannesburg | Kerkshoven | Leliendaal | Ma Retraite aan de Orleanekreek | Marienbosch | Moed,true,high-precision
e07afbd0-3ee2-b091-faae-f5fbf7b29b14::089ac352-c856-10e4-a654-a17df3b11cad,e07afbd0-3ee2-b091-faae-f5fbf7b29b14,089ac352-c856-10e4-a654-a17df3b11cad,image,SR-NA_03_0001_004,2005,keywords,place,plantation,Herstelling,herstelling,Herstelling,stm-gazetteer,stm-01010,1,Plantages Commewijne,s hoop | Frederiksburg | Geertruidenberg | Groot-jalousie | Herstelling | Johan en Margaretha en Buitenrust | Katwijk | Kronenburg | Lustrijk | Maria Petronella | Meerzorg Tapoeripa | Montpel,true,high-precision
e07afbd0-3ee2-b091-faae-f5fbf7b29b14::089ac352-c856-10e4-a654-a17df3b11cad,e07afbd0-3ee2-b091-faae-f5fbf7b29b14,089ac352-c856-10e4-a654-a17df3b11cad,image,SR-NA_03_0001_004,2005,keywords,place,plantation,Johan en Margaretha en Buitenrust,johan en margaretha en buitenrust,Johan en Margaretha en Buitenrust,stm-gazetteer,stm-02499,1,Plantages Commewijne,riksburg | Geertruidenberg | Groot-jalousie | Herstelling | Johan en Margaretha en Buitenrust | Katwijk | Kronenburg | Lustrijk | Maria Petronella | Meerzorg Tapoeripa | Montpellier | Nieuwe Hoop | Ostage | Potrib,true,high-precision
e07afbd0-3ee2-b091-faae-f5fbf7b29b14::089ac352-c856-10e4-a654-a17df3b11cad,e07afbd0-3ee2-b091-faae-f5fbf7b29b14,089ac352-c856-10e4-a654-a17df3b11cad,image,SR-NA_03_0001_004,2005,keywords,place,plantation,Johannesburg,johannesburg,Johannesburg,stm-gazetteer,stm-00656,1,Plantages Commewijne,ld | Frederiksdorp | Goed Accoord | Guadeloupe | Hooyland | Johannesburg | Kerkshoven | Leliendaal | Ma Retraite aan de Orleanekreek | Marienbosch | Moed en Kommer | Nieuw Clarenbeek | Nieuwso,true,high-precision
e07afbd0-3ee2-b091-faae-f5fbf7b29b14::089ac352-c856-10e4-a654-a17df3b11cad,e07afbd0-3ee2-b091-faae-f5fbf7b29b14,089ac352-c856-10e4-a654-a17df3b11cad,image,SR-NA_03_0001_004,2005,keywords,place,plantation,Johanneszoon,johanneszoon,Johanneszoon,stm-gazetteer,stm-00603,1,Plantages Commewijne,| Frederiksdorp | Goudmijn | Hazard Commewijne | Imotapi | Johanneszoon | Killestein Nova | Leliendaal | Maasstroom | Marienbosch | Mon Souci | Nieuw Ribanica | Nijd en Spijt | Penoribo | Rey,true,high-precision
e07afbd0-3ee2-b091-faae-f5fbf7b29b14::089ac352-c856-10e4-a654-a17df3b11cad,e07afbd0-3ee2-b091-faae-f5fbf7b29b14,089ac352-c856-10e4-a654-a17df3b11cad,image,SR-NA_03_0001_004,2005,keywords,place,plantation,Macriabo,macriabo,Macriabo,stm-gazetteer,stm-02175,1,Plantages Commewijne,erk | Jacobasdaal | Jukemombo | Klein Lunenburg | Livonia | Macriabo | Mariënburg | Mon Tresor | Nieuwe Grond | Oranibo | Ponthieu | Reynsfort | Rustenburg Commewijne | Sinabo | Spieringsh,true,high-precision
e07afbd0-3ee2-b091-faae-f5fbf7b29b14::089ac352-c856-10e4-a654-a17df3b11cad,e07afbd0-3ee2-b091-faae-f5fbf7b29b14,089ac352-c856-10e4-a654-a17df3b11cad,image,SR-NA_03_0001_004,2005,keywords,place,plantation,Mon Trésor,mon tresor,Mon Trésor,stm-gazetteer,stm-00577,1,Plantages Commewijne,Adrichem | Alkmaar sluis-oost | Annas Zorg | Barbados | Breukelerwaard | Clarenbeek en Nimmerdorr | Coresburg | Dageraat ? Knoppemombo | Fairfield | Frederiksdorp | Goed Accoord | ,true,high-precision
e07afbd0-3ee2-b091-faae-f5fbf7b29b14::089ac352-c856-10e4-a654-a17df3b11cad,e07afbd0-3ee2-b091-faae-f5fbf7b29b14,089ac352-c856-10e4-a654-a17df3b11cad,image,SR-NA_03_0001_004,2005,keywords,place,plantation,Montpellier,montpellier,Montpellier,stm-gazetteer,stm-02066,1,Plantages Commewijne,enburg | Lustrijk | Maria Petronella | Meerzorg Tapoeripa | Montpellier | Nieuwe Hoop | Ostage | Potribo | Roosenbeeck | Salzhalen | Siparipabo | Spieringshoek koffieloods | Vertrouwen | Vrie,true,high-precision
e07afbd0-3ee2-b091-faae-f5fbf7b29b14::089ac352-c856-10e4-a654-a17df3b11cad,e07afbd0-3ee2-b091-faae-f5fbf7b29b14,089ac352-c856-10e4-a654-a17df3b11cad,image,SR-NA_03_0001_004,2005,keywords,place,plantation,Nieuw Ribanica,nieuw ribanica,Nieuw Ribanica,stm-gazetteer,stm-00906,1,Plantages Commewijne,Nova | Leliendaal | Maasstroom | Marienbosch | Mon Souci | Nieuw Ribanica | Nijd en Spijt | Penoribo | Reynsdorp | Rust en Werk | Schoonoord molensluis | Solitude | Staf Arons | Visserszorg mol,true,high-precision
e07afbd0-3ee2-b091-faae-f5fbf7b29b14::089ac352-c856-10e4-a654-a17df3b11cad,e07afbd0-3ee2-b091-faae-f5fbf7b29b14,089ac352-c856-10e4-a654-a17df3b11cad,image,SR-NA_03_0001_004,2005,keywords,place,plantation,Nova,nova,Nova,stm-gazetteer,stm-02466,1,Plantages Commewijne,n | Hazard Commewijne | Imotapi | Johanneszoon | Killestein Nova | Leliendaal | Maasstroom | Marienbosch | Mon Souci | Nieuw Ribanica | Nijd en Spijt | Penoribo | Reynsdorp | Rust en W,true,high-precision
e07afbd0-3ee2-b091-faae-f5fbf7b29b14::089ac352-c856-10e4-a654-a17df3b11cad,e07afbd0-3ee2-b091-faae-f5fbf7b29b14,089ac352-c856-10e4-a654-a17df3b11cad,image,SR-NA_03_0001_004,2005,keywords,place,plantation,Petronella,petronella,Petronella,stm-gazetteer,stm-02034,1,Plantages Commewijne,tha en Buitenrust | Katwijk | Kronenburg | Lustrijk | Maria Petronella | Meerzorg Tapoeripa | Montpellier | Nieuwe Hoop | Ostage | Potribo | Roosenbeeck | Salzhalen | Siparipabo | Spieringsh,true,high-precision
e07afbd0-3ee2-b091-faae-f5fbf7b29b14::089ac352-c856-10e4-a654-a17df3b11cad,e07afbd0-3ee2-b091-faae-f5fbf7b29b14,089ac352-c856-10e4-a654-a17df3b11cad,image,SR-NA_03_0001_004,2005,keywords,place,plantation,Reynsfort,reynsfort,Reynsfort,stm-gazetteer,stm-02196,1,Plantages Commewijne,riënburg | Mon Tresor | Nieuwe Grond | Oranibo | Ponthieu | Reynsfort | Rustenburg Commewijne | Sinabo | Spieringshoek | Stolkertsijver-Courcabo | Vossenburg | Warapperkreek algemeen | Zoel,true,high-precision
e07afbd0-3ee2-b091-faae-f5fbf7b29b14::089ac352-c856-10e4-a654-a17df3b11cad,e07afbd0-3ee2-b091-faae-f5fbf7b29b14,089ac352-c856-10e4-a654-a17df3b11cad,image,SR-NA_03_0001_004,2005,keywords,place,plantation,Spieringszorg,spieringszorg,Spieringszorg,stm-gazetteer,stm-00606,1,Plantages Commewijne,Tempati | Reynsdorp | Roozenburg | Schoonoord | Slootwijk | Spieringszorg | Visserszorg | Vriendsbeleid en Oudersorg sluis | Wederzorg | Zorgvliet | Alkmaar | Alliance | Appecappe | Beekenhorst,true,high-precision
e07afbd0-3ee2-b091-faae-f5fbf7b29b14::089ac352-c856-10e4-a654-a17df3b11cad,e07afbd0-3ee2-b091-faae-f5fbf7b29b14,089ac352-c856-10e4-a654-a17df3b11cad,image,SR-NA_03_0001_004,2005,keywords,place,plantation,Vriendsbeleid,vriendsbeleid,Vriendsbeleid,stm-gazetteer,stm-00574,1,Plantages Commewijne,rg | Schoonoord | Slootwijk | Spieringszorg | Visserszorg | Vriendsbeleid en Oudersorg sluis | Wederzorg | Zorgvliet | Alkmaar | Alliance | Appecappe | Beekenhorst | Berlijn | Bruinendaal | Cli,true,high-precision
ec0b19a3-5e01-c078-64dc-33023a421d94::9138fb34-22dc-c90c-bd92-162cf739e854,ec0b19a3-5e01-c078-64dc-33023a421d94,9138fb34-22dc-c90c-bd92-162cf739e854,image,SR-NA_03_0001_008,2005,description,place,plantation,De Vrijheid,de vrijheid,De Vrijheid,stm-gazetteer,stm-01485,1,Parakreek plantages,"o, Overtoom, La Prosperite, Topibo, Vierkinderen, De Vrede, De Vrijheid, Zwitsersgrond,",true,high-precision
ec0b19a3-5e01-c078-64dc-33023a421d94::9138fb34-22dc-c90c-bd92-162cf739e854,ec0b19a3-5e01-c078-64dc-33023a421d94,9138fb34-22dc-c90c-bd92-162cf739e854,image,SR-NA_03_0001_008,2005,description,place,plantation,Gage d'Amour,gage d amour,Gage d'Amour,stm-gazetteer,stm-01478,1,Parakreek plantages,"Altona, Beau Lieu, Bonne Amitie, Gage d Amour, Hanover, Jagersburg, Loefbeek, Matuaribo, Onoribo, Onverwacht, Ornamibo, Overtoom, La Prosperite, Topibo, Vierkinderen, De Vrede, De ",true,high-precision
ec0b19a3-5e01-c078-64dc-33023a421d94::9138fb34-22dc-c90c-bd92-162cf739e854,ec0b19a3-5e01-c078-64dc-33023a421d94,9138fb34-22dc-c90c-bd92-162cf739e854,image,SR-NA_03_0001_008,2005,description,place,plantation,Jagersburg,jagersburg,Jagersburg,stm-gazetteer,stm-01473,1,Parakreek plantages,"Altona, Beau Lieu, Bonne Amitie, Gage d Amour, Hanover, Jagersburg, Loefbeek, Matuaribo, Onoribo, Onverwacht, Ornamibo, Overtoom, La Prosperite, Topibo, Vierkinderen, De Vrede, De Vrijhe",true,high-precision
ec0b19a3-5e01-c078-64dc-33023a421d94::9138fb34-22dc-c90c-bd92-162cf739e854,ec0b19a3-5e01-c078-64dc-33023a421d94,9138fb34-22dc-c90c-bd92-162cf739e854,image,SR-NA_03_0001_008,2005,description,place,plantation,Loefbeek,loefbeek,Loefbeek,stm-gazetteer,stm-01472,1,Parakreek plantages,"Beau Lieu, Bonne Amitie, Gage d Amour, Hanover, Jagersburg, Loefbeek, Matuaribo, Onoribo, Onverwacht, Ornamibo, Overtoom, La Prosperite, Topibo, Vierkinderen, De Vrede, De Vrijheid, Zwitse",true,high-precision
ec0b19a3-5e01-c078-64dc-33023a421d94::9138fb34-22dc-c90c-bd92-162cf739e854,ec0b19a3-5e01-c078-64dc-33023a421d94,9138fb34-22dc-c90c-bd92-162cf739e854,image,SR-NA_03_0001_008,2005,description,place,plantation,Matuaribo,matuaribo,Matuaribo,stm-gazetteer,stm-02148,1,Parakreek plantages,"Bonne Amitie, Gage d Amour, Hanover, Jagersburg, Loefbeek, Matuaribo, Onoribo, Onverwacht, Ornamibo, Overtoom, La Prosperite, Topibo, Vierkinderen, De Vrede, De Vrijheid, Zwitsersgrond,",true,high-precision
ec0b19a3-5e01-c078-64dc-33023a421d94::9138fb34-22dc-c90c-bd92-162cf739e854,ec0b19a3-5e01-c078-64dc-33023a421d94,9138fb34-22dc-c90c-bd92-162cf739e854,image,SR-NA_03_0001_008,2005,description,place,plantation,Overtoom,overtoom,Overtoom,stm-gazetteer,stm-01480,1,Parakreek plantages,"rsburg, Loefbeek, Matuaribo, Onoribo, Onverwacht, Ornamibo, Overtoom, La Prosperite, Topibo, Vierkinderen, De Vrede, De Vrijheid, Zwitsersgrond,",true,high-precision
ec0b19a3-5e01-c078-64dc-33023a421d94::9138fb34-22dc-c90c-bd92-162cf739e854,ec0b19a3-5e01-c078-64dc-33023a421d94,9138fb34-22dc-c90c-bd92-162cf739e854,image,SR-NA_03_0001_008,2005,description,place,plantation,Topibo,topibo,Topibo,stm-gazetteer,stm-01484,1,Parakreek plantages,"bo, Onoribo, Onverwacht, Ornamibo, Overtoom, La Prosperite, Topibo, Vierkinderen, De Vrede, De Vrijheid, Zwitsersgrond,",true,high-precision
ec0b19a3-5e01-c078-64dc-33023a421d94::9138fb34-22dc-c90c-bd92-162cf739e854,ec0b19a3-5e01-c078-64dc-33023a421d94,9138fb34-22dc-c90c-bd92-162cf739e854,image,SR-NA_03_0001_008,2005,description,place,plantation,Zwitsersgrond,zwitsersgrond,Zwitsersgrond,stm-gazetteer,stm-01532,1,Parakreek plantages,"La Prosperite, Topibo, Vierkinderen, De Vrede, De Vrijheid, Zwitsersgrond,",true,high-precision
c6c1b9f7-22c9-a01e-d04b-90b00539b78d::2f8fba37-c3bf-bf5b-7908-ea66f3eadffd,c6c1b9f7-22c9-a01e-d04b-90b00539b78d,2f8fba37-c3bf-bf5b-7908-ea66f3eadffd,image,SR-NA_03_0001_010,2005,description,place,plantation,Bantaskine,bantaskine,Bantaskine,stm-gazetteer,stm-01648,1,Plantages Coronie,"Bantaskine, Bantaskine huis Rozenblad, Belladron, Burnside, Clyde, Friendship, Friendship woning DC, Hamilton, Inverness, Johanna",true,high-precision
c6c1b9f7-22c9-a01e-d04b-90b00539b78d::2f8fba37-c3bf-bf5b-7908-ea66f3eadffd,c6c1b9f7-22c9-a01e-d04b-90b00539b78d,2f8fba37-c3bf-bf5b-7908-ea66f3eadffd,image,SR-NA_03_0001_010,2005,description,place,plantation,Friendship,friendship,Friendship,stm-gazetteer,stm-01649,1,Plantages Coronie,"ine, Bantaskine huis Rozenblad, Belladron, Burnside, Clyde, Friendship, Friendship woning DC, Hamilton, Inverness, Johanna Maria, John, John huis, Leasowes, Maryshope, Maryshope rk kerk, Ma",true,high-precision
c80a9877-4d6d-9a09-edf7-98a0c26dc971::9fad53ea-0c5c-ae3a-049d-8c85839375b4,c80a9877-4d6d-9a09-edf7-98a0c26dc971,9fad53ea-0c5c-ae3a-049d-8c85839375b4,image,SR-NA_03_0001_012,2005,description,place,river,Nickerie,nickerie,Nickerie,stm-gazetteer,stm-00261,1,Suriname-totaal-architeictuur-bouwstijlen,"ch in de nieuw uitgegeven gebieden te Saramacca, Coronie en Nickerie, maar verwierven later ook wel bestaande plantages aan de Suriname- en Commewijnerivier.",true,high-precision
9558167c-d240-5e2b-592d-102e9c027c57::92ce0410-87d6-2cf2-e26d-86995cd94f2c,9558167c-d240-5e2b-592d-102e9c027c57,92ce0410-87d6-2cf2-e26d-86995cd94f2c,image,SR-NA_01_1061,Onbekend,description,place,river,Para,para,Para,stm-gazetteer,stm-00290,1,V.P van Suriname,"LM-vliegramp op 7 juni 1989, nabij Zanderij in het district Para.",true,high-precision
bb00ece7-8d82-7f04-7b61-2f6459ea1c08::26000a3f-3c4a-0484-3712-2534b9cb3a68,bb00ece7-8d82-7f04-7b61-2f6459ea1c08,26000a3f-3c4a-0484-3712-2534b9cb3a68,image,SR-NA_01_1051,Onbekend,description,place,street,Gravenstraat,gravenstraat,Gravenstraat,paramaribo-street-standardization,,1,H.A.E Arron C,"De Gravenstraat werd op 25 april 2003 hernoemd naar de Henck Arronstraat. De topper van de Nationale Partij Suriname, vice-president en",true,high-precision
3421e5a4-ee37-ca2a-c596-a8a84d1da4bb::7aa014fa-cedd-decc-bb2a-9c774087aa7b,3421e5a4-ee37-ca2a-c596-a8a84d1da4bb,7aa014fa-cedd-decc-bb2a-9c774087aa7b,video,SR-NA_02_1718_VGZ0000168DVM,2009,description,place,river,Marowijne,marowijne,Marowijne,stm-gazetteer,stm-00363,1,"Pro-Sana, programma van het ministerie van Volksgezondheid, aflevering november 2009","den eerder gejouden in Paramaribo, te Matta (Para), Moengo (Marowijne) en in het centrum van Brokopondo.Alle Caricom-lidlanden gedenken op de eerste zaterdag van september Caribbean Wellnes",true,high-precision
3421e5a4-ee37-ca2a-c596-a8a84d1da4bb::7aa014fa-cedd-decc-bb2a-9c774087aa7b,3421e5a4-ee37-ca2a-c596-a8a84d1da4bb,7aa014fa-cedd-decc-bb2a-9c774087aa7b,video,SR-NA_02_1718_VGZ0000168DVM,2009,description,place,river,Para,para,Para,stm-gazetteer,stm-00290,1,"Pro-Sana, programma van het ministerie van Volksgezondheid, aflevering november 2009","levia gehouden. Deze activiteiten werden eerder gejouden in Paramaribo, te Matta (Para), Moengo (Marowijne) en in het centrum van Brokopondo.Alle Caricom-lidlanden gedenken op de eerst",true,high-precision
74427e7f-9468-18b5-5390-37bb99fc6e27::76f0eee7-cb84-9492-22f5-643bc425d233,74427e7f-9468-18b5-5390-37bb99fc6e27,76f0eee7-cb84-9492-22f5-643bc425d233,video,SR_NA_02_1283,2014,keywords,place,district,District Coronie,district coronie,District Coronie,stm-gazetteer,stm-00001,1,Chinezen in Suriname,Surinaamse kunstenaar) | Kunstwerken | 's Lands Hospitaal | District Coronie | Tjin Liep Sie | Tjon A Kon | Tjon A Loi | Tjon A Fo | Tjon A Meeuw | Kokos bomen | De zon | Rivier | Koe | Fietser |,true,high-precision
bc8361ed-e024-cc2a-62f1-65da2e69323d::307d83a6-6c81-3f48-3fd2-62034fb089db,bc8361ed-e024-cc2a-62f1-65da2e69323d,307d83a6-6c81-3f48-3fd2-62034fb089db,video,SR_NA_02_1283_002,2014,keywords,place,street,Gemenelandsweg,gemenelandsweg,Gemenelandsweg,paramaribo-street-standardization,,1,Chinezen in Suriname,permarket | Alu Trading | Cocoslaan | Techniton | Verlengde Gemenelandsweg | Man Wah furniture | Kleding | Schoeisel | KEN Bouwmaterialen | Su Dong restaurant | Ajian kapsalon | Massages | Sprin,true,high-precision
bc8361ed-e024-cc2a-62f1-65da2e69323d::307d83a6-6c81-3f48-3fd2-62034fb089db,bc8361ed-e024-cc2a-62f1-65da2e69323d,307d83a6-6c81-3f48-3fd2-62034fb089db,video,SR_NA_02_1283_002,2014,keywords,place,street,Domineestraat,domineestraat,Domineestraat,paramaribo-street-standardization,,1,Chinezen in Suriname,5 | Chung Fa Foei Kon | Keizerstraat | Fa Tjauw Song Foei | Domineestraat | Chinese vereniging Zhe Jiang | Allan Cheng (voorzitter SCUA) | Chinees nieuwjaar | Banquet | Vuurwerk | Traditionele,true,high-precision
bc8361ed-e024-cc2a-62f1-65da2e69323d::307d83a6-6c81-3f48-3fd2-62034fb089db,bc8361ed-e024-cc2a-62f1-65da2e69323d,307d83a6-6c81-3f48-3fd2-62034fb089db,video,SR_NA_02_1283_002,2014,keywords,place,street,Maagdenstraat,maagdenstraat,Maagdenstraat,paramaribo-street-standardization,,1,Chinezen in Suriname,straat | Chinese winkelier | Krommelingstraat | Juweliers | Maagdenstraat | Jodenbreestraat | Saramaccastraat | Gompertstraat | Lawa | Goudwinning | Juweliers | Tourtonnelaan | Johannes Mungras,true,high-precision
bc8361ed-e024-cc2a-62f1-65da2e69323d::307d83a6-6c81-3f48-3fd2-62034fb089db,bc8361ed-e024-cc2a-62f1-65da2e69323d,307d83a6-6c81-3f48-3fd2-62034fb089db,video,SR_NA_02_1283_002,2014,keywords,place,street,Jodenbreestraat,jodenbreestraat,Jodenbreestraat,paramaribo-street-standardization,,1,Chinezen in Suriname,winkelier | Krommelingstraat | Juweliers | Maagdenstraat | Jodenbreestraat | Saramaccastraat | Gompertstraat | Lawa | Goudwinning | Juweliers | Tourtonnelaan | Johannes Mungrastraat | Choi's Sup,true,high-precision
bc8361ed-e024-cc2a-62f1-65da2e69323d::307d83a6-6c81-3f48-3fd2-62034fb089db,bc8361ed-e024-cc2a-62f1-65da2e69323d,307d83a6-6c81-3f48-3fd2-62034fb089db,video,SR_NA_02_1283_002,2014,keywords,place,street,Keizerstraat,keizerstraat,Keizerstraat,paramaribo-street-standardization,,1,Chinezen in Suriname,Kong Ngie Tong Sang dagblad | SCTV 45 | Chung Fa Foei Kon | Keizerstraat | Fa Tjauw Song Foei | Domineestraat | Chinese vereniging Zhe Jiang | Allan Cheng (voorzitter SCUA) | Chinees nieuwjaar,true,high-precision
bc8361ed-e024-cc2a-62f1-65da2e69323d::307d83a6-6c81-3f48-3fd2-62034fb089db,bc8361ed-e024-cc2a-62f1-65da2e69323d,307d83a6-6c81-3f48-3fd2-62034fb089db,video,SR_NA_02_1283_002,2014,keywords,place,street,Saramaccastraat,saramaccastraat,Saramaccastraat,paramaribo-street-standardization,,1,Chinezen in Suriname,elingstraat | Juweliers | Maagdenstraat | Jodenbreestraat | Saramaccastraat | Gompertstraat | Lawa | Goudwinning | Juweliers | Tourtonnelaan | Johannes Mungrastraat | Choi's Supermarket | Schip |,true,high-precision
bc8361ed-e024-cc2a-62f1-65da2e69323d::307d83a6-6c81-3f48-3fd2-62034fb089db,bc8361ed-e024-cc2a-62f1-65da2e69323d,307d83a6-6c81-3f48-3fd2-62034fb089db,video,SR_NA_02_1283_002,2014,keywords,place,street,Wanica,wanica,Wanica,paramaribo-street-standardization,,1,Chinezen in Suriname,Documentaire | Suriname | Paramaribo | Wanica | Chinezen | Traditionele Chinese kleding | Chinese cultuur | Chinese immigranten | Chinese markt | Van Sommelsdijckstr,true,high-precision
bc8361ed-e024-cc2a-62f1-65da2e69323d::307d83a6-6c81-3f48-3fd2-62034fb089db,bc8361ed-e024-cc2a-62f1-65da2e69323d,307d83a6-6c81-3f48-3fd2-62034fb089db,video,SR_NA_02_1283_002,2014,keywords,place,street,Waterkant,waterkant,Waterkant,paramaribo-street-standardization,,1,Chinezen in Suriname,estanen | Javanen | Blanken | Woonwijk | Bakhuizen | Caf‚ | Waterkant | Plantage | Warung | Slaven | Peperpot | Mari‰nberg | Combe | Anton de Komstraat | Chinese winkelier | Krommelingstraa,true,high-precision
bc8361ed-e024-cc2a-62f1-65da2e69323d::307d83a6-6c81-3f48-3fd2-62034fb089db,bc8361ed-e024-cc2a-62f1-65da2e69323d,307d83a6-6c81-3f48-3fd2-62034fb089db,video,SR_NA_02_1283_002,2014,keywords,place,plantation,Combe,combe,Combe,stm-gazetteer,stm-00547,1,Chinezen in Suriname,kant | Plantage | Warung | Slaven | Peperpot | Mari‰nberg | Combe | Anton de Komstraat | Chinese winkelier | Krommelingstraat | Juweliers | Maagdenstraat | Jodenbreestraat | Saramaccast,true,high-precision
bc8361ed-e024-cc2a-62f1-65da2e69323d::307d83a6-6c81-3f48-3fd2-62034fb089db,bc8361ed-e024-cc2a-62f1-65da2e69323d,307d83a6-6c81-3f48-3fd2-62034fb089db,video,SR_NA_02_1283_002,2014,keywords,place,plantation,Java,java,Java,stm-gazetteer,stm-00789,1,Chinezen in Suriname,‰ | De Chinese draak | Inheemsen | Creolen | Hindoestanen | Javanen | Blanken | Woonwijk | Bakhuizen | Caf‚ | Waterkant | Plantage | Warung | Slaven | Peperpot | Mari‰nberg | Combe | A,true,high-precision
bc8361ed-e024-cc2a-62f1-65da2e69323d::307d83a6-6c81-3f48-3fd2-62034fb089db,bc8361ed-e024-cc2a-62f1-65da2e69323d,307d83a6-6c81-3f48-3fd2-62034fb089db,video,SR_NA_02_1283_002,2014,keywords,place,plantation,Peperpot,peperpot,Peperpot,stm-gazetteer,stm-00566,1,Chinezen in Suriname,Bakhuizen | Caf‚ | Waterkant | Plantage | Warung | Slaven | Peperpot | Mari‰nberg | Combe | Anton de Komstraat | Chinese winkelier | Krommelingstraat | Juweliers | Maagdenstraat | Jodenbre,true,high-precision
434b27eb-fe79-ff70-8d2e-5fe113f0aebf::9dd93e7d-6ec8-d449-dccb-f5162c930c14,434b27eb-fe79-ff70-8d2e-5fe113f0aebf,9dd93e7d-6ec8-d449-dccb-f5162c930c14,video,SR-NA_02_1731_VGZ0000181DVM,,title,place,river,Nickerie,nickerie,Nickerie,stm-gazetteer,stm-00261,1,Ingebruikname verbrandingsoven Lachmipersad Mungra Streekziekenhuis Nickerie (LMSZN),kname verbrandingsoven Lachmipersad Mungra Streekziekenhuis Nickerie (LMSZN),true,high-precision
434b27eb-fe79-ff70-8d2e-5fe113f0aebf::9dd93e7d-6ec8-d449-dccb-f5162c930c14,434b27eb-fe79-ff70-8d2e-5fe113f0aebf,9dd93e7d-6ec8-d449-dccb-f5162c930c14,video,SR-NA_02_1731_VGZ0000181DVM,,description,place,river,Nickerie,nickerie,Nickerie,stm-gazetteer,stm-00261,1,Ingebruikname verbrandingsoven Lachmipersad Mungra Streekziekenhuis Nickerie (LMSZN),"erbrandingsoven in het Lachmipersad Mungra Streekziekenhuis Nickerie (LMSZN) door minister Celsius Waterberg van Volksgezondheid, op 01 februari 2008. Sprekers waren MMC-directeur Rawien C",true,high-precision
9213863c-431d-1cde-3434-27e5b214be6e::78c9485c-0548-5ec1-5e19-cafd21c75af9,9213863c-431d-1cde-3434-27e5b214be6e,78c9485c-0548-5ec1-5e19-cafd21c75af9,image,SR-NA_01_1324,2020,description,place,street,Waterkant,waterkant,Waterkant,paramaribo-street-standardization,,1,Covid-situatie op openbare wegen,het hoofdgebouw van het Ministerie van Sociale Zaken aan de Waterkant (maart tot juni 2020).,true,high-precision
b0876999-fc40-c33e-aa8b-c40f6e3f1170::da8325b8-1c0f-696e-07fe-bf16ea89e904,b0876999-fc40-c33e-aa8b-c40f6e3f1170,da8325b8-1c0f-696e-07fe-bf16ea89e904,image,SR-NA_01_1323,Onbekend,description,place,street,Nieuwmarkt,nieuwmarkt,Nieuwmarkt,paramaribo-street-standardization,,1,Diverse foto's van Hijn Bijnen,"teraad van Amsterdam 1971-1973, was actief in de Aktiegroep Nieuwmarkt en voorzitter van het Wijkcentrum D’Oude Stadt. In 1993 verhuisde hij naar Suriname, het zou voorgoed zijn, zeker toen",true,high-precision
2955b444-b446-7167-8b58-fadb74dbfd6e::72217869-8073-52d5-ec6b-0fd30a433b11,2955b444-b446-7167-8b58-fadb74dbfd6e,72217869-8073-52d5-ec6b-0fd30a433b11,video,02_1005,Onbekend,personsRaw,person,person,Atta Mungra,atta mungra,Atta Mungra,nas-persons-field,,1,Nederlandse studenten delegatie bij President Jules Wijdenbosch,Atta Mungra,true,high-precision
2955b444-b446-7167-8b58-fadb74dbfd6e::72217869-8073-52d5-ec6b-0fd30a433b11,2955b444-b446-7167-8b58-fadb74dbfd6e,72217869-8073-52d5-ec6b-0fd30a433b11,video,02_1005,Onbekend,personsRaw,person,person,Lorenzo Irion,lorenzo irion,Lorenzo Irion,nas-persons-field,,1,Nederlandse studenten delegatie bij President Jules Wijdenbosch,Lorenzo Irion,true,high-precision
44d7cf72-41f4-0aea-550d-c60f9c42f419::fd34344f-3f40-07c5-4171-62c82ce78d38,44d7cf72-41f4-0aea-550d-c60f9c42f419,fd34344f-3f40-07c5-4171-62c82ce78d38,video,02_1004,Onbekend,personsRaw,person,person,Buiten Soci‰teit Het Park,buiten soci teit het park,Buiten Soci‰teit Het Park,nas-persons-field,,1,Geslaagden bij de douane ambtenaren,Buiten Soci‰teit Het Park,true,high-precision
afb6a78c-079e-42fe-e3af-906eb31df98a::ccdc0539-feb7-faed-4a17-b14ef03265cc,afb6a78c-079e-42fe-e3af-906eb31df98a,ccdc0539-feb7-faed-4a17-b14ef03265cc,video,02_1012,Onbekend,personsRaw,person,person,George Radjkoemar,george radjkoemar,George Radjkoemar,nas-persons-field,,1,Wereld Religiedag,George Radjkoemar,true,high-precision
ce851f25-3793-f525-d678-87b2480f7394::83f11e60-cd9c-dad8-ddf4-6e0cfdd5719f,ce851f25-3793-f525-d678-87b2480f7394,83f11e60-cd9c-dad8-ddf4-6e0cfdd5719f,video,02_1007,8/Nov/01,personsRaw,person,person,George Radjkoemar,george radjkoemar,George Radjkoemar,nas-persons-field,,1,Hendrikschool 114 jaar,George Radjkoemar,true,high-precision
e6d9ce2c-d3e0-bdbd-a815-5b73b6b4f451::3e11dcd9-ac03-2b9e-646c-ee5eb1e31d15,e6d9ce2c-d3e0-bdbd-a815-5b73b6b4f451,3e11dcd9-ac03-2b9e-646c-ee5eb1e31d15,video,02_1009,2001,personsRaw,person,person,George Radjkoemar,george radjkoemar,George Radjkoemar,nas-persons-field,,1,Parlementarier Maurits Hassankhan over 135 jaar DNA,George Radjkoemar,true,high-precision
d5761dfe-f25a-5f0f-d8c4-256a0465bf35::3d7f23d2-7d44-7609-9449-673e9f7020b6,d5761dfe-f25a-5f0f-d8c4-256a0465bf35,3d7f23d2-7d44-7609-9449-673e9f7020b6,video,SR-NA_02_1891,2020,description,place,street,Wanica,wanica,Wanica,paramaribo-street-standardization,,1,"Verkiezingen 2020, Asongo Alalaparu",en aan de gevolgen van Covid-19 in het Regionaal Ziekenhuis Wanica. Hij is 79 jaar oud geworden,true,high-precision
f92641bf-82ae-8fc8-0383-d238b93d6cd7::7b16aa92-ae5a-28a3-af55-1be21fedf998,f92641bf-82ae-8fc8-0383-d238b93d6cd7,7b16aa92-ae5a-28a3-af55-1be21fedf998,image,SR-NA_01_1299,1985,description,place,street,Gravenstraat,gravenstraat,Gravenstraat,paramaribo-street-standardization,,1,Beediging  Nationale Assemblee 1985,"januari 1985, in het oud-parlementsgebouw aan de toenmalige Gravenstraat, thans Henk Arronstraat. Ook foto's van de eerste parlementsvergadering na de installatie van het nieuw parlement",true,high-precision
81c7dd36-f437-6f2a-ab06-4e5867bfcd2a::f05cc747-1dd1-7ecc-b341-8aeb49a7a987,81c7dd36-f437-6f2a-ab06-4e5867bfcd2a,f05cc747-1dd1-7ecc-b341-8aeb49a7a987,video,SR-NA_02_1743_VGZ0000193DVM,,description,place,river,Marowijne,marowijne,Marowijne,stm-gazetteer,stm-00363,1,Opening polikliniek Wanhatti in augustus 2009,en een van de zes ressorten waaruit het Surinaamse district Marowijne bestaat. De rivier Cottica stroomt door het ressort Wanhatti. Bij de opening werd als teken van welkom van de gasten ee,true,high-precision
8fa31050-8106-48a9-d2b4-e31998b860eb::1564b23c-8885-2b33-31b2-98da189d07bf,8fa31050-8106-48a9-d2b4-e31998b860eb,1564b23c-8885-2b33-31b2-98da189d07bf,video,SR-NA_02_1742_VGZ0000192DVM,,description,place,river,Nickerie,nickerie,Nickerie,stm-gazetteer,stm-00261,1,RGD-directeur Ashim-Sardjoe over dood peuter en opening Diabetes Educatiecentrum,"dsdienst (RGD) reageert op het overlijden van een kindje in Nickerie, nadat het was gevaccineerd. Verder een item over het RKX-Sint Ventius Ziekenhuis, waar het diabetes Educatiecentrum aa",true,high-precision
56b62ae9-a928-c526-2863-1ba59dd28a7a::2def40d0-ce7f-921b-33ba-5429d9e54671,56b62ae9-a928-c526-2863-1ba59dd28a7a,2def40d0-ce7f-921b-33ba-5429d9e54671,video,SR-NA_02_1748_VGZ0000169DVM,Onbekend,description,place,street,Keizerstraat,keizerstraat,Keizerstraat,paramaribo-street-standardization,,1,"Ondertekening HIV-project Volksgezondheid, inbeslaggenomen medische artikelen",de AIDS ribbon opgespeld. Tweede item: Door de politie van keizerstraat in beslaggenomen medische artikelen en apparaten bij een illegale polikliniek.,true,high-precision
9a0deb67-a64f-1738-8d69-04750e0620cb::bbb29922-d4cc-068a-31db-4176fe7d0dcb,9a0deb67-a64f-1738-8d69-04750e0620cb,bbb29922-d4cc-068a-31db-4176fe7d0dcb,video,SR-NA_02_1752_VGZ0000171DVM,1988,title,place,plantation,Industrie,industrie,Industrie,stm-gazetteer,stm-00858,1,Pan American General opent City Center en opening Pembadotie industrie,an American General opent City Center en opening Pembadotie industrie,true,high-precision
9a0deb67-a64f-1738-8d69-04750e0620cb::bbb29922-d4cc-068a-31db-4176fe7d0dcb,9a0deb67-a64f-1738-8d69-04750e0620cb,bbb29922-d4cc-068a-31db-4176fe7d0dcb,video,SR-NA_02_1752_VGZ0000171DVM,1988,description,place,street,Domineestraat,domineestraat,Domineestraat,paramaribo-street-standardization,,1,Pan American General opent City Center en opening Pembadotie industrie,"nsstraat; Quality Center. Daarna volgden City Center aan de Domineestraat. Guys and Dolls aan de Maagdentstraat, Carioca an de Steenbakkerijstraat, Intermode aan de Steenbakkerijstraat, Fashio",true,high-precision
9a0deb67-a64f-1738-8d69-04750e0620cb::bbb29922-d4cc-068a-31db-4176fe7d0dcb,9a0deb67-a64f-1738-8d69-04750e0620cb,bbb29922-d4cc-068a-31db-4176fe7d0dcb,video,SR-NA_02_1752_VGZ0000171DVM,1988,description,place,street,Steenbakkerijstraat,steenbakkerijstraat,Steenbakkerijstraat,paramaribo-street-standardization,,1,Pan American General opent City Center en opening Pembadotie industrie,"traat. Guys and Dolls aan de Maagdentstraat, Carioca an de Steenbakkerijstraat, Intermode aan de Steenbakkerijstraat, Fashion Center aan de Domineestraat. In Nickerie verhuisde Fashion Center naar d",true,high-precision
9a0deb67-a64f-1738-8d69-04750e0620cb::bbb29922-d4cc-068a-31db-4176fe7d0dcb,9a0deb67-a64f-1738-8d69-04750e0620cb,bbb29922-d4cc-068a-31db-4176fe7d0dcb,video,SR-NA_02_1752_VGZ0000171DVM,1988,description,place,river,Nickerie,nickerie,Nickerie,stm-gazetteer,stm-00261,1,Pan American General opent City Center en opening Pembadotie industrie,"gaat 35 jaar terug, door wijlen Mohammed Ayub Chiragali in Nickerie. Hij was kleermaker en had een kleermakersconfectiezaak aan de Gouverneursstraat 69. Deze zaak noemde hij eerst de Pan",true,high-precision
9a0deb67-a64f-1738-8d69-04750e0620cb::bbb29922-d4cc-068a-31db-4176fe7d0dcb,9a0deb67-a64f-1738-8d69-04750e0620cb,bbb29922-d4cc-068a-31db-4176fe7d0dcb,video,SR-NA_02_1752_VGZ0000171DVM,1988,description,place,river,Para,para,Para,stm-gazetteer,stm-00290,1,Pan American General opent City Center en opening Pembadotie industrie,"k, die stond op het emplacement van de Holding maatschappij Para Industrie in het district Para staat. Daar was ook de Glasfabriek Glasinsur ondergebracht. Pimba Dotie is een industrie",true,high-precision
9a0deb67-a64f-1738-8d69-04750e0620cb::bbb29922-d4cc-068a-31db-4176fe7d0dcb,9a0deb67-a64f-1738-8d69-04750e0620cb,bbb29922-d4cc-068a-31db-4176fe7d0dcb,video,SR-NA_02_1752_VGZ0000171DVM,1988,description,place,plantation,Industrie,industrie,Industrie,stm-gazetteer,stm-00858,1,Pan American General opent City Center en opening Pembadotie industrie,"d. Verder nog een item van 28 februari 1989 over Pembadotie Industrie, een fabriek die door president Ramsewak Shankar werd geopend. Pembadotie was een vloer- en wandtegelfabriek, die stond",true,high-precision
beb2bfaa-7a9a-8ca2-49ca-f5bc0a268bdc::51a1b6ae-5194-3bd9-d7d4-825fbe24634a,beb2bfaa-7a9a-8ca2-49ca-f5bc0a268bdc,51a1b6ae-5194-3bd9-d7d4-825fbe24634a,video,SR-NA_02_1753_VGZ0000172DVM,1993,title,place,river,Nickerie,nickerie,Nickerie,stm-gazetteer,stm-00261,1,Bezoek minister Harold Polak aan Nickerie en Coronie op 22 april 1993,Bezoek minister Harold Polak aan Nickerie en Coronie op 22 april 1993,true,high-precision
beb2bfaa-7a9a-8ca2-49ca-f5bc0a268bdc::51a1b6ae-5194-3bd9-d7d4-825fbe24634a,beb2bfaa-7a9a-8ca2-49ca-f5bc0a268bdc,51a1b6ae-5194-3bd9-d7d4-825fbe24634a,video,SR-NA_02_1753_VGZ0000172DVM,1993,description,place,street,Gravenstraat,gravenstraat,Gravenstraat,paramaribo-street-standardization,,1,Bezoek minister Harold Polak aan Nickerie en Coronie op 22 april 1993,In het programma ‘Gravenstraat’: Bezoek van minister Harold Polak van Natuurlijke Hulpbronnen en Energie (NHE) aan Nickerie en Coronie op 22 april 199,true,high-precision
beb2bfaa-7a9a-8ca2-49ca-f5bc0a268bdc::51a1b6ae-5194-3bd9-d7d4-825fbe24634a,beb2bfaa-7a9a-8ca2-49ca-f5bc0a268bdc,51a1b6ae-5194-3bd9-d7d4-825fbe24634a,video,SR-NA_02_1753_VGZ0000172DVM,1993,description,place,river,Nickerie,nickerie,Nickerie,stm-gazetteer,stm-00261,1,Bezoek minister Harold Polak aan Nickerie en Coronie op 22 april 1993,rold Polak van Natuurlijke Hulpbronnen en Energie (NHE) aan Nickerie en Coronie op 22 april 1993. In Nickerie werden grondbeschikkingen en bereidsverklaringen uitgereikt aan ongeveer 100 N,true,high-precision
b0293dee-1eb8-d96c-03a7-2734057d2e28::6b696e38-f1c7-e07a-8db1-ea93de6c7cbf,b0293dee-1eb8-d96c-03a7-2734057d2e28,6b696e38-f1c7-e07a-8db1-ea93de6c7cbf,video,SR-NA_02_1658_BRW0000108VHS,1994,description,place,river,Nickerie,nickerie,Nickerie,stm-gazetteer,stm-00261,1,Archiefband 1994 met aantal items,"id van de FAL, bij de installatie van een watertorentank in Nickerie. Andere sprekers: Steve Silos (directeur Surland), minister Franco Demon van Natuurlijke Hulpbronnen, vicepresident Jul",true,high-precision
d6aa0f0b-edb1-dfa0-d1bc-fea12317e6c3::d656d1ad-5844-9bbb-88c3-afbd4deec1c1,d6aa0f0b-edb1-dfa0-d1bc-fea12317e6c3,d656d1ad-5844-9bbb-88c3-afbd4deec1c1,video,SR-NA_02_1657_BRW0000107VHS,1993,description,place,river,Marowijne,marowijne,Marowijne,stm-gazetteer,stm-00363,1,Archiefband met diverse items uit juli-augustus 1993,"gh, Humphrey Hildenberg, Rufus Nooitmeer- gaat naar Albina, Marowijne. Problemen worden aangekaart: tekort aan stroom of elektriciteit, problemen van de douane, klachten van de bewoners van",true,high-precision
d6aa0f0b-edb1-dfa0-d1bc-fea12317e6c3::d656d1ad-5844-9bbb-88c3-afbd4deec1c1,d6aa0f0b-edb1-dfa0-d1bc-fea12317e6c3,d656d1ad-5844-9bbb-88c3-afbd4deec1c1,video,SR-NA_02_1657_BRW0000107VHS,1993,description,place,river,Para,para,Para,stm-gazetteer,stm-00290,1,Archiefband met diverse items uit juli-augustus 1993,"Videobeelden van de veerdienst Paramaribo-Meerzorg. Aanmeren te Meerzorg, Commewijne. Een ministeriele delegatie -bestaande uit minister Radjkoemar Randjie",true,high-precision
648e797a-72f0-b6f3-b2be-b43e6f6e211d::eab52db2-0169-d0a4-684b-c04c237d90cc,648e797a-72f0-b6f3-b2be-b43e6f6e211d,eab52db2-0169-d0a4-684b-c04c237d90cc,video,SR-NA_02_1649_BRW0000099VHS,1993,description,place,street,Gravenstraat,gravenstraat,Gravenstraat,paramaribo-street-standardization,,1,BRW-archiefband met een aantal items over oktober 1993,eindigen voor het gebouw van De Nationale Aseemblee aan de Gravenstraat en bij het Kabinet van de President aan de Combeweg. 3) Onderwijs-directeur Adiel Kallan reageert op de protestacties v,true,high-precision
400af43a-0082-227e-d9cb-8eaf11075aab::a641a603-3139-f500-d180-9f758d5b24c4,400af43a-0082-227e-d9cb-8eaf11075aab,a641a603-3139-f500-d180-9f758d5b24c4,video,SR-NA_02_1666_BRW0000116VHS,1993,description,place,street,Gemenelandsweg,gemenelandsweg,Gemenelandsweg,paramaribo-street-standardization,,1,"Perconferentie Wijdenbosch, Radio Pertjajah en VHP-vergadering","met voorzitter Paul Somohardjo, op de hoek van de Verlengde Gemenelandsweg en de Daniel Coutinhostraat. Volgens Somohardjo, in een interview met Robert Ernst, is Pendawalima een nationale polit",true,high-precision
4416e5ce-9c3a-0bad-9db0-4f0b7657abae::a34d006c-71cb-c1f1-18bd-102ad16b4581,4416e5ce-9c3a-0bad-9db0-4f0b7657abae,a34d006c-71cb-c1f1-18bd-102ad16b4581,video,SR-NA_02_1655_BRW0000105VHS,1992,description,place,street,Waterkant,waterkant,Waterkant,paramaribo-street-standardization,,1,BRW-archiefband met aantal items uit september 1992,"mannen verblijven, koken en slapen. 3) De Plattebrug aan de Waterkant, waar mensen in kleine veerboten de oversteek doen naar Meerzorg. De veerboten zijn in staking en het publiek wacht aan",true,high-precision
0532d80f-e7c1-a647-28e1-6ee200ee41bc::5a597d98-accb-48e6-b0a0-ff58f5a47150,0532d80f-e7c1-a647-28e1-6ee200ee41bc,5a597d98-accb-48e6-b0a0-ff58f5a47150,image,SR-NA_01_1334,Jaren '80,description,place,street,Kerkplein,kerkplein,Kerkplein,paramaribo-street-standardization,,1,Foto-reportage hoofd-postkantoor,"l en directie van het Surinaams Postbedrijf Surpost aan het Kerkplein. Daartussen enkele foto's van een ander (niet-nader geidentificeerd) onderwerp, te zien aan flessen drank die tentoonge",true,high-precision
20400f43-aa8e-912b-36a7-3b63e7233de6::ca070092-7787-d71d-f51f-ecc6ff6d9c3e,20400f43-aa8e-912b-36a7-3b63e7233de6,ca070092-7787-d71d-f51f-ecc6ff6d9c3e,image,SR-NA_01_1189,1982,title,place,river,Nickerie,nickerie,Nickerie,stm-gazetteer,stm-00261,1,Bezoek President Chin A Sen aan Nickerie blad 1,Bezoek President Chin A Sen aan Nickerie blad 1,true,high-precision
20400f43-aa8e-912b-36a7-3b63e7233de6::ca070092-7787-d71d-f51f-ecc6ff6d9c3e,20400f43-aa8e-912b-36a7-3b63e7233de6,ca070092-7787-d71d-f51f-ecc6ff6d9c3e,image,SR-NA_01_1189,1982,description,place,river,Nickerie,nickerie,Nickerie,stm-gazetteer,stm-00261,1,Bezoek President Chin A Sen aan Nickerie blad 1,Bezoek President Chin A Sen Nickerie blad 1. Foto's uit de NVD-collectie over president Fred Ramdath Missier 1982,true,high-precision
7bba7d4e-8471-4468-7138-bc3ca08097fc::03ef62ba-fd52-3f2f-c17b-178dbf28ee8b,7bba7d4e-8471-4468-7138-bc3ca08097fc,03ef62ba-fd52-3f2f-c17b-178dbf28ee8b,image,SR-NA_01_1188,1982,title,place,river,Nickerie,nickerie,Nickerie,stm-gazetteer,stm-00261,1,Bezoekuren Chin A Sen Nickerie blad 2,Bezoekuren Chin A Sen Nickerie blad 2,true,high-precision
7bba7d4e-8471-4468-7138-bc3ca08097fc::03ef62ba-fd52-3f2f-c17b-178dbf28ee8b,7bba7d4e-8471-4468-7138-bc3ca08097fc,03ef62ba-fd52-3f2f-c17b-178dbf28ee8b,image,SR-NA_01_1188,1982,description,place,river,Nickerie,nickerie,Nickerie,stm-gazetteer,stm-00261,1,Bezoekuren Chin A Sen Nickerie blad 2,Bezoek uren Chin A Sen Nickerie blad 2. Foto's uit de NVD-collectie over president Fred Ramdath Missier 1982,true,high-precision
a26d2b68-96f4-4f96-95ab-62e27facd6f6::7e902fc5-61a3-bd57-95cb-70dfff715dc2,a26d2b68-96f4-4f96-95ab-62e27facd6f6,7e902fc5-61a3-bd57-95cb-70dfff715dc2,image,SR-NA_01_1227,1982,title,place,plantation,Harmonie,harmonie,Harmonie,plantages-dataset,,1,Harmonie Concert blad 31 B,Harmonie Concert blad 31 B,true,high-precision
a26d2b68-96f4-4f96-95ab-62e27facd6f6::7e902fc5-61a3-bd57-95cb-70dfff715dc2,a26d2b68-96f4-4f96-95ab-62e27facd6f6,7e902fc5-61a3-bd57-95cb-70dfff715dc2,image,SR-NA_01_1227,1982,description,place,plantation,Harmonie,harmonie,Harmonie,plantages-dataset,,1,Harmonie Concert blad 31 B,Harmonie Concert blad 31 B. Foto's uit de NVD-collectie over president Fred Ramdath Missier 1982,true,high-precision
6e04f6b2-0a35-e9ba-1492-4e7de76df422::6f9d594a-f2eb-98e9-d514-e645cc81550f,6e04f6b2-0a35-e9ba-1492-4e7de76df422,6f9d594a-f2eb-98e9-d514-e645cc81550f,video,SR-NA_02_1654_BRW0000104VHS,,description,place,street,Jodenbreestraat,jodenbreestraat,Jodenbreestraat,paramaribo-street-standardization,,1,"Archief band met aantal items, april 1993","rgers die brood gaan kopen bij Bakkerij Lie Kie Sang aan de Jodenbreestraat. De kwaliteit van het brood is slecht, beklagen zij zich. Een item van de 1-mei-viering van de Raad van vakcentrales in",true,high-precision
6e04f6b2-0a35-e9ba-1492-4e7de76df422::6f9d594a-f2eb-98e9-d514-e645cc81550f,6e04f6b2-0a35-e9ba-1492-4e7de76df422,6f9d594a-f2eb-98e9-d514-e645cc81550f,video,SR-NA_02_1654_BRW0000104VHS,,description,place,river,Para,para,Para,stm-gazetteer,stm-00290,1,"Archief band met aantal items, april 1993","s over de hervatting van de uitzending van Radio Boskopu in Paramaribo. Interview net minister Reynolds Simons van Arbeid over kredietfaciliteiten, financieringsbehoeften van kleine on",true,high-precision
6e04f6b2-0a35-e9ba-1492-4e7de76df422::6f9d594a-f2eb-98e9-d514-e645cc81550f,6e04f6b2-0a35-e9ba-1492-4e7de76df422,6f9d594a-f2eb-98e9-d514-e645cc81550f,video,SR-NA_02_1654_BRW0000104VHS,,description,place,plantation,Industrie,industrie,Industrie,stm-gazetteer,stm-00858,1,"Archief band met aantal items, april 1993","van kleine ondernemers, Raad voor Coöperatiewezen, Sociaal Industrie Fonds, vaktrainingen, investeringsfonds. Interview met ministerie Willy Soemita van Sociale Zaken en Volkshuisvesting o",true,high-precision
99a84b54-c990-dcdb-2a69-e8c4787970e8::dfea3d0a-89b2-47d9-8cae-9784b0abaa60,99a84b54-c990-dcdb-2a69-e8c4787970e8,dfea3d0a-89b2-47d9-8cae-9784b0abaa60,video,SR-NA_02_1661_BRW0000111VHS,1993,description,place,street,Heiligenweg,heiligenweg,Heiligenweg,paramaribo-street-standardization,,1,Archiefband juni 1992 met verschillende items,"ar vervoer, lege staatsbussen en onzekere passagiers aan de Heiligenweg. Particuliere Lijnbussen in het centrum. Directeur Jainul Abdul van Natuurlijke Hulpbronnen praat over schaarste aan sm",true,high-precision
08aaf1f2-5467-7768-9f54-dd302f04e7c3::d5de5208-b911-ec4c-2512-32cf2583bb15,08aaf1f2-5467-7768-9f54-dd302f04e7c3,d5de5208-b911-ec4c-2512-32cf2583bb15,video,02_1608_NVD0000058VHS,1993,description,place,river,Nickerie,nickerie,Nickerie,stm-gazetteer,stm-00261,1,"Moederdag, Onafhankelijkheid, Somohardjo en Kerstboodschap",minister Guno Castelen van T C.T in verband met bezoek aan Nickerie van 15-17 december 2000. 8. Interview met minister Clifford Marica van Arbeid in verband met bezoek aan Nickerie van 15,true,high-precision
9af8ecf4-e481-e739-3223-52144e440716::a09465ef-b986-9eb0-08bd-12d8d2b063b8,9af8ecf4-e481-e739-3223-52144e440716,a09465ef-b986-9eb0-08bd-12d8d2b063b8,video,02_1590_NVD0000040VHS,,description,place,plantation,Elisabeth,elisabeth,Elisabeth,stm-gazetteer,stm-01139,1,Schoolkinderen naar dierentuin met presidenstvrouwe,"ezoeken de dierentuin, Paramaribo Zoo, met presidenstvrouwe Elisabeth Venetiaan-Vanenburg",true,high-precision
92f0419a-7323-2105-a298-79b613872145::3378bcdc-10fc-a598-e976-b13bbb0c39b2,92f0419a-7323-2105-a298-79b613872145,3378bcdc-10fc-a598-e976-b13bbb0c39b2,video,SR-NA_02_1662_BRW0000112VHS,1993,description,place,street,Heiligenweg,heiligenweg,Heiligenweg,paramaribo-street-standardization,,1,Archiefband van het BRW uit 1993,ring-Venetiaan naar huis te sturen. Straatinterviews aan de Heiligenweg over stopzetting van de ontwikkelingshulp door Nederland (geluid valt weg bij sommige interviews). Intro van Johan Rooz,true,high-precision
92f0419a-7323-2105-a298-79b613872145::3378bcdc-10fc-a598-e976-b13bbb0c39b2,92f0419a-7323-2105-a298-79b613872145,3378bcdc-10fc-a598-e976-b13bbb0c39b2,video,SR-NA_02_1662_BRW0000112VHS,1993,description,place,plantation,Industrie,industrie,Industrie,stm-gazetteer,stm-00858,1,Archiefband van het BRW uit 1993,volgende items in het Sranan. Directeur Hira van Handel en Industrie (HI) praat over de meelschaarste door vertraging in de import van meel. Het ministerie gaat een distributiesysteem hant,true,high-precision
87c718fb-1058-0f0f-409d-71172e02a646::,87c718fb-1058-0f0f-409d-71172e02a646,,unknown,DNA,,personsRaw,person,person,Leendert Abauna,leendert abauna,Leendert Abauna,nas-persons-field,,1,Openbare vergadering DNA 04082009 deel-3,Leendert Abauna,true,high-precision
ad7368bf-547c-cbf0-2f17-577f26127d7f::0aa7d8fb-b432-0327-b684-75173a9a514d,ad7368bf-547c-cbf0-2f17-577f26127d7f,0aa7d8fb-b432-0327-b684-75173a9a514d,image,SR-NA_01_0351,1996,description,place,river,Marowijne,marowijne,Marowijne,stm-gazetteer,stm-00363,1,150 jaar Albina,"50 jaar geleden dat Albina, de hoofdplaats van het district Marowijne in Suriname, werd gesticht door August Kappler. Albina is een belangrijke plaats vanwege de centrale ligging en de rol",true,high-precision
ad7368bf-547c-cbf0-2f17-577f26127d7f::0aa7d8fb-b432-0327-b684-75173a9a514d,ad7368bf-547c-cbf0-2f17-577f26127d7f,0aa7d8fb-b432-0327-b684-75173a9a514d,image,SR-NA_01_0351,1996,keywords,place,river,Marowijne,marowijne,Marowijne,stm-gazetteer,stm-00363,1,150 jaar Albina,August | Kappler | Moengo | Marowijne,true,high-precision
6280d443-73c6-5939-3e4a-1490ced76c29::06ac9b60-7248-ad96-302a-c5278aa13983,6280d443-73c6-5939-3e4a-1490ced76c29,06ac9b60-7248-ad96-302a-c5278aa13983,image,SR-NA_03_0255,2020,description,place,street,Wanica,wanica,Wanica,paramaribo-street-standardization,,1,IDOS-Peiling 2020,"eiling beperken zich tot vier districten te weten Nickerie, Wanica, Commewijne en Paramaribo. In totaal werden op basis van de voorlopige kiezerslijst 1026 personen in een zogenaamde ”f",true,high-precision
6280d443-73c6-5939-3e4a-1490ced76c29::06ac9b60-7248-ad96-302a-c5278aa13983,6280d443-73c6-5939-3e4a-1490ced76c29,06ac9b60-7248-ad96-302a-c5278aa13983,image,SR-NA_03_0255,2020,description,place,river,Nickerie,nickerie,Nickerie,stm-gazetteer,stm-00261,1,IDOS-Peiling 2020,"n van de peiling beperken zich tot vier districten te weten Nickerie, Wanica, Commewijne en Paramaribo. In totaal werden op basis van de voorlopige kiezerslijst 1026 personen in een zogen",true,high-precision
94c8c412-8bce-cd8a-447b-52c75b827354::cb4bc3b7-fda0-9734-511a-0037df2008a1,94c8c412-8bce-cd8a-447b-52c75b827354,cb4bc3b7-fda0-9734-511a-0037df2008a1,image,SR-NA_03_0256,Onbekend,description,place,plantation,Boston,boston,Boston,stm-gazetteer,stm-01922,1,"The Palmer Family, Fairfield Plantation, Paramaribo, Surinam","uchtte hij in 1774, kort voor de Amerikaanse Revolutie, van Boston naar Suriname. Hij vergrootte zijn reeds aanzienlijke fortuin door een moeras om te vormen tot landbouwgrond en de suik",true,high-precision
94c8c412-8bce-cd8a-447b-52c75b827354::cb4bc3b7-fda0-9734-511a-0037df2008a1,94c8c412-8bce-cd8a-447b-52c75b827354,cb4bc3b7-fda0-9734-511a-0037df2008a1,image,SR-NA_03_0256,Onbekend,description,place,plantation,Fortuin,fortuin,Fortuin,stm-gazetteer,stm-02072,1,"The Palmer Family, Fairfield Plantation, Paramaribo, Surinam",oston naar Suriname. Hij vergrootte zijn reeds aanzienlijke fortuin door een moeras om te vormen tot landbouwgrond en de suikerhandel uit te breiden. Hij bracht de laatste decennia van zi,true,high-precision
70445d26-4867-a67a-cdde-f2ff68e35500::dd3a3b82-c483-9c66-91c4-985812463994,70445d26-4867-a67a-cdde-f2ff68e35500,dd3a3b82-c483-9c66-91c4-985812463994,image,SR-NA_01_1302,1985,description,place,street,Crommelinstraat,crommelinstraat,Crommelinstraat,paramaribo-street-standardization,,1,Verschillende fotos van EBGS-activiteiten en projecten in Suriname,"Kerk, minister Imro Fong Poen,, Internaat op de hoek van de Crommelinstraat te Combe, scholen vallende onder de EBGS,",true,high-precision
70445d26-4867-a67a-cdde-f2ff68e35500::dd3a3b82-c483-9c66-91c4-985812463994,70445d26-4867-a67a-cdde-f2ff68e35500,dd3a3b82-c483-9c66-91c4-985812463994,image,SR-NA_01_1302,1985,description,place,street,Kerkplein,kerkplein,Kerkplein,paramaribo-street-standardization,,1,Verschillende fotos van EBGS-activiteiten en projecten in Suriname,"el Krasnapolsky, Grote Stadskerk, helstone Monument aan het Kerkplein, Noorderkerkstraat met DSB Bank aan het eind, Kersten Warenhuis, een kerk, Hernhutterse begraafplaats Marius Rust, aula",true,high-precision
70445d26-4867-a67a-cdde-f2ff68e35500::dd3a3b82-c483-9c66-91c4-985812463994,70445d26-4867-a67a-cdde-f2ff68e35500,dd3a3b82-c483-9c66-91c4-985812463994,image,SR-NA_01_1302,1985,description,place,street,Noorderkerkstraat,noorderkerkstraat,Noorderkerkstraat,paramaribo-street-standardization,,1,Verschillende fotos van EBGS-activiteiten en projecten in Suriname,"lsky, Grote Stadskerk, helstone Monument aan het Kerkplein, Noorderkerkstraat met DSB Bank aan het eind, Kersten Warenhuis, een kerk, Hernhutterse begraafplaats Marius Rust, aula der EBGS, grafzerk",true,high-precision
70445d26-4867-a67a-cdde-f2ff68e35500::dd3a3b82-c483-9c66-91c4-985812463994,70445d26-4867-a67a-cdde-f2ff68e35500,dd3a3b82-c483-9c66-91c4-985812463994,image,SR-NA_01_1302,1985,description,place,plantation,Combe,combe,Combe,stm-gazetteer,stm-00547,1,Verschillende fotos van EBGS-activiteiten en projecten in Suriname,"Fong Poen,, Internaat op de hoek van de Crommelinstraat te Combe, scholen vallende onder de EBGS,",true,high-precision
70445d26-4867-a67a-cdde-f2ff68e35500::dd3a3b82-c483-9c66-91c4-985812463994,70445d26-4867-a67a-cdde-f2ff68e35500,dd3a3b82-c483-9c66-91c4-985812463994,image,SR-NA_01_1302,1985,keywords,place,street,Crommelinstraat,crommelinstraat,Crommelinstraat,paramaribo-street-standardization,,1,Verschillende fotos van EBGS-activiteiten en projecten in Suriname,ertine | Noorderstads | Kerk | Imro Fong Poen | Internaat | Crommelinstraat | Combe | scholen | EBGS,true,high-precision
70445d26-4867-a67a-cdde-f2ff68e35500::dd3a3b82-c483-9c66-91c4-985812463994,70445d26-4867-a67a-cdde-f2ff68e35500,dd3a3b82-c483-9c66-91c4-985812463994,image,SR-NA_01_1302,1985,keywords,place,street,Kerkplein,kerkplein,Kerkplein,paramaribo-street-standardization,,1,Verschillende fotos van EBGS-activiteiten en projecten in Suriname,ra | Krasnapolsky | Hotel | Stadskerk | Helstone Monument | Kerkplein | Noorderkerkstraat | DSB | Bank | Kersten | Warenhuis | Kerk | Begraafplaats | Marius | Rust | grafzerken | Jeugd | Ce,true,high-precision
70445d26-4867-a67a-cdde-f2ff68e35500::dd3a3b82-c483-9c66-91c4-985812463994,70445d26-4867-a67a-cdde-f2ff68e35500,dd3a3b82-c483-9c66-91c4-985812463994,image,SR-NA_01_1302,1985,keywords,place,street,Noorderkerkstraat,noorderkerkstraat,Noorderkerkstraat,paramaribo-street-standardization,,1,Verschillende fotos van EBGS-activiteiten en projecten in Suriname,olsky | Hotel | Stadskerk | Helstone Monument | Kerkplein | Noorderkerkstraat | DSB | Bank | Kersten | Warenhuis | Kerk | Begraafplaats | Marius | Rust | grafzerken | Jeugd | Centrum | Duits | schi,true,high-precision
70445d26-4867-a67a-cdde-f2ff68e35500::dd3a3b82-c483-9c66-91c4-985812463994,70445d26-4867-a67a-cdde-f2ff68e35500,dd3a3b82-c483-9c66-91c4-985812463994,image,SR-NA_01_1302,1985,keywords,place,plantation,Combe,combe,Combe,stm-gazetteer,stm-00547,1,Verschillende fotos van EBGS-activiteiten en projecten in Suriname,ads | Kerk | Imro Fong Poen | Internaat | Crommelinstraat | Combe | scholen | EBGS,true,high-precision
49ba9f3d-535a-3b93-479a-58b0f85997ea::8c64fe87-5a69-bda8-c99c-64f50487376d,49ba9f3d-535a-3b93-479a-58b0f85997ea,8c64fe87-5a69-bda8-c99c-64f50487376d,image,SR-NA_01_0982,1999,description,place,district,District Coronie,district coronie,District Coronie,stm-gazetteer,stm-00001,1,Opening brug over de Coppenamerivier,"t-Westverbinding. De brug verbindt de plaatsen Jenny in het district Coronie en Boskamp in het district Saramacca en werd in 1999 geopend, een jaar voor de ingebruikname van de Jules Wijdenboschbr",true,high-precision
49ba9f3d-535a-3b93-479a-58b0f85997ea::8c64fe87-5a69-bda8-c99c-64f50487376d,49ba9f3d-535a-3b93-479a-58b0f85997ea,8c64fe87-5a69-bda8-c99c-64f50487376d,image,SR-NA_01_0982,1999,description,place,river,Coppename,coppename,Coppename,stm-gazetteer,stm-00216,1,Opening brug over de Coppenamerivier,"De Coppenamebrug is een brug over de rivier Coppename in Suriname, die deel uitmaakt van de Oost-Westverbinding. De brug verbindt de",true,high-precision
a6541c68-c22d-2d77-a78d-913dc0ca32c5::c4dc06fb-a1ff-08ca-7d38-bb2e50c75447,a6541c68-c22d-2d77-a78d-913dc0ca32c5,c4dc06fb-a1ff-08ca-7d38-bb2e50c75447,image,SR-NA_01_0644,Onbekend,keywords,place,street,Gravenstraat,gravenstraat,Gravenstraat,paramaribo-street-standardization,,1,Straten en landsgebouwen,Wanicastraat | Gravenstraat | Revoplein | Sociale Zaken | Hof van Justitie | Presidentieel Paleis | NVD-gebouw,true,high-precision
a6541c68-c22d-2d77-a78d-913dc0ca32c5::c4dc06fb-a1ff-08ca-7d38-bb2e50c75447,a6541c68-c22d-2d77-a78d-913dc0ca32c5,c4dc06fb-a1ff-08ca-7d38-bb2e50c75447,image,SR-NA_01_0644,Onbekend,keywords,place,street,Wanicastraat,wanicastraat,Wanicastraat,paramaribo-street-standardization,,1,Straten en landsgebouwen,Wanicastraat | Gravenstraat | Revoplein | Sociale Zaken | Hof van Justitie | Presidentieel Paleis | NVD-gebouw,true,high-precision
4cdbacf8-5740-11b9-2c08-1e2bd47d1064::7ef27c1e-545e-c611-86f6-3838ebf8fab1,4cdbacf8-5740-11b9-2c08-1e2bd47d1064,7ef27c1e-545e-c611-86f6-3838ebf8fab1,video,SR-NA_02_0225_001,19-12-2012,personsRaw,person,person,Kamla Madho,kamla madho,Kamla Madho,nas-persons-field,,1,Opening en functioneren cassavefabriek,Kamla Madho,true,high-precision
4cdbacf8-5740-11b9-2c08-1e2bd47d1064::7ef27c1e-545e-c611-86f6-3838ebf8fab1,4cdbacf8-5740-11b9-2c08-1e2bd47d1064,7ef27c1e-545e-c611-86f6-3838ebf8fab1,video,SR-NA_02_0225_001,19-12-2012,personsRaw,person,person,Winston Lackin,winston lackin,Winston Lackin,nas-persons-field,,1,Opening en functioneren cassavefabriek,Winston Lackin,true,high-precision
4cdbacf8-5740-11b9-2c08-1e2bd47d1064::7ef27c1e-545e-c611-86f6-3838ebf8fab1,4cdbacf8-5740-11b9-2c08-1e2bd47d1064,7ef27c1e-545e-c611-86f6-3838ebf8fab1,video,SR-NA_02_0225_001,19-12-2012,personsRaw,person,person,Robert Power,robert power,Robert Power,nas-persons-field,,1,Opening en functioneren cassavefabriek,Robert Power,true,high-precision
4cdbacf8-5740-11b9-2c08-1e2bd47d1064::7ef27c1e-545e-c611-86f6-3838ebf8fab1,4cdbacf8-5740-11b9-2c08-1e2bd47d1064,7ef27c1e-545e-c611-86f6-3838ebf8fab1,video,SR-NA_02_0225_001,19-12-2012,personsRaw,person,person,Ricardo Panka,ricardo panka,Ricardo Panka,nas-persons-field,,1,Opening en functioneren cassavefabriek,Ricardo Panka,true,high-precision
4cdbacf8-5740-11b9-2c08-1e2bd47d1064::7ef27c1e-545e-c611-86f6-3838ebf8fab1,4cdbacf8-5740-11b9-2c08-1e2bd47d1064,7ef27c1e-545e-c611-86f6-3838ebf8fab1,video,SR-NA_02_0225_001,19-12-2012,personsRaw,person,person,Jerry de Miranda,jerry de miranda,Jerry de Miranda,nas-persons-field,,1,Opening en functioneren cassavefabriek,Jerry de Miranda,true,high-precision
4cdbacf8-5740-11b9-2c08-1e2bd47d1064::7ef27c1e-545e-c611-86f6-3838ebf8fab1,4cdbacf8-5740-11b9-2c08-1e2bd47d1064,7ef27c1e-545e-c611-86f6-3838ebf8fab1,video,SR-NA_02_0225_001,19-12-2012,personsRaw,person,person,Winston Lackhin,winston lackhin,Winston Lackhin,nas-persons-field,,1,Opening en functioneren cassavefabriek,Winston Lackhin,true,high-precision
4cdbacf8-5740-11b9-2c08-1e2bd47d1064::7ef27c1e-545e-c611-86f6-3838ebf8fab1,4cdbacf8-5740-11b9-2c08-1e2bd47d1064,7ef27c1e-545e-c611-86f6-3838ebf8fab1,video,SR-NA_02_0225_001,19-12-2012,personsRaw,person,person,Julio Bikharie,julio bikharie,Julio Bikharie,nas-persons-field,,1,Opening en functioneren cassavefabriek,Julio Bikharie,true,high-precision
e071870a-e6b9-48cf-67a7-eabf7e16867d::707272a1-6c78-3221-9f23-e33e122c3542,e071870a-e6b9-48cf-67a7-eabf7e16867d,707272a1-6c78-3221-9f23-e33e122c3542,video,SR-NA_02_0225_03,Onbekend,description,place,river,Para,para,Para,stm-gazetteer,stm-00290,1,Deplorabele staat cassavefabriek Zanderij,"jft de teleurstellende staat van dezelfde cassavefabriek in Para, nu vanuit het perspectief van een bezoek van de minister van Landbouw. De minister is geschokt en stelt vast dat de fa",true,high-precision
e84f6c36-1a4a-1c1b-10b7-84528d1f5b8a::9abf7460-46d3-0561-d857-a7ea0c4725bb,e84f6c36-1a4a-1c1b-10b7-84528d1f5b8a,9abf7460-46d3-0561-d857-a7ea0c4725bb,video,SR-NA_02_0225_02,Onbekend,description,place,river,Para,para,Para,stm-gazetteer,stm-00290,1,LVV-minister bezorgd over staat Cassavefabriek,"ij (LVV) is geschokt door de staat van de cassavefabriek in Para. Na een werkbezoek stelt hij vast dat de fabriek, waarin ooit meer dan 1 miljoen dollar is ge‹nvesteerd, niet voldoet a",true,high-precision
4110d3c6-3345-e2b7-1aa3-8efdce7efc4a::3cd671e7-8d07-cfab-de30-268af499c5ab,4110d3c6-3345-e2b7-1aa3-8efdce7efc4a,3cd671e7-8d07-cfab-de30-268af499c5ab,video,SR_NA_02_1230_004,2009,description,place,plantation,Gevaar,gevaar,Gevaar,stm-gazetteer,stm-02393,1,Openbare vergadering DNA 28-07-2009_004,ijkheid: De leden benadrukken dat de volksgezondheid direct gevaar loopt en eisen dat de minister van Volksgezondheid onmiddellijk naar het parlement komt om uitleg te geven. Er wordt ge,true,high-precision
69091e59-e100-6b03-c96c-1a72c6cd5a96::101d3e7e-95f2-13ad-37ed-333037658612,69091e59-e100-6b03-c96c-1a72c6cd5a96,101d3e7e-95f2-13ad-37ed-333037658612,video,SR_NA_02_1230_013,2009,description,place,plantation,Gevaar,gevaar,Gevaar,stm-gazetteer,stm-02393,1,Openbare vergadering DNA 28-07-2009_013,De discussie gaat over het gevaar van een private monopolist (INGAS) voor de volksgezondheid. Leden vragen zich af of de sluiting een drukmiddel is of ge,true,high-precision
8b9184f2-c7df-08cc-2ef9-ce94b69f53bc::9b0f64cb-e2e6-72ee-7d90-10d995c6edfa,8b9184f2-c7df-08cc-2ef9-ce94b69f53bc,9b0f64cb-e2e6-72ee-7d90-10d995c6edfa,video,SR_NA_02_1230_005,2009,description,place,plantation,Industrie,industrie,Industrie,stm-gazetteer,stm-00858,1,Openbare vergadering DNA 28-07-2009_005,eden eisen dat de ministers van Volksgezondheid en Handel & Industrie onmiddellijk naar het parlement komen om duidelijkheid te verschaffen over de aanpak van de crisis. De speech van de vi,true,high-precision
8b9184f2-c7df-08cc-2ef9-ce94b69f53bc::9b0f64cb-e2e6-72ee-7d90-10d995c6edfa,8b9184f2-c7df-08cc-2ef9-ce94b69f53bc,9b0f64cb-e2e6-72ee-7d90-10d995c6edfa,video,SR_NA_02_1230_005,2009,keywords,place,plantation,Gevaar,gevaar,Gevaar,stm-gazetteer,stm-02393,1,Openbare vergadering DNA 28-07-2009_005,llijke actie | Verantwoording regering | Volksgezondheid in gevaar | INGAS | Vicepresident | Minister van Volksgezondheid | Politieke retoriek | Ethische kwestie,true,high-precision
0e73a358-7c28-54ff-de42-e0e97e6b1e80::ccc1aedb-7a0c-9a43-e99d-c5a58395f374,0e73a358-7c28-54ff-de42-e0e97e6b1e80,ccc1aedb-7a0c-9a43-e99d-c5a58395f374,video,SR_NA_02_1272,Onbekend,description,place,plantation,Pearl,pearl,Pearl,stm-gazetteer,stm-01613,1,Minov persconferentie,"Pearl Antonius legt uit waarom het ministerie van Onderwijs niet langer kan wachten met de invoering van de nieuwe, lokaal on",true,high-precision
415be127-e25c-6031-c64e-853f909d484c::4415b593-480e-3fbc-b143-18c632840c13,415be127-e25c-6031-c64e-853f909d484c,4415b593-480e-3fbc-b143-18c632840c13,video,SR_NA_02_1273_002,Onbekend,description,place,plantation,Pearl,pearl,Pearl,stm-gazetteer,stm-01613,1,,"Pearl Antonius van het Ministerie van Onderwijs geeft aan dat ondanks vertragingen in de pilotfase en de financiering, het mi",true,high-precision
42052825-3504-07bc-ec63-4abceedc7b56::1b8d22bf-206b-c478-992a-5a56d21a23df,42052825-3504-07bc-ec63-4abceedc7b56,1b8d22bf-206b-c478-992a-5a56d21a23df,video,SR_NA_02_1212_003,Onbekend,description,place,district,District Coronie,district coronie,District Coronie,stm-gazetteer,stm-00001,1,Openbare vergadering DNA,"De discussie richt zich op de ontwikkeling van het district Coronie, met name op landbouw, visserij en de problematiek rond grondrechten. Er wordt gepleit voor een fonds voor agrarische o",true,high-precision
efb48a57-0c6c-e5c9-3cda-72d82ac31ad2::7a53e599-43e0-cf11-e4a7-4873342a325e,efb48a57-0c6c-e5c9-3cda-72d82ac31ad2,7a53e599-43e0-cf11-e4a7-4873342a325e,video,SR_NA_02_1230_002,Onbekend,description,place,plantation,De Beste,de beste,De Beste,stm-gazetteer,stm-01145,1,Openbare vergadering DNA 28-07-2009_002,"ie is een conflict tussen het parlement en de regering over de beste timing: Parlementslid Rogers herhaalt zijn verzoek om de agenda aan te passen, zodat morgen (woensdag) met het debat ov",true,high-precision
d3fea884-9fa0-335d-6758-260a89f47343::f6bc2055-de0d-4d05-e9e7-b8c92ad6fe7c,d3fea884-9fa0-335d-6758-260a89f47343,f6bc2055-de0d-4d05-e9e7-b8c92ad6fe7c,image,SR-NA_03_0376,13 februari 1978,description,place,river,Para,para,Para,stm-gazetteer,stm-00290,1,Landbouwmaatschappij Victoria,"Slootwijk (Commewijne), La Poule (Saramacca) en Lelydorp (Para). In de loop van 1961 - 1963 werd vier hectare oliepalm geplant te Brokobaka (Brokopondo), een proeftuin van het Minist",true,high-precision
d3fea884-9fa0-335d-6758-260a89f47343::f6bc2055-de0d-4d05-e9e7-b8c92ad6fe7c,d3fea884-9fa0-335d-6758-260a89f47343,f6bc2055-de0d-4d05-e9e7-b8c92ad6fe7c,image,SR-NA_03_0376,13 februari 1978,description,place,plantation,Lelydorp,lelydorp,Lelydorp,stm-gazetteer,stm-01282,1,Landbouwmaatschappij Victoria,"t stand op Slootwijk (Commewijne), La Poule (Saramacca) en Lelydorp (Para). In de loop van 1961 - 1963 werd vier hectare oliepalm geplant te Brokobaka (Brokopondo), een proeftuin van het",true,high-precision
1fd7ed4f-1767-60fd-07a8-2c98e0ea265f::36a6ba33-71f8-adb5-3081-c4573e081d94,1fd7ed4f-1767-60fd-07a8-2c98e0ea265f,36a6ba33-71f8-adb5-3081-c4573e081d94,video,SR_NA_02_1286_001,Onbekend,keywords,place,river,Marowijne,marowijne,Marowijne,stm-gazetteer,stm-00363,1,De rol van Nederland en kolonel Valk bij de coup van Bouterse in Suriname_01,ndienst | Fort Zeelandia | Stoelmanseiland | Frans-Guyana | Marowijne | Machtsgreep | Coup | Omverwerping regering | Nederlandse bemoeienis | Financiering verzet | Steun Junglecommando | De,true,high-precision
1fd7ed4f-1767-60fd-07a8-2c98e0ea265f::36a6ba33-71f8-adb5-3081-c4573e081d94,1fd7ed4f-1767-60fd-07a8-2c98e0ea265f,36a6ba33-71f8-adb5-3081-c4573e081d94,video,SR_NA_02_1286_001,Onbekend,personsRaw,person,person,Majoor Koenders,majoor koenders,Majoor Koenders,nas-persons-field,,1,De rol van Nederland en kolonel Valk bij de coup van Bouterse in Suriname_01,Majoor Koenders,true,high-precision
1fd7ed4f-1767-60fd-07a8-2c98e0ea265f::36a6ba33-71f8-adb5-3081-c4573e081d94,1fd7ed4f-1767-60fd-07a8-2c98e0ea265f,36a6ba33-71f8-adb5-3081-c4573e081d94,video,SR_NA_02_1286_001,Onbekend,personsRaw,person,person,Vegelin van Claerbergen,vegelin van claerbergen,Vegelin van Claerbergen,nas-persons-field,,1,De rol van Nederland en kolonel Valk bij de coup van Bouterse in Suriname_01,Vegelin van Claerbergen,true,high-precision
1fd7ed4f-1767-60fd-07a8-2c98e0ea265f::36a6ba33-71f8-adb5-3081-c4573e081d94,1fd7ed4f-1767-60fd-07a8-2c98e0ea265f,36a6ba33-71f8-adb5-3081-c4573e081d94,video,SR_NA_02_1286_001,Onbekend,personsRaw,person,person,Kolonel Valk,kolonel valk,Kolonel Valk,nas-persons-field,,1,De rol van Nederland en kolonel Valk bij de coup van Bouterse in Suriname_01,Kolonel Valk,true,high-precision
1fd7ed4f-1767-60fd-07a8-2c98e0ea265f::36a6ba33-71f8-adb5-3081-c4573e081d94,1fd7ed4f-1767-60fd-07a8-2c98e0ea265f,36a6ba33-71f8-adb5-3081-c4573e081d94,video,SR_NA_02_1286_001,Onbekend,personsRaw,person,person,Andr‚ Haakmat,andr haakmat,Andr‚ Haakmat,nas-persons-field,,1,De rol van Nederland en kolonel Valk bij de coup van Bouterse in Suriname_01,Andr‚ Haakmat,true,high-precision
1fd7ed4f-1767-60fd-07a8-2c98e0ea265f::36a6ba33-71f8-adb5-3081-c4573e081d94,1fd7ed4f-1767-60fd-07a8-2c98e0ea265f,36a6ba33-71f8-adb5-3081-c4573e081d94,video,SR_NA_02_1286_001,Onbekend,personsRaw,person,person,Premier Lubbers,premier lubbers,Premier Lubbers,nas-persons-field,,1,De rol van Nederland en kolonel Valk bij de coup van Bouterse in Suriname_01,Premier Lubbers,true,high-precision
1fd7ed4f-1767-60fd-07a8-2c98e0ea265f::36a6ba33-71f8-adb5-3081-c4573e081d94,1fd7ed4f-1767-60fd-07a8-2c98e0ea265f,36a6ba33-71f8-adb5-3081-c4573e081d94,video,SR_NA_02_1286_001,Onbekend,personsRaw,person,person,Peter de Vries,peter de vries,Peter de Vries,nas-persons-field,,1,De rol van Nederland en kolonel Valk bij de coup van Bouterse in Suriname_01,Peter de Vries,true,high-precision
1fd7ed4f-1767-60fd-07a8-2c98e0ea265f::36a6ba33-71f8-adb5-3081-c4573e081d94,1fd7ed4f-1767-60fd-07a8-2c98e0ea265f,36a6ba33-71f8-adb5-3081-c4573e081d94,video,SR_NA_02_1286_001,Onbekend,personsRaw,person,person,Desi Bouterse,desi bouterse,Desi Bouterse,nas-persons-field,,1,De rol van Nederland en kolonel Valk bij de coup van Bouterse in Suriname_01,Desi Bouterse,true,high-precision
1fd7ed4f-1767-60fd-07a8-2c98e0ea265f::36a6ba33-71f8-adb5-3081-c4573e081d94,1fd7ed4f-1767-60fd-07a8-2c98e0ea265f,36a6ba33-71f8-adb5-3081-c4573e081d94,video,SR_NA_02_1286_001,Onbekend,personsRaw,person,person,Henk Chin A Sen,henk chin a sen,Henk Chin A Sen,nas-persons-field,,1,De rol van Nederland en kolonel Valk bij de coup van Bouterse in Suriname_01,Henk Chin A Sen,true,high-precision
1fd7ed4f-1767-60fd-07a8-2c98e0ea265f::36a6ba33-71f8-adb5-3081-c4573e081d94,1fd7ed4f-1767-60fd-07a8-2c98e0ea265f,36a6ba33-71f8-adb5-3081-c4573e081d94,video,SR_NA_02_1286_001,Onbekend,personsRaw,person,person,Kolonel Elstak,kolonel elstak,Kolonel Elstak,nas-persons-field,,1,De rol van Nederland en kolonel Valk bij de coup van Bouterse in Suriname_01,Kolonel Elstak,true,high-precision
1fd7ed4f-1767-60fd-07a8-2c98e0ea265f::36a6ba33-71f8-adb5-3081-c4573e081d94,1fd7ed4f-1767-60fd-07a8-2c98e0ea265f,36a6ba33-71f8-adb5-3081-c4573e081d94,video,SR_NA_02_1286_001,Onbekend,personsRaw,person,person,Eddy Bruma,eddy bruma,Eddy Bruma,nas-persons-field,,1,De rol van Nederland en kolonel Valk bij de coup van Bouterse in Suriname_01,Eddy Bruma,true,high-precision
1fd7ed4f-1767-60fd-07a8-2c98e0ea265f::36a6ba33-71f8-adb5-3081-c4573e081d94,1fd7ed4f-1767-60fd-07a8-2c98e0ea265f,36a6ba33-71f8-adb5-3081-c4573e081d94,video,SR_NA_02_1286_001,Onbekend,personsRaw,person,person,Fred Derby,fred derby,Fred Derby,nas-persons-field,,1,De rol van Nederland en kolonel Valk bij de coup van Bouterse in Suriname_01,Fred Derby,true,high-precision
1fd7ed4f-1767-60fd-07a8-2c98e0ea265f::36a6ba33-71f8-adb5-3081-c4573e081d94,1fd7ed4f-1767-60fd-07a8-2c98e0ea265f,36a6ba33-71f8-adb5-3081-c4573e081d94,video,SR_NA_02_1286_001,Onbekend,personsRaw,person,person,Roy Poetsen,roy poetsen,Roy Poetsen,nas-persons-field,,1,De rol van Nederland en kolonel Valk bij de coup van Bouterse in Suriname_01,Roy Poetsen,true,high-precision
1fd7ed4f-1767-60fd-07a8-2c98e0ea265f::36a6ba33-71f8-adb5-3081-c4573e081d94,1fd7ed4f-1767-60fd-07a8-2c98e0ea265f,36a6ba33-71f8-adb5-3081-c4573e081d94,video,SR_NA_02_1286_001,Onbekend,personsRaw,person,person,Ronnie Brunswijk,ronnie brunswijk,Ronnie Brunswijk,nas-persons-field,,1,De rol van Nederland en kolonel Valk bij de coup van Bouterse in Suriname_01,Ronnie Brunswijk,true,high-precision
1fd7ed4f-1767-60fd-07a8-2c98e0ea265f::36a6ba33-71f8-adb5-3081-c4573e081d94,1fd7ed4f-1767-60fd-07a8-2c98e0ea265f,36a6ba33-71f8-adb5-3081-c4573e081d94,video,SR_NA_02_1286_001,Onbekend,personsRaw,person,person,Dr. John,dr john,Dr. John,nas-persons-field,,1,De rol van Nederland en kolonel Valk bij de coup van Bouterse in Suriname_01,Dr. John,true,high-precision
b1669759-423c-1292-79ca-f94f3b0846cb::3fb4afe6-6092-5569-47b1-fa0607cc83f1,b1669759-423c-1292-79ca-f94f3b0846cb,3fb4afe6-6092-5569-47b1-fa0607cc83f1,video,SR_NA_02_1212_002_003,2009,description,place,district,District Coronie,district coronie,District Coronie,stm-gazetteer,stm-00001,1,"DNA-Openbare vergadering, 30 april 2009_002_003","De discussie richt zich op de ontwikkeling van het district Coronie, met name op landbouw, visserij en de problematiek rond grondrechten. Er wordt gepleit voor een fonds voor agrarische o",true,high-precision
c95f8db5-488b-d8ff-9850-016ffeca52a8::8f11e419-ad09-bec6-3578-af3939853564,c95f8db5-488b-d8ff-9850-016ffeca52a8,8f11e419-ad09-bec6-3578-af3939853564,video,SR_NA_02_1286_002,2009,keywords,place,river,Marowijne,marowijne,Marowijne,stm-gazetteer,stm-00363,1,De rol van Nederland en kolonel Valk bij de coup van Bouterse in Suriname_02,ndienst | Fort Zeelandia | Stoelmanseiland | Frans-Guyana | Marowijne | Machtsgreep | Coup | Omverwerping regering | Nederlandse bemoeienis | Financiering verzet | Steun Junglecommando | De,true,high-precision
c95f8db5-488b-d8ff-9850-016ffeca52a8::8f11e419-ad09-bec6-3578-af3939853564,c95f8db5-488b-d8ff-9850-016ffeca52a8,8f11e419-ad09-bec6-3578-af3939853564,video,SR_NA_02_1286_002,2009,personsRaw,person,person,Majoor Koenders,majoor koenders,Majoor Koenders,nas-persons-field,,1,De rol van Nederland en kolonel Valk bij de coup van Bouterse in Suriname_02,Majoor Koenders,true,high-precision
c95f8db5-488b-d8ff-9850-016ffeca52a8::8f11e419-ad09-bec6-3578-af3939853564,c95f8db5-488b-d8ff-9850-016ffeca52a8,8f11e419-ad09-bec6-3578-af3939853564,video,SR_NA_02_1286_002,2009,personsRaw,person,person,Vegelin van Claerbergen,vegelin van claerbergen,Vegelin van Claerbergen,nas-persons-field,,1,De rol van Nederland en kolonel Valk bij de coup van Bouterse in Suriname_02,Vegelin van Claerbergen,true,high-precision
c95f8db5-488b-d8ff-9850-016ffeca52a8::8f11e419-ad09-bec6-3578-af3939853564,c95f8db5-488b-d8ff-9850-016ffeca52a8,8f11e419-ad09-bec6-3578-af3939853564,video,SR_NA_02_1286_002,2009,personsRaw,person,person,Kolonel Valk,kolonel valk,Kolonel Valk,nas-persons-field,,1,De rol van Nederland en kolonel Valk bij de coup van Bouterse in Suriname_02,Kolonel Valk,true,high-precision
c95f8db5-488b-d8ff-9850-016ffeca52a8::8f11e419-ad09-bec6-3578-af3939853564,c95f8db5-488b-d8ff-9850-016ffeca52a8,8f11e419-ad09-bec6-3578-af3939853564,video,SR_NA_02_1286_002,2009,personsRaw,person,person,Andr‚ Haakmat,andr haakmat,Andr‚ Haakmat,nas-persons-field,,1,De rol van Nederland en kolonel Valk bij de coup van Bouterse in Suriname_02,Andr‚ Haakmat,true,high-precision
c95f8db5-488b-d8ff-9850-016ffeca52a8::8f11e419-ad09-bec6-3578-af3939853564,c95f8db5-488b-d8ff-9850-016ffeca52a8,8f11e419-ad09-bec6-3578-af3939853564,video,SR_NA_02_1286_002,2009,personsRaw,person,person,Premier Lubbers,premier lubbers,Premier Lubbers,nas-persons-field,,1,De rol van Nederland en kolonel Valk bij de coup van Bouterse in Suriname_02,Premier Lubbers,true,high-precision
c95f8db5-488b-d8ff-9850-016ffeca52a8::8f11e419-ad09-bec6-3578-af3939853564,c95f8db5-488b-d8ff-9850-016ffeca52a8,8f11e419-ad09-bec6-3578-af3939853564,video,SR_NA_02_1286_002,2009,personsRaw,person,person,Peter de Vries,peter de vries,Peter de Vries,nas-persons-field,,1,De rol van Nederland en kolonel Valk bij de coup van Bouterse in Suriname_02,Peter de Vries,true,high-precision
c95f8db5-488b-d8ff-9850-016ffeca52a8::8f11e419-ad09-bec6-3578-af3939853564,c95f8db5-488b-d8ff-9850-016ffeca52a8,8f11e419-ad09-bec6-3578-af3939853564,video,SR_NA_02_1286_002,2009,personsRaw,person,person,Desi Bouterse,desi bouterse,Desi Bouterse,nas-persons-field,,1,De rol van Nederland en kolonel Valk bij de coup van Bouterse in Suriname_02,Desi Bouterse,true,high-precision
c95f8db5-488b-d8ff-9850-016ffeca52a8::8f11e419-ad09-bec6-3578-af3939853564,c95f8db5-488b-d8ff-9850-016ffeca52a8,8f11e419-ad09-bec6-3578-af3939853564,video,SR_NA_02_1286_002,2009,personsRaw,person,person,Henk Chin A Sen,henk chin a sen,Henk Chin A Sen,nas-persons-field,,1,De rol van Nederland en kolonel Valk bij de coup van Bouterse in Suriname_02,Henk Chin A Sen,true,high-precision
c95f8db5-488b-d8ff-9850-016ffeca52a8::8f11e419-ad09-bec6-3578-af3939853564,c95f8db5-488b-d8ff-9850-016ffeca52a8,8f11e419-ad09-bec6-3578-af3939853564,video,SR_NA_02_1286_002,2009,personsRaw,person,person,Kolonel Elstak,kolonel elstak,Kolonel Elstak,nas-persons-field,,1,De rol van Nederland en kolonel Valk bij de coup van Bouterse in Suriname_02,Kolonel Elstak,true,high-precision
c95f8db5-488b-d8ff-9850-016ffeca52a8::8f11e419-ad09-bec6-3578-af3939853564,c95f8db5-488b-d8ff-9850-016ffeca52a8,8f11e419-ad09-bec6-3578-af3939853564,video,SR_NA_02_1286_002,2009,personsRaw,person,person,Eddy Bruma,eddy bruma,Eddy Bruma,nas-persons-field,,1,De rol van Nederland en kolonel Valk bij de coup van Bouterse in Suriname_02,Eddy Bruma,true,high-precision
c95f8db5-488b-d8ff-9850-016ffeca52a8::8f11e419-ad09-bec6-3578-af3939853564,c95f8db5-488b-d8ff-9850-016ffeca52a8,8f11e419-ad09-bec6-3578-af3939853564,video,SR_NA_02_1286_002,2009,personsRaw,person,person,Fred Derby,fred derby,Fred Derby,nas-persons-field,,1,De rol van Nederland en kolonel Valk bij de coup van Bouterse in Suriname_02,Fred Derby,true,high-precision
c95f8db5-488b-d8ff-9850-016ffeca52a8::8f11e419-ad09-bec6-3578-af3939853564,c95f8db5-488b-d8ff-9850-016ffeca52a8,8f11e419-ad09-bec6-3578-af3939853564,video,SR_NA_02_1286_002,2009,personsRaw,person,person,Roy Bruins,roy bruins,Roy Bruins,nas-persons-field,,1,De rol van Nederland en kolonel Valk bij de coup van Bouterse in Suriname_02,Roy Bruins,true,high-precision
c95f8db5-488b-d8ff-9850-016ffeca52a8::8f11e419-ad09-bec6-3578-af3939853564,c95f8db5-488b-d8ff-9850-016ffeca52a8,8f11e419-ad09-bec6-3578-af3939853564,video,SR_NA_02_1286_002,2009,personsRaw,person,person,Roy Poetsen,roy poetsen,Roy Poetsen,nas-persons-field,,1,De rol van Nederland en kolonel Valk bij de coup van Bouterse in Suriname_02,Roy Poetsen,true,high-precision
c95f8db5-488b-d8ff-9850-016ffeca52a8::8f11e419-ad09-bec6-3578-af3939853564,c95f8db5-488b-d8ff-9850-016ffeca52a8,8f11e419-ad09-bec6-3578-af3939853564,video,SR_NA_02_1286_002,2009,personsRaw,person,person,Ronnie Brunswijk,ronnie brunswijk,Ronnie Brunswijk,nas-persons-field,,1,De rol van Nederland en kolonel Valk bij de coup van Bouterse in Suriname_02,Ronnie Brunswijk,true,high-precision
c95f8db5-488b-d8ff-9850-016ffeca52a8::8f11e419-ad09-bec6-3578-af3939853564,c95f8db5-488b-d8ff-9850-016ffeca52a8,8f11e419-ad09-bec6-3578-af3939853564,video,SR_NA_02_1286_002,2009,personsRaw,person,person,Dr. John,dr john,Dr. John,nas-persons-field,,1,De rol van Nederland en kolonel Valk bij de coup van Bouterse in Suriname_02,Dr. John,true,high-precision
e109b2e4-fdcf-2df0-80a0-3a9b1e343133::33cc8218-e207-9750-7ff9-5103884cff84,e109b2e4-fdcf-2df0-80a0-3a9b1e343133,33cc8218-e207-9750-7ff9-5103884cff84,video,SR_NA_02_1230_012,2009,description,place,plantation,Gevaar,gevaar,Gevaar,stm-gazetteer,stm-02393,1,Openbare vergadering DNA 28-07-2009_012,ijn. De minister toont een luchtfoto om aan te tonen dat de gevaarsituatie mogelijk wordt overdreven. Hij benadrukt dat de volksgezondheid niet in gevaar mag komen.,true,high-precision
465306ef-053a-3a19-d67c-b2c99b6d00bd::7f129b4f-9eb1-ebcf-d8a3-8ac8fed281fe,465306ef-053a-3a19-d67c-b2c99b6d00bd,7f129b4f-9eb1-ebcf-d8a3-8ac8fed281fe,image,SR-NA_01_1398,1968-heden,personsRaw,person,person,Graciëlla,graciella,Graciëlla,nas-persons-field,,1,"Annemarie Hunsel, iconische Surinaamse zangeres en liedjesschrijfster",Graciëlla,true,high-precision
465306ef-053a-3a19-d67c-b2c99b6d00bd::7f129b4f-9eb1-ebcf-d8a3-8ac8fed281fe,465306ef-053a-3a19-d67c-b2c99b6d00bd,7f129b4f-9eb1-ebcf-d8a3-8ac8fed281fe,image,SR-NA_01_1398,1968-heden,personsRaw,person,person,Ronald Venetiaan,ronald venetiaan,Ronald Venetiaan,nas-persons-field,,1,"Annemarie Hunsel, iconische Surinaamse zangeres en liedjesschrijfster",Ronald Venetiaan,true,high-precision
465306ef-053a-3a19-d67c-b2c99b6d00bd::7f129b4f-9eb1-ebcf-d8a3-8ac8fed281fe,465306ef-053a-3a19-d67c-b2c99b6d00bd,7f129b4f-9eb1-ebcf-d8a3-8ac8fed281fe,image,SR-NA_01_1398,1968-heden,personsRaw,person,person,Borger Breeveld,borger breeveld,Borger Breeveld,nas-persons-field,,1,"Annemarie Hunsel, iconische Surinaamse zangeres en liedjesschrijfster",Borger Breeveld,true,high-precision
493b55ea-5bbe-d98e-2048-bcb14badb132::888fc2eb-d348-9c5a-063f-f8f465884066,493b55ea-5bbe-d98e-2048-bcb14badb132,888fc2eb-d348-9c5a-063f-f8f465884066,image,SR-NA_01_1397,10 juni 2010,personsRaw,person,person,Andre Loor,andre loor,Andre Loor,nas-persons-field,,1,Andre Loor bezoekt Nationaal Archief Suriname,Andre Loor,true,high-precision
493b55ea-5bbe-d98e-2048-bcb14badb132::888fc2eb-d348-9c5a-063f-f8f465884066,493b55ea-5bbe-d98e-2048-bcb14badb132,888fc2eb-d348-9c5a-063f-f8f465884066,image,SR-NA_01_1397,10 juni 2010,personsRaw,person,person,Ramon Cumberbatch,ramon cumberbatch,Ramon Cumberbatch,nas-persons-field,,1,Andre Loor bezoekt Nationaal Archief Suriname,Ramon Cumberbatch,true,high-precision
493b55ea-5bbe-d98e-2048-bcb14badb132::888fc2eb-d348-9c5a-063f-f8f465884066,493b55ea-5bbe-d98e-2048-bcb14badb132,888fc2eb-d348-9c5a-063f-f8f465884066,image,SR-NA_01_1397,10 juni 2010,personsRaw,person,person,mellano Kastibi,mellano kastibi,mellano Kastibi,nas-persons-field,,1,Andre Loor bezoekt Nationaal Archief Suriname,mellano Kastibi,true,high-precision
1fdefb52-3403-9c28-5199-1421a25a9cd2::2f13808b-a6c1-61b2-b5ef-3377abe39393,1fdefb52-3403-9c28-5199-1421a25a9cd2,2f13808b-a6c1-61b2-b5ef-3377abe39393,video,SR_NA_02_1260_001,Onbekend,description,place,plantation,Alida,alida,Alida,stm-gazetteer,stm-00718,1,"Afrontoe Soso, deel 01",", Susan Dahl, Lensia Lehman, Valencia Rothgans, Rona Stift, Alida Nortan, Marcia Fikki, Clothilde Ameloo, Jennifer Smit, Melisa Daal, Bianca Isselt.",true,high-precision
2adade69-703b-7efa-0394-5ba877d97148::95425edb-8405-0276-9653-927ac1a5a5df,2adade69-703b-7efa-0394-5ba877d97148,95425edb-8405-0276-9653-927ac1a5a5df,video,SR-NA_02_1914,2005,title,place,plantation,Magenta,magenta,Magenta,stm-gazetteer,stm-01387,1,"Bouw rotonde Magenta, Openbare Werken Informatief 59","Bouw rotonde Magenta, Openbare Werken Informatief 59",true,high-precision
2adade69-703b-7efa-0394-5ba877d97148::95425edb-8405-0276-9653-927ac1a5a5df,2adade69-703b-7efa-0394-5ba877d97148,95425edb-8405-0276-9653-927ac1a5a5df,video,SR-NA_02_1914,2005,description,place,street,Pad van Wanica,pad van wanica,Pad van Wanica,paramaribo-street-standardization,,1,"Bouw rotonde Magenta, Openbare Werken Informatief 59",en/Magenta over het Saramaccakanaal om de verkeersdrukte te Pad van Wanica en de Coesewijnestraat ietwat te helpen verminderen. Aan de gemeenschap wordt gevraagd enige begrip te hebben voor het,true,high-precision
2adade69-703b-7efa-0394-5ba877d97148::95425edb-8405-0276-9653-927ac1a5a5df,2adade69-703b-7efa-0394-5ba877d97148,95425edb-8405-0276-9653-927ac1a5a5df,video,SR-NA_02_1914,2005,description,place,street,Wanica,wanica,Wanica,paramaribo-street-standardization,,1,"Bouw rotonde Magenta, Openbare Werken Informatief 59",ta over het Saramaccakanaal om de verkeersdrukte te Pad van Wanica en de Coesewijnestraat ietwat te helpen verminderen. Aan de gemeenschap wordt gevraagd enige begrip te hebben voor het,true,high-precision
2adade69-703b-7efa-0394-5ba877d97148::95425edb-8405-0276-9653-927ac1a5a5df,2adade69-703b-7efa-0394-5ba877d97148,95425edb-8405-0276-9653-927ac1a5a5df,video,SR-NA_02_1914,2005,description,place,river,Pad van Wanica,pad van wanica,Pad van Wanica,stm-gazetteer,stm-00037,1,"Bouw rotonde Magenta, Openbare Werken Informatief 59",en/Magenta over het Saramaccakanaal om de verkeersdrukte te Pad van Wanica en de Coesewijnestraat ietwat te helpen verminderen. Aan de gemeenschap wordt gevraagd enige begrip te hebben voor het,true,high-precision
2adade69-703b-7efa-0394-5ba877d97148::95425edb-8405-0276-9653-927ac1a5a5df,2adade69-703b-7efa-0394-5ba877d97148,95425edb-8405-0276-9653-927ac1a5a5df,video,SR-NA_02_1914,2005,description,place,plantation,Carolina,carolina,Carolina,stm-gazetteer,stm-01698,1,"Bouw rotonde Magenta, Openbare Werken Informatief 59",ouwde en destijds geramde brug over de Surinamerivier nabij Carolina. Met de aannemer zijn er naar zeggen van de minister afspraken om te kijken hoe de brug af te bouwen. De ontwateringswe,true,high-precision
2adade69-703b-7efa-0394-5ba877d97148::95425edb-8405-0276-9653-927ac1a5a5df,2adade69-703b-7efa-0394-5ba877d97148,95425edb-8405-0276-9653-927ac1a5a5df,video,SR-NA_02_1914,2005,description,place,plantation,Magenta,magenta,Magenta,stm-gazetteer,stm-01387,1,"Bouw rotonde Magenta, Openbare Werken Informatief 59",e op het belang van de bouw van de nieuwe brug te leidingen/Magenta over het Saramaccakanaal om de verkeersdrukte te Pad van Wanica en de Coesewijnestraat ietwat te helpen verminderen. Aa,true,high-precision
2adade69-703b-7efa-0394-5ba877d97148::95425edb-8405-0276-9653-927ac1a5a5df,2adade69-703b-7efa-0394-5ba877d97148,95425edb-8405-0276-9653-927ac1a5a5df,video,SR-NA_02_1914,2005,personsRaw,person,person,Ganesh0koemar Kandhai,ganesh0koemar kandhai,Ganesh0koemar Kandhai,nas-persons-field,,1,"Bouw rotonde Magenta, Openbare Werken Informatief 59",Ganesh0koemar Kandhai,true,high-precision
a8029645-56e0-ecea-76b2-7a5a3b78a1ab::a96232bc-2db8-8329-ea02-26122a6100a0,a8029645-56e0-ecea-76b2-7a5a3b78a1ab,a96232bc-2db8-8329-ea02-26122a6100a0,video,SR_NA_02_1260_003,Onbekend,description,place,plantation,Alida,alida,Alida,stm-gazetteer,stm-00718,1,"Afrontoe Soso, deel 03",", Susan Dahl, Lensia Lehman, Valencia Rothgans, Rona Stift, Alida Nortan, Marcia Fikki, Clothilde Ameloo, Jennifer Smit, Melisa Daal, Bianca Isselt.",true,high-precision
d56a3cd8-5235-481e-1783-a7c03bf6f919::6c34d2bc-50ad-e6ad-4ec4-e69a0f220f67,d56a3cd8-5235-481e-1783-a7c03bf6f919,6c34d2bc-50ad-e6ad-4ec4-e69a0f220f67,video,SR_NA_02_1260_002,Onbekend,description,place,plantation,Alida,alida,Alida,stm-gazetteer,stm-00718,1,"Afrontoe Soso, deel 02",", Susan Dahl, Lensia Lehman, Valencia Rothgans, Rona Stift, Alida Nortan, Marcia Fikki, Clothilde Ameloo, Jennifer Smit, Melisa Daal, Bianca Isselt.",true,high-precision
07444565-530f-8c5c-2b4b-62d1dfe0dbf6::3c11eab2-9245-3d4f-cfef-3a56027d431b,07444565-530f-8c5c-2b4b-62d1dfe0dbf6,3c11eab2-9245-3d4f-cfef-3a56027d431b,image,SR-NA_03_0258,2017,description,place,plantation,Braak,braak,Braak,stm-gazetteer,stm-02244,1,Criminaliteitsoverzicht KPS 2017,"fstallen: 4.317 gevallen; daling 26,1%. Diefstallen middels braak: 3.923 gevallen; daling 8,4%. Berovingen: 1.219 gevallen; daling 12,1%. Overvallen: 360 gevallen; daling 32,1%. Levens",true,high-precision
85b37b28-8529-cfef-6c6f-88a2d69caf3a::8dbf90b8-0971-df31-95bd-cfb333edcf14,85b37b28-8529-cfef-6c6f-88a2d69caf3a,8dbf90b8-0971-df31-95bd-cfb333edcf14,video,SR_NA_02_1267,Onbekend,description,place,plantation,Industrie,industrie,Industrie,stm-gazetteer,stm-00858,1,Zangles aan kinderen door Mavis Noordwijk,"iname de bomen na het tappen niet mochten worden gekapt. De industrie was grotendeels afhankelijk van ervaren tappers uit Brits-Guyana, van wie er rond 1920 zo'n 6000 werkten. Beeld- en gel",true,high-precision
dd4c74e7-fa82-9371-628a-f3cbb2c5b0df::b6e9cdf4-b3da-e24b-6e5a-c6047b67395c,dd4c74e7-fa82-9371-628a-f3cbb2c5b0df,b6e9cdf4-b3da-e24b-6e5a-c6047b67395c,image,SR-NA_01_1401,,title,place,river,Nickerie,nickerie,Nickerie,stm-gazetteer,stm-00261,1,President Simons naar Nickerie voor bezoek Irfan Ali,President Simons naar Nickerie voor bezoek Irfan Ali,true,high-precision
dd4c74e7-fa82-9371-628a-f3cbb2c5b0df::b6e9cdf4-b3da-e24b-6e5a-c6047b67395c,dd4c74e7-fa82-9371-628a-f3cbb2c5b0df,b6e9cdf4-b3da-e24b-6e5a-c6047b67395c,image,SR-NA_01_1401,,description,place,river,Nickerie,nickerie,Nickerie,stm-gazetteer,stm-00261,1,President Simons naar Nickerie voor bezoek Irfan Ali,t Mohammed Irfaan Ali hebben zich tijdens een ontmoeting in Nickerie gebogen over cruciale vraagstukken aangaande beide landen én de Caribische regio. De staatshoofden hebben op zaterdag 1,true,high-precision
9ac6bc98-14fd-e7fd-39fc-a403ff1339aa::03c5f63e-45ce-bd3c-dffe-1d181ac5f2cf,9ac6bc98-14fd-e7fd-39fc-a403ff1339aa,03c5f63e-45ce-bd3c-dffe-1d181ac5f2cf,video,SR-NA_02_0029,2020,personsRaw,person,person,Paul Somohardjo,paul somohardjo,Paul Somohardjo,nas-persons-field,,1,Feestelijke registratie PL bij Hoofdstembureau,Paul Somohardjo,true,high-precision
0da40e4a-cc0d-5f8a-760c-c26bb6c8e75c::d6d1fae5-6535-beeb-79a0-9b62d9467578,0da40e4a-cc0d-5f8a-760c-c26bb6c8e75c,d6d1fae5-6535-beeb-79a0-9b62d9467578,video,SR-NA_02_1202_02,2009,description,place,plantation,Industrie,industrie,Industrie,stm-gazetteer,stm-00858,1,Openbare vergadering 30072009 deel 02,dat als hij de president was hij de minister van Handel en Industrie met verplicht verlof zou sturen tot na de verkiezingen. *Noot FVA: De aanleiding van deze case is het feit dat grootpr,true,high-precision
0da40e4a-cc0d-5f8a-760c-c26bb6c8e75c::d6d1fae5-6535-beeb-79a0-9b62d9467578,0da40e4a-cc0d-5f8a-760c-c26bb6c8e75c,d6d1fae5-6535-beeb-79a0-9b62d9467578,video,SR-NA_02_1202_02,2009,personsRaw,person,person,Guno Castelen,guno castelen,Guno Castelen,nas-persons-field,,1,Openbare vergadering 30072009 deel 02,Guno Castelen,true,high-precision
0da40e4a-cc0d-5f8a-760c-c26bb6c8e75c::d6d1fae5-6535-beeb-79a0-9b62d9467578,0da40e4a-cc0d-5f8a-760c-c26bb6c8e75c,d6d1fae5-6535-beeb-79a0-9b62d9467578,video,SR-NA_02_1202_02,2009,personsRaw,person,person,Kries Matai,kries matai,Kries Matai,nas-persons-field,,1,Openbare vergadering 30072009 deel 02,Kries Matai,true,high-precision
0da40e4a-cc0d-5f8a-760c-c26bb6c8e75c::d6d1fae5-6535-beeb-79a0-9b62d9467578,0da40e4a-cc0d-5f8a-760c-c26bb6c8e75c,d6d1fae5-6535-beeb-79a0-9b62d9467578,video,SR-NA_02_1202_02,2009,personsRaw,person,person,Otmar Rogers,otmar rogers,Otmar Rogers,nas-persons-field,,1,Openbare vergadering 30072009 deel 02,Otmar Rogers,true,high-precision
1c888c49-a9a4-1d69-9e5a-4b24d6b7ea1c::34ed500f-62ac-e1cd-e194-33f4cfd553e7,1c888c49-a9a4-1d69-9e5a-4b24d6b7ea1c,34ed500f-62ac-e1cd-e194-33f4cfd553e7,video,SR-NA_02_1202_01,2009,personsRaw,person,person,Paul Somohardjo,paul somohardjo,Paul Somohardjo,nas-persons-field,,1,Openbare vergadering 30072009 deel 01,Paul Somohardjo,true,high-precision
1c888c49-a9a4-1d69-9e5a-4b24d6b7ea1c::34ed500f-62ac-e1cd-e194-33f4cfd553e7,1c888c49-a9a4-1d69-9e5a-4b24d6b7ea1c,34ed500f-62ac-e1cd-e194-33f4cfd553e7,video,SR-NA_02_1202_01,2009,personsRaw,person,person,Soedeshchand Jairam,soedeshchand jairam,Soedeshchand Jairam,nas-persons-field,,1,Openbare vergadering 30072009 deel 01,Soedeshchand Jairam,true,high-precision
1c888c49-a9a4-1d69-9e5a-4b24d6b7ea1c::34ed500f-62ac-e1cd-e194-33f4cfd553e7,1c888c49-a9a4-1d69-9e5a-4b24d6b7ea1c,34ed500f-62ac-e1cd-e194-33f4cfd553e7,video,SR-NA_02_1202_01,2009,personsRaw,person,person,Carmelita Ferreira,carmelita ferreira,Carmelita Ferreira,nas-persons-field,,1,Openbare vergadering 30072009 deel 01,Carmelita Ferreira,true,high-precision
6df9ba78-e75e-3ad9-bd69-05542b2eaeaa::5d6b36a9-c1dc-bba4-5059-98a8c45646b5,6df9ba78-e75e-3ad9-bd69-05542b2eaeaa,5d6b36a9-c1dc-bba4-5059-98a8c45646b5,video,SR-NA_02_1202_03,2009,description,place,street,Wanica,wanica,Wanica,paramaribo-street-standardization,,1,Openbare vergadering 30072009 deel 03,g om een afdeling Milieubeheer op te zetten in het district Wanica zodat ook in dat district regelmatig vuil opgehaald kan worden. Volgens Marengo is er niet alleen een achterstand in AO,true,high-precision
6df9ba78-e75e-3ad9-bd69-05542b2eaeaa::5d6b36a9-c1dc-bba4-5059-98a8c45646b5,6df9ba78-e75e-3ad9-bd69-05542b2eaeaa,5d6b36a9-c1dc-bba4-5059-98a8c45646b5,video,SR-NA_02_1202_03,2009,personsRaw,person,person,André Miesiekaba,andre miesiekaba,André Miesiekaba,nas-persons-field,,1,Openbare vergadering 30072009 deel 03,André Miesiekaba,true,high-precision
11c1c404-28dd-8981-53de-5882bd1377db::06e94151-2ed9-2946-c423-af9a80338c44,11c1c404-28dd-8981-53de-5882bd1377db,06e94151-2ed9-2946-c423-af9a80338c44,video,SR-NA_02_1100,Onbekend,description,place,street,Domineestraat,domineestraat,Domineestraat,paramaribo-street-standardization,,1,"Stadsbeelden, bomen binnen- en randstad","Bomen en beplanting aan de Domineestraat, Jodenbreestraat, Maagdenstraat, Ondron Bon, Dokter Sophie Redmondstraat met busplein te Ondrobon). Verder rijdend over",true,high-precision
11c1c404-28dd-8981-53de-5882bd1377db::06e94151-2ed9-2946-c423-af9a80338c44,11c1c404-28dd-8981-53de-5882bd1377db,06e94151-2ed9-2946-c423-af9a80338c44,video,SR-NA_02_1100,Onbekend,description,place,street,Maagdenstraat,maagdenstraat,Maagdenstraat,paramaribo-street-standardization,,1,"Stadsbeelden, bomen binnen- en randstad","Bomen en beplanting aan de Domineestraat, Jodenbreestraat, Maagdenstraat, Ondron Bon, Dokter Sophie Redmondstraat met busplein te Ondrobon). Verder rijdend over de Sophie Redmondstraat komend",true,high-precision
11c1c404-28dd-8981-53de-5882bd1377db::06e94151-2ed9-2946-c423-af9a80338c44,11c1c404-28dd-8981-53de-5882bd1377db,06e94151-2ed9-2946-c423-af9a80338c44,video,SR-NA_02_1100,Onbekend,description,place,street,Jodenbreestraat,jodenbreestraat,Jodenbreestraat,paramaribo-street-standardization,,1,"Stadsbeelden, bomen binnen- en randstad","Bomen en beplanting aan de Domineestraat, Jodenbreestraat, Maagdenstraat, Ondron Bon, Dokter Sophie Redmondstraat met busplein te Ondrobon). Verder rijdend over de Sophie Redmon",true,high-precision
705de80f-820d-014d-01ec-521192e4d9bd::9297b890-fcf3-19b0-2618-c185c56a768e,705de80f-820d-014d-01ec-521192e4d9bd,9297b890-fcf3-19b0-2618-c185c56a768e,video,SR-NA_02_1110_001-002-003,Onbekend,personsRaw,person,person,Terry Madison,terry madison,Terry Madison,nas-persons-field,,1,Love that child LPI-Kinder Paviljoen,Terry Madison,true,high-precision
2a195898-d281-dc66-56cc-4870566dbdaf::81607006-917f-ace5-52ee-4c6445437ac8,2a195898-d281-dc66-56cc-4870566dbdaf,81607006-917f-ace5-52ee-4c6445437ac8,image,SR-NA_03_0001_013-003-01,,description,place,plantation,Abroea,abroea,Abroea,stm-gazetteer,stm-01916,1,SR-NA_03_0001_013-003-01,"Aboa Paz, Abroea, Accaribo, Adrichem, Auca, Aurora, Ayo, Beaumont, Beekhuizen, Belwaarde, Berg en Dal, Bleyendaal, Boa Vista, Boxel, Ca",true,high-precision
2a195898-d281-dc66-56cc-4870566dbdaf::81607006-917f-ace5-52ee-4c6445437ac8,2a195898-d281-dc66-56cc-4870566dbdaf,81607006-917f-ace5-52ee-4c6445437ac8,image,SR-NA_03_0001_013-003-01,,description,place,plantation,Auca,auca,Auca,stm-gazetteer,stm-00527,1,SR-NA_03_0001_013-003-01,"Aboa Paz, Abroea, Accaribo, Adrichem, Auca, Aurora, Ayo, Beaumont, Beekhuizen, Belwaarde, Berg en Dal, Bleyendaal, Boa Vista, Boxel, Cabo Boa Esperanza- Cabo Verd",true,high-precision
2a195898-d281-dc66-56cc-4870566dbdaf::81607006-917f-ace5-52ee-4c6445437ac8,2a195898-d281-dc66-56cc-4870566dbdaf,81607006-917f-ace5-52ee-4c6445437ac8,image,SR-NA_03_0001_013-003-01,,description,place,plantation,Aurora,aurora,Aurora,stm-gazetteer,stm-00645,1,SR-NA_03_0001_013-003-01,"Aboa Paz, Abroea, Accaribo, Adrichem, Auca, Aurora, Ayo, Beaumont, Beekhuizen, Belwaarde, Berg en Dal, Bleyendaal, Boa Vista, Boxel, Cabo Boa Esperanza- Cabo Verde, Cabo",true,high-precision
2a195898-d281-dc66-56cc-4870566dbdaf::81607006-917f-ace5-52ee-4c6445437ac8,2a195898-d281-dc66-56cc-4870566dbdaf,81607006-917f-ace5-52ee-4c6445437ac8,image,SR-NA_03_0001_013-003-01,,description,place,plantation,Beaumont,beaumont,Beaumont,stm-gazetteer,stm-02140,1,SR-NA_03_0001_013-003-01,"Aboa Paz, Abroea, Accaribo, Adrichem, Auca, Aurora, Ayo, Beaumont, Beekhuizen, Belwaarde, Berg en Dal, Bleyendaal, Boa Vista, Boxel, Cabo Boa Esperanza- Cabo Verde, Cabo Verde, Carolina",true,high-precision
2a195898-d281-dc66-56cc-4870566dbdaf::81607006-917f-ace5-52ee-4c6445437ac8,2a195898-d281-dc66-56cc-4870566dbdaf,81607006-917f-ace5-52ee-4c6445437ac8,image,SR-NA_03_0001_013-003-01,,description,place,plantation,Cabo Verde,cabo verde,Cabo Verde,stm-gazetteer,stm-01874,1,SR-NA_03_0001_013-003-01,"g en Dal, Bleyendaal, Boa Vista, Boxel, Cabo Boa Esperanza- Cabo Verde, Cabo Verde, Carolina, Cassipora ? begraafplaats Beth Haim 1998, Castilhos burg-zie Overbrug, Carthago-zie Porto Rico,",true,high-precision
2a195898-d281-dc66-56cc-4870566dbdaf::81607006-917f-ace5-52ee-4c6445437ac8,2a195898-d281-dc66-56cc-4870566dbdaf,81607006-917f-ace5-52ee-4c6445437ac8,image,SR-NA_03_0001_013-003-01,,description,place,plantation,Carolina,carolina,Carolina,stm-gazetteer,stm-01698,1,SR-NA_03_0001_013-003-01,"a Vista, Boxel, Cabo Boa Esperanza- Cabo Verde, Cabo Verde, Carolina, Cassipora ? begraafplaats Beth Haim 1998, Castilhos burg-zie Overbrug, Carthago-zie Porto Rico, Clevia, Clusdaal-zie",true,high-precision
2a195898-d281-dc66-56cc-4870566dbdaf::81607006-917f-ace5-52ee-4c6445437ac8,2a195898-d281-dc66-56cc-4870566dbdaf,81607006-917f-ace5-52ee-4c6445437ac8,image,SR-NA_03_0001_013-003-01,,description,place,plantation,Chatillon,chatillon,Chatillon,stm-gazetteer,stm-02476,1,SR-NA_03_0001_013-003-01,"ng, Goede Vrede, Goede Vrede II, Gorkum-zie Laarwijk, Groot Chatillon, Guineesche Vriendschap, Hebron-zie Phedra, Hoop, Houttuin, Jagtlust, Jodensavanne, Jodensavanne ? begraafplaats Beth H",true,high-precision
2a195898-d281-dc66-56cc-4870566dbdaf::81607006-917f-ace5-52ee-4c6445437ac8,2a195898-d281-dc66-56cc-4870566dbdaf,81607006-917f-ace5-52ee-4c6445437ac8,image,SR-NA_03_0001_013-003-01,,description,place,plantation,Drie Gebroeders,drie gebroeders,Drie Gebroeders,stm-gazetteer,stm-02206,1,SR-NA_03_0001_013-003-01,"fiance, Crommenie, Diligence, Dijkveld, Domburg, Dordrecht, Drie gebroeders, Le Esperance, Eylant en Puttenzorg, Florentia te fort Nieuw Amsterdam, te fort Nieuw Amsterdam ? commandantswoning, t",true,high-precision
2a195898-d281-dc66-56cc-4870566dbdaf::81607006-917f-ace5-52ee-4c6445437ac8,2a195898-d281-dc66-56cc-4870566dbdaf,81607006-917f-ace5-52ee-4c6445437ac8,image,SR-NA_03_0001_013-003-01,,description,place,plantation,Florentia,florentia,Florentia,stm-gazetteer,stm-01447,1,SR-NA_03_0001_013-003-01,"echt, Drie gebroeders, Le Esperance, Eylant en Puttenzorg, Florentia te fort Nieuw Amsterdam, te fort Nieuw Amsterdam ? commandantswoning, te fort Nieuw Amsterdam ? kruithuis, te fort Nieu",true,high-precision
2a195898-d281-dc66-56cc-4870566dbdaf::81607006-917f-ace5-52ee-4c6445437ac8,2a195898-d281-dc66-56cc-4870566dbdaf,81607006-917f-ace5-52ee-4c6445437ac8,image,SR-NA_03_0001_013-003-01,,description,place,plantation,Jodensavanne,jodensavanne,Jodensavanne,stm-gazetteer,stm-02274,1,SR-NA_03_0001_013-003-01,"e Vriendschap, Hebron-zie Phedra, Hoop, Houttuin, Jagtlust, Jodensavanne, Jodensavanne ? begraafplaats Beth Haim, te Jodensavanne ? begraafplaats creools, te Jodensavanne ? dorp, te Jodensavan",true,high-precision
2a195898-d281-dc66-56cc-4870566dbdaf::81607006-917f-ace5-52ee-4c6445437ac8,2a195898-d281-dc66-56cc-4870566dbdaf,81607006-917f-ace5-52ee-4c6445437ac8,image,SR-NA_03_0001_013-003-01,,description,place,plantation,Kaap de Goede Hoop,kaap de goede hoop,Kaap de Goede Hoop,stm-gazetteer,stm-01878,1,SR-NA_03_0001_013-003-01,"reools, te Jodensavanne ? dorp, te Jodensavanne ? gebouwen, Kaap de Goede Hoop zie- Cabo Verde, Klaverblad, Klein Curaçao, Klein Jalousie- zie Boa Vista, Krommenie -zie Crommenie, Laarwijk te La Lib",true,high-precision
2a195898-d281-dc66-56cc-4870566dbdaf::81607006-917f-ace5-52ee-4c6445437ac8,2a195898-d281-dc66-56cc-4870566dbdaf,81607006-917f-ace5-52ee-4c6445437ac8,image,SR-NA_03_0001_013-003-01,,description,place,plantation,Klaverblad,klaverblad,Klaverblad,stm-gazetteer,stm-01879,1,SR-NA_03_0001_013-003-01,"odensavanne ? gebouwen, Kaap de Goede Hoop zie- Cabo Verde, Klaverblad, Klein Curaçao, Klein Jalousie- zie Boa Vista, Krommenie -zie Crommenie, Laarwijk te La Liberte, Liefdenshoek, Livorno,",true,high-precision
2a195898-d281-dc66-56cc-4870566dbdaf::81607006-917f-ace5-52ee-4c6445437ac8,2a195898-d281-dc66-56cc-4870566dbdaf,81607006-917f-ace5-52ee-4c6445437ac8,image,SR-NA_03_0001_013-003-01,,description,place,plantation,Klein Curaçao,klein curacao,Klein Curaçao,stm-gazetteer,stm-01338,1,SR-NA_03_0001_013-003-01,"? gebouwen, Kaap de Goede Hoop zie- Cabo Verde, Klaverblad, Klein Curaçao, Klein Jalousie- zie Boa Vista, Krommenie -zie Crommenie, Laarwijk te La Liberte, Liefdenshoek, Livorno, te Lust en Rus",true,high-precision
2a195898-d281-dc66-56cc-4870566dbdaf::81607006-917f-ace5-52ee-4c6445437ac8,2a195898-d281-dc66-56cc-4870566dbdaf,81607006-917f-ace5-52ee-4c6445437ac8,image,SR-NA_03_0001_013-003-01,,description,place,plantation,Krommenie,krommenie,Krommenie,stm-gazetteer,stm-00878,1,SR-NA_03_0001_013-003-01,", Klaverblad, Klein Curaçao, Klein Jalousie- zie Boa Vista, Krommenie -zie Crommenie, Laarwijk te La Liberte, Liefdenshoek, Livorno, te Lust en Rust, Ma Retraite, Mahanaim, Maagdenburg, Mam",true,high-precision
2a195898-d281-dc66-56cc-4870566dbdaf::81607006-917f-ace5-52ee-4c6445437ac8,2a195898-d281-dc66-56cc-4870566dbdaf,81607006-917f-ace5-52ee-4c6445437ac8,image,SR-NA_03_0001_013-003-01,,description,place,plantation,La Ressource,la ressource,La Ressource,stm-gazetteer,stm-01398,1,SR-NA_03_0001_013-003-01,"Worsteling Jacobs, Remoncourt, la Rencontre, de Resolutie, la Ressource / Vredenburg, Roobanck -zie Wijkslust, Rorac, Santa Barbara, Santpunt ?zie Simplicite, Saint Saphorin -zie Smalkalden,",true,high-precision
2a195898-d281-dc66-56cc-4870566dbdaf::81607006-917f-ace5-52ee-4c6445437ac8,2a195898-d281-dc66-56cc-4870566dbdaf,81607006-917f-ace5-52ee-4c6445437ac8,image,SR-NA_03_0001_013-003-01,,description,place,plantation,Laarwijk,laarwijk,Laarwijk,stm-gazetteer,stm-00638,1,SR-NA_03_0001_013-003-01,"Goede Onderneeming, Goede Vrede, Goede Vrede II, Gorkum-zie Laarwijk, Groot Chatillon, Guineesche Vriendschap, Hebron-zie Phedra, Hoop, Houttuin, Jagtlust, Jodensavanne, Jodensavanne ? beg",true,high-precision
2a195898-d281-dc66-56cc-4870566dbdaf::81607006-917f-ace5-52ee-4c6445437ac8,2a195898-d281-dc66-56cc-4870566dbdaf,81607006-917f-ace5-52ee-4c6445437ac8,image,SR-NA_03_0001_013-003-01,,description,place,plantation,Loefbeek,loefbeek,Loefbeek,stm-gazetteer,stm-01472,1,SR-NA_03_0001_013-003-01,"Nahamoe, te Nieuw Amsterdam- RK kerk, Nieuw Bergen, Nieuw Loefbeek ?zie Cabo Verde, Overbrug, La Paix Pauluskreek, Palmeniribo, Paranam- zie Klein Curaçao, Parham Hill -zie Rama, Peperpo",true,high-precision
2a195898-d281-dc66-56cc-4870566dbdaf::81607006-917f-ace5-52ee-4c6445437ac8,2a195898-d281-dc66-56cc-4870566dbdaf,81607006-917f-ace5-52ee-4c6445437ac8,image,SR-NA_03_0001_013-003-01,,description,place,plantation,Mahanaim,mahanaim,Mahanaim,stm-gazetteer,stm-01917,1,SR-NA_03_0001_013-003-01,"berte, Liefdenshoek, Livorno, te Lust en Rust, Ma Retraite, Mahanaim, Maagdenburg, Mamre Poreah -zie Nieuw Bergen op Zoom, Meerzorg, Merveille, De Morgenstond, Muerta Casseer -zie Liefdens",true,high-precision
2a195898-d281-dc66-56cc-4870566dbdaf::81607006-917f-ace5-52ee-4c6445437ac8,2a195898-d281-dc66-56cc-4870566dbdaf,81607006-917f-ace5-52ee-4c6445437ac8,image,SR-NA_03_0001_013-003-01,,description,place,plantation,Nahamoe,nahamoe,Nahamoe,stm-gazetteer,stm-01414,1,SR-NA_03_0001_013-003-01,"erveille, De Morgenstond, Muerta Casseer -zie Liefdenshoek, Nahamoe, te Nieuw Amsterdam- RK kerk, Nieuw Bergen, Nieuw Loefbeek ?zie Cabo Verde, Overbrug, La Paix Pauluskreek, Palmeniribo",true,high-precision
2a195898-d281-dc66-56cc-4870566dbdaf::81607006-917f-ace5-52ee-4c6445437ac8,2a195898-d281-dc66-56cc-4870566dbdaf,81607006-917f-ace5-52ee-4c6445437ac8,image,SR-NA_03_0001_013-003-01,,description,place,plantation,Overbrug,overbrug,Overbrug,stm-gazetteer,stm-01419,1,SR-NA_03_0001_013-003-01,"assipora ? begraafplaats Beth Haim 1998, Castilhos burg-zie Overbrug, Carthago-zie Porto Rico, Clevia, Clusdaal-zie Liefdenshoek, Confiance, Crommenie, Diligence, Dijkveld, Domburg, Dordr",true,high-precision
2a195898-d281-dc66-56cc-4870566dbdaf::81607006-917f-ace5-52ee-4c6445437ac8,2a195898-d281-dc66-56cc-4870566dbdaf,81607006-917f-ace5-52ee-4c6445437ac8,image,SR-NA_03_0001_013-003-01,,description,place,plantation,Peperpot,peperpot,Peperpot,stm-gazetteer,stm-00566,1,SR-NA_03_0001_013-003-01,"eniribo, Paranam- zie Klein Curaçao, Parham Hill -zie Rama, Peperpot, te Peperpot ? plantagehuis 1926, te Peperpot ? koffieloods 1808, Phedra, Pomibo -zie Toevlught, Porto Rico, Providence",true,high-precision
2a195898-d281-dc66-56cc-4870566dbdaf::81607006-917f-ace5-52ee-4c6445437ac8,2a195898-d281-dc66-56cc-4870566dbdaf,81607006-917f-ace5-52ee-4c6445437ac8,image,SR-NA_03_0001_013-003-01,,description,place,plantation,Phedra,phedra,Phedra,stm-gazetteer,stm-01448,1,SR-NA_03_0001_013-003-01,"arwijk, Groot Chatillon, Guineesche Vriendschap, Hebron-zie Phedra, Hoop, Houttuin, Jagtlust, Jodensavanne, Jodensavanne ? begraafplaats Beth Haim, te Jodensavanne ? begraafplaats creool",true,high-precision
2a195898-d281-dc66-56cc-4870566dbdaf::81607006-917f-ace5-52ee-4c6445437ac8,2a195898-d281-dc66-56cc-4870566dbdaf,81607006-917f-ace5-52ee-4c6445437ac8,image,SR-NA_03_0001_013-003-01,,description,place,plantation,Puttenzorg,puttenzorg,Puttenzorg,stm-gazetteer,stm-00644,1,SR-NA_03_0001_013-003-01,"mburg, Dordrecht, Drie gebroeders, Le Esperance, Eylant en Puttenzorg, Florentia te fort Nieuw Amsterdam, te fort Nieuw Amsterdam ? commandantswoning, te fort Nieuw Amsterdam ? kruithuis, t",true,high-precision
2a195898-d281-dc66-56cc-4870566dbdaf::81607006-917f-ace5-52ee-4c6445437ac8,2a195898-d281-dc66-56cc-4870566dbdaf,81607006-917f-ace5-52ee-4c6445437ac8,image,SR-NA_03_0001_013-003-01,,description,place,plantation,Rorac,rorac,Rorac,stm-gazetteer,stm-01880,1,SR-NA_03_0001_013-003-01,"lutie, la Ressource / Vredenburg, Roobanck -zie Wijkslust, Rorac, Santa Barbara, Santpunt ?zie Simplicite, Saint Saphorin -zie Smalkalden, Scherpenburg -zie Guin Vriendschap, la Simpl",true,high-precision
2a195898-d281-dc66-56cc-4870566dbdaf::81607006-917f-ace5-52ee-4c6445437ac8,2a195898-d281-dc66-56cc-4870566dbdaf,81607006-917f-ace5-52ee-4c6445437ac8,image,SR-NA_03_0001_013-003-01,,description,place,plantation,Smalkalden,smalkalden,Smalkalden,stm-gazetteer,stm-01343,1,SR-NA_03_0001_013-003-01,"anta Barbara, Santpunt ?zie Simplicite, Saint Saphorin -zie Smalkalden, Scherpenburg -zie Guin Vriendschap, la Simplicite, Sint Eustatius, Smalkalden, Surimombo -zie Carolina, Susannaasdaal",true,high-precision
2a195898-d281-dc66-56cc-4870566dbdaf::81607006-917f-ace5-52ee-4c6445437ac8,2a195898-d281-dc66-56cc-4870566dbdaf,81607006-917f-ace5-52ee-4c6445437ac8,image,SR-NA_03_0001_013-003-01,,description,place,plantation,Surimombo,surimombo,Surimombo,stm-gazetteer,stm-01911,1,SR-NA_03_0001_013-003-01,"uin Vriendschap, la Simplicite, Sint Eustatius, Smalkalden, Surimombo -zie Carolina, Susannaasdaal, Susannaasdaal linkeroever, Toevlught, Tout-Lui-Faut, Venetia, Victoria, La Vigilantia, Vo",true,high-precision
2a195898-d281-dc66-56cc-4870566dbdaf::81607006-917f-ace5-52ee-4c6445437ac8,2a195898-d281-dc66-56cc-4870566dbdaf,81607006-917f-ace5-52ee-4c6445437ac8,image,SR-NA_03_0001_013-003-01,,description,place,plantation,Wayamoe,wayamoe,Wayamoe,stm-gazetteer,stm-01455,1,SR-NA_03_0001_013-003-01,"rg, Vreeland, Waterland, Waterland meetkaarten 1716 ? 1730, Wayamoe, Welbedagt -zie Boa Vista, Wijkslust, Wolfenbuttel, Worsteling Jacobs, Woutvlied -zie Livorno",true,high-precision
2a195898-d281-dc66-56cc-4870566dbdaf::81607006-917f-ace5-52ee-4c6445437ac8,2a195898-d281-dc66-56cc-4870566dbdaf,81607006-917f-ace5-52ee-4c6445437ac8,image,SR-NA_03_0001_013-003-01,,description,place,plantation,Worsteling Jacobs,worsteling jacobs,Worsteling Jacobs,stm-gazetteer,stm-01453,1,SR-NA_03_0001_013-003-01,"c, Rama, La Recuperada -zie Porto Rico, Lucha de Jacob -zie Worsteling Jacobs, Remoncourt, la Rencontre, de Resolutie, la Ressource / Vredenburg, Roobanck -zie Wijkslust, Rorac, Santa Barbara, San",true,high-precision
2a195898-d281-dc66-56cc-4870566dbdaf::81607006-917f-ace5-52ee-4c6445437ac8,2a195898-d281-dc66-56cc-4870566dbdaf,81607006-917f-ace5-52ee-4c6445437ac8,image,SR-NA_03_0001_013-003-01,,description,place,plantation,Berg en Dal,berg en dal,Berg en Dal,plantages-dataset,,1,SR-NA_03_0001_013-003-01,"richem, Auca, Aurora, Ayo, Beaumont, Beekhuizen, Belwaarde, Berg en Dal, Bleyendaal, Boa Vista, Boxel, Cabo Boa Esperanza- Cabo Verde, Cabo Verde, Carolina, Cassipora ? begraafplaats Beth Hai",true,high-precision
e93004fa-d30f-9c13-514f-63d16960dfe1::c1efa0b2-de20-28ff-4818-9548c0962cde,e93004fa-d30f-9c13-514f-63d16960dfe1,c1efa0b2-de20-28ff-4818-9548c0962cde,image,SR-NA_03_0001_013_004,,description,place,plantation,Abroea,abroea,Abroea,stm-gazetteer,stm-01916,1,Surinamerivier-Forten-Plantages_004,"Aboa Paz, Abroea, Accaribo, Adrichem, Auca, Aurora, Ayo, Beaumont, Beekhuizen, Belwaarde, Berg en Dal, Bleyendaal, Boa Vista, Boxel, Ca",true,high-precision
e93004fa-d30f-9c13-514f-63d16960dfe1::c1efa0b2-de20-28ff-4818-9548c0962cde,e93004fa-d30f-9c13-514f-63d16960dfe1,c1efa0b2-de20-28ff-4818-9548c0962cde,image,SR-NA_03_0001_013_004,,description,place,plantation,Auca,auca,Auca,stm-gazetteer,stm-00527,1,Surinamerivier-Forten-Plantages_004,"Aboa Paz, Abroea, Accaribo, Adrichem, Auca, Aurora, Ayo, Beaumont, Beekhuizen, Belwaarde, Berg en Dal, Bleyendaal, Boa Vista, Boxel, Cabo Boa Esperanza- Cabo Verd",true,high-precision
e93004fa-d30f-9c13-514f-63d16960dfe1::c1efa0b2-de20-28ff-4818-9548c0962cde,e93004fa-d30f-9c13-514f-63d16960dfe1,c1efa0b2-de20-28ff-4818-9548c0962cde,image,SR-NA_03_0001_013_004,,description,place,plantation,Aurora,aurora,Aurora,stm-gazetteer,stm-00645,1,Surinamerivier-Forten-Plantages_004,"Aboa Paz, Abroea, Accaribo, Adrichem, Auca, Aurora, Ayo, Beaumont, Beekhuizen, Belwaarde, Berg en Dal, Bleyendaal, Boa Vista, Boxel, Cabo Boa Esperanza- Cabo Verde, Cabo",true,high-precision
e93004fa-d30f-9c13-514f-63d16960dfe1::c1efa0b2-de20-28ff-4818-9548c0962cde,e93004fa-d30f-9c13-514f-63d16960dfe1,c1efa0b2-de20-28ff-4818-9548c0962cde,image,SR-NA_03_0001_013_004,,description,place,plantation,Beaumont,beaumont,Beaumont,stm-gazetteer,stm-02140,1,Surinamerivier-Forten-Plantages_004,"Aboa Paz, Abroea, Accaribo, Adrichem, Auca, Aurora, Ayo, Beaumont, Beekhuizen, Belwaarde, Berg en Dal, Bleyendaal, Boa Vista, Boxel, Cabo Boa Esperanza- Cabo Verde, Cabo Verde, Carolina",true,high-precision
e93004fa-d30f-9c13-514f-63d16960dfe1::c1efa0b2-de20-28ff-4818-9548c0962cde,e93004fa-d30f-9c13-514f-63d16960dfe1,c1efa0b2-de20-28ff-4818-9548c0962cde,image,SR-NA_03_0001_013_004,,description,place,plantation,Cabo Verde,cabo verde,Cabo Verde,stm-gazetteer,stm-01874,1,Surinamerivier-Forten-Plantages_004,"g en Dal, Bleyendaal, Boa Vista, Boxel, Cabo Boa Esperanza- Cabo Verde, Cabo Verde, Carolina, Cassipora ? begraafplaats Beth Haim 1998, Castilhos burg-zie Overbrug, Carthago-zie Porto Rico,",true,high-precision
e93004fa-d30f-9c13-514f-63d16960dfe1::c1efa0b2-de20-28ff-4818-9548c0962cde,e93004fa-d30f-9c13-514f-63d16960dfe1,c1efa0b2-de20-28ff-4818-9548c0962cde,image,SR-NA_03_0001_013_004,,description,place,plantation,Carolina,carolina,Carolina,stm-gazetteer,stm-01698,1,Surinamerivier-Forten-Plantages_004,"a Vista, Boxel, Cabo Boa Esperanza- Cabo Verde, Cabo Verde, Carolina, Cassipora ? begraafplaats Beth Haim 1998, Castilhos burg-zie Overbrug, Carthago-zie Porto Rico, Clevia, Clusdaal-zie",true,high-precision
e93004fa-d30f-9c13-514f-63d16960dfe1::c1efa0b2-de20-28ff-4818-9548c0962cde,e93004fa-d30f-9c13-514f-63d16960dfe1,c1efa0b2-de20-28ff-4818-9548c0962cde,image,SR-NA_03_0001_013_004,,description,place,plantation,Chatillon,chatillon,Chatillon,stm-gazetteer,stm-02476,1,Surinamerivier-Forten-Plantages_004,"ng, Goede Vrede, Goede Vrede II, Gorkum-zie Laarwijk, Groot Chatillon, Guineesche Vriendschap, Hebron-zie Phedra, Hoop, Houttuin, Jagtlust, Jodensavanne, Jodensavanne ? begraafplaats Beth H",true,high-precision
e93004fa-d30f-9c13-514f-63d16960dfe1::c1efa0b2-de20-28ff-4818-9548c0962cde,e93004fa-d30f-9c13-514f-63d16960dfe1,c1efa0b2-de20-28ff-4818-9548c0962cde,image,SR-NA_03_0001_013_004,,description,place,plantation,Drie Gebroeders,drie gebroeders,Drie Gebroeders,stm-gazetteer,stm-02206,1,Surinamerivier-Forten-Plantages_004,"fiance, Crommenie, Diligence, Dijkveld, Domburg, Dordrecht, Drie gebroeders, Le Esperance, Eylant en Puttenzorg, Florentia te fort Nieuw Amsterdam, te fort Nieuw Amsterdam ? commandantswoning, t",true,high-precision
e93004fa-d30f-9c13-514f-63d16960dfe1::c1efa0b2-de20-28ff-4818-9548c0962cde,e93004fa-d30f-9c13-514f-63d16960dfe1,c1efa0b2-de20-28ff-4818-9548c0962cde,image,SR-NA_03_0001_013_004,,description,place,plantation,Florentia,florentia,Florentia,stm-gazetteer,stm-01447,1,Surinamerivier-Forten-Plantages_004,"echt, Drie gebroeders, Le Esperance, Eylant en Puttenzorg, Florentia te fort Nieuw Amsterdam, te fort Nieuw Amsterdam ? commandantswoning, te fort Nieuw Amsterdam ? kruithuis, te fort Nieu",true,high-precision
e93004fa-d30f-9c13-514f-63d16960dfe1::c1efa0b2-de20-28ff-4818-9548c0962cde,e93004fa-d30f-9c13-514f-63d16960dfe1,c1efa0b2-de20-28ff-4818-9548c0962cde,image,SR-NA_03_0001_013_004,,description,place,plantation,Jodensavanne,jodensavanne,Jodensavanne,stm-gazetteer,stm-02274,1,Surinamerivier-Forten-Plantages_004,"e Vriendschap, Hebron-zie Phedra, Hoop, Houttuin, Jagtlust, Jodensavanne, Jodensavanne ? begraafplaats Beth Haim, te Jodensavanne ? begraafplaats creools, te Jodensavanne ? dorp, te Jodensavan",true,high-precision
e93004fa-d30f-9c13-514f-63d16960dfe1::c1efa0b2-de20-28ff-4818-9548c0962cde,e93004fa-d30f-9c13-514f-63d16960dfe1,c1efa0b2-de20-28ff-4818-9548c0962cde,image,SR-NA_03_0001_013_004,,description,place,plantation,Kaap de Goede Hoop,kaap de goede hoop,Kaap de Goede Hoop,stm-gazetteer,stm-01878,1,Surinamerivier-Forten-Plantages_004,"reools, te Jodensavanne ? dorp, te Jodensavanne ? gebouwen, Kaap de Goede Hoop zie- Cabo Verde, Klaverblad, Klein Curaçao, Klein Jalousie- zie Boa Vista, Krommenie -zie Crommenie, Laarwijk te La Lib",true,high-precision
e93004fa-d30f-9c13-514f-63d16960dfe1::c1efa0b2-de20-28ff-4818-9548c0962cde,e93004fa-d30f-9c13-514f-63d16960dfe1,c1efa0b2-de20-28ff-4818-9548c0962cde,image,SR-NA_03_0001_013_004,,description,place,plantation,Klaverblad,klaverblad,Klaverblad,stm-gazetteer,stm-01879,1,Surinamerivier-Forten-Plantages_004,"odensavanne ? gebouwen, Kaap de Goede Hoop zie- Cabo Verde, Klaverblad, Klein Curaçao, Klein Jalousie- zie Boa Vista, Krommenie -zie Crommenie, Laarwijk te La Liberte, Liefdenshoek, Livorno,",true,high-precision
e93004fa-d30f-9c13-514f-63d16960dfe1::c1efa0b2-de20-28ff-4818-9548c0962cde,e93004fa-d30f-9c13-514f-63d16960dfe1,c1efa0b2-de20-28ff-4818-9548c0962cde,image,SR-NA_03_0001_013_004,,description,place,plantation,Klein Curaçao,klein curacao,Klein Curaçao,stm-gazetteer,stm-01338,1,Surinamerivier-Forten-Plantages_004,"? gebouwen, Kaap de Goede Hoop zie- Cabo Verde, Klaverblad, Klein Curaçao, Klein Jalousie- zie Boa Vista, Krommenie -zie Crommenie, Laarwijk te La Liberte, Liefdenshoek, Livorno, te Lust en Rus",true,high-precision
e93004fa-d30f-9c13-514f-63d16960dfe1::c1efa0b2-de20-28ff-4818-9548c0962cde,e93004fa-d30f-9c13-514f-63d16960dfe1,c1efa0b2-de20-28ff-4818-9548c0962cde,image,SR-NA_03_0001_013_004,,description,place,plantation,Krommenie,krommenie,Krommenie,stm-gazetteer,stm-00878,1,Surinamerivier-Forten-Plantages_004,", Klaverblad, Klein Curaçao, Klein Jalousie- zie Boa Vista, Krommenie -zie Crommenie, Laarwijk te La Liberte, Liefdenshoek, Livorno, te Lust en Rust, Ma Retraite, Mahanaim, Maagdenburg, Mam",true,high-precision
e93004fa-d30f-9c13-514f-63d16960dfe1::c1efa0b2-de20-28ff-4818-9548c0962cde,e93004fa-d30f-9c13-514f-63d16960dfe1,c1efa0b2-de20-28ff-4818-9548c0962cde,image,SR-NA_03_0001_013_004,,description,place,plantation,La Ressource,la ressource,La Ressource,stm-gazetteer,stm-01398,1,Surinamerivier-Forten-Plantages_004,"Worsteling Jacobs, Remoncourt, la Rencontre, de Resolutie, la Ressource / Vredenburg, Roobanck -zie Wijkslust, Rorac, Santa Barbara, Santpunt ?zie Simplicite, Saint Saphorin -zie Smalkalden,",true,high-precision
e93004fa-d30f-9c13-514f-63d16960dfe1::c1efa0b2-de20-28ff-4818-9548c0962cde,e93004fa-d30f-9c13-514f-63d16960dfe1,c1efa0b2-de20-28ff-4818-9548c0962cde,image,SR-NA_03_0001_013_004,,description,place,plantation,Laarwijk,laarwijk,Laarwijk,stm-gazetteer,stm-00638,1,Surinamerivier-Forten-Plantages_004,"Goede Onderneeming, Goede Vrede, Goede Vrede II, Gorkum-zie Laarwijk, Groot Chatillon, Guineesche Vriendschap, Hebron-zie Phedra, Hoop, Houttuin, Jagtlust, Jodensavanne, Jodensavanne ? beg",true,high-precision
e93004fa-d30f-9c13-514f-63d16960dfe1::c1efa0b2-de20-28ff-4818-9548c0962cde,e93004fa-d30f-9c13-514f-63d16960dfe1,c1efa0b2-de20-28ff-4818-9548c0962cde,image,SR-NA_03_0001_013_004,,description,place,plantation,Loefbeek,loefbeek,Loefbeek,stm-gazetteer,stm-01472,1,Surinamerivier-Forten-Plantages_004,"Nahamoe, te Nieuw Amsterdam- RK kerk, Nieuw Bergen, Nieuw Loefbeek ?zie Cabo Verde, Overbrug, La Paix Pauluskreek, Palmeniribo, Paranam- zie Klein Curaçao, Parham Hill -zie Rama, Peperpo",true,high-precision
e93004fa-d30f-9c13-514f-63d16960dfe1::c1efa0b2-de20-28ff-4818-9548c0962cde,e93004fa-d30f-9c13-514f-63d16960dfe1,c1efa0b2-de20-28ff-4818-9548c0962cde,image,SR-NA_03_0001_013_004,,description,place,plantation,Mahanaim,mahanaim,Mahanaim,stm-gazetteer,stm-01917,1,Surinamerivier-Forten-Plantages_004,"berte, Liefdenshoek, Livorno, te Lust en Rust, Ma Retraite, Mahanaim, Maagdenburg, Mamre Poreah -zie Nieuw Bergen op Zoom, Meerzorg, Merveille, De Morgenstond, Muerta Casseer -zie Liefdens",true,high-precision
e93004fa-d30f-9c13-514f-63d16960dfe1::c1efa0b2-de20-28ff-4818-9548c0962cde,e93004fa-d30f-9c13-514f-63d16960dfe1,c1efa0b2-de20-28ff-4818-9548c0962cde,image,SR-NA_03_0001_013_004,,description,place,plantation,Nahamoe,nahamoe,Nahamoe,stm-gazetteer,stm-01414,1,Surinamerivier-Forten-Plantages_004,"erveille, De Morgenstond, Muerta Casseer -zie Liefdenshoek, Nahamoe, te Nieuw Amsterdam- RK kerk, Nieuw Bergen, Nieuw Loefbeek ?zie Cabo Verde, Overbrug, La Paix Pauluskreek, Palmeniribo",true,high-precision
e93004fa-d30f-9c13-514f-63d16960dfe1::c1efa0b2-de20-28ff-4818-9548c0962cde,e93004fa-d30f-9c13-514f-63d16960dfe1,c1efa0b2-de20-28ff-4818-9548c0962cde,image,SR-NA_03_0001_013_004,,description,place,plantation,Overbrug,overbrug,Overbrug,stm-gazetteer,stm-01419,1,Surinamerivier-Forten-Plantages_004,"assipora ? begraafplaats Beth Haim 1998, Castilhos burg-zie Overbrug, Carthago-zie Porto Rico, Clevia, Clusdaal-zie Liefdenshoek, Confiance, Crommenie, Diligence, Dijkveld, Domburg, Dordr",true,high-precision
e93004fa-d30f-9c13-514f-63d16960dfe1::c1efa0b2-de20-28ff-4818-9548c0962cde,e93004fa-d30f-9c13-514f-63d16960dfe1,c1efa0b2-de20-28ff-4818-9548c0962cde,image,SR-NA_03_0001_013_004,,description,place,plantation,Peperpot,peperpot,Peperpot,stm-gazetteer,stm-00566,1,Surinamerivier-Forten-Plantages_004,"eniribo, Paranam- zie Klein Curaçao, Parham Hill -zie Rama, Peperpot, te Peperpot ? plantagehuis 1926, te Peperpot ? koffieloods 1808, Phedra, Pomibo -zie Toevlught, Porto Rico, Providence",true,high-precision
e93004fa-d30f-9c13-514f-63d16960dfe1::c1efa0b2-de20-28ff-4818-9548c0962cde,e93004fa-d30f-9c13-514f-63d16960dfe1,c1efa0b2-de20-28ff-4818-9548c0962cde,image,SR-NA_03_0001_013_004,,description,place,plantation,Phedra,phedra,Phedra,stm-gazetteer,stm-01448,1,Surinamerivier-Forten-Plantages_004,"arwijk, Groot Chatillon, Guineesche Vriendschap, Hebron-zie Phedra, Hoop, Houttuin, Jagtlust, Jodensavanne, Jodensavanne ? begraafplaats Beth Haim, te Jodensavanne ? begraafplaats creool",true,high-precision
e93004fa-d30f-9c13-514f-63d16960dfe1::c1efa0b2-de20-28ff-4818-9548c0962cde,e93004fa-d30f-9c13-514f-63d16960dfe1,c1efa0b2-de20-28ff-4818-9548c0962cde,image,SR-NA_03_0001_013_004,,description,place,plantation,Puttenzorg,puttenzorg,Puttenzorg,stm-gazetteer,stm-00644,1,Surinamerivier-Forten-Plantages_004,"mburg, Dordrecht, Drie gebroeders, Le Esperance, Eylant en Puttenzorg, Florentia te fort Nieuw Amsterdam, te fort Nieuw Amsterdam ? commandantswoning, te fort Nieuw Amsterdam ? kruithuis, t",true,high-precision
e93004fa-d30f-9c13-514f-63d16960dfe1::c1efa0b2-de20-28ff-4818-9548c0962cde,e93004fa-d30f-9c13-514f-63d16960dfe1,c1efa0b2-de20-28ff-4818-9548c0962cde,image,SR-NA_03_0001_013_004,,description,place,plantation,Rorac,rorac,Rorac,stm-gazetteer,stm-01880,1,Surinamerivier-Forten-Plantages_004,"lutie, la Ressource / Vredenburg, Roobanck -zie Wijkslust, Rorac, Santa Barbara, Santpunt ?zie Simplicite, Saint Saphorin -zie Smalkalden, Scherpenburg -zie Guin Vriendschap, la Simpl",true,high-precision
e93004fa-d30f-9c13-514f-63d16960dfe1::c1efa0b2-de20-28ff-4818-9548c0962cde,e93004fa-d30f-9c13-514f-63d16960dfe1,c1efa0b2-de20-28ff-4818-9548c0962cde,image,SR-NA_03_0001_013_004,,description,place,plantation,Smalkalden,smalkalden,Smalkalden,stm-gazetteer,stm-01343,1,Surinamerivier-Forten-Plantages_004,"anta Barbara, Santpunt ?zie Simplicite, Saint Saphorin -zie Smalkalden, Scherpenburg -zie Guin Vriendschap, la Simplicite, Sint Eustatius, Smalkalden, Surimombo -zie Carolina, Susannaasdaal",true,high-precision
e93004fa-d30f-9c13-514f-63d16960dfe1::c1efa0b2-de20-28ff-4818-9548c0962cde,e93004fa-d30f-9c13-514f-63d16960dfe1,c1efa0b2-de20-28ff-4818-9548c0962cde,image,SR-NA_03_0001_013_004,,description,place,plantation,Surimombo,surimombo,Surimombo,stm-gazetteer,stm-01911,1,Surinamerivier-Forten-Plantages_004,"uin Vriendschap, la Simplicite, Sint Eustatius, Smalkalden, Surimombo -zie Carolina, Susannaasdaal, Susannaasdaal linkeroever, Toevlught, Tout-Lui-Faut, Venetia, Victoria, La Vigilantia, Vo",true,high-precision
e93004fa-d30f-9c13-514f-63d16960dfe1::c1efa0b2-de20-28ff-4818-9548c0962cde,e93004fa-d30f-9c13-514f-63d16960dfe1,c1efa0b2-de20-28ff-4818-9548c0962cde,image,SR-NA_03_0001_013_004,,description,place,plantation,Wayamoe,wayamoe,Wayamoe,stm-gazetteer,stm-01455,1,Surinamerivier-Forten-Plantages_004,"rg, Vreeland, Waterland, Waterland meetkaarten 1716 ? 1730, Wayamoe, Welbedagt -zie Boa Vista, Wijkslust, Wolfenbuttel, Worsteling Jacobs, Woutvlied -zie Livorno",true,high-precision
e93004fa-d30f-9c13-514f-63d16960dfe1::c1efa0b2-de20-28ff-4818-9548c0962cde,e93004fa-d30f-9c13-514f-63d16960dfe1,c1efa0b2-de20-28ff-4818-9548c0962cde,image,SR-NA_03_0001_013_004,,description,place,plantation,Worsteling Jacobs,worsteling jacobs,Worsteling Jacobs,stm-gazetteer,stm-01453,1,Surinamerivier-Forten-Plantages_004,"c, Rama, La Recuperada -zie Porto Rico, Lucha de Jacob -zie Worsteling Jacobs, Remoncourt, la Rencontre, de Resolutie, la Ressource / Vredenburg, Roobanck -zie Wijkslust, Rorac, Santa Barbara, San",true,high-precision
e93004fa-d30f-9c13-514f-63d16960dfe1::c1efa0b2-de20-28ff-4818-9548c0962cde,e93004fa-d30f-9c13-514f-63d16960dfe1,c1efa0b2-de20-28ff-4818-9548c0962cde,image,SR-NA_03_0001_013_004,,description,place,plantation,Berg en Dal,berg en dal,Berg en Dal,plantages-dataset,,1,Surinamerivier-Forten-Plantages_004,"richem, Auca, Aurora, Ayo, Beaumont, Beekhuizen, Belwaarde, Berg en Dal, Bleyendaal, Boa Vista, Boxel, Cabo Boa Esperanza- Cabo Verde, Cabo Verde, Carolina, Cassipora ? begraafplaats Beth Hai",true,high-precision
eca5b9d6-dfb5-49f8-49e1-55ed52a5f2cb::5abf6d82-38aa-f4e5-b7af-c2c4d7bd8b8b,eca5b9d6-dfb5-49f8-49e1-55ed52a5f2cb,5abf6d82-38aa-f4e5-b7af-c2c4d7bd8b8b,image,SR-NA_03_0001_013,2005,description,place,plantation,Abroea,abroea,Abroea,stm-gazetteer,stm-01916,1,Surinamerivier-Forten-Plantages,"Aboa Paz, Abroea, Accaribo, Adrichem, Auca, Aurora, Ayo, Beaumont, Beekhuizen, Belwaarde, Berg en Dal, Bleyendaal, Boa Vista, Boxel, Ca",true,high-precision
eca5b9d6-dfb5-49f8-49e1-55ed52a5f2cb::5abf6d82-38aa-f4e5-b7af-c2c4d7bd8b8b,eca5b9d6-dfb5-49f8-49e1-55ed52a5f2cb,5abf6d82-38aa-f4e5-b7af-c2c4d7bd8b8b,image,SR-NA_03_0001_013,2005,description,place,plantation,Auca,auca,Auca,stm-gazetteer,stm-00527,1,Surinamerivier-Forten-Plantages,"Aboa Paz, Abroea, Accaribo, Adrichem, Auca, Aurora, Ayo, Beaumont, Beekhuizen, Belwaarde, Berg en Dal, Bleyendaal, Boa Vista, Boxel, Cabo Boa Esperanza- Cabo Verd",true,high-precision
eca5b9d6-dfb5-49f8-49e1-55ed52a5f2cb::5abf6d82-38aa-f4e5-b7af-c2c4d7bd8b8b,eca5b9d6-dfb5-49f8-49e1-55ed52a5f2cb,5abf6d82-38aa-f4e5-b7af-c2c4d7bd8b8b,image,SR-NA_03_0001_013,2005,description,place,plantation,Aurora,aurora,Aurora,stm-gazetteer,stm-00645,1,Surinamerivier-Forten-Plantages,"Aboa Paz, Abroea, Accaribo, Adrichem, Auca, Aurora, Ayo, Beaumont, Beekhuizen, Belwaarde, Berg en Dal, Bleyendaal, Boa Vista, Boxel, Cabo Boa Esperanza- Cabo Verde, Cabo",true,high-precision
eca5b9d6-dfb5-49f8-49e1-55ed52a5f2cb::5abf6d82-38aa-f4e5-b7af-c2c4d7bd8b8b,eca5b9d6-dfb5-49f8-49e1-55ed52a5f2cb,5abf6d82-38aa-f4e5-b7af-c2c4d7bd8b8b,image,SR-NA_03_0001_013,2005,description,place,plantation,Beaumont,beaumont,Beaumont,stm-gazetteer,stm-02140,1,Surinamerivier-Forten-Plantages,"Aboa Paz, Abroea, Accaribo, Adrichem, Auca, Aurora, Ayo, Beaumont, Beekhuizen, Belwaarde, Berg en Dal, Bleyendaal, Boa Vista, Boxel, Cabo Boa Esperanza- Cabo Verde, Cabo Verde, Carolina",true,high-precision
eca5b9d6-dfb5-49f8-49e1-55ed52a5f2cb::5abf6d82-38aa-f4e5-b7af-c2c4d7bd8b8b,eca5b9d6-dfb5-49f8-49e1-55ed52a5f2cb,5abf6d82-38aa-f4e5-b7af-c2c4d7bd8b8b,image,SR-NA_03_0001_013,2005,description,place,plantation,Cabo Verde,cabo verde,Cabo Verde,stm-gazetteer,stm-01874,1,Surinamerivier-Forten-Plantages,"g en Dal, Bleyendaal, Boa Vista, Boxel, Cabo Boa Esperanza- Cabo Verde, Cabo Verde, Carolina, Cassipora ? begraafplaats Beth Haim 1998, Castilhos burg-zie Overbrug, Carthago-zie Porto Rico,",true,high-precision
eca5b9d6-dfb5-49f8-49e1-55ed52a5f2cb::5abf6d82-38aa-f4e5-b7af-c2c4d7bd8b8b,eca5b9d6-dfb5-49f8-49e1-55ed52a5f2cb,5abf6d82-38aa-f4e5-b7af-c2c4d7bd8b8b,image,SR-NA_03_0001_013,2005,description,place,plantation,Carolina,carolina,Carolina,stm-gazetteer,stm-01698,1,Surinamerivier-Forten-Plantages,"a Vista, Boxel, Cabo Boa Esperanza- Cabo Verde, Cabo Verde, Carolina, Cassipora ? begraafplaats Beth Haim 1998, Castilhos burg-zie Overbrug, Carthago-zie Porto Rico, Clevia, Clusdaal-zie",true,high-precision
eca5b9d6-dfb5-49f8-49e1-55ed52a5f2cb::5abf6d82-38aa-f4e5-b7af-c2c4d7bd8b8b,eca5b9d6-dfb5-49f8-49e1-55ed52a5f2cb,5abf6d82-38aa-f4e5-b7af-c2c4d7bd8b8b,image,SR-NA_03_0001_013,2005,description,place,plantation,Chatillon,chatillon,Chatillon,stm-gazetteer,stm-02476,1,Surinamerivier-Forten-Plantages,"ng, Goede Vrede, Goede Vrede II, Gorkum-zie Laarwijk, Groot Chatillon, Guineesche Vriendschap, Hebron-zie Phedra, Hoop, Houttuin, Jagtlust, Jodensavanne, Jodensavanne ? begraafplaats Beth H",true,high-precision
eca5b9d6-dfb5-49f8-49e1-55ed52a5f2cb::5abf6d82-38aa-f4e5-b7af-c2c4d7bd8b8b,eca5b9d6-dfb5-49f8-49e1-55ed52a5f2cb,5abf6d82-38aa-f4e5-b7af-c2c4d7bd8b8b,image,SR-NA_03_0001_013,2005,description,place,plantation,Drie Gebroeders,drie gebroeders,Drie Gebroeders,stm-gazetteer,stm-02206,1,Surinamerivier-Forten-Plantages,"fiance, Crommenie, Diligence, Dijkveld, Domburg, Dordrecht, Drie gebroeders, Le Esperance, Eylant en Puttenzorg, Florentia te fort Nieuw Amsterdam, te fort Nieuw Amsterdam ? commandantswoning, t",true,high-precision
eca5b9d6-dfb5-49f8-49e1-55ed52a5f2cb::5abf6d82-38aa-f4e5-b7af-c2c4d7bd8b8b,eca5b9d6-dfb5-49f8-49e1-55ed52a5f2cb,5abf6d82-38aa-f4e5-b7af-c2c4d7bd8b8b,image,SR-NA_03_0001_013,2005,description,place,plantation,Florentia,florentia,Florentia,stm-gazetteer,stm-01447,1,Surinamerivier-Forten-Plantages,"echt, Drie gebroeders, Le Esperance, Eylant en Puttenzorg, Florentia te fort Nieuw Amsterdam, te fort Nieuw Amsterdam ? commandantswoning, te fort Nieuw Amsterdam ? kruithuis, te fort Nieu",true,high-precision
eca5b9d6-dfb5-49f8-49e1-55ed52a5f2cb::5abf6d82-38aa-f4e5-b7af-c2c4d7bd8b8b,eca5b9d6-dfb5-49f8-49e1-55ed52a5f2cb,5abf6d82-38aa-f4e5-b7af-c2c4d7bd8b8b,image,SR-NA_03_0001_013,2005,description,place,plantation,Jodensavanne,jodensavanne,Jodensavanne,stm-gazetteer,stm-02274,1,Surinamerivier-Forten-Plantages,"e Vriendschap, Hebron-zie Phedra, Hoop, Houttuin, Jagtlust, Jodensavanne, Jodensavanne ? begraafplaats Beth Haim, te Jodensavanne ? begraafplaats creools, te Jodensavanne ? dorp, te Jodensavan",true,high-precision
eca5b9d6-dfb5-49f8-49e1-55ed52a5f2cb::5abf6d82-38aa-f4e5-b7af-c2c4d7bd8b8b,eca5b9d6-dfb5-49f8-49e1-55ed52a5f2cb,5abf6d82-38aa-f4e5-b7af-c2c4d7bd8b8b,image,SR-NA_03_0001_013,2005,description,place,plantation,Kaap de Goede Hoop,kaap de goede hoop,Kaap de Goede Hoop,stm-gazetteer,stm-01878,1,Surinamerivier-Forten-Plantages,"reools, te Jodensavanne ? dorp, te Jodensavanne ? gebouwen, Kaap de Goede Hoop zie- Cabo Verde, Klaverblad, Klein Curaçao, Klein Jalousie- zie Boa Vista, Krommenie -zie Crommenie, Laarwijk te La Lib",true,high-precision
eca5b9d6-dfb5-49f8-49e1-55ed52a5f2cb::5abf6d82-38aa-f4e5-b7af-c2c4d7bd8b8b,eca5b9d6-dfb5-49f8-49e1-55ed52a5f2cb,5abf6d82-38aa-f4e5-b7af-c2c4d7bd8b8b,image,SR-NA_03_0001_013,2005,description,place,plantation,Klaverblad,klaverblad,Klaverblad,stm-gazetteer,stm-01879,1,Surinamerivier-Forten-Plantages,"odensavanne ? gebouwen, Kaap de Goede Hoop zie- Cabo Verde, Klaverblad, Klein Curaçao, Klein Jalousie- zie Boa Vista, Krommenie -zie Crommenie, Laarwijk te La Liberte, Liefdenshoek, Livorno,",true,high-precision
eca5b9d6-dfb5-49f8-49e1-55ed52a5f2cb::5abf6d82-38aa-f4e5-b7af-c2c4d7bd8b8b,eca5b9d6-dfb5-49f8-49e1-55ed52a5f2cb,5abf6d82-38aa-f4e5-b7af-c2c4d7bd8b8b,image,SR-NA_03_0001_013,2005,description,place,plantation,Klein Curaçao,klein curacao,Klein Curaçao,stm-gazetteer,stm-01338,1,Surinamerivier-Forten-Plantages,"? gebouwen, Kaap de Goede Hoop zie- Cabo Verde, Klaverblad, Klein Curaçao, Klein Jalousie- zie Boa Vista, Krommenie -zie Crommenie, Laarwijk te La Liberte, Liefdenshoek, Livorno, te Lust en Rus",true,high-precision
eca5b9d6-dfb5-49f8-49e1-55ed52a5f2cb::5abf6d82-38aa-f4e5-b7af-c2c4d7bd8b8b,eca5b9d6-dfb5-49f8-49e1-55ed52a5f2cb,5abf6d82-38aa-f4e5-b7af-c2c4d7bd8b8b,image,SR-NA_03_0001_013,2005,description,place,plantation,Krommenie,krommenie,Krommenie,stm-gazetteer,stm-00878,1,Surinamerivier-Forten-Plantages,", Klaverblad, Klein Curaçao, Klein Jalousie- zie Boa Vista, Krommenie -zie Crommenie, Laarwijk te La Liberte, Liefdenshoek, Livorno, te Lust en Rust, Ma Retraite, Mahanaim, Maagdenburg, Mam",true,high-precision
eca5b9d6-dfb5-49f8-49e1-55ed52a5f2cb::5abf6d82-38aa-f4e5-b7af-c2c4d7bd8b8b,eca5b9d6-dfb5-49f8-49e1-55ed52a5f2cb,5abf6d82-38aa-f4e5-b7af-c2c4d7bd8b8b,image,SR-NA_03_0001_013,2005,description,place,plantation,La Ressource,la ressource,La Ressource,stm-gazetteer,stm-01398,1,Surinamerivier-Forten-Plantages,"Worsteling Jacobs, Remoncourt, la Rencontre, de Resolutie, la Ressource / Vredenburg, Roobanck -zie Wijkslust, Rorac, Santa Barbara, Santpunt ?zie Simplicite, Saint Saphorin -zie Smalkalden,",true,high-precision
eca5b9d6-dfb5-49f8-49e1-55ed52a5f2cb::5abf6d82-38aa-f4e5-b7af-c2c4d7bd8b8b,eca5b9d6-dfb5-49f8-49e1-55ed52a5f2cb,5abf6d82-38aa-f4e5-b7af-c2c4d7bd8b8b,image,SR-NA_03_0001_013,2005,description,place,plantation,Laarwijk,laarwijk,Laarwijk,stm-gazetteer,stm-00638,1,Surinamerivier-Forten-Plantages,"Goede Onderneeming, Goede Vrede, Goede Vrede II, Gorkum-zie Laarwijk, Groot Chatillon, Guineesche Vriendschap, Hebron-zie Phedra, Hoop, Houttuin, Jagtlust, Jodensavanne, Jodensavanne ? beg",true,high-precision
eca5b9d6-dfb5-49f8-49e1-55ed52a5f2cb::5abf6d82-38aa-f4e5-b7af-c2c4d7bd8b8b,eca5b9d6-dfb5-49f8-49e1-55ed52a5f2cb,5abf6d82-38aa-f4e5-b7af-c2c4d7bd8b8b,image,SR-NA_03_0001_013,2005,description,place,plantation,Loefbeek,loefbeek,Loefbeek,stm-gazetteer,stm-01472,1,Surinamerivier-Forten-Plantages,"Nahamoe, te Nieuw Amsterdam- RK kerk, Nieuw Bergen, Nieuw Loefbeek ?zie Cabo Verde, Overbrug, La Paix Pauluskreek, Palmeniribo, Paranam- zie Klein Curaçao, Parham Hill -zie Rama, Peperpo",true,high-precision
eca5b9d6-dfb5-49f8-49e1-55ed52a5f2cb::5abf6d82-38aa-f4e5-b7af-c2c4d7bd8b8b,eca5b9d6-dfb5-49f8-49e1-55ed52a5f2cb,5abf6d82-38aa-f4e5-b7af-c2c4d7bd8b8b,image,SR-NA_03_0001_013,2005,description,place,plantation,Mahanaim,mahanaim,Mahanaim,stm-gazetteer,stm-01917,1,Surinamerivier-Forten-Plantages,"berte, Liefdenshoek, Livorno, te Lust en Rust, Ma Retraite, Mahanaim, Maagdenburg, Mamre Poreah -zie Nieuw Bergen op Zoom, Meerzorg, Merveille, De Morgenstond, Muerta Casseer -zie Liefdens",true,high-precision
eca5b9d6-dfb5-49f8-49e1-55ed52a5f2cb::5abf6d82-38aa-f4e5-b7af-c2c4d7bd8b8b,eca5b9d6-dfb5-49f8-49e1-55ed52a5f2cb,5abf6d82-38aa-f4e5-b7af-c2c4d7bd8b8b,image,SR-NA_03_0001_013,2005,description,place,plantation,Nahamoe,nahamoe,Nahamoe,stm-gazetteer,stm-01414,1,Surinamerivier-Forten-Plantages,"erveille, De Morgenstond, Muerta Casseer -zie Liefdenshoek, Nahamoe, te Nieuw Amsterdam- RK kerk, Nieuw Bergen, Nieuw Loefbeek ?zie Cabo Verde, Overbrug, La Paix Pauluskreek, Palmeniribo",true,high-precision
eca5b9d6-dfb5-49f8-49e1-55ed52a5f2cb::5abf6d82-38aa-f4e5-b7af-c2c4d7bd8b8b,eca5b9d6-dfb5-49f8-49e1-55ed52a5f2cb,5abf6d82-38aa-f4e5-b7af-c2c4d7bd8b8b,image,SR-NA_03_0001_013,2005,description,place,plantation,Overbrug,overbrug,Overbrug,stm-gazetteer,stm-01419,1,Surinamerivier-Forten-Plantages,"assipora ? begraafplaats Beth Haim 1998, Castilhos burg-zie Overbrug, Carthago-zie Porto Rico, Clevia, Clusdaal-zie Liefdenshoek, Confiance, Crommenie, Diligence, Dijkveld, Domburg, Dordr",true,high-precision
eca5b9d6-dfb5-49f8-49e1-55ed52a5f2cb::5abf6d82-38aa-f4e5-b7af-c2c4d7bd8b8b,eca5b9d6-dfb5-49f8-49e1-55ed52a5f2cb,5abf6d82-38aa-f4e5-b7af-c2c4d7bd8b8b,image,SR-NA_03_0001_013,2005,description,place,plantation,Peperpot,peperpot,Peperpot,stm-gazetteer,stm-00566,1,Surinamerivier-Forten-Plantages,"eniribo, Paranam- zie Klein Curaçao, Parham Hill -zie Rama, Peperpot, te Peperpot ? plantagehuis 1926, te Peperpot ? koffieloods 1808, Phedra, Pomibo -zie Toevlught, Porto Rico, Providence",true,high-precision
eca5b9d6-dfb5-49f8-49e1-55ed52a5f2cb::5abf6d82-38aa-f4e5-b7af-c2c4d7bd8b8b,eca5b9d6-dfb5-49f8-49e1-55ed52a5f2cb,5abf6d82-38aa-f4e5-b7af-c2c4d7bd8b8b,image,SR-NA_03_0001_013,2005,description,place,plantation,Phedra,phedra,Phedra,stm-gazetteer,stm-01448,1,Surinamerivier-Forten-Plantages,"arwijk, Groot Chatillon, Guineesche Vriendschap, Hebron-zie Phedra, Hoop, Houttuin, Jagtlust, Jodensavanne, Jodensavanne ? begraafplaats Beth Haim, te Jodensavanne ? begraafplaats creool",true,high-precision
eca5b9d6-dfb5-49f8-49e1-55ed52a5f2cb::5abf6d82-38aa-f4e5-b7af-c2c4d7bd8b8b,eca5b9d6-dfb5-49f8-49e1-55ed52a5f2cb,5abf6d82-38aa-f4e5-b7af-c2c4d7bd8b8b,image,SR-NA_03_0001_013,2005,description,place,plantation,Puttenzorg,puttenzorg,Puttenzorg,stm-gazetteer,stm-00644,1,Surinamerivier-Forten-Plantages,"mburg, Dordrecht, Drie gebroeders, Le Esperance, Eylant en Puttenzorg, Florentia te fort Nieuw Amsterdam, te fort Nieuw Amsterdam ? commandantswoning, te fort Nieuw Amsterdam ? kruithuis, t",true,high-precision
eca5b9d6-dfb5-49f8-49e1-55ed52a5f2cb::5abf6d82-38aa-f4e5-b7af-c2c4d7bd8b8b,eca5b9d6-dfb5-49f8-49e1-55ed52a5f2cb,5abf6d82-38aa-f4e5-b7af-c2c4d7bd8b8b,image,SR-NA_03_0001_013,2005,description,place,plantation,Rorac,rorac,Rorac,stm-gazetteer,stm-01880,1,Surinamerivier-Forten-Plantages,"lutie, la Ressource / Vredenburg, Roobanck -zie Wijkslust, Rorac, Santa Barbara, Santpunt ?zie Simplicite, Saint Saphorin -zie Smalkalden, Scherpenburg -zie Guin Vriendschap, la Simpl",true,high-precision
eca5b9d6-dfb5-49f8-49e1-55ed52a5f2cb::5abf6d82-38aa-f4e5-b7af-c2c4d7bd8b8b,eca5b9d6-dfb5-49f8-49e1-55ed52a5f2cb,5abf6d82-38aa-f4e5-b7af-c2c4d7bd8b8b,image,SR-NA_03_0001_013,2005,description,place,plantation,Smalkalden,smalkalden,Smalkalden,stm-gazetteer,stm-01343,1,Surinamerivier-Forten-Plantages,"anta Barbara, Santpunt ?zie Simplicite, Saint Saphorin -zie Smalkalden, Scherpenburg -zie Guin Vriendschap, la Simplicite, Sint Eustatius, Smalkalden, Surimombo -zie Carolina, Susannaasdaal",true,high-precision
eca5b9d6-dfb5-49f8-49e1-55ed52a5f2cb::5abf6d82-38aa-f4e5-b7af-c2c4d7bd8b8b,eca5b9d6-dfb5-49f8-49e1-55ed52a5f2cb,5abf6d82-38aa-f4e5-b7af-c2c4d7bd8b8b,image,SR-NA_03_0001_013,2005,description,place,plantation,Surimombo,surimombo,Surimombo,stm-gazetteer,stm-01911,1,Surinamerivier-Forten-Plantages,"uin Vriendschap, la Simplicite, Sint Eustatius, Smalkalden, Surimombo -zie Carolina, Susannaasdaal, Susannaasdaal linkeroever, Toevlught, Tout-Lui-Faut, Venetia, Victoria, La Vigilantia, Vo",true,high-precision
eca5b9d6-dfb5-49f8-49e1-55ed52a5f2cb::5abf6d82-38aa-f4e5-b7af-c2c4d7bd8b8b,eca5b9d6-dfb5-49f8-49e1-55ed52a5f2cb,5abf6d82-38aa-f4e5-b7af-c2c4d7bd8b8b,image,SR-NA_03_0001_013,2005,description,place,plantation,Wayamoe,wayamoe,Wayamoe,stm-gazetteer,stm-01455,1,Surinamerivier-Forten-Plantages,"rg, Vreeland, Waterland, Waterland meetkaarten 1716 ? 1730, Wayamoe, Welbedagt -zie Boa Vista, Wijkslust, Wolfenbuttel, Worsteling Jacobs, Woutvlied -zie Livorno",true,high-precision
eca5b9d6-dfb5-49f8-49e1-55ed52a5f2cb::5abf6d82-38aa-f4e5-b7af-c2c4d7bd8b8b,eca5b9d6-dfb5-49f8-49e1-55ed52a5f2cb,5abf6d82-38aa-f4e5-b7af-c2c4d7bd8b8b,image,SR-NA_03_0001_013,2005,description,place,plantation,Worsteling Jacobs,worsteling jacobs,Worsteling Jacobs,stm-gazetteer,stm-01453,1,Surinamerivier-Forten-Plantages,"c, Rama, La Recuperada -zie Porto Rico, Lucha de Jacob -zie Worsteling Jacobs, Remoncourt, la Rencontre, de Resolutie, la Ressource / Vredenburg, Roobanck -zie Wijkslust, Rorac, Santa Barbara, San",true,high-precision
eca5b9d6-dfb5-49f8-49e1-55ed52a5f2cb::5abf6d82-38aa-f4e5-b7af-c2c4d7bd8b8b,eca5b9d6-dfb5-49f8-49e1-55ed52a5f2cb,5abf6d82-38aa-f4e5-b7af-c2c4d7bd8b8b,image,SR-NA_03_0001_013,2005,description,place,plantation,Berg en Dal,berg en dal,Berg en Dal,plantages-dataset,,1,Surinamerivier-Forten-Plantages,"richem, Auca, Aurora, Ayo, Beaumont, Beekhuizen, Belwaarde, Berg en Dal, Bleyendaal, Boa Vista, Boxel, Cabo Boa Esperanza- Cabo Verde, Cabo Verde, Carolina, Cassipora ? begraafplaats Beth Hai",true,high-precision
5eadb29e-08ce-3c67-314f-e83c680204e2::,5eadb29e-08ce-3c67-314f-e83c680204e2,,video,SR_NA_02_1200_002,4 augustuis 2009,description,place,plantation,De Vrijheid,de vrijheid,De Vrijheid,stm-gazetteer,stm-01485,1,Openbare vergadering DNA 04082009 deel-2,"as danwel dat hij andere inzichten heeft. Het is natuurlijk de vrijheid van elk lid ter zake deze aangelegenheden eigen visie te hebben, maar ik dacht dat het goed was om naar aanleiding van",true,high-precision
9f3db0e6-e9d4-548a-2aac-2c90e01f1958::f59f55a7-cef6-6dc2-d6c7-62aca864eb69,9f3db0e6-e9d4-548a-2aac-2c90e01f1958,f59f55a7-cef6-6dc2-d6c7-62aca864eb69,video,DNA,2009,description,place,plantation,De Vrijheid,de vrijheid,De Vrijheid,stm-gazetteer,stm-01485,1,Openbare vergadering DNA 04082009 deel-2,"as danwel dat hij andere inzichten heeft. Het is natuurlijk de vrijheid van elk lid ter zake deze aangelegenheden eigen visie te hebben, maar ik dacht dat het goed was om naar aanleiding van",true,high-precision
9f81e499-0220-5f41-ce57-4a90b19844a0::e4d448f2-040a-7d9e-813b-f0f839ea3a1d,9f81e499-0220-5f41-ce57-4a90b19844a0,e4d448f2-040a-7d9e-813b-f0f839ea3a1d,video,SR-NA_02_1000,2003,personsRaw,person,person,Jules Ajodhia,jules ajodhia,Jules Ajodhia,nas-persons-field,,1,Reclame spotje ceder store,Jules Ajodhia,true,high-precision
9f81e499-0220-5f41-ce57-4a90b19844a0::e4d448f2-040a-7d9e-813b-f0f839ea3a1d,9f81e499-0220-5f41-ce57-4a90b19844a0,e4d448f2-040a-7d9e-813b-f0f839ea3a1d,video,SR-NA_02_1000,2003,personsRaw,person,person,Otmar Rodgers,otmar rodgers,Otmar Rodgers,nas-persons-field,,1,Reclame spotje ceder store,Otmar Rodgers,true,high-precision
9f81e499-0220-5f41-ce57-4a90b19844a0::e4d448f2-040a-7d9e-813b-f0f839ea3a1d,9f81e499-0220-5f41-ce57-4a90b19844a0,e4d448f2-040a-7d9e-813b-f0f839ea3a1d,video,SR-NA_02_1000,2003,personsRaw,person,person,Radjkoemar Randjietsingh,radjkoemar randjietsingh,Radjkoemar Randjietsingh,nas-persons-field,,1,Reclame spotje ceder store,Radjkoemar Randjietsingh,true,high-precision
9f81e499-0220-5f41-ce57-4a90b19844a0::e4d448f2-040a-7d9e-813b-f0f839ea3a1d,9f81e499-0220-5f41-ce57-4a90b19844a0,e4d448f2-040a-7d9e-813b-f0f839ea3a1d,video,SR-NA_02_1000,2003,personsRaw,person,person,Ruth Wijdenbosch,ruth wijdenbosch,Ruth Wijdenbosch,nas-persons-field,,1,Reclame spotje ceder store,Ruth Wijdenbosch,true,high-precision
9f81e499-0220-5f41-ce57-4a90b19844a0::e4d448f2-040a-7d9e-813b-f0f839ea3a1d,9f81e499-0220-5f41-ce57-4a90b19844a0,e4d448f2-040a-7d9e-813b-f0f839ea3a1d,video,SR-NA_02_1000,2003,personsRaw,person,person,Jiwan Sital,jiwan sital,Jiwan Sital,nas-persons-field,,1,Reclame spotje ceder store,Jiwan Sital,true,high-precision
9f81e499-0220-5f41-ce57-4a90b19844a0::e4d448f2-040a-7d9e-813b-f0f839ea3a1d,9f81e499-0220-5f41-ce57-4a90b19844a0,e4d448f2-040a-7d9e-813b-f0f839ea3a1d,video,SR-NA_02_1000,2003,personsRaw,person,person,Carmelita Ferreira,carmelita ferreira,Carmelita Ferreira,nas-persons-field,,1,Reclame spotje ceder store,Carmelita Ferreira,true,high-precision
9f81e499-0220-5f41-ce57-4a90b19844a0::e4d448f2-040a-7d9e-813b-f0f839ea3a1d,9f81e499-0220-5f41-ce57-4a90b19844a0,e4d448f2-040a-7d9e-813b-f0f839ea3a1d,video,SR-NA_02_1000,2003,personsRaw,person,person,George Radjkoemar,george radjkoemar,George Radjkoemar,nas-persons-field,,1,Reclame spotje ceder store,George Radjkoemar,true,high-precision
ad41f5ce-3493-725a-a009-b42f6201030d::0d19dd73-0dfd-69c8-6de7-702d0b3ab1e2,ad41f5ce-3493-725a-a009-b42f6201030d,0d19dd73-0dfd-69c8-6de7-702d0b3ab1e2,image,SR-NA_03_0007_059,1998,description,place,river,Marowijne,marowijne,Marowijne,stm-gazetteer,stm-00363,1,"Suralco Magazine, 1998 vol. 22 nr. 2","ding, Het distrikt Coronie, Het distrikt Para, Het distrikt Marowijne, Het distrikt Saramacca",true,high-precision
ad41f5ce-3493-725a-a009-b42f6201030d::0d19dd73-0dfd-69c8-6de7-702d0b3ab1e2,ad41f5ce-3493-725a-a009-b42f6201030d,0d19dd73-0dfd-69c8-6de7-702d0b3ab1e2,image,SR-NA_03_0007_059,1998,description,place,river,Para,para,Para,stm-gazetteer,stm-00290,1,"Suralco Magazine, 1998 vol. 22 nr. 2","Inhoud: Inleiding, Het distrikt Coronie, Het distrikt Para, Het distrikt Marowijne, Het distrikt Saramacca",true,high-precision
fae76e51-3e43-7e8d-485f-ee91b66e20d5::8e012e1e-79d2-1b77-2903-7b1e8c8624e6,fae76e51-3e43-7e8d-485f-ee91b66e20d5,8e012e1e-79d2-1b77-2903-7b1e8c8624e6,video,SR-NA_02_0955,Onbekend,personsRaw,person,person,Cliff Djamin,cliff djamin,Cliff Djamin,nas-persons-field,,1,Cliff Djamin in gesprek met Maurits Doerga en Robby Makka over Omzetbelasting,Cliff Djamin,true,high-precision
547099bf-4b12-acb5-f1ae-5da45f18e62f::ac2df9e1-2d3e-30e8-6358-ba29bd566a88,547099bf-4b12-acb5-f1ae-5da45f18e62f,ac2df9e1-2d3e-30e8-6358-ba29bd566a88,video,SR-NA_02_1923,2001,description,place,street,Kerkplein,kerkplein,Kerkplein,paramaribo-street-standardization,,1,Nieuwsjournaal STVS met diverse items,legt een krans bij het borstbeeld van Simon Bolivar aan het Kerkplein. Een expositie over Surinaamse architectuur van architect Willem Eduard Sniphout. Insertbeelden van Militaire Politie d,true,high-precision
547099bf-4b12-acb5-f1ae-5da45f18e62f::ac2df9e1-2d3e-30e8-6358-ba29bd566a88,547099bf-4b12-acb5-f1ae-5da45f18e62f,ac2df9e1-2d3e-30e8-6358-ba29bd566a88,video,SR-NA_02_1923,2001,description,place,plantation,Industrie,industrie,Industrie,stm-gazetteer,stm-00858,1,Nieuwsjournaal STVS met diverse items,van de politie. Minister Jack Tjong Tjin Joe van Handel en Industrie (HI) praat over de WTO. DEfensieminister Ronald Assen legt een krans bij het borstbeeld van Simon Bolivar aan het Kerkp,true,high-precision
a527a568-a469-699a-9223-8f66c24dba72::ed1a6e4d-b4a5-7e44-e5fb-fd26a1e0ed89,a527a568-a469-699a-9223-8f66c24dba72,ed1a6e4d-b4a5-7e44-e5fb-fd26a1e0ed89,image,SR-NA_03_0259,2022,description,place,plantation,Harmonie,harmonie,Harmonie,plantages-dataset,,1,Bouwen in de binnenstad,"erelderfgoed). De kern is dat alle nieuwe ontwikkelingen in harmonie moeten zijn met het bestaande historische stadsbeeld, volgens de strikte regels van de Voorschriften Nieuwbouw Historis",true,high-precision
24187f7b-f857-9e27-44b4-3bb90ab99e20::c46ea542-aa68-4759-10b0-60aa2ce40b39,24187f7b-f857-9e27-44b4-3bb90ab99e20,c46ea542-aa68-4759-10b0-60aa2ce40b39,video,SR-NA_02_0222_007,Onbekend,personsRaw,person,person,Louis Vismale,louis vismale,Louis Vismale,nas-persons-field,,1,Televisie reclames_Deel 07,Louis Vismale,true,high-precision
f0693fe2-ba33-195d-3d00-1f7d2cd69ade::6c7537b8-250c-f2b6-920b-40e7d9b41bcf,f0693fe2-ba33-195d-3d00-1f7d2cd69ade,6c7537b8-250c-f2b6-920b-40e7d9b41bcf,video,SR-NA_02_1928,Onbekend,title,place,river,Nickerie,nickerie,Nickerie,stm-gazetteer,stm-00261,1,Openbare Werken Informatief_Werkzaamheden in Nickerie,Openbare Werken Informatief_Werkzaamheden in Nickerie,true,high-precision
f0693fe2-ba33-195d-3d00-1f7d2cd69ade::6c7537b8-250c-f2b6-920b-40e7d9b41bcf,f0693fe2-ba33-195d-3d00-1f7d2cd69ade,6c7537b8-250c-f2b6-920b-40e7d9b41bcf,video,SR-NA_02_1928,Onbekend,description,place,district,District Nickerie,district nickerie,District Nickerie,stm-gazetteer,stm-00002,1,Openbare Werken Informatief_Werkzaamheden in Nickerie,nieuwe aflevering van Openbare Werken Informatief staat het district Nickerie in de schijnwerpers. Het ministerie van Openbare Werken is daar volop bezig met een groot aantal projecten om de infras,true,high-precision
f0693fe2-ba33-195d-3d00-1f7d2cd69ade::6c7537b8-250c-f2b6-920b-40e7d9b41bcf,f0693fe2-ba33-195d-3d00-1f7d2cd69ade,6c7537b8-250c-f2b6-920b-40e7d9b41bcf,video,SR-NA_02_1928,Onbekend,description,place,river,Nickerie,nickerie,Nickerie,stm-gazetteer,stm-00261,1,Openbare Werken Informatief_Werkzaamheden in Nickerie,levering van Openbare Werken Informatief staat het district Nickerie in de schijnwerpers. Het ministerie van Openbare Werken is daar volop bezig met een groot aantal projecten om de infras,true,high-precision
f0693fe2-ba33-195d-3d00-1f7d2cd69ade::6c7537b8-250c-f2b6-920b-40e7d9b41bcf,f0693fe2-ba33-195d-3d00-1f7d2cd69ade,6c7537b8-250c-f2b6-920b-40e7d9b41bcf,video,SR-NA_02_1928,Onbekend,description,place,river,Nickerierivier,nickerierivier,Nickerierivier,stm-gazetteer,stm-00035,1,Openbare Werken Informatief_Werkzaamheden in Nickerie,"ast bij hoog water tegen te gaan, wordt bij Paradise aan de Nickerierivier een versterkende houten beschoeiing aangelegd. Daarnaast wordt de vitale Nani-kreek, de hoofdader voor de waterafvoer i",true,high-precision
f0693fe2-ba33-195d-3d00-1f7d2cd69ade::6c7537b8-250c-f2b6-920b-40e7d9b41bcf,f0693fe2-ba33-195d-3d00-1f7d2cd69ade,6c7537b8-250c-f2b6-920b-40e7d9b41bcf,video,SR-NA_02_1928,Onbekend,description,place,plantation,Paradise,paradise,Paradise,stm-gazetteer,stm-01641,1,Openbare Werken Informatief_Werkzaamheden in Nickerie,"velden. Om overlast bij hoog water tegen te gaan, wordt bij Paradise aan de Nickerierivier een versterkende houten beschoeiing aangelegd. Daarnaast wordt de vitale Nani-kreek, de hoofdader",true,high-precision
f0693fe2-ba33-195d-3d00-1f7d2cd69ade::6c7537b8-250c-f2b6-920b-40e7d9b41bcf,f0693fe2-ba33-195d-3d00-1f7d2cd69ade,6c7537b8-250c-f2b6-920b-40e7d9b41bcf,video,SR-NA_02_1928,Onbekend,keywords,place,district,District Nickerie,district nickerie,District Nickerie,stm-gazetteer,stm-00002,1,Openbare Werken Informatief_Werkzaamheden in Nickerie,Ministerie van Openbare Werken | District Nickerie | Infrastructuurprojecten | Wegenonderhoud | Wegvernieuwing | Rambaramisweg | Abdulgani Madarweg (vliegveldweg) | Savan,true,high-precision
f0693fe2-ba33-195d-3d00-1f7d2cd69ade::6c7537b8-250c-f2b6-920b-40e7d9b41bcf,f0693fe2-ba33-195d-3d00-1f7d2cd69ade,6c7537b8-250c-f2b6-920b-40e7d9b41bcf,video,SR-NA_02_1928,Onbekend,keywords,place,river,Nickerie,nickerie,Nickerie,stm-gazetteer,stm-00261,1,Openbare Werken Informatief_Werkzaamheden in Nickerie,Ministerie van Openbare Werken | District Nickerie | Infrastructuurprojecten | Wegenonderhoud | Wegvernieuwing | Rambaramisweg | Abdulgani Madarweg (vliegveldweg) | Savan,true,high-precision
f0693fe2-ba33-195d-3d00-1f7d2cd69ade::6c7537b8-250c-f2b6-920b-40e7d9b41bcf,f0693fe2-ba33-195d-3d00-1f7d2cd69ade,6c7537b8-250c-f2b6-920b-40e7d9b41bcf,video,SR-NA_02_1928,Onbekend,keywords,place,plantation,Paradise,paradise,Paradise,stm-gazetteer,stm-01641,1,Openbare Werken Informatief_Werkzaamheden in Nickerie,| Clarapolder | Irrigatie | Dijkversterking | Beschoeiing | Paradise (Nickerie) | Nani-kreek | Brugvernieuwing | Duikers | Uitdagingen | Zwaar verkeer | Landbouw | Bereikbaarheid | Waterve,true,high-precision
4fd62e31-5d9d-b5e8-4f8a-02cc73d05127::643002dc-5674-69b1-337b-f0dc65a79736,4fd62e31-5d9d-b5e8-4f8a-02cc73d05127,643002dc-5674-69b1-337b-f0dc65a79736,video,SR_NA_02_1257_001-002,2015,description,place,plantation,Peperpot,peperpot,Peperpot,stm-gazetteer,stm-00566,1,Leven in koloniaal Suriname - deel 1en deel 2,"nsen geen probleem. Hij is Nederlander, geboren op plantage Peperpot, 10 kilometer stroomopwaarts van Paramaribo. Pas als hij in Nederland gaat studeren, realiseert hij zich dat hij tot ‘d",true,high-precision
4fd62e31-5d9d-b5e8-4f8a-02cc73d05127::643002dc-5674-69b1-337b-f0dc65a79736,4fd62e31-5d9d-b5e8-4f8a-02cc73d05127,643002dc-5674-69b1-337b-f0dc65a79736,video,SR_NA_02_1257_001-002,2015,personsRaw,person,person,Hans Prade,hans prade,Hans Prade,nas-persons-field,,1,Leven in koloniaal Suriname - deel 1en deel 2,Hans Prade,true,high-precision
4fd62e31-5d9d-b5e8-4f8a-02cc73d05127::643002dc-5674-69b1-337b-f0dc65a79736,4fd62e31-5d9d-b5e8-4f8a-02cc73d05127,643002dc-5674-69b1-337b-f0dc65a79736,video,SR_NA_02_1257_001-002,2015,personsRaw,person,person,Berry Vrede,berry vrede,Berry Vrede,nas-persons-field,,1,Leven in koloniaal Suriname - deel 1en deel 2,Berry Vrede,true,high-precision
4fd62e31-5d9d-b5e8-4f8a-02cc73d05127::643002dc-5674-69b1-337b-f0dc65a79736,4fd62e31-5d9d-b5e8-4f8a-02cc73d05127,643002dc-5674-69b1-337b-f0dc65a79736,video,SR_NA_02_1257_001-002,2015,personsRaw,person,person,Joost Janssen,joost janssen,Joost Janssen,nas-persons-field,,1,Leven in koloniaal Suriname - deel 1en deel 2,Joost Janssen,true,high-precision
4fd62e31-5d9d-b5e8-4f8a-02cc73d05127::643002dc-5674-69b1-337b-f0dc65a79736,4fd62e31-5d9d-b5e8-4f8a-02cc73d05127,643002dc-5674-69b1-337b-f0dc65a79736,video,SR_NA_02_1257_001-002,2015,personsRaw,person,person,Djanakdee 'Sonja' Quintus Bosz,djanakdee sonja quintus bosz,Djanakdee 'Sonja' Quintus Bosz,nas-persons-field,,1,Leven in koloniaal Suriname - deel 1en deel 2,Djanakdee 'Sonja' Quintus Bosz,true,high-precision
9dad07d6-2e55-c96c-6126-4500624521c0::b59c6eab-f7b0-1c9c-7a7c-7e241bbc274b,9dad07d6-2e55-c96c-6126-4500624521c0,b59c6eab-f7b0-1c9c-7a7c-7e241bbc274b,video,SR-NA_02_1940,Onbekend,description,place,plantation,De Beste,de beste,De Beste,stm-gazetteer,stm-01145,1,Suriname airways 50 jaar,"tering, die internationaal erkenning oogst met prijzen voor de beste luchtvaartcatering van het westelijk halfrond. De documentaire sluit af met een oproep tot nationale eenheid. De SLM wo",true,high-precision
e9f4b710-f796-9074-4d19-64fcdc944728::89944544-cc91-f62f-0cad-f1bffcbf0980,e9f4b710-f796-9074-4d19-64fcdc944728,89944544-cc91-f62f-0cad-f1bffcbf0980,video,SR-NA_02_1285,Onbekend,description,place,plantation,Jodensavanne,jodensavanne,Jodensavanne,stm-gazetteer,stm-02274,1,Opdat wij niet vergeten - Oud-strijders van Suriname_01+02,erneerde Duitsers. Later werd zelfs een concentratiekamp op Jodensavanne gebouwd. Het meest persoonlijke hoofdstuk is dat van de honderden Surinaamse mannen en vrouwen die als vrijwilliger of,true,high-precision
16ee05fe-342b-e47c-2a8a-eda4c45cd8d0::1085f95e-aa2a-6c31-d460-9a6a2e4706f7,16ee05fe-342b-e47c-2a8a-eda4c45cd8d0,1085f95e-aa2a-6c31-d460-9a6a2e4706f7,image,SR-NA_03_0254,1999,description,place,street,Waterkant,waterkant,Waterkant,paramaribo-street-standardization,,1,Monumenten van Paramaribo,"Cultuuronderwijs (A.H.K.C.O.) is opgenomen, onder het adres Waterkant 14. De herkomst is onbekend; mogelijk is het document afkomstig van het Ministerie van Onderwijs, Wetenschap en Cultuur",true,high-precision
16ee05fe-342b-e47c-2a8a-eda4c45cd8d0::1085f95e-aa2a-6c31-d460-9a6a2e4706f7,16ee05fe-342b-e47c-2a8a-eda4c45cd8d0,1085f95e-aa2a-6c31-d460-9a6a2e4706f7,image,SR-NA_03_0254,1999,description,place,street,onbekend,onbekend,onbekend,paramaribo-street-standardization,,1,Monumenten van Paramaribo,"is opgenomen, onder het adres Waterkant 14. De herkomst is onbekend; mogelijk is het document afkomstig van het Ministerie van Onderwijs, Wetenschap en Cultuur, het Directoraat Cultuur, o",true,high-precision
16ee05fe-342b-e47c-2a8a-eda4c45cd8d0::1085f95e-aa2a-6c31-d460-9a6a2e4706f7,16ee05fe-342b-e47c-2a8a-eda4c45cd8d0,1085f95e-aa2a-6c31-d460-9a6a2e4706f7,image,SR-NA_03_0254,1999,keywords,place,street,Gemenelandsweg,gemenelandsweg,Gemenelandsweg,paramaribo-street-standardization,,1,Monumenten van Paramaribo,traat | Gonggripstraat | Costerstraat | Hofstede Crullaan | Gemenelandsweg | Rust & Vredestraat | Slangenhoutstraat | Tourtonnelaan | Jessurunstraat,true,high-precision
16ee05fe-342b-e47c-2a8a-eda4c45cd8d0::1085f95e-aa2a-6c31-d460-9a6a2e4706f7,16ee05fe-342b-e47c-2a8a-eda4c45cd8d0,1085f95e-aa2a-6c31-d460-9a6a2e4706f7,image,SR-NA_03_0254,1999,keywords,place,street,Burenstraat,burenstraat,Burenstraat,paramaribo-street-standardization,,1,Monumenten van Paramaribo,aat | Zwartenhovenbrugstraat | Hogestraat | Prinsenstraat | Burenstraat | Waaldijkstraat | Weidestraat | dr. Sophie Redmondstraat | Ladesmaastraat | Grote Combeweg | mgr. Wulfinghstraat | Van,true,high-precision
16ee05fe-342b-e47c-2a8a-eda4c45cd8d0::1085f95e-aa2a-6c31-d460-9a6a2e4706f7,16ee05fe-342b-e47c-2a8a-eda4c45cd8d0,1085f95e-aa2a-6c31-d460-9a6a2e4706f7,image,SR-NA_03_0254,1999,keywords,place,street,Domineestraat,domineestraat,Domineestraat,paramaribo-street-standardization,,1,Monumenten van Paramaribo,g | Maagdenstraat | Jodenbreestraat | Steenbakkerijstraat | Domineestraat | Wagenwegstraat | Malebatrumstraat | dr. J. F. Nassylaan | Stoelmanstraat | Swalmbergstraat | Saramaccastraat | Zwarte,true,high-precision
16ee05fe-342b-e47c-2a8a-eda4c45cd8d0::1085f95e-aa2a-6c31-d460-9a6a2e4706f7,16ee05fe-342b-e47c-2a8a-eda4c45cd8d0,1085f95e-aa2a-6c31-d460-9a6a2e4706f7,image,SR-NA_03_0254,1999,keywords,place,street,Maagdenstraat,maagdenstraat,Maagdenstraat,paramaribo-street-standardization,,1,Monumenten van Paramaribo,straat | Klipstenestraat | Watermolenstraat | Heiligenweg | Maagdenstraat | Jodenbreestraat | Steenbakkerijstraat | Domineestraat | Wagenwegstraat | Malebatrumstraat | dr. J. F. Nassylaan | Sto,true,high-precision
16ee05fe-342b-e47c-2a8a-eda4c45cd8d0::1085f95e-aa2a-6c31-d460-9a6a2e4706f7,16ee05fe-342b-e47c-2a8a-eda4c45cd8d0,1085f95e-aa2a-6c31-d460-9a6a2e4706f7,image,SR-NA_03_0254,1999,keywords,place,street,Gravenstraat,gravenstraat,Gravenstraat,paramaribo-street-standardization,,1,Monumenten van Paramaribo,ndiaweg | Abraham Crijnsenseweg | Onafhankelijkheidsplein | Gravenstraat | mr. F.H.R. Lim A Postraat | mr. dr. J.C. de Mirandastraat | Waterkant | Keizerstraat | Kromme Elleboogstraat | Oude H,true,high-precision
16ee05fe-342b-e47c-2a8a-eda4c45cd8d0::1085f95e-aa2a-6c31-d460-9a6a2e4706f7,16ee05fe-342b-e47c-2a8a-eda4c45cd8d0,1085f95e-aa2a-6c31-d460-9a6a2e4706f7,image,SR-NA_03_0254,1999,keywords,place,street,Grote Hofstraat,grote hofstraat,Grote Hofstraat,paramaribo-street-standardization,,1,Monumenten van Paramaribo,t | Keizerstraat | Kromme Elleboogstraat | Oude Hofstraat | Grote Hofstraat | Kerkplein | Heerenstraat | Klipstenestraat | Watermolenstraat | Heiligenweg | Maagdenstraat | Jodenbreestraat | Steen,true,high-precision
16ee05fe-342b-e47c-2a8a-eda4c45cd8d0::1085f95e-aa2a-6c31-d460-9a6a2e4706f7,16ee05fe-342b-e47c-2a8a-eda4c45cd8d0,1085f95e-aa2a-6c31-d460-9a6a2e4706f7,image,SR-NA_03_0254,1999,keywords,place,street,Hogestraat,hogestraat,Hogestraat,paramaribo-street-standardization,,1,Monumenten van Paramaribo,walmbergstraat | Saramaccastraat | Zwartenhovenbrugstraat | Hogestraat | Prinsenstraat | Burenstraat | Waaldijkstraat | Weidestraat | dr. Sophie Redmondstraat | Ladesmaastraat | Grote Combew,true,high-precision
16ee05fe-342b-e47c-2a8a-eda4c45cd8d0::1085f95e-aa2a-6c31-d460-9a6a2e4706f7,16ee05fe-342b-e47c-2a8a-eda4c45cd8d0,1085f95e-aa2a-6c31-d460-9a6a2e4706f7,image,SR-NA_03_0254,1999,keywords,place,street,Heerenstraat,heerenstraat,Herenstraat,paramaribo-street-standardization,,1,Monumenten van Paramaribo,boogstraat | Oude Hofstraat | Grote Hofstraat | Kerkplein | Heerenstraat | Klipstenestraat | Watermolenstraat | Heiligenweg | Maagdenstraat | Jodenbreestraat | Steenbakkerijstraat | Domineestr,true,high-precision
16ee05fe-342b-e47c-2a8a-eda4c45cd8d0::1085f95e-aa2a-6c31-d460-9a6a2e4706f7,16ee05fe-342b-e47c-2a8a-eda4c45cd8d0,1085f95e-aa2a-6c31-d460-9a6a2e4706f7,image,SR-NA_03_0254,1999,keywords,place,street,Heiligenweg,heiligenweg,Heiligenweg,paramaribo-street-standardization,,1,Monumenten van Paramaribo,plein | Heerenstraat | Klipstenestraat | Watermolenstraat | Heiligenweg | Maagdenstraat | Jodenbreestraat | Steenbakkerijstraat | Domineestraat | Wagenwegstraat | Malebatrumstraat | dr. J. F.,true,high-precision
16ee05fe-342b-e47c-2a8a-eda4c45cd8d0::1085f95e-aa2a-6c31-d460-9a6a2e4706f7,16ee05fe-342b-e47c-2a8a-eda4c45cd8d0,1085f95e-aa2a-6c31-d460-9a6a2e4706f7,image,SR-NA_03_0254,1999,keywords,place,street,Hofstraat,hofstraat,Hofstraat,paramaribo-street-standardization,,1,Monumenten van Paramaribo,t | Waterkant | Keizerstraat | Kromme Elleboogstraat | Oude Hofstraat | Grote Hofstraat | Kerkplein | Heerenstraat | Klipstenestraat | Watermolenstraat | Heiligenweg | Maagdenstraat | Joden,true,high-precision
16ee05fe-342b-e47c-2a8a-eda4c45cd8d0::1085f95e-aa2a-6c31-d460-9a6a2e4706f7,16ee05fe-342b-e47c-2a8a-eda4c45cd8d0,1085f95e-aa2a-6c31-d460-9a6a2e4706f7,image,SR-NA_03_0254,1999,keywords,place,street,Jodenbreestraat,jodenbreestraat,Jodenbreestraat,paramaribo-street-standardization,,1,Monumenten van Paramaribo,nestraat | Watermolenstraat | Heiligenweg | Maagdenstraat | Jodenbreestraat | Steenbakkerijstraat | Domineestraat | Wagenwegstraat | Malebatrumstraat | dr. J. F. Nassylaan | Stoelmanstraat | Swal,true,high-precision
16ee05fe-342b-e47c-2a8a-eda4c45cd8d0::1085f95e-aa2a-6c31-d460-9a6a2e4706f7,16ee05fe-342b-e47c-2a8a-eda4c45cd8d0,1085f95e-aa2a-6c31-d460-9a6a2e4706f7,image,SR-NA_03_0254,1999,keywords,place,street,Keizerstraat,keizerstraat,Keizerstraat,paramaribo-street-standardization,,1,Monumenten van Paramaribo,im A Postraat | mr. dr. J.C. de Mirandastraat | Waterkant | Keizerstraat | Kromme Elleboogstraat | Oude Hofstraat | Grote Hofstraat | Kerkplein | Heerenstraat | Klipstenestraat | Watermolenstr,true,high-precision
16ee05fe-342b-e47c-2a8a-eda4c45cd8d0::1085f95e-aa2a-6c31-d460-9a6a2e4706f7,16ee05fe-342b-e47c-2a8a-eda4c45cd8d0,1085f95e-aa2a-6c31-d460-9a6a2e4706f7,image,SR-NA_03_0254,1999,keywords,place,street,Malebatrumstraat,malebatrumstraat,Malebatrumstraat,paramaribo-street-standardization,,1,Monumenten van Paramaribo,at | Steenbakkerijstraat | Domineestraat | Wagenwegstraat | Malebatrumstraat | dr. J. F. Nassylaan | Stoelmanstraat | Swalmbergstraat | Saramaccastraat | Zwartenhovenbrugstraat | Hogestraat | Prin,true,high-precision
16ee05fe-342b-e47c-2a8a-eda4c45cd8d0::1085f95e-aa2a-6c31-d460-9a6a2e4706f7,16ee05fe-342b-e47c-2a8a-eda4c45cd8d0,1085f95e-aa2a-6c31-d460-9a6a2e4706f7,image,SR-NA_03_0254,1999,keywords,place,street,Kerkplein,kerkplein,Kerkplein,paramaribo-street-standardization,,1,Monumenten van Paramaribo,Kromme Elleboogstraat | Oude Hofstraat | Grote Hofstraat | Kerkplein | Heerenstraat | Klipstenestraat | Watermolenstraat | Heiligenweg | Maagdenstraat | Jodenbreestraat | Steenbakkerijstra,true,high-precision
16ee05fe-342b-e47c-2a8a-eda4c45cd8d0::1085f95e-aa2a-6c31-d460-9a6a2e4706f7,16ee05fe-342b-e47c-2a8a-eda4c45cd8d0,1085f95e-aa2a-6c31-d460-9a6a2e4706f7,image,SR-NA_03_0254,1999,keywords,place,street,Kromme Elleboogstraat,kromme elleboogstraat,Kromme Elleboogstraat,paramaribo-street-standardization,,1,Monumenten van Paramaribo,mr. dr. J.C. de Mirandastraat | Waterkant | Keizerstraat | Kromme Elleboogstraat | Oude Hofstraat | Grote Hofstraat | Kerkplein | Heerenstraat | Klipstenestraat | Watermolenstraat | Heiligenweg | Maag,true,high-precision
16ee05fe-342b-e47c-2a8a-eda4c45cd8d0::1085f95e-aa2a-6c31-d460-9a6a2e4706f7,16ee05fe-342b-e47c-2a8a-eda4c45cd8d0,1085f95e-aa2a-6c31-d460-9a6a2e4706f7,image,SR-NA_03_0254,1999,keywords,place,street,Prinsenstraat,prinsenstraat,Prinsenstraat,paramaribo-street-standardization,,1,Monumenten van Paramaribo,t | Saramaccastraat | Zwartenhovenbrugstraat | Hogestraat | Prinsenstraat | Burenstraat | Waaldijkstraat | Weidestraat | dr. Sophie Redmondstraat | Ladesmaastraat | Grote Combeweg | mgr. Wulfin,true,high-precision
16ee05fe-342b-e47c-2a8a-eda4c45cd8d0::1085f95e-aa2a-6c31-d460-9a6a2e4706f7,16ee05fe-342b-e47c-2a8a-eda4c45cd8d0,1085f95e-aa2a-6c31-d460-9a6a2e4706f7,image,SR-NA_03_0254,1999,keywords,place,street,Saramaccastraat,saramaccastraat,Saramaccastraat,paramaribo-street-standardization,,1,Monumenten van Paramaribo,| dr. J. F. Nassylaan | Stoelmanstraat | Swalmbergstraat | Saramaccastraat | Zwartenhovenbrugstraat | Hogestraat | Prinsenstraat | Burenstraat | Waaldijkstraat | Weidestraat | dr. Sophie Redmond,true,high-precision
16ee05fe-342b-e47c-2a8a-eda4c45cd8d0::1085f95e-aa2a-6c31-d460-9a6a2e4706f7,16ee05fe-342b-e47c-2a8a-eda4c45cd8d0,1085f95e-aa2a-6c31-d460-9a6a2e4706f7,image,SR-NA_03_0254,1999,keywords,place,street,Steenbakkerijstraat,steenbakkerijstraat,Steenbakkerijstraat,paramaribo-street-standardization,,1,Monumenten van Paramaribo,lenstraat | Heiligenweg | Maagdenstraat | Jodenbreestraat | Steenbakkerijstraat | Domineestraat | Wagenwegstraat | Malebatrumstraat | dr. J. F. Nassylaan | Stoelmanstraat | Swalmbergstraat | Saramacc,true,high-precision
16ee05fe-342b-e47c-2a8a-eda4c45cd8d0::1085f95e-aa2a-6c31-d460-9a6a2e4706f7,16ee05fe-342b-e47c-2a8a-eda4c45cd8d0,1085f95e-aa2a-6c31-d460-9a6a2e4706f7,image,SR-NA_03_0254,1999,keywords,place,street,Wagenwegstraat,wagenwegstraat,Wagenwegstraat,paramaribo-street-standardization,,1,Monumenten van Paramaribo,t | Jodenbreestraat | Steenbakkerijstraat | Domineestraat | Wagenwegstraat | Malebatrumstraat | dr. J. F. Nassylaan | Stoelmanstraat | Swalmbergstraat | Saramaccastraat | Zwartenhovenbrugstraat,true,high-precision
16ee05fe-342b-e47c-2a8a-eda4c45cd8d0::1085f95e-aa2a-6c31-d460-9a6a2e4706f7,16ee05fe-342b-e47c-2a8a-eda4c45cd8d0,1085f95e-aa2a-6c31-d460-9a6a2e4706f7,image,SR-NA_03_0254,1999,keywords,place,street,Waterkant,waterkant,Waterkant,paramaribo-street-standardization,,1,Monumenten van Paramaribo,mr. F.H.R. Lim A Postraat | mr. dr. J.C. de Mirandastraat | Waterkant | Keizerstraat | Kromme Elleboogstraat | Oude Hofstraat | Grote Hofstraat | Kerkplein | Heerenstraat | Klipstenestraat,true,high-precision
16ee05fe-342b-e47c-2a8a-eda4c45cd8d0::1085f95e-aa2a-6c31-d460-9a6a2e4706f7,16ee05fe-342b-e47c-2a8a-eda4c45cd8d0,1085f95e-aa2a-6c31-d460-9a6a2e4706f7,image,SR-NA_03_0254,1999,keywords,place,street,Watermolenstraat,watermolenstraat,Watermolenstraat,paramaribo-street-standardization,,1,Monumenten van Paramaribo,te Hofstraat | Kerkplein | Heerenstraat | Klipstenestraat | Watermolenstraat | Heiligenweg | Maagdenstraat | Jodenbreestraat | Steenbakkerijstraat | Domineestraat | Wagenwegstraat | Malebatrumstra,true,high-precision
16ee05fe-342b-e47c-2a8a-eda4c45cd8d0::1085f95e-aa2a-6c31-d460-9a6a2e4706f7,16ee05fe-342b-e47c-2a8a-eda4c45cd8d0,1085f95e-aa2a-6c31-d460-9a6a2e4706f7,image,SR-NA_03_0254,1999,keywords,place,street,Weidestraat,weidestraat,Weidestraat,paramaribo-street-standardization,,1,Monumenten van Paramaribo,Hogestraat | Prinsenstraat | Burenstraat | Waaldijkstraat | Weidestraat | dr. Sophie Redmondstraat | Ladesmaastraat | Grote Combeweg | mgr. Wulfinghstraat | Van Rooseveltkade | Julianastraat,true,high-precision
16ee05fe-342b-e47c-2a8a-eda4c45cd8d0::1085f95e-aa2a-6c31-d460-9a6a2e4706f7,16ee05fe-342b-e47c-2a8a-eda4c45cd8d0,1085f95e-aa2a-6c31-d460-9a6a2e4706f7,image,SR-NA_03_0254,1999,keywords,place,street,Zwartenhovenbrugstraat,zwartenhovenbrugstraat,Zwartenhovenbrugstraat,paramaribo-street-standardization,,1,Monumenten van Paramaribo,laan | Stoelmanstraat | Swalmbergstraat | Saramaccastraat | Zwartenhovenbrugstraat | Hogestraat | Prinsenstraat | Burenstraat | Waaldijkstraat | Weidestraat | dr. Sophie Redmondstraat | Ladesmaastraat |,true,high-precision
b6fb010a-c584-ff28-f228-2ebc8f8bb8e8::9f098d15-5133-8b68-2321-e883f5121920,b6fb010a-c584-ff28-f228-2ebc8f8bb8e8,9f098d15-5133-8b68-2321-e883f5121920,image,SR-NA_03_0260,2003-2021,description,place,river,Nickerie,nickerie,Nickerie,stm-gazetteer,stm-00261,1,"Surinaamse historie, plantages en architectuur","rchitectuur van Suriname, met name gericht op de districten Nickerie, Commewijne en Paramaribo. De auteur deelt persoonlijke ervaringen en onderzoek naar historische plantages zoals Mariën",true,high-precision
b6fb010a-c584-ff28-f228-2ebc8f8bb8e8::9f098d15-5133-8b68-2321-e883f5121920,b6fb010a-c584-ff28-f228-2ebc8f8bb8e8,9f098d15-5133-8b68-2321-e883f5121920,image,SR-NA_03_0260,2003-2021,description,place,plantation,Nursery,nursery,Nursery,stm-gazetteer,stm-01644,1,"Surinaamse historie, plantages en architectuur","oals Mariënbosch, Waterloo, Hazard, Hamptoncourt, Paradise, Nursery, Catharina Sophia en anderen. Hij beschrijft de overblijfselen van plantagewoningen, suikerfabrieken, sluizen, begraafp",true,high-precision
b6fb010a-c584-ff28-f228-2ebc8f8bb8e8::9f098d15-5133-8b68-2321-e883f5121920,b6fb010a-c584-ff28-f228-2ebc8f8bb8e8,9f098d15-5133-8b68-2321-e883f5121920,image,SR-NA_03_0260,2003-2021,description,place,plantation,Paradise,paradise,Paradise,stm-gazetteer,stm-01641,1,"Surinaamse historie, plantages en architectuur","lantages zoals Mariënbosch, Waterloo, Hazard, Hamptoncourt, Paradise, Nursery, Catharina Sophia en anderen. Hij beschrijft de overblijfselen van plantagewoningen, suikerfabrieken, sluizen,",true,high-precision
b6fb010a-c584-ff28-f228-2ebc8f8bb8e8::9f098d15-5133-8b68-2321-e883f5121920,b6fb010a-c584-ff28-f228-2ebc8f8bb8e8,9f098d15-5133-8b68-2321-e883f5121920,image,SR-NA_03_0260,2003-2021,description,place,plantation,Hamptoncourt,hamptoncourt,Hamptoncourt,plantages-dataset,,1,"Surinaamse historie, plantages en architectuur","historische plantages zoals Mariënbosch, Waterloo, Hazard, Hamptoncourt, Paradise, Nursery, Catharina Sophia en anderen. Hij beschrijft de overblijfselen van plantagewoningen, suikerfabrieken",true,high-precision
b6fb010a-c584-ff28-f228-2ebc8f8bb8e8::9f098d15-5133-8b68-2321-e883f5121920,b6fb010a-c584-ff28-f228-2ebc8f8bb8e8,9f098d15-5133-8b68-2321-e883f5121920,image,SR-NA_03_0260,2003-2021,keywords,place,river,Nickerie,nickerie,Nickerie,stm-gazetteer,stm-00261,1,"Surinaamse historie, plantages en architectuur",schiedenis | plantages Suriname | Surinaamse architectuur | Nickerie | Commewijne | plantagehuizen | slavernijgeschiedenis | suikerplantages | erfgoedbehoud | Philip Dikland | Kenneth Donk,true,high-precision
b6fb010a-c584-ff28-f228-2ebc8f8bb8e8::9f098d15-5133-8b68-2321-e883f5121920,b6fb010a-c584-ff28-f228-2ebc8f8bb8e8,9f098d15-5133-8b68-2321-e883f5121920,image,SR-NA_03_0260,2003-2021,keywords,place,plantation,Nursery,nursery,Nursery,stm-gazetteer,stm-01644,1,"Surinaamse historie, plantages en architectuur",Mariënbosch | Waterloo | Hazard | Hamptoncourt | Paradise | Nursery | Catharina Sophia | contractarbeid | rijstbouw Nickerie | historisch onderzoek | monumentenzorg | Surinaamse cultuur |,true,high-precision
b6fb010a-c584-ff28-f228-2ebc8f8bb8e8::9f098d15-5133-8b68-2321-e883f5121920,b6fb010a-c584-ff28-f228-2ebc8f8bb8e8,9f098d15-5133-8b68-2321-e883f5121920,image,SR-NA_03_0260,2003-2021,keywords,place,plantation,Paradise,paradise,Paradise,stm-gazetteer,stm-01641,1,"Surinaamse historie, plantages en architectuur",eth Donk | Mariënbosch | Waterloo | Hazard | Hamptoncourt | Paradise | Nursery | Catharina Sophia | contractarbeid | rijstbouw Nickerie | historisch onderzoek | monumentenzorg | Surinaamse,true,high-precision
b6fb010a-c584-ff28-f228-2ebc8f8bb8e8::9f098d15-5133-8b68-2321-e883f5121920,b6fb010a-c584-ff28-f228-2ebc8f8bb8e8,9f098d15-5133-8b68-2321-e883f5121920,image,SR-NA_03_0260,2003-2021,keywords,place,plantation,Hamptoncourt,hamptoncourt,Hamptoncourt,plantages-dataset,,1,"Surinaamse historie, plantages en architectuur",Dikland | Kenneth Donk | Mariënbosch | Waterloo | Hazard | Hamptoncourt | Paradise | Nursery | Catharina Sophia | contractarbeid | rijstbouw Nickerie | historisch onderzoek | monumentenzorg |,true,high-precision
0c237e6c-d8aa-efe9-76f7-a494a74c898b::52e94879-c848-7954-ea39-5e446f065b3e,0c237e6c-d8aa-efe9-76f7-a494a74c898b,52e94879-c848-7954-ea39-5e446f065b3e,video,SR-NA_02_0101,2020,description,place,river,Nickerie,nickerie,Nickerie,stm-gazetteer,stm-00261,1,"HVB, ABOp, NDP registratie",op interne partijkwesties (verwijzend naar een situatie in Nickerie).,true,high-precision
2d34e849-fb92-c96c-becd-784af9599355::58277701-a463-61e3-0dfb-fc29f3c4d5d9,2d34e849-fb92-c96c-becd-784af9599355,58277701-a463-61e3-0dfb-fc29f3c4d5d9,video,SR-NA_02_0318,Onbekend,description,place,plantation,De Beste,de beste,De Beste,stm-gazetteer,stm-01145,1,"Victoria, een palmolie plantage in Asigron in Suriname",lijke basis: op de proeftuin Teboecobacca werden zorgvuldig de beste oliepalmvariëteiten geselecteerd en gekruist om zaad te verkrijgen dat een maximale olieopbrengst garandeerde. Deze zaa,true,high-precision
b32afd1d-c2e4-3c03-c935-7b19bb3a1f53::03f78363-6ca2-368d-78e1-86e43a1ca62c,b32afd1d-c2e4-3c03-c935-7b19bb3a1f53,03f78363-6ca2-368d-78e1-86e43a1ca62c,image,SR-NA_01_1402,2013,keywords,place,street,Heerenstraat,heerenstraat,Herenstraat,paramaribo-street-standardization,,1,Stadsvernieuwing in Paramaribo,Glans | Kerplein | Simon Bolivar | Helstone Monument | Heerenstraat | Wulfingstraat | Brug | Sommelsdijksekreek | Waterkant | DNA-gebouw | Fort Zeelandia | De Gadri,true,high-precision
b32afd1d-c2e4-3c03-c935-7b19bb3a1f53::03f78363-6ca2-368d-78e1-86e43a1ca62c,b32afd1d-c2e4-3c03-c935-7b19bb3a1f53,03f78363-6ca2-368d-78e1-86e43a1ca62c,image,SR-NA_01_1402,2013,keywords,place,street,Waterkant,waterkant,Waterkant,paramaribo-street-standardization,,1,Stadsvernieuwing in Paramaribo,Heerenstraat | Wulfingstraat | Brug | Sommelsdijksekreek | Waterkant | DNA-gebouw | Fort Zeelandia | De Gadri,true,high-precision
365548da-04b1-8100-fc4b-c890d8fefcd7::ffcb05cf-0f44-9eb2-cf8d-a6e61ed142fd,365548da-04b1-8100-fc4b-c890d8fefcd7,ffcb05cf-0f44-9eb2-cf8d-a6e61ed142fd,video,SR-NA_02_1931_002,Onbekend,personsRaw,person,person,Mildred Caprino,mildred caprino,Mildred Caprino,nas-persons-field,,1,Wij slaven van Suriname_deel02,Mildred Caprino,true,high-precision
be6ead04-4dac-175d-ce00-da20cd17d110::4145cc28-c5cd-291a-ff30-6e64c6b73b23,be6ead04-4dac-175d-ce00-da20cd17d110,4145cc28-c5cd-291a-ff30-6e64c6b73b23,video,SR-NA_02_0354,1980,description,place,plantation,Gevaar,gevaar,Gevaar,stm-gazetteer,stm-02393,1,Staatsgreep Suriname NMR-Berichtgeving 1980 dl5,"andeerd en niemand in Suriname,ook Nederlanders niet, loopt gevaar loopt. Het militaire optreden is volgens Eersel -in de verklaring voorgelezen door Gefferie- gericht op het stoppen van",true,high-precision
571be8ce-5a97-a073-4df7-77233759c511::6afb5693-55b7-4395-bf28-19f3b7595593,571be8ce-5a97-a073-4df7-77233759c511,6afb5693-55b7-4395-bf28-19f3b7595593,video,SR-NA_02_0351,1980,description,place,plantation,Gevaar,gevaar,Gevaar,stm-gazetteer,stm-02393,1,Staatsgreep Suriname NMR Berichtgeving 1980 deel 2,"dereen gerust over de veiligheid: niemand in Suriname loopt gevaar, noch Surinamers, noch buitenlanders, waaronder Nederlanders. Hij zegt niets tegen individuele burgers te hebben en leg",true,high-precision
571be8ce-5a97-a073-4df7-77233759c511::6afb5693-55b7-4395-bf28-19f3b7595593,571be8ce-5a97-a073-4df7-77233759c511,6afb5693-55b7-4395-bf28-19f3b7595593,video,SR-NA_02_0351,1980,keywords,place,plantation,Gevaar,gevaar,Gevaar,stm-gazetteer,stm-02393,1,Staatsgreep Suriname NMR Berichtgeving 1980 deel 2,Stopzetting hulp | Hollandse humor | Intern conflict | Geen gevaar burgers | Surinaamse Politiebond | Communiqué | Samenwerking,true,high-precision
b75edc29-21f1-3fee-c991-c2b6dc98b5b3::3426f102-3754-771e-96e5-e966bba1fdc8,b75edc29-21f1-3fee-c991-c2b6dc98b5b3,3426f102-3754-771e-96e5-e966bba1fdc8,video,SR-NA_02_1047,Onbekend,description,place,plantation,Industrie,industrie,Industrie,stm-gazetteer,stm-00858,1,Opening bejaardentehuis Simbah te Marienburg,r stichting Sani. Minister Jack Tjon Tjin Joe van Handel en Industrie houdt ook een korte toespraak waarin hij aangeeft dat hij streeft naar de aanleg van een vliegveld en een haven en het,true,high-precision
ba6beba1-b839-8b8c-f7d7-ab400e685c1e::,ba6beba1-b839-8b8c-f7d7-ab400e685c1e,,unknown,DNA,,personsRaw,person,person,Leendert Abauna,leendert abauna,Leendert Abauna,nas-persons-field,,1,Openbare vergadering DNA 04082009 deel-3,Leendert Abauna,true,high-precision
d07565ce-a504-2645-b279-1c906fc14e55::,d07565ce-a504-2645-b279-1c906fc14e55,,unknown,DNA,,description,place,plantation,Gevaar,gevaar,Gevaar,stm-gazetteer,stm-02393,1,Openbare vergadering DNA 04082009 deel-1,"enaren en willekeur bij afhandeling van grondaanvragen. Het gevaar van betalingen (tjuku?s, vorm van omkoping) is dan aanwezig. Deze situatie doet afbreuk aan het gevoel van rechtszekerh",true,high-precision
3addd2bc-6f28-fa91-9dcf-7106ffcbf38d::08e1527d-0a83-032f-a1c0-cc4777d881be,3addd2bc-6f28-fa91-9dcf-7106ffcbf38d,08e1527d-0a83-032f-a1c0-cc4777d881be,video,SR-NA_02_0332,1975,description,place,plantation,Rotterdam,rotterdam,Rotterdam,stm-gazetteer,stm-00824,1,Vooravond van en viering Srefidensi 1975,op de Surinamerivier waar de Nederlandse onderzeebootjager 'Rotterdam' voor anker ligt. Het Oranjeplein vol mensen. Surinaamse gezinnen lopen richting KLM-vliegtuig. Vergadering van regerin,true,high-precision
6d550ec7-5ab5-b45b-38a1-2241c2131086::2c000e63-5489-f28f-9ff4-da0192bfcd64,6d550ec7-5ab5-b45b-38a1-2241c2131086,2c000e63-5489-f28f-9ff4-da0192bfcd64,video,SR-NA_02_0280,Onbekend,description,place,river,Corantijn,corantijn,Corantijn,stm-gazetteer,stm-00365,1,Slavernij en Migratie on Vimeo,"s. Ze bezoeken de dorpen, de kostgrondjes, ze varen over de Corantijn en zwemmen in de stroomversnellingen. Terug naar de plantages. In 1863 werd de slavernij afgeschaft. Maar het probleem",true,high-precision
6d550ec7-5ab5-b45b-38a1-2241c2131086::2c000e63-5489-f28f-9ff4-da0192bfcd64,6d550ec7-5ab5-b45b-38a1-2241c2131086,2c000e63-5489-f28f-9ff4-da0192bfcd64,video,SR-NA_02_0280,Onbekend,description,place,plantation,Alida,alida,Alida,stm-gazetteer,stm-00718,1,Slavernij en Migratie on Vimeo,grafzerk. Zij was gevreesd: uit jaloezie zou ze haar slavin Alida de borst hebben afgesneden. Voor klachten over hun meesters konden slaven terecht bij het Zwarte Hof – nu een bouwval.,true,high-precision
6d550ec7-5ab5-b45b-38a1-2241c2131086::2c000e63-5489-f28f-9ff4-da0192bfcd64,6d550ec7-5ab5-b45b-38a1-2241c2131086,2c000e63-5489-f28f-9ff4-da0192bfcd64,video,SR-NA_02_0280,Onbekend,description,place,plantation,De Vrijheid,de vrijheid,De Vrijheid,stm-gazetteer,stm-01485,1,Slavernij en Migratie on Vimeo,"dat hun situatie werkelijk verbeterde, valt te betwijfelen. De vrijheid lonkte. Veel slaven ontvluchtten de plantages en trokken het regenwoud in. Het leven daar was zwaar, maar ze stichtten",true,high-precision
6d550ec7-5ab5-b45b-38a1-2241c2131086::2c000e63-5489-f28f-9ff4-da0192bfcd64,6d550ec7-5ab5-b45b-38a1-2241c2131086,2c000e63-5489-f28f-9ff4-da0192bfcd64,video,SR-NA_02_0280,Onbekend,description,place,plantation,Fort Nieuw-Amsterdam,fort nieuw-amsterdam,Fort Nieuw-Amsterdam,stm-gazetteer,stm-02294,1,Slavernij en Migratie on Vimeo,"oude plantages. Eerst per pont de Surinamerivier over, naar Fort Nieuw-Amsterdam. Sommige plantages liggen er vervallen bij, maar er wordt ook gerestaureerd. De rijkdom uit die tijd is nog altijd zich",true,high-precision
6d550ec7-5ab5-b45b-38a1-2241c2131086::2c000e63-5489-f28f-9ff4-da0192bfcd64,6d550ec7-5ab5-b45b-38a1-2241c2131086,2c000e63-5489-f28f-9ff4-da0192bfcd64,video,SR-NA_02_0280,Onbekend,description,place,plantation,Java,java,Java,stm-gazetteer,stm-00789,1,Slavernij en Migratie on Vimeo,aren namen hun toevlucht tot contractarbeiders uit India en Java – en later werden zelfs boeren uit Groningen gehaald. In het noordwesten van Suriname herinneren de dorpnamen en de vel,true,high-precision
b508646c-1184-6b87-6003-2de3c1ab1f68::6bb3b706-2072-14e6-f225-c5073af7922f,b508646c-1184-6b87-6003-2de3c1ab1f68,6bb3b706-2072-14e6-f225-c5073af7922f,video,SR-NA_02_0274,Onbekend,description,place,river,Corantijn,corantijn,Corantijn,stm-gazetteer,stm-00365,1,Geschiedenis Suriname Guinee,"als grensrivier, terwijl Suriname de Nieuw-Rivier of Boven-Corantijn als grens aanhoudt. In oude verdragen is bovendien vastgelegd dat de gehele Corantijn Surinaams is, tot aan de Guyanese",true,high-precision
09d833c9-d26c-f58b-d989-7d11de4e71a7::f7bc9bcf-7bc4-a5a5-1aac-6fd3c2bb4884,09d833c9-d26c-f58b-d989-7d11de4e71a7,f7bc9bcf-7bc4-a5a5-1aac-6fd3c2bb4884,video,SR-NA_02_1714,Onbekend,description,place,street,Rust en Vredestraat,rust en vredestraat,Rust en Vredestraat,paramaribo-street-standardization,,1,Reclame Millers NV aan de Rist en Vredestraat en Industrieweg,"Bij Millers meubelpaleis aan de Rust en Vredestraat kun je kiezen uit de bankstellen, eetkamer sets.",true,high-precision
3d3fbe12-1776-2993-63a7-6d3944a7aee7::21521d6a-53a5-f2b9-dac6-06e3e968aa8c,3d3fbe12-1776-2993-63a7-6d3944a7aee7,21521d6a-53a5-f2b9-dac6-06e3e968aa8c,video,SR-NA_02_1716,Onbekend,title,place,street,Rust en Vredestraat,rust en vredestraat,Rust en Vredestraat,paramaribo-street-standardization,,1,"Reclame Natura, Rust en Vredestraat","Reclame Natura, Rust en Vredestraat",true,high-precision
3d3fbe12-1776-2993-63a7-6d3944a7aee7::21521d6a-53a5-f2b9-dac6-06e3e968aa8c,3d3fbe12-1776-2993-63a7-6d3944a7aee7,21521d6a-53a5-f2b9-dac6-06e3e968aa8c,video,SR-NA_02_1716,Onbekend,description,place,street,Rust en Vredestraat,rust en vredestraat,Rust en Vredestraat,paramaribo-street-standardization,,1,"Reclame Natura, Rust en Vredestraat","th and beauty: gezondheid en schoonheid. U vindt ons aan de Rust en Vredestraat 46.Bij Natura zijn vegetariërs kind aan huis. Ook koninginnen die willen afslanken, mensen die een speciaal dieet volge",true,high-precision
d6dcc1be-b548-41c1-6e5d-5d7401e57096::18f6cf24-a90d-c406-1e7c-da285d0cd744,d6dcc1be-b548-41c1-6e5d-5d7401e57096,18f6cf24-a90d-c406-1e7c-da285d0cd744,video,SR-NA_02_1715,Onbekend,title,place,street,Rust en Vredestraat,rust en vredestraat,Rust en Vredestraat,paramaribo-street-standardization,,1,"Reclame Natura, Rust en Vredestraat","Reclame Natura, Rust en Vredestraat",true,high-precision
d6dcc1be-b548-41c1-6e5d-5d7401e57096::18f6cf24-a90d-c406-1e7c-da285d0cd744,d6dcc1be-b548-41c1-6e5d-5d7401e57096,18f6cf24-a90d-c406-1e7c-da285d0cd744,video,SR-NA_02_1715,Onbekend,description,place,street,Rust en Vredestraat,rust en vredestraat,Rust en Vredestraat,paramaribo-street-standardization,,1,"Reclame Natura, Rust en Vredestraat","voor houding, gezondheid en schoonheid. U vindt ons aan de Rust en Vredestraat 46.Bij Natura bent u aan het juiste adres, of u nu vegetariër bent, serieus wilt afslanken, een speciaal dieet volgt, o",true,high-precision
75c0c011-8772-c9b6-f47b-2eb8daab3ed5::3b2acb3f-a85d-e667-880c-e0ef8924bb6e,75c0c011-8772-c9b6-f47b-2eb8daab3ed5,3b2acb3f-a85d-e667-880c-e0ef8924bb6e,video,SR-NA_02_0141,Onbekend,description,place,river,Maratakka,maratakka,Maratakka,stm-gazetteer,stm-00380,1,Veerbrug Paramaribo-Meerzorg gerepareerd,name voor de ontlasting van het verkeer. Veerboten zoals de Maratakka en Ansoe vervoerden mensen en voertuigen voordat de brug de oversteek verving. Het ministerie van TCT heeft in 2022 de,true,high-precision
76982943-9783-15d3-b920-72982d4d0314::342ab550-4f3c-ae8b-1891-95febb2aee4a,76982943-9783-15d3-b920-72982d4d0314,342ab550-4f3c-ae8b-1891-95febb2aee4a,video,SR-NA_02_0139,Onbekend,description,place,river,Corantijn,corantijn,Corantijn,stm-gazetteer,stm-00365,1,Persconferentie Johan Adolf Pengel over West-Suriname en het Tigrigebied,rdam is ingesteld en dat er altijd al politietoezicht op de Corantijn was. Terugkeer arbeiders naar betwist gebied: Arbeiders van waterkracht- en meteorologische diensten keren deze maand t,true,high-precision
76982943-9783-15d3-b920-72982d4d0314::342ab550-4f3c-ae8b-1891-95febb2aee4a,76982943-9783-15d3-b920-72982d4d0314,342ab550-4f3c-ae8b-1891-95febb2aee4a,video,SR-NA_02_0139,Onbekend,description,place,plantation,Verwachting,verwachting,Verwachting,stm-gazetteer,stm-01187,1,Persconferentie Johan Adolf Pengel over West-Suriname en het Tigrigebied,"il aldaar. Daarnaast deelt hij mee dat de heer Ferrier naar verwachting de nieuwe gouverneur van Suriname wordt, in overleg met Suriname tot stand gekomen. Op vragen over de Venezolaanse cons",true,high-precision
76982943-9783-15d3-b920-72982d4d0314::342ab550-4f3c-ae8b-1891-95febb2aee4a,76982943-9783-15d3-b920-72982d4d0314,342ab550-4f3c-ae8b-1891-95febb2aee4a,video,SR-NA_02_0139,Onbekend,keywords,place,river,Corantijn,corantijn,Corantijn,stm-gazetteer,stm-00365,1,Persconferentie Johan Adolf Pengel over West-Suriname en het Tigrigebied,| Frans-Guyana | concessies | strategie | soevereiniteit | Corantijn | politietoezicht | Nieuw-Amsterdam | militaire macht | diplomatieke weg | arbeiders | meteorologische dienst | bescher,true,high-precision
4b71f961-e9f6-0903-f8c5-058e0e3e000c::c47b2779-dba4-0059-fb7c-401cbecbdca4,4b71f961-e9f6-0903-f8c5-058e0e3e000c,c47b2779-dba4-0059-fb7c-401cbecbdca4,video,SR-NA_02_0177,1993,description,place,plantation,De Vrijheid,de vrijheid,De Vrijheid,stm-gazetteer,stm-01485,1,Eerste World Press Photo-tentoonstelling in Suriname geopend,"reld en laat ons in Suriname meer waardering opbrengen voor de vrijheid die wij momenteel moeizaam herwinnen."" Met deze woorden verklaarde minister Hiwat de eerste World Press Photo-tentoonst",true,high-precision
4b71f961-e9f6-0903-f8c5-058e0e3e000c::c47b2779-dba4-0059-fb7c-401cbecbdca4,4b71f961-e9f6-0903-f8c5-058e0e3e000c,c47b2779-dba4-0059-fb7c-401cbecbdca4,video,SR-NA_02_0177,1993,description,place,plantation,Gevaar,gevaar,Gevaar,stm-gazetteer,stm-02393,1,Eerste World Press Photo-tentoonstelling in Suriname geopend,"n wees op de cruciale rol van fotojournalisten die vaak met gevaar voor eigen leven de waarheid vastleggen. ""Foto's liegen niet. Ze tonen de waarheid in haar schoonheid én rauwheid."" De",true,high-precision
4b71f961-e9f6-0903-f8c5-058e0e3e000c::c47b2779-dba4-0059-fb7c-401cbecbdca4,4b71f961-e9f6-0903-f8c5-058e0e3e000c,c47b2779-dba4-0059-fb7c-401cbecbdca4,video,SR-NA_02_0177,1993,personsRaw,person,person,John Pawiroredjo,john pawiroredjo,John Pawiroredjo,nas-persons-field,,1,Eerste World Press Photo-tentoonstelling in Suriname geopend,John Pawiroredjo,true,high-precision
b001a089-f667-8efd-e406-46509e85185a::b37f3842-8306-c683-f428-dd2590bd283f,b001a089-f667-8efd-e406-46509e85185a,b37f3842-8306-c683-f428-dd2590bd283f,video,SR-NA_02_0140,Juni 1970,description,place,street,Steenbakkerijstraat,steenbakkerijstraat,Steenbakkerijstraat,paramaribo-street-standardization,,1,Jopie Pengel Overlijden en Begrafenis,t aan. Langs de gehele route naar de Grote Stadskerk aan de Steenbakkerijstraat hadden zich vele duizenden mensen verzameld om Jopie Pengel de laatste eer te bewijzen. Zij konden het niet laten achte,true,high-precision
b001a089-f667-8efd-e406-46509e85185a::b37f3842-8306-c683-f428-dd2590bd283f,b001a089-f667-8efd-e406-46509e85185a,b37f3842-8306-c683-f428-dd2590bd283f,video,SR-NA_02_0140,Juni 1970,description,place,street,Wanicastraat,wanicastraat,Wanicastraat,paramaribo-street-standardization,,1,Jopie Pengel Overlijden en Begrafenis,e belangstelling overweldigend. Voor het NPS-kantoor aan de Wanicastraat was de drukte ongekend; nooit tijdens zijn leven was zo'n grote mensenmenigte op deze plek samengestroomd. Vriend en po,true,high-precision
078cac7e-d72b-3cd7-bec6-7403dc29d8e3::9b15a82b-9c87-b992-fe79-e70d17140dda,078cac7e-d72b-3cd7-bec6-7403dc29d8e3,9b15a82b-9c87-b992-fe79-e70d17140dda,video,SR-NA_02_0278,Onbekend,description,place,street,Kerkplein,kerkplein,Kerkplein,paramaribo-street-standardization,,1,"100 jaar afschaffing slavernij in Suriname, Documentaire uit 1963","Op het rustige Kerkplein in Paramaribo, bij de Hervormde kerk, bevindt zich een graf dat een duister verhaal uit de slavernijtijd herbergt. Het",true,high-precision
078cac7e-d72b-3cd7-bec6-7403dc29d8e3::9b15a82b-9c87-b992-fe79-e70d17140dda,078cac7e-d72b-3cd7-bec6-7403dc29d8e3,9b15a82b-9c87-b992-fe79-e70d17140dda,video,SR-NA_02_0278,Onbekend,description,place,plantation,De Vrijheid,de vrijheid,De Vrijheid,stm-gazetteer,stm-01485,1,"100 jaar afschaffing slavernij in Suriname, Documentaire uit 1963","ij er eeltplekken van krijgt."" Het vat de paradox samen van de vrijheid die kwam, maar niet zonder nieuwe uitdagingen. Na 1873, toen de voormalige slaven niet langer verplicht waren op de pla",true,high-precision
97ff448d-7c70-95a5-fd01-ab565bd032f7::40c4fe93-7ec0-19b3-9a58-14e0e701d4b0,97ff448d-7c70-95a5-fd01-ab565bd032f7,40c4fe93-7ec0-19b3-9a58-14e0e701d4b0,video,SR-NA_02_0276,1947,description,place,river,Nickerie,nickerie,Nickerie,stm-gazetteer,stm-00261,1,Suriname anno 1947,mt de grens met Brits-Guiana. In het noordoosten ligt Nieuw-Nickerie aan de rivier de Nickerie. Deze plaats werd enige malen door de zee verzwolgen en is nu zo ver landinwaarts gebouwd dat,true,high-precision
c087d77a-5967-84c0-bda1-aa111d4b6022::0d0f632d-d811-627e-3982-89bce107667e,c087d77a-5967-84c0-bda1-aa111d4b6022,0d0f632d-d811-627e-3982-89bce107667e,video,SR_NA_02_1214_06,2010,description,place,river,Marowijne,marowijne,Marowijne,stm-gazetteer,stm-00363,1,Openbare DNA-vergadering_5 Februari 2010_006,"ijn, maar ook in het binnenland, in het westen, in Apura en Marowijne. Studiefinanciering, zoals geïntroduceerd door deze regering, was een goed voorbeeld om studenten kansen te geven. Onde",true,high-precision
c087d77a-5967-84c0-bda1-aa111d4b6022::0d0f632d-d811-627e-3982-89bce107667e,c087d77a-5967-84c0-bda1-aa111d4b6022,0d0f632d-d811-627e-3982-89bce107667e,video,SR_NA_02_1214_06,2010,keywords,place,river,Marowijne,marowijne,Marowijne,stm-gazetteer,stm-00363,1,Openbare DNA-vergadering_5 Februari 2010_006,derwijs | scholenbouw | onderwijzerswoningen | 80 lokalen | Marowijne | Commewijne | middelbare school.,true,high-precision
c9bfd599-91ed-7ad8-1d0e-64a776cdfd1d::701a99d0-b7da-cc57-cc8f-52aba58eeca3,c9bfd599-91ed-7ad8-1d0e-64a776cdfd1d,701a99d0-b7da-cc57-cc8f-52aba58eeca3,video,SR-NA_02_0281,Onbekend,description,place,street,Het Plein,het plein,Gouvernementsplein,paramaribo-street-standardization,,1,Netherlands' involvement in the slave trade making trillions of dollars,i. 1638: De eerste openbare slavenveiling wordt gehouden op het plein in het koloniale Jamestown. Een Afrikaan kost ongeveer zevenentwintig dollar. 1655: De Nederlandse kolonie Nieuw-Amster,true,high-precision
c9bfd599-91ed-7ad8-1d0e-64a776cdfd1d::701a99d0-b7da-cc57-cc8f-52aba58eeca3,c9bfd599-91ed-7ad8-1d0e-64a776cdfd1d,701a99d0-b7da-cc57-cc8f-52aba58eeca3,video,SR-NA_02_0281,Onbekend,description,place,street,Plein,plein,Gouvernementsplein,paramaribo-street-standardization,,1,Netherlands' involvement in the slave trade making trillions of dollars,638: De eerste openbare slavenveiling wordt gehouden op het plein in het koloniale Jamestown. Een Afrikaan kost ongeveer zevenentwintig dollar. 1655: De Nederlandse kolonie Nieuw-Amster,true,high-precision
c9bfd599-91ed-7ad8-1d0e-64a776cdfd1d::701a99d0-b7da-cc57-cc8f-52aba58eeca3,c9bfd599-91ed-7ad8-1d0e-64a776cdfd1d,701a99d0-b7da-cc57-cc8f-52aba58eeca3,video,SR-NA_02_0281,Onbekend,description,place,street,onbekend,onbekend,onbekend,paramaribo-street-standardization,,1,Netherlands' involvement in the slave trade making trillions of dollars,l in de slavenhandel wordt vaak over het hoofd gezien of is onbekend. Wanneer de natie de dappere koopvaarders en handelaren toost die de Nederlandse maritieme empire in de Gouden Eeuw heb,true,high-precision
c9bfd599-91ed-7ad8-1d0e-64a776cdfd1d::701a99d0-b7da-cc57-cc8f-52aba58eeca3,c9bfd599-91ed-7ad8-1d0e-64a776cdfd1d,701a99d0-b7da-cc57-cc8f-52aba58eeca3,video,SR-NA_02_0281,Onbekend,description,place,plantation,Batavia,batavia,Batavia,stm-gazetteer,stm-02099,1,Netherlands' involvement in the slave trade making trillions of dollars,"an hun meester of meesteres als hij het specifiek vroeg. In Batavia, het huidige Jakarta, het belangrijkste handelscentrum in wat nu Indonesië is, was er een grote ambachtswijk die goeder",true,high-precision
c9bfd599-91ed-7ad8-1d0e-64a776cdfd1d::701a99d0-b7da-cc57-cc8f-52aba58eeca3,c9bfd599-91ed-7ad8-1d0e-64a776cdfd1d,701a99d0-b7da-cc57-cc8f-52aba58eeca3,video,SR-NA_02_0281,Onbekend,description,place,plantation,Kaap de Goede Hoop,kaap de goede hoop,Kaap de Goede Hoop,stm-gazetteer,stm-01878,1,Netherlands' involvement in the slave trade making trillions of dollars,esluit slavernij als het belangrijkste arbeidssysteem in de Kaap de Goede Hoop in te voeren. 1790: De WIC staakt de handel als gevolg van groeiende abolitionistische bewegingen en slavenopstanden. 1,true,high-precision
2d933749-d734-7fe8-a7f9-6624ed874470::b8224f23-0255-f8e2-198c-6071c7f7867c,2d933749-d734-7fe8-a7f9-6624ed874470,b8224f23-0255-f8e2-198c-6071c7f7867c,video,SR-NA_02_0130,Onbekend,description,place,river,Para,para,Para,stm-gazetteer,stm-00290,1,Schoolgebouw en leeromgeving School Bernharddorp,"van de school St. Bernardusschool te Bernharddorp (district Para) zich bevind. De school is vaker het doelwit van inbraken, waarmee het grote schade heeft geleden aan het gebouw, meubi",true,high-precision
2c45a238-26bb-bbdb-3207-be21b8e75f7a::813b0272-7a50-db90-cb09-b5096fd46388,2c45a238-26bb-bbdb-3207-be21b8e75f7a,813b0272-7a50-db90-cb09-b5096fd46388,video,,Onbekend,description,place,plantation,Industrie,industrie,Industrie,stm-gazetteer,stm-00858,1,Interview Truideman met Glenn Gersie over valutaveiling,dat er overleg plaatsvindt met het ministerie van Handel en Industrie en de banken.,true,high-precision
6e75bdd9-142c-1f05-16e5-f664d3b98c73::5b5121f8-f373-8cb5-ba1a-3c19440c9518,6e75bdd9-142c-1f05-16e5-f664d3b98c73,5b5121f8-f373-8cb5-ba1a-3c19440c9518,video,SR-NA_02_0148,Onbekend,description,place,plantation,Industrie,industrie,Industrie,stm-gazetteer,stm-00858,1,Interview Truideman met Kaersenhout van HI,en Deviezencontrole (IUD) van het ministerie van Handel en Industrie (HI) die in het kader van de valutaveiliongen de nodige voorbereidingen heeft getroffen: E82-vergunning moet in orde z,true,high-precision
7dc97d7b-69c6-48de-0fb8-f21734501333::578961cb-bc55-b69a-86b5-de117356cb55,7dc97d7b-69c6-48de-0fb8-f21734501333,578961cb-bc55-b69a-86b5-de117356cb55,video,SR-NA_02_0132,Onbekend,description,place,river,Para,para,Para,stm-gazetteer,stm-00290,1,Bakstenen Tegelfabriek,"igen van bakstenen in het bedrijf Pemba Doti, onderdeel van Para Industries, in het district Para.",true,high-precision
cef7beb0-b51c-f393-cbb2-31105532a078::6a317f38-d7d1-f667-1726-dd27107b3b3c,cef7beb0-b51c-f393-cbb2-31105532a078,6a317f38-d7d1-f667-1726-dd27107b3b3c,image,SR-NA_03_0263,2004,description,place,plantation,Java,java,Java,stm-gazetteer,stm-00789,1,Wij en ons verleden - Geschiedenisboek voor groep 7/8,"). Hierna kwamen contractarbeiders uit India (Lalla Rookh), Java (Willem II) en China. Samen met Inheemsen, Europeanen en voormalige slaven ontstond het Surinaamse volk. Hoofdstuk 5 –",true,high-precision
32ff7f2e-5b0f-da77-48ba-247d85e01ddf::fa860a28-5652-3592-394b-45ece9a44d62,32ff7f2e-5b0f-da77-48ba-247d85e01ddf,fa860a28-5652-3592-394b-45ece9a44d62,video,SR-NA_02_0181,1993,description,place,plantation,Verwachting,verwachting,Verwachting,stm-gazetteer,stm-01187,1,NH-minister Harold Pollack over aangepast Kabaleboproject,eten dat een aangepaste versie van het Kabaleboproject naar verwachting al in 1997 of 1998 energie kan gaan leveren. Hij bevestigt dat de regering de verantwoordelijkheid heeft genomen om het,true,high-precision
5d9d561b-8fa6-bc14-43e2-419e73627c09::bd10b76e-8085-2093-12fc-0df02864518b,5d9d561b-8fa6-bc14-43e2-419e73627c09,bd10b76e-8085-2093-12fc-0df02864518b,video,SR-NA_02_0166,1993,description,place,plantation,Industrie,industrie,Industrie,stm-gazetteer,stm-00858,1,Interview met vicepresident Jules Ajodhia over consumentenwet,"ering in studie heeft gehad. Minister van Arbeid, Handel en Industrie en Justitie & Politie hebben die bekeken. De regering heeft deze wet doen toekomen aan enkele wetgevingsjuristen uit Ne",true,high-precision
26d02a90-0771-c9bd-6f35-4729b74bfab8::13603670-a456-e5df-3dba-ab5ce675a136,26d02a90-0771-c9bd-6f35-4729b74bfab8,13603670-a456-e5df-3dba-ab5ce675a136,video,SR-NA_02_0225_004,Onbekend,title,place,river,Para,para,Para,stm-gazetteer,stm-00290,1,Cassavefabriek Para,Cassavefabriek Para,true,high-precision
26d02a90-0771-c9bd-6f35-4729b74bfab8::13603670-a456-e5df-3dba-ab5ce675a136,26d02a90-0771-c9bd-6f35-4729b74bfab8,13603670-a456-e5df-3dba-ab5ce675a136,video,SR-NA_02_0225_004,Onbekend,description,place,river,Para,para,Para,stm-gazetteer,stm-00290,1,Cassavefabriek Para,"discussie over de eigendomskwestie van de cassavefabriek in Para, Suriname. Ondanks dat de fabriek met overheidsgeld (meer dan 10 miljoen SRD) is gebouwd, is er onduidelijkheid over de",true,high-precision
5e69ee93-188a-a27c-0812-4d32b152b6db::dc6071bf-f76b-d6bc-f2f1-1a19e6bc7f28,5e69ee93-188a-a27c-0812-4d32b152b6db,dc6071bf-f76b-d6bc-f2f1-1a19e6bc7f28,video,SR-NA_02_0195,Onbekend,description,place,plantation,Harmonie,harmonie,Harmonie,plantages-dataset,,1,Pinkstertoespraak Johan Adolf Pengel,"oodschap uit te dragen. Met een natuurschets (dieren die in harmonie samenleven, een leeuw die treurt om zijn gestorven partner) laat hij zien dat zelfs wilde dieren meer saamhorigheid ton",true,high-precision
7707b400-63c4-2047-1e97-201e9b5d5dd8::287c71cc-f2eb-9efa-6073-f15d2f419612,7707b400-63c4-2047-1e97-201e9b5d5dd8,287c71cc-f2eb-9efa-6073-f15d2f419612,video,SR-NA_02_0214,Obekend,description,place,plantation,De Beste,de beste,De Beste,stm-gazetteer,stm-01145,1,Thersa Wong Swie San presenteert het verhaal van Staatsolie-grondlegger Eddy Jharap,"emand Hindostaans, Creools of Chinees was. Ik keek naar wie de beste persoon was."" Het werd de basis voor het unieke, diverse team dat Staatsolie zou runnen. Doorzettingsvermogen werd zijn",true,high-precision
8b7a00f1-9a00-f558-1bf6-5d95662b2e3b::745d7ef4-425a-17ae-29ad-f8813e8008a9,8b7a00f1-9a00-f558-1bf6-5d95662b2e3b,745d7ef4-425a-17ae-29ad-f8813e8008a9,video,SR-NA_02_0196,Onbekend,description,place,river,Nickerie,nickerie,Nickerie,stm-gazetteer,stm-00261,1,Persconferentie Pengel over Blommestein Waterkrachtproject en Bauxietsector,Watervoorziening voor landbouw (rijst) in Wageningen en het Nickeriegebied. Het alternatief kost 3 miljoen dollar (helft van het oorspronkelijke stuwdamproject van 6 miljoen). Voordelen: S,true,high-precision
8b7a00f1-9a00-f558-1bf6-5d95662b2e3b::745d7ef4-425a-17ae-29ad-f8813e8008a9,8b7a00f1-9a00-f558-1bf6-5d95662b2e3b,745d7ef4-425a-17ae-29ad-f8813e8008a9,video,SR-NA_02_0196,Onbekend,description,place,plantation,Braak,braak,Braak,stm-gazetteer,stm-02244,1,Persconferentie Pengel over Blommestein Waterkrachtproject en Bauxietsector,"r naar bestaande en nieuwe gebieden (o.a. 11.000 hectare nu braak in Nickerie). Extra rijstopbrengst van 50.600 ton/jaar (6,5 miljoen Surinaamse gulden). Vermindert seizoenswerkloosheid",true,high-precision
8b7a00f1-9a00-f558-1bf6-5d95662b2e3b::745d7ef4-425a-17ae-29ad-f8813e8008a9,8b7a00f1-9a00-f558-1bf6-5d95662b2e3b,745d7ef4-425a-17ae-29ad-f8813e8008a9,video,SR-NA_02_0196,Onbekend,description,place,plantation,Industrie,industrie,Industrie,stm-gazetteer,stm-00858,1,Persconferentie Pengel over Blommestein Waterkrachtproject en Bauxietsector,"e haven aan de Quarantaine (gunstig voor bauxietverwerkende industrie, smelterijen, enz.). Besparing en herbesteding van EEG-geld: Door dit goedkopere alternatief blijft van de EG-hulp (cir",true,high-precision
b51ef5f5-7d64-c274-322f-5c1da054778a::1aab672b-8651-51ea-2116-443a6b832ab4,b51ef5f5-7d64-c274-322f-5c1da054778a,1aab672b-8651-51ea-2116-443a6b832ab4,video,SR-NA_02_0191,Onbekend,description,place,plantation,Industrie,industrie,Industrie,stm-gazetteer,stm-00858,1,RVDS-film over Suriname,"r morgen. Energie wordt bereid en zal straks dienen voor de industrie, de akker brengt zijn vruchten op en het bos levert het brood voor allen die wonen onder de Surinaamse vlag, inclusief",true,high-precision
c0a0cdd4-e0a6-fada-3538-339974e75058::4bf47167-8360-e357-bdba-62596000008f,c0a0cdd4-e0a6-fada-3538-339974e75058,4bf47167-8360-e357-bdba-62596000008f,video,SR-NA_02_0211,Obekend,description,place,plantation,Cayenne,cayenne,Cayenne,stm-gazetteer,stm-01366,1,Lachmon en Nooitmeer over Kourou-Akkoord,egering en het Jungle Commando. Het overleg vindt plaats in Cayenne (Frans-Guyana) onder toezicht van de Franse autoriteiten en in aanwezigheid van een vertegenwoordiger van de Organisati,true,high-precision
02d6acea-f882-598a-d896-55879023a241::8763de9a-0788-aeae-fd90-572ffbf56306,02d6acea-f882-598a-d896-55879023a241,8763de9a-0788-aeae-fd90-572ffbf56306,video,SR-NA_02_0246,1/Dec/47,personsRaw,person,person,Bioscoopjournaals,bioscoopjournaals,Bioscoopjournaals,nas-persons-field,,1,Bauxietmijnen in Suriname,Bioscoopjournaals,true,high-precision
08db7ffb-af4f-a4af-a870-a0776ffa27c9::b7a67b35-51f4-7c4b-046a-a309da1607fb,08db7ffb-af4f-a4af-a870-a0776ffa27c9,b7a67b35-51f4-7c4b-046a-a309da1607fb,video,SR-NA_02_0261,1 augustus 1961,personsRaw,person,person,Bioscoopjournaals,bioscoopjournaals,Bioscoopjournaals,nas-persons-field,,1,Seniorendag,Bioscoopjournaals,true,high-precision
0b879f5c-ea25-912a-d1a8-0ce140c1f986::6a7bd4be-800a-5d88-f1c7-2bf31e0e2f97,0b879f5c-ea25-912a-d1a8-0ce140c1f986,6a7bd4be-800a-5d88-f1c7-2bf31e0e2f97,video,SR-NA_02_0259,1 oktober 1961,personsRaw,person,person,Bioscoopjournaals,bioscoopjournaals,Bioscoopjournaals,nas-persons-field,,1,"Sport-Marathon, 10km race",Bioscoopjournaals,true,high-precision
160b3786-cfda-4a81-e505-c2b052759ce8::e76d1b7b-7a7b-fe82-e728-47438f9f2822,160b3786-cfda-4a81-e505-c2b052759ce8,e76d1b7b-7a7b-fe82-e728-47438f9f2822,video,SR-NA_02_0242,1 Sep 1971,personsRaw,person,person,Bioscoopjournaals,bioscoopjournaals,Bioscoopjournaals,nas-persons-field,,1,Stakingen in Paramaribo,Bioscoopjournaals,true,high-precision
1ae41bb0-53e2-079c-f3d6-c472994705fb::dfdd2676-89d1-2fc7-79bc-c535acb98cbc,1ae41bb0-53e2-079c-f3d6-c472994705fb,dfdd2676-89d1-2fc7-79bc-c535acb98cbc,video,SR-NA_02_0243,1 september 1973,personsRaw,person,person,Bioscoopjournaals,bioscoopjournaals,Bioscoopjournaals,nas-persons-field,,1,EBGS in Suriname,Bioscoopjournaals,true,high-precision
3ac23a8e-3271-08dd-8a87-7d781f2a9f7f::1a7d50b0-e89a-badd-fb53-be7c2acd42c5,3ac23a8e-3271-08dd-8a87-7d781f2a9f7f,1a7d50b0-e89a-badd-fb53-be7c2acd42c5,video,SR-NA_02_0257,1/Nov/64,personsRaw,person,person,Bioscoopjournaals,bioscoopjournaals,Bioscoopjournaals,nas-persons-field,,1,Schoonheidswedstrijd,Bioscoopjournaals,true,high-precision
44843657-3859-d989-0432-bb494730844d::26e285cd-029b-d4d1-dde7-6d5b26de2343,44843657-3859-d989-0432-bb494730844d,26e285cd-029b-d4d1-dde7-6d5b26de2343,video,SR-NA_02_0256,6 oktober 1933,personsRaw,person,person,Bioscoopjournaals,bioscoopjournaals,Bioscoopjournaals,nas-persons-field,,1,Vertrek professor Kielstra,Bioscoopjournaals,true,high-precision
497418f5-7911-04b6-d30a-5831a0a417a7::be104e96-cb8c-5f88-d11c-7c29f4fc3f13,497418f5-7911-04b6-d30a-5831a0a417a7,be104e96-cb8c-5f88-d11c-7c29f4fc3f13,video,SR-NA_02_0252,1/Jan/65,personsRaw,person,person,Bioscoopjournaals,bioscoopjournaals,Bioscoopjournaals,nas-persons-field,,1,Visit of Prime Minister Marijnen aan Suriname,Bioscoopjournaals,true,high-precision
4b55605f-ec7b-125e-9564-cad3b4396bb4::3ec05cd7-33d9-2a0c-b284-afcfa7c636ba,4b55605f-ec7b-125e-9564-cad3b4396bb4,3ec05cd7-33d9-2a0c-b284-afcfa7c636ba,video,SR-NA_02_0248,15 November 1961,personsRaw,person,person,Bioscoopjournaals,bioscoopjournaals,Bioscoopjournaals,nas-persons-field,,1,Bouw Sluizencomplex en opening sluis en brug,Bioscoopjournaals,true,high-precision
52400ee8-c184-6605-dc64-cf26e2b22455::ff0dd1ad-c3b1-ff7c-9f85-518e830a8b82,52400ee8-c184-6605-dc64-cf26e2b22455,ff0dd1ad-c3b1-ff7c-9f85-518e830a8b82,video,SR-NA_02_0244,1/Dec/73,personsRaw,person,person,Bioscoopjournaals,bioscoopjournaals,Bioscoopjournaals,nas-persons-field,,1,Verkiezingsstrijd in Suriname,Bioscoopjournaals,true,high-precision
5dbf8a06-4809-53d0-051a-25a7f756f5c3::fd22a1e3-3633-4da1-b8d1-3b4931541016,5dbf8a06-4809-53d0-051a-25a7f756f5c3,fd22a1e3-3633-4da1-b8d1-3b4931541016,video,SR-NA_02_0247,1/Apr/47,personsRaw,person,person,Bioscoopjournaals,bioscoopjournaals,Bioscoopjournaals,nas-persons-field,,1,Citrusteelt in Suriname,Bioscoopjournaals,true,high-precision
74253ce3-95ec-a766-cfd6-aeee5aee1d8b::02879376-fee1-85de-16d2-dc141822f093,74253ce3-95ec-a766-cfd6-aeee5aee1d8b,02879376-fee1-85de-16d2-dc141822f093,video,SR-NA_02_0228,1996,description,place,river,Para,para,Para,stm-gazetteer,stm-00290,1,ATV-Journaal 29 juni 1996,"heden aan te kaarten. Hij vindt het opvallend dat de NDP in Para 4 van de 5 resortzetels wint, maar slechts ‚‚n DNA-zetel behaalt. Volgens Boutersen heeft het Nieuw Front met 24 zetels",true,high-precision
74253ce3-95ec-a766-cfd6-aeee5aee1d8b::02879376-fee1-85de-16d2-dc141822f093,74253ce3-95ec-a766-cfd6-aeee5aee1d8b,02879376-fee1-85de-16d2-dc141822f093,video,SR-NA_02_0228,1996,description,place,plantation,Alida,alida,Alida,stm-gazetteer,stm-00718,1,ATV-Journaal 29 juni 1996,"d, terwijl een even groot aantal moet doorwerken. Het Miss Alida Contest wordt voor de vijfde keer georganiseerd. Co”rdinator Margot Kramp zegt dat het doel ? cultuur overdragen ? stee",true,high-precision
74253ce3-95ec-a766-cfd6-aeee5aee1d8b::02879376-fee1-85de-16d2-dc141822f093,74253ce3-95ec-a766-cfd6-aeee5aee1d8b,02879376-fee1-85de-16d2-dc141822f093,video,SR-NA_02_0228,1996,keywords,place,river,Para,para,Para,stm-gazetteer,stm-00290,1,ATV-Journaal 29 juni 1996,P | Nieuw Front | verkiezingen | onafhankelijk kiesbureau | Para | DNA-zetels | binnenland | decentralisatie | Janta-partij | JPS | DA91 | Pendewalima | Vincent Jesserun | Ronat Vincia,true,high-precision
74253ce3-95ec-a766-cfd6-aeee5aee1d8b::02879376-fee1-85de-16d2-dc141822f093,74253ce3-95ec-a766-cfd6-aeee5aee1d8b,02879376-fee1-85de-16d2-dc141822f093,video,SR-NA_02_0228,1996,keywords,place,plantation,Alida,alida,Alida,stm-gazetteer,stm-00718,1,ATV-Journaal 29 juni 1996,dien | ILO-conventies | vakantiewet | loonsverhoging | Miss Alida Contest | Margot Kramp | Bigi Kotho | Afro-cultuur | Feriari Oso Kotho | Sranantongo | zelfrespect | Acure | Afro-Srana,true,high-precision
7b33b87c-3b86-3957-79e3-98757922ccb5::78ed14d1-1aa1-5d5c-b071-bb8fc49d1f0c,7b33b87c-3b86-3957-79e3-98757922ccb5,78ed14d1-1aa1-5d5c-b071-bb8fc49d1f0c,video,SR-NA_02_0216,2008,description,place,street,Kwatta,kwatta,Kwatta,paramaribo-street-standardization,,1,Suriname vandaag over waterdag met Lesley Resida en Edmund Blufpand,"kkelingsgeld beschikbaar voor de aanpak van gebieden als de Kwatta Leidingen, Tamansari en het vervangen van leidingen in Mijnzorg. Maar het netwerk is vaak verouderd, op veel plekken be",true,high-precision
7b33b87c-3b86-3957-79e3-98757922ccb5::78ed14d1-1aa1-5d5c-b071-bb8fc49d1f0c,7b33b87c-3b86-3957-79e3-98757922ccb5,78ed14d1-1aa1-5d5c-b071-bb8fc49d1f0c,video,SR-NA_02_0216,2008,description,place,street,Wanica,wanica,Wanica,paramaribo-street-standardization,,1,Suriname vandaag over waterdag met Lesley Resida en Edmund Blufpand,"an het ministerie van Natuurlijke Hulpbronnen. Gebieden als Wanica Oost zijn al overgenomen, Wanica West en het district Saramacca volgen. De overname verloopt echter moeizaam. Blufpand",true,high-precision
7b33b87c-3b86-3957-79e3-98757922ccb5::78ed14d1-1aa1-5d5c-b071-bb8fc49d1f0c,7b33b87c-3b86-3957-79e3-98757922ccb5,78ed14d1-1aa1-5d5c-b071-bb8fc49d1f0c,video,SR-NA_02_0216,2008,description,place,river,Nickerie,nickerie,Nickerie,stm-gazetteer,stm-00261,1,Suriname vandaag over waterdag met Lesley Resida en Edmund Blufpand,"90 tot 95 procent in haar eigen gebieden, zoals Paramaribo, Nickerie, Albina en Moengo. Maar daarbuiten, met name in de districten, ligt de dekking op ongeveer zeventig procent. De SWM is",true,high-precision
816b3312-f41b-d6c4-9892-f21c317b3c3f::b97e324b-96bb-0c05-cd3e-68d71579650b,816b3312-f41b-d6c4-9892-f21c317b3c3f,b97e324b-96bb-0c05-cd3e-68d71579650b,video,SR-NA_02_0260,1 juni 1973,personsRaw,person,person,Bioscoopjournaals,bioscoopjournaals,Bioscoopjournaals,nas-persons-field,,1,Viering Hindostaanse Immigratie,Bioscoopjournaals,true,high-precision
883ea2ce-6115-58be-8646-35141a399f07::f9efa731-9b71-96cb-f7b8-0cf12e3b69e5,883ea2ce-6115-58be-8646-35141a399f07,f9efa731-9b71-96cb-f7b8-0cf12e3b69e5,video,SR-NA_02_0250,1 juli 1957,personsRaw,person,person,Bioscoopjournaals,bioscoopjournaals,Bioscoopjournaals,nas-persons-field,,1,Onderwijs in Suriname,Bioscoopjournaals,true,high-precision
96befecf-9699-b473-b329-358a7c308390::1fc3030e-0214-1ec3-93f1-d4659d8b442b,96befecf-9699-b473-b329-358a7c308390,1fc3030e-0214-1ec3-93f1-d4659d8b442b,video,SR-NA_02_0254,17 mei,personsRaw,person,person,Bioscoopjournaals,bioscoopjournaals,Bioscoopjournaals,nas-persons-field,,1,The Brokopondo project,Bioscoopjournaals,true,high-precision
a3f3fec7-823a-3e12-31d5-a32b00e81910::b63578b0-98df-d1c8-37e1-0d5765bbd109,a3f3fec7-823a-3e12-31d5-a32b00e81910,b63578b0-98df-d1c8-37e1-0d5765bbd109,video,SR-NA_02_0258,1 Februari 1948,description,place,plantation,Rotterdam,rotterdam,Rotterdam,stm-gazetteer,stm-00824,1,Rijst uit Suriname,"g in Suriname worden gefinancierd. SHOTS: In de haven van Rotterdam arriveert het schip ""Stuyvesant"" met aan boord de balen rijst. Het schip wordt gelost: hijskranen takelen de balen uit",true,high-precision
a3f3fec7-823a-3e12-31d5-a32b00e81910::b63578b0-98df-d1c8-37e1-0d5765bbd109,a3f3fec7-823a-3e12-31d5-a32b00e81910,b63578b0-98df-d1c8-37e1-0d5765bbd109,video,SR-NA_02_0258,1 Februari 1948,personsRaw,person,person,Bioscoopjournaals,bioscoopjournaals,Bioscoopjournaals,nas-persons-field,,1,Rijst uit Suriname,Bioscoopjournaals,true,high-precision
a6530969-fbe4-4cf5-de19-c464188a45e1::1d74c668-139c-85ef-194d-c711201359b8,a6530969-fbe4-4cf5-de19-c464188a45e1,1d74c668-139c-85ef-194d-c711201359b8,video,SR-NA_02_0230,1995,description,place,plantation,Industrie,industrie,Industrie,stm-gazetteer,stm-00858,1,Interview met Hildenberg van Financien aan Guyana,"ert onder andere projecten die temaken hebben met Landbouw, Industrie en Toerisme. Op 4 juli is het de toetredingsdag van Suriname binnen het Caricom en er wordt verwacht dat Suriname groot",true,high-precision
b33c0f71-531c-b45d-5811-338d82a5cf7b::c4888daa-02d9-f478-f2ca-761ba246a5e4,b33c0f71-531c-b45d-5811-338d82a5cf7b,c4888daa-02d9-f478-f2ca-761ba246a5e4,video,SR-NA_02_0262,1 april 1961,personsRaw,person,person,Bioscoopjournaals,bioscoopjournaals,Bioscoopjournaals,nas-persons-field,,1,Melkcentrale,Bioscoopjournaals,true,high-precision
b5ed61e3-2143-dee4-3995-d53c6006aa0a::d43e6437-cfeb-9454-c1c9-b89dc18c84eb,b5ed61e3-2143-dee4-3995-d53c6006aa0a,d43e6437-cfeb-9454-c1c9-b89dc18c84eb,video,SR-NA_02_0218,2008,description,place,river,Nickerie,nickerie,Nickerie,stm-gazetteer,stm-00261,1,ATV-journaal van 13 augustus 2015,"ntius Ziekenhuis, Diakonessenhuis, het Regionaal Ziekenhuis Nickerie en de Regionale Gezondheidsdienst. De training, georganiseerd door de WHO en Unicef en verzorgd door trainers van het",true,high-precision
b5ed61e3-2143-dee4-3995-d53c6006aa0a::d43e6437-cfeb-9454-c1c9-b89dc18c84eb,b5ed61e3-2143-dee4-3995-d53c6006aa0a,d43e6437-cfeb-9454-c1c9-b89dc18c84eb,video,SR-NA_02_0218,2008,description,place,plantation,Paradise,paradise,Paradise,stm-gazetteer,stm-01641,1,ATV-journaal van 13 augustus 2015,"jdelijke adsl-aansluiting geschonken aan de openbare school Paradise in Nickerie, een school voor buitengewoon onderwijs. Tegelijkertijd werd een cyberruimte in gebruik genomen. Schoolhoo",true,high-precision
bb706878-fd16-dfec-e87c-8e75bcc96b24::60d3e565-66bd-7f2c-aaf0-33ebea58a519,bb706878-fd16-dfec-e87c-8e75bcc96b24,60d3e565-66bd-7f2c-aaf0-33ebea58a519,video,SR-NA_02_0215,18 juli 2008,personsRaw,person,person,Imro Dawson,imro dawson,Imro Dawson,nas-persons-field,,1,STVS-Binnenlandsjournaal van 18 juli 2008,Imro Dawson,true,high-precision
bb706878-fd16-dfec-e87c-8e75bcc96b24::60d3e565-66bd-7f2c-aaf0-33ebea58a519,bb706878-fd16-dfec-e87c-8e75bcc96b24,60d3e565-66bd-7f2c-aaf0-33ebea58a519,video,SR-NA_02_0215,18 juli 2008,personsRaw,person,person,vaatchirurg,vaatchirurg,vaatchirurg,nas-persons-field,,1,STVS-Binnenlandsjournaal van 18 juli 2008,vaatchirurg,true,high-precision
bb706878-fd16-dfec-e87c-8e75bcc96b24::60d3e565-66bd-7f2c-aaf0-33ebea58a519,bb706878-fd16-dfec-e87c-8e75bcc96b24,60d3e565-66bd-7f2c-aaf0-33ebea58a519,video,SR-NA_02_0215,18 juli 2008,personsRaw,person,person,Peter Voight,peter voight,Peter Voight,nas-persons-field,,1,STVS-Binnenlandsjournaal van 18 juli 2008,Peter Voight,true,high-precision
bb706878-fd16-dfec-e87c-8e75bcc96b24::60d3e565-66bd-7f2c-aaf0-33ebea58a519,bb706878-fd16-dfec-e87c-8e75bcc96b24,60d3e565-66bd-7f2c-aaf0-33ebea58a519,video,SR-NA_02_0215,18 juli 2008,personsRaw,person,person,thoraxchirurg,thoraxchirurg,thoraxchirurg,nas-persons-field,,1,STVS-Binnenlandsjournaal van 18 juli 2008,thoraxchirurg,true,high-precision
bb706878-fd16-dfec-e87c-8e75bcc96b24::60d3e565-66bd-7f2c-aaf0-33ebea58a519,bb706878-fd16-dfec-e87c-8e75bcc96b24,60d3e565-66bd-7f2c-aaf0-33ebea58a519,video,SR-NA_02_0215,18 juli 2008,personsRaw,person,person,Eddy Joemmankhan,eddy joemmankhan,Eddy Joemmankhan,nas-persons-field,,1,STVS-Binnenlandsjournaal van 18 juli 2008,Eddy Joemmankhan,true,high-precision
bb706878-fd16-dfec-e87c-8e75bcc96b24::60d3e565-66bd-7f2c-aaf0-33ebea58a519,bb706878-fd16-dfec-e87c-8e75bcc96b24,60d3e565-66bd-7f2c-aaf0-33ebea58a519,video,SR-NA_02_0215,18 juli 2008,personsRaw,person,person,Gregory Rusland,gregory rusland,Gregory Rusland,nas-persons-field,,1,STVS-Binnenlandsjournaal van 18 juli 2008,Gregory Rusland,true,high-precision
bb706878-fd16-dfec-e87c-8e75bcc96b24::60d3e565-66bd-7f2c-aaf0-33ebea58a519,bb706878-fd16-dfec-e87c-8e75bcc96b24,60d3e565-66bd-7f2c-aaf0-33ebea58a519,video,SR-NA_02_0215,18 juli 2008,personsRaw,person,person,minister NH,minister nh,minister NH,nas-persons-field,,1,STVS-Binnenlandsjournaal van 18 juli 2008,minister NH,true,high-precision
c08c6e59-cd1d-65f9-792b-95a7f50cb2d0::3cfe535c-584d-a723-e1d2-97c124216720,c08c6e59-cd1d-65f9-792b-95a7f50cb2d0,3cfe535c-584d-a723-e1d2-97c124216720,video,SR-NA_02_0253,1/May/64,personsRaw,person,person,Bioscoopjournaals,bioscoopjournaals,Bioscoopjournaals,nas-persons-field,,1,Reservoir behind the Brokopondo Dam,Bioscoopjournaals,true,high-precision
db69429d-dfdf-15ba-537b-751f56d23622::ab8d58c3-fbf2-0f0a-1a5a-c73204e14aa3,db69429d-dfdf-15ba-537b-751f56d23622,ab8d58c3-fbf2-0f0a-1a5a-c73204e14aa3,video,SR-NA_02_0249,1 September 1947,personsRaw,person,person,Bioscoopjournaals,bioscoopjournaals,Bioscoopjournaals,nas-persons-field,,1,Cocosteelt in Suriname,Bioscoopjournaals,true,high-precision
dd903813-ae03-f716-f5ab-b384ecaa59d6::e952f7e0-2378-d0a8-86ff-c439cd562114,dd903813-ae03-f716-f5ab-b384ecaa59d6,e952f7e0-2378-d0a8-86ff-c439cd562114,video,SR-NA_02_0251,1 januari 1959,personsRaw,person,person,Bioscoopjournaals,bioscoopjournaals,Bioscoopjournaals,nas-persons-field,,1,Realization of the Brokopondo Plan,Bioscoopjournaals,true,high-precision
fb32fa38-edda-77a9-a0f9-5b1565d1c18c::361d1189-9ea9-826a-b75d-703b89f9463d,fb32fa38-edda-77a9-a0f9-5b1565d1c18c,361d1189-9ea9-826a-b75d-703b89f9463d,video,SR-NA_02_0245,1 Maart 1948,personsRaw,person,person,Bioscoopjournaals,bioscoopjournaals,Bioscoopjournaals,nas-persons-field,,1,Suikercultuur in Suriname,Bioscoopjournaals,true,high-precision
2a4ff686-cbce-4fa1-e1a5-20eb0ab2e1af::51458ae6-fd26-6e9b-d464-00502de98cdf,2a4ff686-cbce-4fa1-e1a5-20eb0ab2e1af,51458ae6-fd26-6e9b-d464-00502de98cdf,video,SR-NA_02_0591,Sep-87,title,place,river,Nickerie,nickerie,Nickerie,stm-gazetteer,stm-00261,1,Vergadering actiegroep Nickerie,Vergadering actiegroep Nickerie,true,high-precision
7b0c733f-0be9-2fd8-2f91-87c5dceeee69::06f198a7-6947-a62a-c4e1-69a69c879200,7b0c733f-0be9-2fd8-2f91-87c5dceeee69,06f198a7-6947-a62a-c4e1-69a69c879200,video,SR-NA_02_0510,Onbekend,title,place,plantation,Vier Kinderen,vier kinderen,Vier Kinderen,stm-gazetteer,stm-02237,1,Plantage Vier Kinderen,Plantage Vier Kinderen,true,high-precision
7b0c733f-0be9-2fd8-2f91-87c5dceeee69::06f198a7-6947-a62a-c4e1-69a69c879200,7b0c733f-0be9-2fd8-2f91-87c5dceeee69,06f198a7-6947-a62a-c4e1-69a69c879200,video,SR-NA_02_0510,Onbekend,description,place,plantation,Vier Kinderen,vier kinderen,Vier Kinderen,stm-gazetteer,stm-02237,1,Plantage Vier Kinderen,Plantage Vier Kinderen,true,high-precision
7d38a602-a375-5553-5682-07a5a88e9321::cea3004b-1bb1-d55c-5b76-f30d6a442919,7d38a602-a375-5553-5682-07a5a88e9321,cea3004b-1bb1-d55c-5b76-f30d6a442919,video,SR-NA_02_0503,Onbekend,description,place,street,Burenstraat,burenstraat,Burenstraat,paramaribo-street-standardization,,1,Vergadering KOB ivm vakbondsacties,Vergadering Katholieke Onderwijzersbond (KOB) aan de Burenstraat ivm vakbondsacties,true,high-precision
7ec917e7-ba6d-11b8-b054-fac243fe0962::067b5e5f-42b7-932c-f5ec-6dedfc40bf82,7ec917e7-ba6d-11b8-b054-fac243fe0962,067b5e5f-42b7-932c-f5ec-6dedfc40bf82,video,SR-NA_02_0521,Onbekend,title,place,street,Wanicastraat,wanicastraat,Wanicastraat,paramaribo-street-standardization,,1,Kerkdienst en Feest Sint Jozefschool Wanicastraat,Kerkdienst en Feest Sint Jozefschool Wanicastraat,true,high-precision
7ec917e7-ba6d-11b8-b054-fac243fe0962::067b5e5f-42b7-932c-f5ec-6dedfc40bf82,7ec917e7-ba6d-11b8-b054-fac243fe0962,067b5e5f-42b7-932c-f5ec-6dedfc40bf82,video,SR-NA_02_0521,Onbekend,description,place,street,Wanicastraat,wanicastraat,Wanicastraat,paramaribo-street-standardization,,1,Kerkdienst en Feest Sint Jozefschool Wanicastraat,"Kerkdienst en Feest Sint Jozefschool aan de Wanicastraat, thans de Johan Adolf Pengelstraat",true,high-precision
946f2a05-34d3-5063-a578-bb844abdbf73::356400c6-7415-7839-2abd-ee785a095194,946f2a05-34d3-5063-a578-bb844abdbf73,356400c6-7415-7839-2abd-ee785a095194,video,SR-NA_02_0540,1989,description,place,plantation,Dirkshoop,dirkshoop,Dirkshoop,stm-gazetteer,stm-01957,1,Aan en afkondiging van project Papierfabriek in Saramacca,g van plannen om een papierfabriek op te zetten te plantage Dirkshoop in Saramacca. De trekker van deze fabriek is Drs Ernie Brunings. De TV-opname voor deze bekendmaking is gemaakt aan de,true,high-precision
ba01b7a9-049c-e2a7-357f-5ccf7703f552::17483bc4-1b81-243b-4d5a-a9293b8de9a7,ba01b7a9-049c-e2a7-357f-5ccf7703f552,17483bc4-1b81-243b-4d5a-a9293b8de9a7,video,SR-NA_02_0518,Onbekend,title,place,street,Burenstraat,burenstraat,Burenstraat,paramaribo-street-standardization,,1,Vergadering KOB Burenstraat,Vergadering KOB Burenstraat,true,high-precision
ba01b7a9-049c-e2a7-357f-5ccf7703f552::17483bc4-1b81-243b-4d5a-a9293b8de9a7,ba01b7a9-049c-e2a7-357f-5ccf7703f552,17483bc4-1b81-243b-4d5a-a9293b8de9a7,video,SR-NA_02_0518,Onbekend,description,place,street,Burenstraat,burenstraat,Burenstraat,paramaribo-street-standardization,,1,Vergadering KOB Burenstraat,"het gebouw van de Katholieke Onderwijzersbond (KOB) aan de Burenstraat. Onder andere zijn te zien bondsbestuursleden Hendrik Sylvester, Victor Fer, Dayanand Dwarka.",true,high-precision
28b836f3-e053-d17b-9cec-6c6b7a8db971::,28b836f3-e053-d17b-9cec-6c6b7a8db971,,video,SR-NA_02_0666,1989,description,place,street,Gravenstraat,gravenstraat,Gravenstraat,paramaribo-street-standardization,,1,Eddy Sedoc buitenlandse delegatie-UM059,buitenlandse afvaardiging die hem op het ministerie aan de Gravenstraat een beleefdheidsbezoek bracht .,true,high-precision
37dc2c81-3a3d-0c53-b1e1-03cbf9b69874::08279899-7bd8-9836-9282-5f84c66007b0,37dc2c81-3a3d-0c53-b1e1-03cbf9b69874,08279899-7bd8-9836-9282-5f84c66007b0,video,SR-NA_02_0699,1989,description,place,plantation,Columbia,columbia,Columbia,stm-gazetteer,stm-01958,1,President Shankar terug van vergadering Brazilie,"in de moeilijke dagen veel geholpen. Shankar heeft ook met Columbia gesproken over samenwerking, onder andere op het gebied van drugsbestrijding. Ook met Guyana is er gesproken en voorst",true,high-precision
3eeb4a14-79c4-06bd-2158-88719d9f4cfe::eaed350d-1313-9249-4257-ae7aed56135d,3eeb4a14-79c4-06bd-2158-88719d9f4cfe,eaed350d-1313-9249-4257-ae7aed56135d,video,SR-NA_02_0687,1989,description,place,plantation,Pearl,pearl,Pearl,stm-gazetteer,stm-01613,1,Persconferentie SPA-bestuur,n voor problemen waarin het land verkeert. Partijsecretaris Pearl Antonius benadrukt dat Suriname zich op economisch- en sociale vlak in een crisis bevindt. Het Bureau Informatie Commun,true,high-precision
53dc8001-5681-1d33-3752-212562009c37::37b90df0-46b3-6ca0-2472-9ed3c25e5757,53dc8001-5681-1d33-3752-212562009c37,37b90df0-46b3-6ca0-2472-9ed3c25e5757,video,SR-NA_02_0626,26 Maart-1988,description,place,street,Rust en Vredestraat,rust en vredestraat,Rust en Vredestraat,paramaribo-street-standardization,,1,Prijsuitreiking internationale kunsttentoonstelling,elling werden in het gebouw van Centro Andres Bello -aan de Rust en Vredestraat (thans Fred Derbystraat) prijzen uitgereikt aan deelnemers van dit evenement.,true,high-precision
5bba9564-4957-3891-f3da-31ee2d820b2d::72cccf06-20ae-5586-a16d-032d511b654f,5bba9564-4957-3891-f3da-31ee2d820b2d,72cccf06-20ae-5586-a16d-032d511b654f,video,SR-NA_02_0634,29-Maart-1988,description,place,street,onbekend,onbekend,onbekend,paramaribo-street-standardization,,1,Brand KLM-kantoor Mirandastraat,dastraat is door brand verwoest. De oorzaak van de brand is onbekend en wordt door de politie onderzocht. De brand gebeurde tijdens het bezoek van de Nederlandse minister Hans van den Broe,true,high-precision
80b7addd-4186-2037-feff-12087cddad3b::a39f7e06-2b52-a987-c04b-14516b58c332,80b7addd-4186-2037-feff-12087cddad3b,a39f7e06-2b52-a987-c04b-14516b58c332,video,SR-NA_02_0672,1989,description,place,street,Burenstraat,burenstraat,Burenstraat,paramaribo-street-standardization,,1,Reunie SKS,Onderwijs. De renie werd gehouden in het KOB-gebouw aan de Burenstraat.,true,high-precision
84594961-1e63-7d43-1adb-9f6da930af1d::31b56a81-1b64-e181-609f-a43631689dbe,84594961-1e63-7d43-1adb-9f6da930af1d,31b56a81-1b64-e181-609f-a43631689dbe,video,SR-NA_02_0610,20 maart 1988,description,place,plantation,Industrie,industrie,Industrie,stm-gazetteer,stm-00858,1,Lezing Platform Torarica,"n, onder wie: Tjan Gobardhan (latere minister van Handel en Industrie in het eerste kabinet van Ronald Venetiaan en archeoloog Benjamin Mitrasingh",true,high-precision
313dfa26-e1d2-cece-5506-7ec8663aac50::e805bfc9-153d-fef4-657d-4142a0fc9c10,313dfa26-e1d2-cece-5506-7ec8663aac50,e805bfc9-153d-fef4-657d-4142a0fc9c10,video,SR-NA_02_0306,17 maart 2015,description,place,river,Para,para,Para,stm-gazetteer,stm-00290,1,Woningbouwfabriek als verworvenheid van de regering-Bouterse,"er mý (zeer concurrerend). Er zijn modelwoningen gebouwd in Para (twee van 65 mý en twee van 75 mý), die positief zijn ontvangen door het publiek. Werkgelegenheid en overdracht: De fab",true,high-precision
313dfa26-e1d2-cece-5506-7ec8663aac50::e805bfc9-153d-fef4-657d-4142a0fc9c10,313dfa26-e1d2-cece-5506-7ec8663aac50,e805bfc9-153d-fef4-657d-4142a0fc9c10,video,SR-NA_02_0306,17 maart 2015,description,place,plantation,Smalkalden,smalkalden,Smalkalden,stm-gazetteer,stm-01343,1,Woningbouwfabriek als verworvenheid van de regering-Bouterse,"ting van een woningfabriek in Suriname. De fabriek staat op Smalkalden (1,5 hectare, beschikbaar gesteld door de overheid). De offici‰le opening vindt plaats op 25 en 30 maart, met aanwezigh",true,high-precision
3dbd035a-7b78-3e5e-9e25-2c00680a82cf::1bb23972-7af9-f4d1-490d-df21889a6e87,3dbd035a-7b78-3e5e-9e25-2c00680a82cf,1bb23972-7af9-f4d1-490d-df21889a6e87,video,SR-NA_02_0302,2015,description,place,plantation,De Verwachting,de verwachting,De Verwachting,stm-gazetteer,stm-01899,1,Coalitie NDP BEP DOE PALU en groep Sapoen,"afwezig omdat ze nog niet klaar waren met hun vraagstukken. De verwachting is dat de president snel gekozen kan worden. Potenti‰le coalitiepartners met de NDP: BEP, Palu en DOE hebben grote kans",true,high-precision
3dbd035a-7b78-3e5e-9e25-2c00680a82cf::1bb23972-7af9-f4d1-490d-df21889a6e87,3dbd035a-7b78-3e5e-9e25-2c00680a82cf,1bb23972-7af9-f4d1-490d-df21889a6e87,video,SR-NA_02_0302,2015,description,place,plantation,Verwachting,verwachting,Verwachting,stm-gazetteer,stm-01187,1,Coalitie NDP BEP DOE PALU en groep Sapoen,"ezig omdat ze nog niet klaar waren met hun vraagstukken. De verwachting is dat de president snel gekozen kan worden. Potenti‰le coalitiepartners met de NDP: BEP, Palu en DOE hebben grote kans",true,high-precision
43dfc82a-5576-11d3-a2f8-d2d8f3570233::2ea79c98-3f68-49da-5289-6483d27acca4,43dfc82a-5576-11d3-a2f8-d2d8f3570233,2ea79c98-3f68-49da-5289-6483d27acca4,video,SR-NA_02_0321,1967,description,place,river,Marowijne,marowijne,Marowijne,stm-gazetteer,stm-00363,1,Suriname-Albina-TRIS-1967,De mooie hoofdplaats van het Marowijne district. Kampement van Troepenmacht in Suriname - TRIS - in Albina. Oost Suriname aan de Marowijne rivier de grens met,true,high-precision
440fc14a-4b51-3b65-d69b-dbb384034fe6::a28d2480-4838-38f8-a4fe-a12ead24e3b7,440fc14a-4b51-3b65-d69b-dbb384034fe6,a28d2480-4838-38f8-a4fe-a12ead24e3b7,video,SR-NA_02_0325,2015,description,place,plantation,Verwachting,verwachting,Verwachting,stm-gazetteer,stm-01187,1,De grondenrechtenconferentie op Colakreek- Apintie-TV,"te reacties: Hugo Jabbini (gramangs): noemde de dag ?buiten verwachting? positief. Pleit voor aanpassing van grondwet en alle andere wetten om gewoonterechten niet slechts te betrekken, maar",true,high-precision
beda5a3d-54fe-e804-4872-188cf4706264::4263a2cf-24ce-ff7e-0aa7-30bd179969d6,beda5a3d-54fe-e804-4872-188cf4706264,4263a2cf-24ce-ff7e-0aa7-30bd179969d6,video,SR-NA_02_0312,2015,description,place,street,Wanica,wanica,Wanica,paramaribo-street-standardization,,1,Verworvenheden van de regering-Bouterse (2010-2015)-Deel 01,"gen in sportontwikkeling (o.a. in resort Houttuin, district Wanica, en nationaal niveau). Uitbreiding van de powerplant (energievoorziening) als onderdeel van de Vision 2020-agenda. Gron",true,high-precision
c67221a2-b345-d8fa-7c6c-5fa53c7a0359::800f7177-1d19-ca01-060c-3e55a162b399,c67221a2-b345-d8fa-7c6c-5fa53c7a0359,800f7177-1d19-ca01-060c-3e55a162b399,video,SR-NA_02_0310,2015,description,place,plantation,Industrie,industrie,Industrie,stm-gazetteer,stm-00858,1,Tweede kabinet Bouterse is een feit,en: Badrisingh Nirmala. Defensie: Benschop Ronny. Handel en Industrie: Burluson Siglin. Regionale Ontwikkeling: Dikan Edgar. Natuurlijke Hulpbronnen: Dodson Regillio. Financi‰n: Gilmore Hoe,true,high-precision
47827786-0649-1fc5-1978-4897cea57611::3c0cf741-2e2f-105d-d291-c7bf1e45b603,47827786-0649-1fc5-1978-4897cea57611,3c0cf741-2e2f-105d-d291-c7bf1e45b603,video,SR-NA_02_0726,Onbekend,description,place,street,Domineestraat,domineestraat,Domineestraat,paramaribo-street-standardization,,1,Protestvergadering leerkrachten in theater Bellevue,"wijsgevenden zijn bijeengekomen in theater Bellevue, aan de Domineestraat, om te praten over hun rechtspositie en slechte beloning. De leerkrachten willen een krachtiger signaal naar de regerin",true,high-precision
509f58ca-9685-abc1-8faf-fae5598670d7::90b8fbec-23eb-3927-cfc8-519833317c24,509f58ca-9685-abc1-8faf-fae5598670d7,90b8fbec-23eb-3927-cfc8-519833317c24,video,SR-NA_02_0739,Onbekend,description,place,street,Gravenstraat,gravenstraat,Gravenstraat,paramaribo-street-standardization,,1,Onderwijsminister Venetiaan over betaling studiebeurzen uit verdragsmiddelen,"inister Ronald Venetiaan zegt in het parlement -toen aan de Gravenstraat, thans Henk Arronstraat- dat het ministerie van Onderwijs voor het beschikbaar krijgen van deviezen een project ingedie",true,high-precision
60dc288d-343e-84d8-5c37-bc845833f4a3::52d7f2a1-828d-885f-8a70-5b28a86e51c0,60dc288d-343e-84d8-5c37-bc845833f4a3,52d7f2a1-828d-885f-8a70-5b28a86e51c0,video,SR-NA_02_0743,Onbekend,title,place,river,Nickerie,nickerie,Nickerie,stm-gazetteer,stm-00261,1,Vergadering SOB in Nickerie,Vergadering SOB in Nickerie,true,high-precision
60dc288d-343e-84d8-5c37-bc845833f4a3::52d7f2a1-828d-885f-8a70-5b28a86e51c0,60dc288d-343e-84d8-5c37-bc845833f4a3,52d7f2a1-828d-885f-8a70-5b28a86e51c0,video,SR-NA_02_0743,Onbekend,description,place,river,Nickerie,nickerie,Nickerie,stm-gazetteer,stm-00261,1,Vergadering SOB in Nickerie,penbare Onderwijzersbond (SOB) heeft in het Roshnie Theater Nickerie een vergadering gehouden over de wensen en grieven van het onderwijzendpersoneel in het westelijk district. De leden we,true,high-precision
86123e4f-8db1-af04-a563-3ae50e4d0207::90e58b90-6635-282c-2e14-ff1d4444774b,86123e4f-8db1-af04-a563-3ae50e4d0207,90e58b90-6635-282c-2e14-ff1d4444774b,video,SR-NA_02_0740,Onbekend,description,place,street,Gravenstraat,gravenstraat,Gravenstraat,paramaribo-street-standardization,,1,Sozavo-minister Soemita over voedselvoorziening Oost-Suriname,"aken en Volkshuisvesting zegt in het parlement -toen aan de Gravenstraat, thans Henk Arronstraat- dat de voedsel- en sociale voorzieningen in het Marowijnegebied, met name Moengo en Albina, in",true,high-precision
d391799d-b912-1c3f-a826-d80ce71d0f8f::5f6bce24-eec4-9799-8e12-f017982de26c,d391799d-b912-1c3f-a826-d80ce71d0f8f,5f6bce24-eec4-9799-8e12-f017982de26c,video,SR-NA_02_0706,1989,description,place,river,Para,para,Para,stm-gazetteer,stm-00290,1,Viering Billiton 50 jaar,"chappij Suriname (BMS) is op het emplacement te Onverdacht, Para, een gezellige dag georganiseerd voor de werknemers en hun gezinnen.",true,high-precision
dd54a901-1092-b275-668a-6955d22b73eb::571b6930-798d-f7bc-0a72-13f6566ef0cc,dd54a901-1092-b275-668a-6955d22b73eb,571b6930-798d-f7bc-0a72-13f6566ef0cc,video,SR-NA_02_0748,7 juli 1992,description,place,river,Nickerie,nickerie,Nickerie,stm-gazetteer,stm-00261,1,Conventie Districtraads in NIS,"k nog een interview met dhr Best, een districtsraadslid uit Nickerie.",true,high-precision
df339d16-60a0-72c7-67a6-a28fed85b9ab::7fdabe3c-b625-f95e-0438-2bcf70df628e,df339d16-60a0-72c7-67a6-a28fed85b9ab,7fdabe3c-b625-f95e-0438-2bcf70df628e,video,SR-NA_02_0746,Onbekend,description,place,river,Nickerie,nickerie,Nickerie,stm-gazetteer,stm-00261,1,Caribische rijstreus Manglie,documentaire wordt Manglie's Rijstbedrijf in Paramaribo en Nickerie voor het voetlicht gebracht. De kwaliteit van het beeldmateriaal is echter niet overal goed. Onder andere komen aan het,true,high-precision
81c0e627-66cc-1de1-b9e8-836af64997da::cb9f528b-f034-74b9-3f22-743d0bd95857,81c0e627-66cc-1de1-b9e8-836af64997da,cb9f528b-f034-74b9-3f22-743d0bd95857,video,SR-NA_02_0766,Onbekend,title,place,river,Nickerie,nickerie,Nickerie,stm-gazetteer,stm-00261,1,Bezoek_NH_minister_Polak_aan_Nickerie,Bezoek_NH_minister_Polak_aan_Nickerie,true,high-precision
81c0e627-66cc-1de1-b9e8-836af64997da::cb9f528b-f034-74b9-3f22-743d0bd95857,81c0e627-66cc-1de1-b9e8-836af64997da,cb9f528b-f034-74b9-3f22-743d0bd95857,video,SR-NA_02_0766,Onbekend,description,place,river,Nickerie,nickerie,Nickerie,stm-gazetteer,stm-00261,1,Bezoek_NH_minister_Polak_aan_Nickerie,n Natuurlijke Hulpbronnen doet bij een orientatiebezoek aan Nickerie een beroep op vooral de gemeenschap om zorgvuldig om te gaan met de watervoorziening zodat de regering niet steeds devi,true,high-precision
9c74d4a8-e927-5bfe-376f-50964cae98f5::36cb48af-a7ab-b0d4-a823-cdd253138342,9c74d4a8-e927-5bfe-376f-50964cae98f5,36cb48af-a7ab-b0d4-a823-cdd253138342,video,SR-NA_02_0765,Onbekend,description,place,plantation,Industrie,industrie,Industrie,stm-gazetteer,stm-00858,1,HI-minister Kalloe Beleid Welvaart en Geluk,ing. Minister Richard Kalloe van het minister van Handel en Industrie zegt dat de voornaamste oorzaken voor een zieke ecomonie weggemaakt zijn. Er waren meer uitgaven dan inkomsten en dat z,true,high-precision
d34dc00e-c890-a7f6-3236-a03b64bf3305::5e6a171f-9857-277b-0f6c-5b395aa99b75,d34dc00e-c890-a7f6-3236-a03b64bf3305,5e6a171f-9857-277b-0f6c-5b395aa99b75,video,SR-NA_02_0756,14 juli 1992,description,place,river,Para,para,Para,stm-gazetteer,stm-00290,1,Vrouwengroep NPS naar Para-Industries,"etracht een educatieve dagtocht met de vrouwen te maken. De Para Industries zijn dit jaar aangedaan om daar de economische activiteiten waar te nemen, zegt woordvoerdster Lygia Kraag-K",true,high-precision
08748cdd-9c55-d5a7-53c2-bc70543e5165::4bf94026-6a25-78a4-a9dc-6efbe99b562c,08748cdd-9c55-d5a7-53c2-bc70543e5165,4bf94026-6a25-78a4-a9dc-6efbe99b562c,video,SR-NA_02_0771,1993,title,place,river,Nickerie,nickerie,Nickerie,stm-gazetteer,stm-00261,1,VP bezoekt Nickerie,VP bezoekt Nickerie,true,high-precision
08748cdd-9c55-d5a7-53c2-bc70543e5165::4bf94026-6a25-78a4-a9dc-6efbe99b562c,08748cdd-9c55-d5a7-53c2-bc70543e5165,4bf94026-6a25-78a4-a9dc-6efbe99b562c,video,SR-NA_02_0771,1993,description,place,river,Nickerie,nickerie,Nickerie,stm-gazetteer,stm-00261,1,VP bezoekt Nickerie,Ajodhia brengt een beleefdheidsbezoek aan het rijstdistrict Nickerie,true,high-precision
0f2d8e6a-83ce-57be-70d3-566b86b6ad8d::e02fe829-7b94-a623-903f-7fb92211b853,0f2d8e6a-83ce-57be-70d3-566b86b6ad8d,e02fe829-7b94-a623-903f-7fb92211b853,video,SR-NA_02_0774,1993,title,place,plantation,Industrie,industrie,Industrie,stm-gazetteer,stm-00858,1,Interview Saira Imambaks met minister van Handel en Industrie,Interview Saira Imambaks met minister van Handel en Industrie,true,high-precision
0f2d8e6a-83ce-57be-70d3-566b86b6ad8d::e02fe829-7b94-a623-903f-7fb92211b853,0f2d8e6a-83ce-57be-70d3-566b86b6ad8d,e02fe829-7b94-a623-903f-7fb92211b853,video,SR-NA_02_0774,1993,description,place,plantation,Industrie,industrie,Industrie,stm-gazetteer,stm-00858,1,Interview Saira Imambaks met minister van Handel en Industrie,Minister Chan Gobardhan van het ministerie van Handel en Industrie bekent tegenover Saira Imambaks dat er sprake is van meel schaarste is en daardoor ook brood schaarste in Suriname. Het,true,high-precision
7f5f7808-1a1c-8af1-878c-a39033fc75a3::92f65381-e19a-c05e-44d1-d26c4bcc43e8,7f5f7808-1a1c-8af1-878c-a39033fc75a3,92f65381-e19a-c05e-44d1-d26c4bcc43e8,video,SR-NA_02_0781,1993,description,place,street,Keizerstraat,keizerstraat,Keizerstraat,paramaribo-street-standardization,,1,Beelden binnenstad Paramaribo,"Beelden van de binnenstad, Keizerstraat, in 1993.",true,high-precision
db16437a-13f6-9e9f-bc9e-f5a2746561c7::2fe76619-c4b5-a240-e918-868541109c20,db16437a-13f6-9e9f-bc9e-f5a2746561c7,2fe76619-c4b5-a240-e918-868541109c20,video,SR-NA_02_0792,1993,title,place,river,Nickerie,nickerie,Nickerie,stm-gazetteer,stm-00261,1,Brandstof leverantie Nickerie,Brandstof leverantie Nickerie,true,high-precision
db16437a-13f6-9e9f-bc9e-f5a2746561c7::2fe76619-c4b5-a240-e918-868541109c20,db16437a-13f6-9e9f-bc9e-f5a2746561c7,2fe76619-c4b5-a240-e918-868541109c20,video,SR-NA_02_0792,1993,description,place,river,Nickerie,nickerie,Nickerie,stm-gazetteer,stm-00261,1,Brandstof leverantie Nickerie,ronnen zegt dat voor wat betreft de brandstof leverantie in Nickerie er geen problemen zijn met diesel. Er is voldoende diesel voor de productie sector. Aan gasoline is er naar zeggen van,true,high-precision
eb8b8e8b-c644-1ee2-e669-0a7e9d6991fb::4e15fd1e-ba2c-07c5-7e9d-303b158c154a,eb8b8e8b-c644-1ee2-e669-0a7e9d6991fb,4e15fd1e-ba2c-07c5-7e9d-303b158c154a,video,SR-NA_02_0937,Onbekend,keywords,place,street,Gravenstraat,gravenstraat,Gravenstraat,paramaribo-street-standardization,,1,Lachmon in programma NOS 1989,jkheidsplein | Staten van Suriname | Wilhelmina | Lachmon | Gravenstraat | Frank Playfair,true,high-precision
7492e217-0403-8712-43df-45872bfd2674::48d89248-6c88-1d56-69c7-22824b84486d,7492e217-0403-8712-43df-45872bfd2674,48d89248-6c88-1d56-69c7-22824b84486d,video,SR-NA_02_0369,September 2014,personsRaw,person,person,Roy Shyamnarain,roy shyamnarain,Roy Shyamnarain,nas-persons-field,,1,Marki Uitdagingen Verworvenheden Runaldo Ronald Venetiaan,Roy Shyamnarain,true,high-precision
7492e217-0403-8712-43df-45872bfd2674::48d89248-6c88-1d56-69c7-22824b84486d,7492e217-0403-8712-43df-45872bfd2674,48d89248-6c88-1d56-69c7-22824b84486d,video,SR-NA_02_0369,September 2014,personsRaw,person,person,Cor Pigot,cor pigot,Cor Pigot,nas-persons-field,,1,Marki Uitdagingen Verworvenheden Runaldo Ronald Venetiaan,Cor Pigot,true,high-precision
7492e217-0403-8712-43df-45872bfd2674::48d89248-6c88-1d56-69c7-22824b84486d,7492e217-0403-8712-43df-45872bfd2674,48d89248-6c88-1d56-69c7-22824b84486d,video,SR-NA_02_0369,September 2014,personsRaw,person,person,Sandra Goedhoop,sandra goedhoop,Sandra Goedhoop,nas-persons-field,,1,Marki Uitdagingen Verworvenheden Runaldo Ronald Venetiaan,Sandra Goedhoop,true,high-precision
7492e217-0403-8712-43df-45872bfd2674::48d89248-6c88-1d56-69c7-22824b84486d,7492e217-0403-8712-43df-45872bfd2674,48d89248-6c88-1d56-69c7-22824b84486d,video,SR-NA_02_0369,September 2014,personsRaw,person,person,Anthony Caram,anthony caram,Anthony Caram,nas-persons-field,,1,Marki Uitdagingen Verworvenheden Runaldo Ronald Venetiaan,Anthony Caram,true,high-precision
7492e217-0403-8712-43df-45872bfd2674::48d89248-6c88-1d56-69c7-22824b84486d,7492e217-0403-8712-43df-45872bfd2674,48d89248-6c88-1d56-69c7-22824b84486d,video,SR-NA_02_0369,September 2014,personsRaw,person,person,Dorothy Hoever,dorothy hoever,Dorothy Hoever,nas-persons-field,,1,Marki Uitdagingen Verworvenheden Runaldo Ronald Venetiaan,Dorothy Hoever,true,high-precision