recordKey,detailId,mediaId,segmentIndex,tcStart,tcEnd,startSeconds,endSeconds,segmentLabel,transcriptSnippet,personMentions,placeMentions,confidence,reviewedBy
000fe37b-954e-bb37-c9c5-0ef7b2df0190::d0a6021c-c94b-476d-be61-01806cb788f5,000fe37b-954e-bb37-c9c5-0ef7b2df0190,d0a6021c-c94b-476d-be61-01806cb788f5,1,00:00:00.000,00:00:49.000,0,49,full item,,,,,
0043503b-40ca-56bc-01ae-509818ac5747::470124a3-a9e8-c8fb-eb59-d6e0ee86de1a,0043503b-40ca-56bc-01ae-509818ac5747,470124a3-a9e8-c8fb-eb59-d6e0ee86de1a,1,00:00:00.000,00:07:46.000,0,466,full item,,,,,
004aae29-a924-c1b6-18a5-e40a4a8fbc94::cb5e0263-d9f0-c8cb-7d94-dafee0b10f00,004aae29-a924-c1b6-18a5-e40a4a8fbc94,cb5e0263-d9f0-c8cb-7d94-dafee0b10f00,1,00:00:00.000,00:03:30.000,0,210,full item,,,,,
00795a09-c008-fca0-11a9-20c1ba8eb413::3bc47e3a-dd01-46c6-9c24-573ad3258dae,00795a09-c008-fca0-11a9-20c1ba8eb413,3bc47e3a-dd01-46c6-9c24-573ad3258dae,1,00:00:00.000,00:10:05.000,0,605,full item,,,,,
00b1f295-7f80-f141-c491-658bd365bbf0::8cfa609c-175d-5116-9b2d-644cdbda8748,00b1f295-7f80-f141-c491-658bd365bbf0,8cfa609c-175d-5116-9b2d-644cdbda8748,1,00:00:00.000,00:04:25.000,0,265,full item,,,,,
013bb184-2309-5fd7-301a-795f09b58190::104b2563-1b52-d4db-f44f-474ec1e7ee80,013bb184-2309-5fd7-301a-795f09b58190,104b2563-1b52-d4db-f44f-474ec1e7ee80,1,00:00:00.000,00:01:11.000,0,71,full item,,,,,
016a3b91-5ab0-1935-355c-de83dbf513d2::267dc767-5508-a49f-fade-f55e3cc5726e,016a3b91-5ab0-1935-355c-de83dbf513d2,267dc767-5508-a49f-fade-f55e3cc5726e,1,00:00:00.000,00:00:34.000,0,34,full item,,,,,
017b244b-bfd3-4fb1-24c8-86f7e7814f8b::074ca9c2-0ee5-caf7-86e4-316d06bbd47e,017b244b-bfd3-4fb1-24c8-86f7e7814f8b,074ca9c2-0ee5-caf7-86e4-316d06bbd47e,1,00:00:00.000,00:25:16.000,0,1516,full item,,,,,
01a2cf86-3aea-dbba-5469-5f33c893ef13::aebe8007-5ded-df0d-0fc8-cd4db527c78d,01a2cf86-3aea-dbba-5469-5f33c893ef13,aebe8007-5ded-df0d-0fc8-cd4db527c78d,1,00:00:00.000,00:28:26.000,0,1706,full item,,,,,
01e920f3-90ca-0000-1a01-3b43cbed2abe::21fd7c2f-613f-7865-8f97-92c39ca38b25,01e920f3-90ca-0000-1a01-3b43cbed2abe,21fd7c2f-613f-7865-8f97-92c39ca38b25,1,00:00:00.000,00:03:33.000,0,213,full item,,,,,
021bffb7-90fe-1643-f611-93c10557a95a::fa4a2b13-0665-d00b-cf26-70fa97bf16b4,021bffb7-90fe-1643-f611-93c10557a95a,fa4a2b13-0665-d00b-cf26-70fa97bf16b4,1,00:00:00.000,00:19:47.000,0,1187,full item,,,,,
023dbc6e-98f0-89d9-8fde-f5ea83a4369c::8c1a0741-6163-a207-6f78-94a3b2274194,023dbc6e-98f0-89d9-8fde-f5ea83a4369c,8c1a0741-6163-a207-6f78-94a3b2274194,1,00:00:00.000,00:06:44.000,0,404,full item,,,,,
025b7e93-ca0f-845d-2aae-9b126fdc2c98::0864f11b-dc02-370c-80fc-ffb0384e3c58,025b7e93-ca0f-845d-2aae-9b126fdc2c98,0864f11b-dc02-370c-80fc-ffb0384e3c58,1,00:00:00.000,00:01:58.000,0,118,full item,,,,,
02db496d-b4f9-e283-9126-c3b6244d3520::0687a3c2-4042-cb3b-166e-84c82641fe8a,02db496d-b4f9-e283-9126-c3b6244d3520,0687a3c2-4042-cb3b-166e-84c82641fe8a,1,00:00:00.000,00:27:40.000,0,1660,full item,,,,,
02e84401-4a29-d23a-1410-aa8d7fbc3b06::29499bf3-6e23-8063-260c-844a6ef51de7,02e84401-4a29-d23a-1410-aa8d7fbc3b06,29499bf3-6e23-8063-260c-844a6ef51de7,1,00:00:00.000,00:02:12.000,0,132,full item,,,,,
03231f7f-0c54-d28e-61a7-2caf42a714a0::43a53167-5854-3626-77b5-6ea602f44b0a,03231f7f-0c54-d28e-61a7-2caf42a714a0,43a53167-5854-3626-77b5-6ea602f44b0a,1,00:00:00.000,00:28:26.000,0,1706,full item,,,,,
034ac2bc-6d65-24cd-ad88-fe4bdfa06b7d::f1c1960a-7cf6-1aea-4c10-27040a5d673c,034ac2bc-6d65-24cd-ad88-fe4bdfa06b7d,f1c1960a-7cf6-1aea-4c10-27040a5d673c,1,00:00:00.000,00:02:14.000,0,134,full item,,,,,
036f72b0-e7e2-760b-ab41-5b3bc4829485::b6160be5-159d-b66a-85a4-1120369bdbdb,036f72b0-e7e2-760b-ab41-5b3bc4829485,b6160be5-159d-b66a-85a4-1120369bdbdb,1,00:00:00.000,00:35:29.000,0,2129,full item,,,,,
038e4dec-7276-d43c-0212-2d08644717fb::777c1f48-cee0-35aa-80cb-fe38ec261696,038e4dec-7276-d43c-0212-2d08644717fb,777c1f48-cee0-35aa-80cb-fe38ec261696,1,00:00:00.000,00:22:55.000,0,1375,full item,,,,,
03a9f04b-9e59-a479-aa15-f80bba329684::36341947-2e27-a165-68f9-3d46a11f0c19,03a9f04b-9e59-a479-aa15-f80bba329684,36341947-2e27-a165-68f9-3d46a11f0c19,1,00:00:00.000,00:00:48.000,0,48,full item,,,,,
03ced134-f0bc-e672-150e-ab8df151a4b3::c6b8c84e-b049-80a4-b452-c5b9db36dea4,03ced134-f0bc-e672-150e-ab8df151a4b3,c6b8c84e-b049-80a4-b452-c5b9db36dea4,1,00:00:00.000,00:06:56.000,0,416,full item,,,,,
0449b24c-9922-1446-ed7c-7c7f0ea95ca4::d1f00aaa-6ac9-e200-a881-140c3bb75cda,0449b24c-9922-1446-ed7c-7c7f0ea95ca4,d1f00aaa-6ac9-e200-a881-140c3bb75cda,1,00:00:00.000,00:00:44.000,0,44,full item,,,,,
04623531-cef0-3e94-e235-c6cf605bcd4f::f93a51a8-23ff-89ad-e386-892584671566,04623531-cef0-3e94-e235-c6cf605bcd4f,f93a51a8-23ff-89ad-e386-892584671566,1,00:00:00.000,00:00:40.000,0,40,full item,,,,,
04c19565-4ff0-cffd-8b41-d8ba288be226::f74c8d60-9ef6-7b30-6a62-2d9badc9e720,04c19565-4ff0-cffd-8b41-d8ba288be226,f74c8d60-9ef6-7b30-6a62-2d9badc9e720,1,00:00:00.000,00:02:31.000,0,151,full item,,,,,
04de88ec-2182-91ef-8757-bdbe60656de6::1d40de6c-c93a-1f90-eefb-e0ae7981a3f4,04de88ec-2182-91ef-8757-bdbe60656de6,1d40de6c-c93a-1f90-eefb-e0ae7981a3f4,1,00:00:00.000,00:01:58.000,0,118,full item,,,,,
0519f252-eb93-230b-0458-936d074b033a::5ce72e33-dd21-615f-5680-5caa4d50920c,0519f252-eb93-230b-0458-936d074b033a,5ce72e33-dd21-615f-5680-5caa4d50920c,1,00:00:00.000,00:01:51.000,0,111,full item,,,,,
051b4785-4009-3214-2230-2d06fa0f594b::328867e4-dfb8-dfbf-8640-9b0326e3df45,051b4785-4009-3214-2230-2d06fa0f594b,328867e4-dfb8-dfbf-8640-9b0326e3df45,1,00:00:00.000,00:07:22.000,0,442,full item,,,,,
05446c84-02cc-c71a-025a-32fbd1d9d805::6c88fe76-8b78-4fce-f0f9-01732d1569a2,05446c84-02cc-c71a-025a-32fbd1d9d805,6c88fe76-8b78-4fce-f0f9-01732d1569a2,1,00:00:00.000,00:02:14.000,0,134,full item,,,,,
05477a05-0c7d-7ae2-3aa1-b625dff8af5f::beeaba1d-90a6-8945-be18-6b8888769800,05477a05-0c7d-7ae2-3aa1-b625dff8af5f,beeaba1d-90a6-8945-be18-6b8888769800,1,00:00:00.000,00:07:58.000,0,478,full item,,,,,
0599466d-cace-4dd8-8b10-e932972bf541::f965b7f9-b110-9f2e-c3d0-8fba70cbc03e,0599466d-cace-4dd8-8b10-e932972bf541,f965b7f9-b110-9f2e-c3d0-8fba70cbc03e,1,00:00:00.000,00:02:31.000,0,151,full item,,,,,
060e8b68-57ee-7548-4381-a2a0d2aaf27e::39b56a3a-e6c4-6303-c8ae-4558a32bf245,060e8b68-57ee-7548-4381-a2a0d2aaf27e,39b56a3a-e6c4-6303-c8ae-4558a32bf245,1,00:00:00.000,00:00:44.000,0,44,full item,,,,,
065b1d2d-76ca-b5e8-14fc-76d7b512f10a::c4938e7c-53d6-9dbb-001c-4191be2bbe58,065b1d2d-76ca-b5e8-14fc-76d7b512f10a,c4938e7c-53d6-9dbb-001c-4191be2bbe58,1,00:00:00.000,00:09:42.000,0,582,full item,,,,,
0706e88f-693e-9414-ee3f-45d5ec036a6b::b8147f07-07aa-de59-2f6d-68b45af7d729,0706e88f-693e-9414-ee3f-45d5ec036a6b,b8147f07-07aa-de59-2f6d-68b45af7d729,1,00:00:00.000,00:05:31.000,0,331,full item,,,,,
079975c9-b0dd-6678-d838-602f2c8a668e::7f90d5a9-f9dd-15bc-40b8-a19cc3e54a1f,079975c9-b0dd-6678-d838-602f2c8a668e,7f90d5a9-f9dd-15bc-40b8-a19cc3e54a1f,1,00:00:00.000,00:08:09.000,0,489,full item,,,,,
084a6065-1d19-a425-e60b-3d82d070dc7b::25aedd8d-f713-4afb-1ad9-407d4ba18171,084a6065-1d19-a425-e60b-3d82d070dc7b,25aedd8d-f713-4afb-1ad9-407d4ba18171,1,00:00:00.000,00:06:10.000,0,370,full item,,,,,
08cdaf64-4008-ec8b-d193-78623fd717f3::009c33ae-286a-e4b5-704b-61270ba58dfe,08cdaf64-4008-ec8b-d193-78623fd717f3,009c33ae-286a-e4b5-704b-61270ba58dfe,1,00:00:00.000,00:01:09.000,0,69,full item,,,,,
090c8aac-13b8-9857-a065-cf53ec85d69b::6bb15664-23ca-447d-6612-b2a43e14bffb,090c8aac-13b8-9857-a065-cf53ec85d69b,6bb15664-23ca-447d-6612-b2a43e14bffb,1,00:00:00.000,00:03:41.000,0,221,full item,,,,,
0948dfa6-ffc0-902f-a12e-73e1b7703396::d51a4caa-b84b-9827-c80a-f76707ee068d,0948dfa6-ffc0-902f-a12e-73e1b7703396,d51a4caa-b84b-9827-c80a-f76707ee068d,1,00:00:00.000,00:32:54.000,0,1974,full item,,,,,
09bd10b2-6414-5c6d-f8cf-a43e12d77a2d::48842e52-75b5-ae8e-1f07-6cc24bd50dc2,09bd10b2-6414-5c6d-f8cf-a43e12d77a2d,48842e52-75b5-ae8e-1f07-6cc24bd50dc2,1,00:00:00.000,00:04:10.000,0,250,full item,,,,,
09f80d7d-1a03-9b01-77c9-2d8f071799b9::9cf166cd-230a-ac50-352f-c87beca8e4eb,09f80d7d-1a03-9b01-77c9-2d8f071799b9,9cf166cd-230a-ac50-352f-c87beca8e4eb,1,00:00:00.000,00:03:51.000,0,231,full item,,,,,
0a47622c-ee37-7e42-5c32-185aebe8a7de::a058d76b-aa47-81d9-32f5-8c6d2ae43bf4,0a47622c-ee37-7e42-5c32-185aebe8a7de,a058d76b-aa47-81d9-32f5-8c6d2ae43bf4,1,00:00:00.000,00:01:53.000,0,113,full item,,,,,
0b13fd05-ba26-f45e-56cc-5925987da616::5441a444-93fd-0ebb-f004-3f61cb5117bd,0b13fd05-ba26-f45e-56cc-5925987da616,5441a444-93fd-0ebb-f004-3f61cb5117bd,1,00:00:00.000,00:30:24.000,0,1824,full item,,,,,
0b304b8d-44f8-2909-d9c5-2e80e8b1f199::b2439540-d98c-2a34-e9f9-402455748448,0b304b8d-44f8-2909-d9c5-2e80e8b1f199,b2439540-d98c-2a34-e9f9-402455748448,1,00:00:00.000,00:01:46.000,0,106,full item,,,,,
0b56eb9a-3bed-ef9e-b08f-9d5c7ceda674::68398112-34b6-1c7f-e724-20a0c8bdd50c,0b56eb9a-3bed-ef9e-b08f-9d5c7ceda674,68398112-34b6-1c7f-e724-20a0c8bdd50c,1,00:00:00.000,00:01:56.000,0,116,full item,,,,,
0b6e583e-7681-b8cb-8b0c-7dd3b5c3e8e4::69bd10de-fe64-dd49-b1aa-4c90e0f9a736,0b6e583e-7681-b8cb-8b0c-7dd3b5c3e8e4,69bd10de-fe64-dd49-b1aa-4c90e0f9a736,1,00:00:00.000,00:01:28.000,0,88,full item,,,,,
0c0594cd-3c7a-9f06-459a-df6371bd4b6b::2e0e72c7-0ed4-4088-2965-d7c5c608706d,0c0594cd-3c7a-9f06-459a-df6371bd4b6b,2e0e72c7-0ed4-4088-2965-d7c5c608706d,1,00:00:00.000,00:03:34.000,0,214,full item,,,,,
0c3ebf2f-99aa-b349-12cc-e340920b750a::b4ec8b5e-4ac1-1677-07c5-248df8a1ce8b,0c3ebf2f-99aa-b349-12cc-e340920b750a,b4ec8b5e-4ac1-1677-07c5-248df8a1ce8b,1,00:00:00.000,00:01:46.000,0,106,full item,,,,,
0c790d38-4df9-9a1e-2913-1227a264dda8::f1a45694-95ec-a9b1-e265-77e9cefacdcd,0c790d38-4df9-9a1e-2913-1227a264dda8,f1a45694-95ec-a9b1-e265-77e9cefacdcd,1,00:00:00.000,00:22:00.000,0,1320,full item,,,,,
0cbd7749-5160-47e3-7719-72a684252e76::143ffdb5-2d43-c5ed-8291-103326147258,0cbd7749-5160-47e3-7719-72a684252e76,143ffdb5-2d43-c5ed-8291-103326147258,1,00:00:00.000,00:03:24.000,0,204,full item,,,,,
0da1e206-9e9f-6dd0-675b-6979f6e181d2::a055937f-0472-4af9-41f1-06e0725c7efb,0da1e206-9e9f-6dd0-675b-6979f6e181d2,a055937f-0472-4af9-41f1-06e0725c7efb,1,00:00:00.000,00:01:21.000,0,81,full item,,,,,
0daaddf1-337e-5285-5701-e42a67cdc93e::72f32f13-1e7d-0037-4fde-e0ceb054de3a,0daaddf1-337e-5285-5701-e42a67cdc93e,72f32f13-1e7d-0037-4fde-e0ceb054de3a,1,00:00:00.000,00:01:22.000,0,82,full item,,,,,
0dcb433e-7736-259c-4654-6a74fc72dfed::c8f89242-98d3-4b93-388b-a7930332013d,0dcb433e-7736-259c-4654-6a74fc72dfed,c8f89242-98d3-4b93-388b-a7930332013d,1,00:00:00.000,00:00:53.000,0,53,full item,,,,,
0dcd7c21-6e09-24c9-8935-e306de97e018::7fc9fd81-e242-ce3d-31e5-3a285f68f2a6,0dcd7c21-6e09-24c9-8935-e306de97e018,7fc9fd81-e242-ce3d-31e5-3a285f68f2a6,1,00:00:00.000,00:03:23.000,0,203,full item,,,,,
0e87abfa-99a1-c038-e07b-b35756a695d8::07cd9672-1a76-5fcf-d7fc-1a9766421e85,0e87abfa-99a1-c038-e07b-b35756a695d8,07cd9672-1a76-5fcf-d7fc-1a9766421e85,1,00:00:00.000,00:00:36.000,0,36,full item,,,,,
0e952e8b-a6eb-de67-8e35-c08e4d56f4ec::795a2162-b72c-59d0-e876-637748eec704,0e952e8b-a6eb-de67-8e35-c08e4d56f4ec,795a2162-b72c-59d0-e876-637748eec704,1,00:00:00.000,00:01:59.000,0,119,full item,,,,,
0ea2fdcf-ce94-8496-2f43-aebd1f98854f::7c6e12d9-cea4-fcb5-8aea-91fadd4407cf,0ea2fdcf-ce94-8496-2f43-aebd1f98854f,7c6e12d9-cea4-fcb5-8aea-91fadd4407cf,1,00:00:00.000,00:01:44.000,0,104,full item,,,,,
0f047382-c3eb-17d7-555c-2cc46cc671a5::8c5e994d-2a17-985a-40eb-c030f80fbcc9,0f047382-c3eb-17d7-555c-2cc46cc671a5,8c5e994d-2a17-985a-40eb-c030f80fbcc9,1,00:00:00.000,00:17:42.000,0,1062,full item,,,,,
0f4978ed-764f-0193-c1d9-d305231cc960::7569993a-d710-528e-a4d6-d85556afbf60,0f4978ed-764f-0193-c1d9-d305231cc960,7569993a-d710-528e-a4d6-d85556afbf60,1,00:00:00.000,00:02:44.000,0,164,full item,,,,,
0fc6ab8d-ed4c-a50e-05d8-4a9fce2ec959::c10c84af-380f-f567-d6f3-d8993f12cf88,0fc6ab8d-ed4c-a50e-05d8-4a9fce2ec959,c10c84af-380f-f567-d6f3-d8993f12cf88,1,00:00:00.000,00:01:07.000,0,67,full item,,,,,
0fd864fa-4fb9-0b3d-bf68-9cc0999446f0::780f91ed-4086-0923-d4f0-c7f6d8cf2926,0fd864fa-4fb9-0b3d-bf68-9cc0999446f0,780f91ed-4086-0923-d4f0-c7f6d8cf2926,1,00:00:00.000,00:00:55.000,0,55,full item,,,,,
10590dcf-c1f1-7303-ceb2-fcef07ae2982::438ef714-ac82-78c3-76ec-b3dafb069085,10590dcf-c1f1-7303-ceb2-fcef07ae2982,438ef714-ac82-78c3-76ec-b3dafb069085,1,00:00:00.000,00:33:14.000,0,1994,full item,,,,,
10e77cce-4745-cd22-9cdd-347d0ce18cc5::746c3ccb-f89c-99b1-70f2-b4aca10bcaae,10e77cce-4745-cd22-9cdd-347d0ce18cc5,746c3ccb-f89c-99b1-70f2-b4aca10bcaae,1,00:00:00.000,00:02:49.000,0,169,full item,,,,,
11315606-e40b-1641-ae4a-6834661b77fc::76451af7-1524-d9ae-2a1a-237717d893c1,11315606-e40b-1641-ae4a-6834661b77fc,76451af7-1524-d9ae-2a1a-237717d893c1,1,00:00:00.000,00:00:33.000,0,33,full item,,,,,
113914af-c9da-03ca-7025-ea532438750c::66e0b5b3-275c-31a1-7bd4-3a4f0b101152,113914af-c9da-03ca-7025-ea532438750c,66e0b5b3-275c-31a1-7bd4-3a4f0b101152,1,00:00:00.000,00:39:50.000,0,2390,full item,,,,,
115c3461-e3cb-844a-9655-b3dd4841a55e::ba77abd2-ee64-961d-d9a5-42a9db5b7329,115c3461-e3cb-844a-9655-b3dd4841a55e,ba77abd2-ee64-961d-d9a5-42a9db5b7329,1,00:00:00.000,00:03:47.000,0,227,full item,,,,,
11c7228f-9b6c-b029-6bbf-98f0f96a2ad4::94636342-247f-5f14-39fa-8b5a248874a6,11c7228f-9b6c-b029-6bbf-98f0f96a2ad4,94636342-247f-5f14-39fa-8b5a248874a6,1,00:00:00.000,00:07:58.000,0,478,full item,,,,,
130e3a02-acf5-3701-3bf9-4e486f02e734::17ffe86a-bd35-117c-3fb2-d5a2c211e81a,130e3a02-acf5-3701-3bf9-4e486f02e734,17ffe86a-bd35-117c-3fb2-d5a2c211e81a,1,00:00:00.000,00:01:36.000,0,96,full item,,,,,
139a76fb-3c54-8c7c-dd47-9bdc50744546::51c84a91-fe31-82a9-cb52-d089a49a7b52,139a76fb-3c54-8c7c-dd47-9bdc50744546,51c84a91-fe31-82a9-cb52-d089a49a7b52,1,00:00:00.000,00:05:41.000,0,341,full item,,,,,
139cb408-317c-1980-bf4a-4034e0633cf1::79094232-0441-45bb-7938-0ac182877cb2,139cb408-317c-1980-bf4a-4034e0633cf1,79094232-0441-45bb-7938-0ac182877cb2,1,00:00:00.000,00:10:00.000,0,600,full item,,,,,
141017c9-4f39-1215-77ec-ec20c32065a5::bc233cff-c736-cb1d-1593-38088a16753f,141017c9-4f39-1215-77ec-ec20c32065a5,bc233cff-c736-cb1d-1593-38088a16753f,1,00:00:00.000,00:01:00.000,0,60,full item,,,,,
146e942f-d46f-c849-f291-94cfab76a572::9dd64293-169c-1c45-9038-1210f1f9a842,146e942f-d46f-c849-f291-94cfab76a572,9dd64293-169c-1c45-9038-1210f1f9a842,1,00:00:00.000,00:01:05.000,0,65,full item,,,,,
1483a3ac-7304-b9e5-6c80-d3b1ca61163b::d831d51a-f6a0-1cff-7c60-edd4648192fa,1483a3ac-7304-b9e5-6c80-d3b1ca61163b,d831d51a-f6a0-1cff-7c60-edd4648192fa,1,00:00:00.000,00:03:10.000,0,190,full item,,,,,
14afdc1a-ef48-3268-7353-b048ec3f4316::acf3cb88-154a-a86c-a81d-3cde2aeee753,14afdc1a-ef48-3268-7353-b048ec3f4316,acf3cb88-154a-a86c-a81d-3cde2aeee753,1,00:00:00.000,00:17:57.000,0,1077,full item,,,,,
155f7ff4-791c-250e-6c7a-2340fbb0f740::3f1e6292-402e-9f3c-6e2b-f90191ecc121,155f7ff4-791c-250e-6c7a-2340fbb0f740,3f1e6292-402e-9f3c-6e2b-f90191ecc121,1,00:00:00.000,00:07:47.000,0,467,full item,,,,,
15f6574d-b9ce-d6ec-d6fd-38cfa82d444c::19c4b332-87db-43d4-8ca5-804227cee51b,15f6574d-b9ce-d6ec-d6fd-38cfa82d444c,19c4b332-87db-43d4-8ca5-804227cee51b,1,00:00:00.000,00:08:27.000,0,507,full item,,,,,
15f9c789-cda6-21f3-857a-f370f321babe::db2a34ed-b566-0f87-0467-14a3b184c146,15f9c789-cda6-21f3-857a-f370f321babe,db2a34ed-b566-0f87-0467-14a3b184c146,1,00:00:00.000,00:41:47.000,0,2507,full item,,,,,
1633432f-bf41-56f8-b2b3-a7838881693e::e4f5c81f-a471-8df0-aafa-17a01e0a135b,1633432f-bf41-56f8-b2b3-a7838881693e,e4f5c81f-a471-8df0-aafa-17a01e0a135b,1,00:00:00.000,00:27:53.000,0,1673,full item,,,,,
1654d726-51e5-2324-d9da-ab6fc9c689ba::704ea270-f8e9-cef7-52ec-a1a3bec0d115,1654d726-51e5-2324-d9da-ab6fc9c689ba,704ea270-f8e9-cef7-52ec-a1a3bec0d115,1,00:00:00.000,00:26:13.000,0,1573,full item,,,,,
16ae2429-2dd7-70aa-f96f-e42e83dbed3c::5ae6ac4c-139e-e480-153d-8ce3d92777da,16ae2429-2dd7-70aa-f96f-e42e83dbed3c,5ae6ac4c-139e-e480-153d-8ce3d92777da,1,00:00:00.000,00:01:40.000,0,100,full item,,,,,
16ce9de8-a4c9-f168-8788-b0a9da63398c::a25a51b2-3552-da9a-027d-10d30384e56a,16ce9de8-a4c9-f168-8788-b0a9da63398c,a25a51b2-3552-da9a-027d-10d30384e56a,1,00:00:00.000,00:06:03.000,0,363,full item,,,,,
175a6b6f-b4b0-68fa-240c-453f4e571435::d7291358-1d27-4e86-37a9-806fb69768a2,175a6b6f-b4b0-68fa-240c-453f4e571435,d7291358-1d27-4e86-37a9-806fb69768a2,1,00:00:00.000,00:03:33.000,0,213,full item,,,,,
179f1ba2-9622-b05e-e043-8a8330b6d425::0a9c000b-bb73-a5fe-fb99-bf83ee108eb2,179f1ba2-9622-b05e-e043-8a8330b6d425,0a9c000b-bb73-a5fe-fb99-bf83ee108eb2,1,00:00:00.000,00:02:39.000,0,159,full item,,,,,
17eba596-a9a0-671c-6e84-4646b6a9abaf::689f6ea7-6bcb-dbad-bc65-ee1554db21b3,17eba596-a9a0-671c-6e84-4646b6a9abaf,689f6ea7-6bcb-dbad-bc65-ee1554db21b3,1,00:00:00.000,00:00:32.000,0,32,full item,,,,,
180f9a3f-30e6-f93a-1a40-69134df77709::3c6ed19a-76e3-b403-f0c9-ca78f91f3714,180f9a3f-30e6-f93a-1a40-69134df77709,3c6ed19a-76e3-b403-f0c9-ca78f91f3714,1,00:00:00.000,00:01:11.000,0,71,full item,,,,,
18548a2c-3593-231a-4c4a-5fba098f133e::a11c7f80-ed05-1065-1e4a-f3b54e100d6f,18548a2c-3593-231a-4c4a-5fba098f133e,a11c7f80-ed05-1065-1e4a-f3b54e100d6f,1,00:00:00.000,00:02:18.000,0,138,full item,,,,,
18b79bce-aab7-8c09-6db6-a04be12397bc::292de83e-c91c-45f2-2fa6-50204256b6d4,18b79bce-aab7-8c09-6db6-a04be12397bc,292de83e-c91c-45f2-2fa6-50204256b6d4,1,00:00:00.000,00:04:18.000,0,258,full item,,,,,
1914c613-ad50-559c-e617-fb7a93945807::9de9bbf9-ed5a-a80d-86fb-bbc5e8c7777f,1914c613-ad50-559c-e617-fb7a93945807,9de9bbf9-ed5a-a80d-86fb-bbc5e8c7777f,1,00:00:00.000,00:01:27.000,0,87,full item,,,,,
196bd906-d1e0-4f0b-a7cf-5cc4ded00b28::8bd97f9d-90a1-5411-7f76-e033a4dde22e,196bd906-d1e0-4f0b-a7cf-5cc4ded00b28,8bd97f9d-90a1-5411-7f76-e033a4dde22e,1,00:00:00.000,00:01:23.000,0,83,full item,,,,,
19ca33cb-2a91-62b9-7537-401121aa0e05::a020f771-c093-9a15-2bd9-b3597d329eba,19ca33cb-2a91-62b9-7537-401121aa0e05,a020f771-c093-9a15-2bd9-b3597d329eba,1,00:00:00.000,00:00:58.000,0,58,full item,,,,,
19dcf5fd-bb4c-2a5a-194b-f5089bd2412b::986cc70c-e3cb-846a-9ce0-3fb0ec032bc9,19dcf5fd-bb4c-2a5a-194b-f5089bd2412b,986cc70c-e3cb-846a-9ce0-3fb0ec032bc9,1,00:00:00.000,00:38:12.000,0,2292,full item,,,,,
19f9c3fb-8c01-02bd-efd9-8a99b61b5276::cde164fa-bbad-c75a-8a46-6388a4cf0c6f,19f9c3fb-8c01-02bd-efd9-8a99b61b5276,cde164fa-bbad-c75a-8a46-6388a4cf0c6f,1,00:00:00.000,00:14:03.000,0,843,full item,,,,,
1a26d85b-5beb-ca01-9841-79dc41dac019::f7005ce4-1bd9-aefe-75f5-8f0c80a22836,1a26d85b-5beb-ca01-9841-79dc41dac019,f7005ce4-1bd9-aefe-75f5-8f0c80a22836,1,00:00:00.000,00:06:21.000,0,381,full item,,,,,
1a84c187-5c13-8208-06fc-c0ebf1ce8828::9dacb347-22cb-b067-ea95-632271000153,1a84c187-5c13-8208-06fc-c0ebf1ce8828,9dacb347-22cb-b067-ea95-632271000153,1,00:00:00.000,00:01:43.000,0,103,full item,,,,,
1ab176cf-7e9d-cdd1-c92a-9114b2966639::06c83dc2-bee4-4f32-6a95-0c441cfa0968,1ab176cf-7e9d-cdd1-c92a-9114b2966639,06c83dc2-bee4-4f32-6a95-0c441cfa0968,1,00:00:00.000,00:01:36.000,0,96,full item,,,,,
1ad0a752-acfe-eac9-17c0-a4d72db9ecfd::613dfcb4-57ab-4792-9681-73b95af72c74,1ad0a752-acfe-eac9-17c0-a4d72db9ecfd,613dfcb4-57ab-4792-9681-73b95af72c74,1,00:00:00.000,00:25:46.000,0,1546,full item,,,,,
1af88725-a3af-7aea-e83f-0be51dffb18a::e3c0d73e-faf7-b411-97de-0076375d5427,1af88725-a3af-7aea-e83f-0be51dffb18a,e3c0d73e-faf7-b411-97de-0076375d5427,1,00:00:00.000,00:51:56.000,0,3116,full item,,,,,
1b0a5404-6d16-b6d2-9c3e-393b615f1f77::7409d2d8-a022-13b3-af2e-e2054c493cb3,1b0a5404-6d16-b6d2-9c3e-393b615f1f77,7409d2d8-a022-13b3-af2e-e2054c493cb3,1,00:00:00.000,00:13:41.000,0,821,full item,,,,,
1b4ba5fa-9e68-0bf4-5751-0e075678747f::e9d26bfe-02d3-d878-a554-44fb0186b004,1b4ba5fa-9e68-0bf4-5751-0e075678747f,e9d26bfe-02d3-d878-a554-44fb0186b004,1,00:00:00.000,00:17:00.000,0,1020,full item,,,,,
1b5e7a68-fb64-0109-8c04-957035f7b355::02544ad5-59f8-910a-4671-222aabbf854b,1b5e7a68-fb64-0109-8c04-957035f7b355,02544ad5-59f8-910a-4671-222aabbf854b,1,00:00:00.000,00:12:50.000,0,770,full item,,,,,
1ba1e94d-28a9-0e5d-de2c-239f5035bed0::ad589a78-2e85-804a-5396-cbbd094beccc,1ba1e94d-28a9-0e5d-de2c-239f5035bed0,ad589a78-2e85-804a-5396-cbbd094beccc,1,00:00:00.000,00:23:10.000,0,1390,full item,,,,,
1bd53bc9-044d-be5f-2ae8-3e85c091c562::4129c92a-6f86-ef85-1bff-8f20577dbbb6,1bd53bc9-044d-be5f-2ae8-3e85c091c562,4129c92a-6f86-ef85-1bff-8f20577dbbb6,1,00:00:00.000,00:07:45.000,0,465,full item,,,,,
1bebd9a3-a57d-8d24-b76c-f391b597364f::32c312d3-fbf7-69ec-c123-5b96865f8b18,1bebd9a3-a57d-8d24-b76c-f391b597364f,32c312d3-fbf7-69ec-c123-5b96865f8b18,1,00:00:00.000,00:27:06.000,0,1626,full item,,,,,
1c19c4ca-e9da-f47d-e73b-dd8bb3a6b226::41a607b2-318c-e60a-6678-8aea8256c5d4,1c19c4ca-e9da-f47d-e73b-dd8bb3a6b226,41a607b2-318c-e60a-6678-8aea8256c5d4,1,00:00:00.000,00:00:57.000,0,57,full item,,,,,
1c7a2bf0-b3d3-5984-8a7e-129b4c538661::71ffe3ce-96c4-a0ac-0bf9-2632aafb6e51,1c7a2bf0-b3d3-5984-8a7e-129b4c538661,71ffe3ce-96c4-a0ac-0bf9-2632aafb6e51,1,00:00:00.000,00:06:34.000,0,394,full item,,,,,
1c8c8376-7712-f4ab-110b-d067b7e6f337::d871ab93-f228-512e-0095-1b3be3fbd972,1c8c8376-7712-f4ab-110b-d067b7e6f337,d871ab93-f228-512e-0095-1b3be3fbd972,1,00:00:00.000,00:02:15.000,0,135,full item,,,,,
1d00aea6-0e28-c851-0700-1a0633927731::5d859454-641b-8068-7fa2-3437d64411d8,1d00aea6-0e28-c851-0700-1a0633927731,5d859454-641b-8068-7fa2-3437d64411d8,1,00:00:00.000,00:08:30.000,0,510,full item,,,,,
1de5a886-e678-087f-252e-4664cb728d6d::9b531689-5353-7866-5a19-609efcb37c18,1de5a886-e678-087f-252e-4664cb728d6d,9b531689-5353-7866-5a19-609efcb37c18,1,00:00:00.000,00:01:22.000,0,82,full item,,,,,
1e42d4c8-8a67-56a6-e0a4-7f778872ad5c::31923fff-d570-0c7e-eb94-c3ace98ea095,1e42d4c8-8a67-56a6-e0a4-7f778872ad5c,31923fff-d570-0c7e-eb94-c3ace98ea095,1,00:00:00.000,00:00:43.000,0,43,full item,,,,,
1e8e098b-b362-806a-cefd-7385862060c3::e4358ded-d892-257a-8481-e31706abcefc,1e8e098b-b362-806a-cefd-7385862060c3,e4358ded-d892-257a-8481-e31706abcefc,1,00:00:00.000,00:02:25.000,0,145,full item,,,,,
1ed2a226-eb56-0b64-fc75-48a18d2ce082::4b75e1c2-1b15-79c3-e701-9950bef8886d,1ed2a226-eb56-0b64-fc75-48a18d2ce082,4b75e1c2-1b15-79c3-e701-9950bef8886d,1,00:00:00.000,00:00:47.000,0,47,full item,,,,,
1f05c00a-61ee-fb20-f744-48825d6fe671::6ea41fa7-8ae5-9f78-d9b8-665faabea5b0,1f05c00a-61ee-fb20-f744-48825d6fe671,6ea41fa7-8ae5-9f78-d9b8-665faabea5b0,1,00:00:00.000,00:02:02.000,0,122,full item,,,,,
1fb491b0-d05e-cdb3-ff6e-07a3665893b3::c1ff05af-ec2b-8cb3-76ad-e69e4af33b80,1fb491b0-d05e-cdb3-ff6e-07a3665893b3,c1ff05af-ec2b-8cb3-76ad-e69e4af33b80,1,00:00:00.000,00:01:52.000,0,112,full item,,,,,
21497c19-6476-36e7-dc79-bf9ec235437b::1e0da4c5-f63f-9829-c35a-f85395ea2366,21497c19-6476-36e7-dc79-bf9ec235437b,1e0da4c5-f63f-9829-c35a-f85395ea2366,1,00:00:00.000,00:04:35.000,0,275,full item,,,,,
226b58a7-cfe7-9d37-22fc-7aa8e3312ba8::fa64ab87-82b0-343c-5e51-44e2e8a4b2f5,226b58a7-cfe7-9d37-22fc-7aa8e3312ba8,fa64ab87-82b0-343c-5e51-44e2e8a4b2f5,1,00:00:00.000,00:17:16.000,0,1036,full item,,,,,
22d0e6ab-fcb6-4e6e-c984-c86a5a23d9a0::947cbe56-c7a1-5974-9e6a-ca88d4d93dad,22d0e6ab-fcb6-4e6e-c984-c86a5a23d9a0,947cbe56-c7a1-5974-9e6a-ca88d4d93dad,1,00:00:00.000,00:01:16.000,0,76,full item,,,,,
23a9de4f-1e4b-b5e8-4670-f8104b4387bf::8ce3e82b-9438-74a2-7165-901a91994b4c,23a9de4f-1e4b-b5e8-4670-f8104b4387bf,8ce3e82b-9438-74a2-7165-901a91994b4c,1,00:00:00.000,00:04:33.000,0,273,full item,,,,,
241d78c7-b0d2-cfd8-1b5e-d3be4b6f339c::048e6d33-a6aa-4c2b-b9c6-c0d555b11669,241d78c7-b0d2-cfd8-1b5e-d3be4b6f339c,048e6d33-a6aa-4c2b-b9c6-c0d555b11669,1,00:00:00.000,00:02:48.000,0,168,full item,,,,,
2452a671-cb25-5636-bb41-9f8ca545e7d8::e0026007-8547-ee51-d416-8d0ff731f6bd,2452a671-cb25-5636-bb41-9f8ca545e7d8,e0026007-8547-ee51-d416-8d0ff731f6bd,1,00:00:00.000,00:25:38.000,0,1538,full item,,,,,
24e50cba-2bfb-1d50-7281-0e4cae1da965::8bd4c119-673c-c8d2-5317-5577ef1ecff0,24e50cba-2bfb-1d50-7281-0e4cae1da965,8bd4c119-673c-c8d2-5317-5577ef1ecff0,1,00:00:00.000,00:14:25.000,0,865,full item,,,,,
24f15ba4-c48c-baa4-3e22-da6e897577a0::10d179e6-3fee-7849-e2bf-6c693032409c,24f15ba4-c48c-baa4-3e22-da6e897577a0,10d179e6-3fee-7849-e2bf-6c693032409c,1,00:00:00.000,00:03:52.000,0,232,full item,,,,,
2505a7b6-479d-1be3-b07a-a8e337103dff::4baf0284-fa86-57b6-643f-3f9096640861,2505a7b6-479d-1be3-b07a-a8e337103dff,4baf0284-fa86-57b6-643f-3f9096640861,1,00:00:00.000,00:01:09.000,0,69,full item,,,,,
2594774b-c897-9b82-5cd8-98c4a778e0c1::d717927e-be98-f54b-c594-40588a7a8197,2594774b-c897-9b82-5cd8-98c4a778e0c1,d717927e-be98-f54b-c594-40588a7a8197,1,00:00:00.000,00:05:37.000,0,337,full item,,,,,
25e7be10-0155-b745-b735-cbf8a714bbaf::309f6e60-cc0b-4e4f-d85e-a12a63599bd8,25e7be10-0155-b745-b735-cbf8a714bbaf,309f6e60-cc0b-4e4f-d85e-a12a63599bd8,1,00:00:00.000,00:02:25.000,0,145,full item,,,,,
25f30b0e-bfb7-b887-bb6b-ffe367a062bd::1fb90e34-09fb-92ea-9e7e-2d90b64c314c,25f30b0e-bfb7-b887-bb6b-ffe367a062bd,1fb90e34-09fb-92ea-9e7e-2d90b64c314c,1,00:00:00.000,00:00:48.000,0,48,full item,,,,,
260e291a-7bac-8254-5171-b4d14f23aa19::d5e7551a-219a-2776-4d7c-ce6ae13c701c,260e291a-7bac-8254-5171-b4d14f23aa19,d5e7551a-219a-2776-4d7c-ce6ae13c701c,1,00:00:00.000,00:02:06.000,0,126,full item,,,,,
2631b56f-a809-db1b-9ce9-17071ce0685f::b5966e73-42e4-d997-358e-299f57c3f7cf,2631b56f-a809-db1b-9ce9-17071ce0685f,b5966e73-42e4-d997-358e-299f57c3f7cf,1,00:00:00.000,00:12:20.000,0,740,full item,,,,,
2672c54a-6021-7f21-402d-575d62eee899::ba9a5623-5bd8-46e0-78f6-d5ec7dcfe89e,2672c54a-6021-7f21-402d-575d62eee899,ba9a5623-5bd8-46e0-78f6-d5ec7dcfe89e,1,00:00:00.000,00:00:59.000,0,59,full item,,,,,
273f3c51-ebce-c646-edce-1a5e7f91f302::d27ddf87-240b-1ac5-3166-7c5de8c9c1d9,273f3c51-ebce-c646-edce-1a5e7f91f302,d27ddf87-240b-1ac5-3166-7c5de8c9c1d9,1,00:00:00.000,00:20:30.000,0,1230,full item,,,,,
27f44cf9-2ddf-165c-14f3-847c05148f06::06c5f2dc-eb05-611f-e6a1-73542d8e9fa3,27f44cf9-2ddf-165c-14f3-847c05148f06,06c5f2dc-eb05-611f-e6a1-73542d8e9fa3,1,00:00:00.000,00:26:32.000,0,1592,full item,,,,,
287513a8-8b2b-d763-f014-a144e1196e2f::a6461c68-d8ca-6b72-9545-a1da9ab6a665,287513a8-8b2b-d763-f014-a144e1196e2f,a6461c68-d8ca-6b72-9545-a1da9ab6a665,1,00:00:00.000,00:01:11.000,0,71,full item,,,,,
288bb8f6-30de-ff85-947d-05d720860086::531a9690-f273-38c6-53cd-05957d6c374e,288bb8f6-30de-ff85-947d-05d720860086,531a9690-f273-38c6-53cd-05957d6c374e,1,00:00:00.000,00:00:50.000,0,50,full item,,,,,
289f50ad-7f7a-3cfa-078b-f0a58958c100::0772165e-8950-9fa0-4c4c-a591bf62af78,289f50ad-7f7a-3cfa-078b-f0a58958c100,0772165e-8950-9fa0-4c4c-a591bf62af78,1,00:00:00.000,00:01:29.000,0,89,full item,,,,,
28d42418-6d56-2c73-b90b-454ed4c78919::fa609124-01cb-4512-f195-5c5e5b36850f,28d42418-6d56-2c73-b90b-454ed4c78919,fa609124-01cb-4512-f195-5c5e5b36850f,1,00:00:00.000,00:00:59.000,0,59,full item,,,,,
28fe62c0-09ed-3c35-9653-61ef42bd24d8::edc98f4f-cbc8-f177-0eb7-47b823160c08,28fe62c0-09ed-3c35-9653-61ef42bd24d8,edc98f4f-cbc8-f177-0eb7-47b823160c08,1,00:00:00.000,00:00:43.000,0,43,full item,,,,,
291f0f4b-bcc7-7852-e1b5-0cb596baef69::cf1ef842-08cd-1525-bd5d-f6ae85b25847,291f0f4b-bcc7-7852-e1b5-0cb596baef69,cf1ef842-08cd-1525-bd5d-f6ae85b25847,1,00:00:00.000,00:06:17.000,0,377,full item,,,,,
293ca9dd-5764-79a6-52d2-e5bdfafd3dc2::403cf8bb-b869-6f19-3bf6-d5ba3c377daf,293ca9dd-5764-79a6-52d2-e5bdfafd3dc2,403cf8bb-b869-6f19-3bf6-d5ba3c377daf,1,00:00:00.000,00:00:49.000,0,49,full item,,,,,
299c9257-c067-92c7-f223-6de4e8900352::fe1c06a0-7667-b8f8-ac04-29569343324c,299c9257-c067-92c7-f223-6de4e8900352,fe1c06a0-7667-b8f8-ac04-29569343324c,1,00:00:00.000,00:01:27.000,0,87,full item,,,,,
29a16077-9401-948a-4caa-9f957a346cbf::b6063d9e-019f-90e0-cfd6-0d1ad3b4452e,29a16077-9401-948a-4caa-9f957a346cbf,b6063d9e-019f-90e0-cfd6-0d1ad3b4452e,1,00:00:00.000,00:25:14.000,0,1514,full item,,,,,
29f32857-97ee-93e1-fb3e-99539b786532::9dc8de70-9312-0380-0c7d-b4d6243f671d,29f32857-97ee-93e1-fb3e-99539b786532,9dc8de70-9312-0380-0c7d-b4d6243f671d,1,00:00:00.000,00:01:14.000,0,74,full item,,,,,
2a1971aa-85f9-cca4-9623-034a79577e01::280ea47c-2d46-1954-121f-5cb121a2dcef,2a1971aa-85f9-cca4-9623-034a79577e01,280ea47c-2d46-1954-121f-5cb121a2dcef,1,00:00:00.000,00:03:50.000,0,230,full item,,,,,
2a1f3475-34b8-4e2b-fc44-7593d5566e2f::9b626fa5-b65f-aee9-66e4-c9d51f7f6d34,2a1f3475-34b8-4e2b-fc44-7593d5566e2f,9b626fa5-b65f-aee9-66e4-c9d51f7f6d34,1,00:00:00.000,00:01:27.000,0,87,full item,,,,,
2aa6cf49-8c64-0529-f09d-66934e0ad8a5::abfd24c0-91ba-9962-9a83-a17483dc35c9,2aa6cf49-8c64-0529-f09d-66934e0ad8a5,abfd24c0-91ba-9962-9a83-a17483dc35c9,1,00:00:00.000,01:01:13.000,0,3673,full item,,,,,
2af26f27-c4b9-dc38-5629-fac69a76c098::1f0c608f-3c05-0f43-5699-a769b615e32d,2af26f27-c4b9-dc38-5629-fac69a76c098,1f0c608f-3c05-0f43-5699-a769b615e32d,1,00:00:00.000,00:29:24.000,0,1764,full item,,,,,
2b03784e-d8b7-66b3-f987-e61fccd3bb2b::89cb3f9a-8d7a-935b-969a-cb45acf3d8e2,2b03784e-d8b7-66b3-f987-e61fccd3bb2b,89cb3f9a-8d7a-935b-969a-cb45acf3d8e2,1,00:00:00.000,00:05:35.000,0,335,full item,,,,,
2b35eb85-ce23-88f8-5d78-2963b4f210eb::1b487e61-41e3-6584-f67e-1efa09efdc54,2b35eb85-ce23-88f8-5d78-2963b4f210eb,1b487e61-41e3-6584-f67e-1efa09efdc54,1,00:00:00.000,00:01:34.000,0,94,full item,,,,,
2bc33c79-9529-adfc-d8f5-e3ea4e7d918e::6e9065e2-fa04-8065-0b75-127e3e457b98,2bc33c79-9529-adfc-d8f5-e3ea4e7d918e,6e9065e2-fa04-8065-0b75-127e3e457b98,1,00:00:00.000,01:12:16.000,0,4336,full item,,,,,
2c0a90e6-99ed-5c55-6de4-ef8f51c3dc3e::29732453-1f05-c21c-e040-bc47c944994f,2c0a90e6-99ed-5c55-6de4-ef8f51c3dc3e,29732453-1f05-c21c-e040-bc47c944994f,1,00:00:00.000,00:52:20.000,0,3140,full item,,,,,
2c1812f7-3d49-0d69-766d-d4ffe42b6ca0::602052a0-3ddf-c551-5222-150a53148b36,2c1812f7-3d49-0d69-766d-d4ffe42b6ca0,602052a0-3ddf-c551-5222-150a53148b36,1,00:00:00.000,00:00:54.000,0,54,full item,,,,,
2c6b5aa5-4c10-8698-d499-fc062cca1194::ef5e66c9-3fb6-a91d-0810-ff9dd882867f,2c6b5aa5-4c10-8698-d499-fc062cca1194,ef5e66c9-3fb6-a91d-0810-ff9dd882867f,1,00:00:00.000,00:00:51.000,0,51,full item,,,,,
2c93b215-492e-8556-c04a-4cf16a1127ec::1a3c9cd9-bfc0-1242-130e-147d436fdad2,2c93b215-492e-8556-c04a-4cf16a1127ec,1a3c9cd9-bfc0-1242-130e-147d436fdad2,1,00:00:00.000,00:20:03.000,0,1203,full item,,,,,
2caa6723-41cf-6c01-0716-6b19340822fc::1b9a7ca3-3497-eb45-d038-b6405ed95242,2caa6723-41cf-6c01-0716-6b19340822fc,1b9a7ca3-3497-eb45-d038-b6405ed95242,1,00:00:00.000,00:14:12.000,0,852,full item,,,,,
2d62f7b9-6a6b-0cbe-28c9-5886577cd2b0::867a6054-fa67-6552-7436-478421bc6a77,2d62f7b9-6a6b-0cbe-28c9-5886577cd2b0,867a6054-fa67-6552-7436-478421bc6a77,1,00:00:00.000,00:13:19.000,0,799,full item,,,,,
2de13072-a5d0-a43a-082b-c26d2dbafa94::febeba83-4161-c68f-6900-863592f8c37c,2de13072-a5d0-a43a-082b-c26d2dbafa94,febeba83-4161-c68f-6900-863592f8c37c,1,00:00:00.000,00:11:24.000,0,684,full item,,,,,
2e0d1661-a1c4-4955-68ef-88efabb9ee6b::4f8b9b1d-77bc-cd09-5321-26e49aeb00ff,2e0d1661-a1c4-4955-68ef-88efabb9ee6b,4f8b9b1d-77bc-cd09-5321-26e49aeb00ff,1,00:00:00.000,00:00:59.000,0,59,full item,,,,,
2ecab1a3-5d1d-41fe-0bb9-872abb1645cd::e1b89627-c71a-5be7-f8f7-c5bca4b03c34,2ecab1a3-5d1d-41fe-0bb9-872abb1645cd,e1b89627-c71a-5be7-f8f7-c5bca4b03c34,1,00:00:00.000,00:01:38.000,0,98,full item,,,,,
2ede6f52-3e23-a373-5572-65ca48380e57::4b0fdce9-6196-601e-3707-04a64c8ae395,2ede6f52-3e23-a373-5572-65ca48380e57,4b0fdce9-6196-601e-3707-04a64c8ae395,1,00:00:00.000,00:46:38.000,0,2798,full item,,,,,
2f316eb3-ff9d-9ed8-a174-f343e476704a::eb92dce9-6bad-a4d8-bfd2-5f6889c1a079,2f316eb3-ff9d-9ed8-a174-f343e476704a,eb92dce9-6bad-a4d8-bfd2-5f6889c1a079,1,00:00:00.000,00:01:10.000,0,70,full item,,,,,
2f553bbe-b1eb-ba4d-556b-4fb925af579c::3ee21041-180d-44de-1d64-8abae2f6b919,2f553bbe-b1eb-ba4d-556b-4fb925af579c,3ee21041-180d-44de-1d64-8abae2f6b919,1,00:00:00.000,,0,,full item,,,,,
2f8aabde-9fe0-b045-d59b-6e5ae7676b8d::ae90edd0-ca5d-76d5-00dd-aed636a99f46,2f8aabde-9fe0-b045-d59b-6e5ae7676b8d,ae90edd0-ca5d-76d5-00dd-aed636a99f46,1,00:00:00.000,00:15:24.000,0,924,full item,,,,,
2fb49678-6b3d-1a2a-044c-0900c0f79773::19b1eca0-0732-a2cc-ebf5-bc00ccd4b49b,2fb49678-6b3d-1a2a-044c-0900c0f79773,19b1eca0-0732-a2cc-ebf5-bc00ccd4b49b,1,00:00:00.000,00:01:01.000,0,61,full item,,,,,
2fc14534-5060-219e-449d-a0fd3f1b54f2::d919bee4-8e28-4a28-cb21-226c71c76124,2fc14534-5060-219e-449d-a0fd3f1b54f2,d919bee4-8e28-4a28-cb21-226c71c76124,1,00:00:00.000,00:29:05.000,0,1745,full item,,,,,
2fcb3d8a-4f44-76b2-e7d3-382d6931389b::092760e2-df3a-c21c-ddf7-b845b82a53a8,2fcb3d8a-4f44-76b2-e7d3-382d6931389b,092760e2-df3a-c21c-ddf7-b845b82a53a8,1,00:00:00.000,00:00:41.000,0,41,full item,,,,,
30a90860-4403-f0e9-0bac-3f5a80f3e3ea::af73395e-db6c-131c-04cd-f48bb6496ce7,30a90860-4403-f0e9-0bac-3f5a80f3e3ea,af73395e-db6c-131c-04cd-f48bb6496ce7,1,00:00:00.000,00:28:43.000,0,1723,full item,,,,,
31a65541-988f-5c59-85c3-7dd0112beb02::2db4ce82-32e6-4b8e-87b1-12d86cebdfa8,31a65541-988f-5c59-85c3-7dd0112beb02,2db4ce82-32e6-4b8e-87b1-12d86cebdfa8,1,00:00:00.000,00:00:49.000,0,49,full item,,,,,
3318874b-818c-cf5b-efcc-3750898c4bae::c546940b-8c77-9cbf-b08b-f6cbde3c241c,3318874b-818c-cf5b-efcc-3750898c4bae,c546940b-8c77-9cbf-b08b-f6cbde3c241c,1,00:00:00.000,00:01:46.000,0,106,full item,,,,,
33378137-2a9f-fd0b-a79b-66301db2aa28::cd07a54e-02f2-53b4-15a6-b35b55332fa8,33378137-2a9f-fd0b-a79b-66301db2aa28,cd07a54e-02f2-53b4-15a6-b35b55332fa8,1,00:00:00.000,00:00:42.000,0,42,full item,,,,,
33543eec-c814-2a5b-816e-47251fcefec3::54ba3616-dfbc-61c6-6058-018304c3ce85,33543eec-c814-2a5b-816e-47251fcefec3,54ba3616-dfbc-61c6-6058-018304c3ce85,1,00:00:00.000,00:02:35.000,0,155,full item,,,,,
33d05f96-30d4-53a7-970e-54de0bbe8c1d::13c9cc7d-4022-afa0-795d-0e6d32da4bec,33d05f96-30d4-53a7-970e-54de0bbe8c1d,13c9cc7d-4022-afa0-795d-0e6d32da4bec,1,00:00:00.000,00:04:32.000,0,272,full item,,,,,
33ddea86-0c8b-3e97-1195-910d4acf21db::5761032f-b2e3-34b3-ea61-9c392529af1e,33ddea86-0c8b-3e97-1195-910d4acf21db,5761032f-b2e3-34b3-ea61-9c392529af1e,1,00:00:00.000,00:00:31.000,0,31,full item,,,,,
3482dccf-e0b5-386a-8229-8721a612cfe6::362273a9-97ed-27d8-22ba-0d150f031544,3482dccf-e0b5-386a-8229-8721a612cfe6,362273a9-97ed-27d8-22ba-0d150f031544,1,00:00:00.000,00:07:05.000,0,425,full item,,,,,
34ca09f0-42eb-2143-7ecb-5b6c159bdb1f::f505ee1f-389f-0de5-b209-b42673aa3e68,34ca09f0-42eb-2143-7ecb-5b6c159bdb1f,f505ee1f-389f-0de5-b209-b42673aa3e68,1,00:00:00.000,00:01:21.000,0,81,full item,,,,,
34fb1cb2-d4be-49f1-d5b7-950cc42bd05c::366d1562-e23f-8999-7b6b-cd639b2ba63a,34fb1cb2-d4be-49f1-d5b7-950cc42bd05c,366d1562-e23f-8999-7b6b-cd639b2ba63a,1,00:00:00.000,00:01:34.000,0,94,full item,,,,,
350f9892-e6c8-244d-25ec-dd16a3a90325::b9ab8c6e-396e-6fa6-7878-e96e6123f4e7,350f9892-e6c8-244d-25ec-dd16a3a90325,b9ab8c6e-396e-6fa6-7878-e96e6123f4e7,1,00:00:00.000,00:01:03.000,0,63,full item,,,,,
351b365d-0312-4876-bedf-4bd45def5694::66436809-6b2d-74c8-5e25-1156daa78e1b,351b365d-0312-4876-bedf-4bd45def5694,66436809-6b2d-74c8-5e25-1156daa78e1b,1,00:00:00.000,00:02:20.000,0,140,full item,,,,,
353f4ae7-cf1e-1dad-cf9c-48effb9541e5::df322cc6-264a-5231-82f7-2e0e2db43773,353f4ae7-cf1e-1dad-cf9c-48effb9541e5,df322cc6-264a-5231-82f7-2e0e2db43773,1,00:00:00.000,00:01:20.000,0,80,full item,,,,,
358221a7-2214-f99c-4d3b-7b46346d2f44::d79a5bb6-4398-908f-3dbf-e59a8c2bdd21,358221a7-2214-f99c-4d3b-7b46346d2f44,d79a5bb6-4398-908f-3dbf-e59a8c2bdd21,1,00:00:00.000,00:01:07.000,0,67,full item,,,,,
35c20e34-3fdc-6c19-5c1d-fa8abdb62d03::0f953438-b094-d7dd-4043-4886fdb85e83,35c20e34-3fdc-6c19-5c1d-fa8abdb62d03,0f953438-b094-d7dd-4043-4886fdb85e83,1,00:00:00.000,00:14:28.000,0,868,full item,,,,,
361d6ccf-c56e-41a9-d413-272abe02bfff::c8a44f09-c67f-c1e1-d12e-735bea238c05,361d6ccf-c56e-41a9-d413-272abe02bfff,c8a44f09-c67f-c1e1-d12e-735bea238c05,1,00:00:00.000,00:01:08.000,0,68,full item,,,,,
364cd43a-76ed-7e96-88ab-2fa2371e23eb::bad0297f-4488-a476-1435-09ac924ec7c9,364cd43a-76ed-7e96-88ab-2fa2371e23eb,bad0297f-4488-a476-1435-09ac924ec7c9,1,00:00:00.000,00:02:07.000,0,127,full item,,,,,
37955dac-ef49-6ec3-a332-d2a0f0aa211e::7b62eca8-b5eb-8d1e-f66f-081836e11fd4,37955dac-ef49-6ec3-a332-d2a0f0aa211e,7b62eca8-b5eb-8d1e-f66f-081836e11fd4,1,00:00:00.000,00:45:35.000,0,2735,full item,,,,,
37a4d2be-4a43-7085-4f7a-937b7756d130::725921fe-7135-f7fe-ad80-f49873f0d098,37a4d2be-4a43-7085-4f7a-937b7756d130,725921fe-7135-f7fe-ad80-f49873f0d098,1,00:00:00.000,00:25:28.000,0,1528,full item,,,,,
37b683c1-041e-106e-7203-4d0fcc60132b::ec4a4f5b-2b97-6adc-5a0f-1db3d007ff6a,37b683c1-041e-106e-7203-4d0fcc60132b,ec4a4f5b-2b97-6adc-5a0f-1db3d007ff6a,1,00:00:00.000,00:08:54.000,0,534,full item,,,,,
37e6f6f1-219f-5563-b671-3f176b6ec253::46f38e2a-a317-3679-b2ba-e08e80f971e3,37e6f6f1-219f-5563-b671-3f176b6ec253,46f38e2a-a317-3679-b2ba-e08e80f971e3,1,00:00:00.000,00:00:34.000,0,34,full item,,,,,
38641432-dcb5-62bf-e26c-288e5dcc87b9::27a4e667-5ca2-e109-5815-dfada80abcea,38641432-dcb5-62bf-e26c-288e5dcc87b9,27a4e667-5ca2-e109-5815-dfada80abcea,1,00:00:00.000,00:05:17.000,0,317,full item,,,,,
39838fd3-1ce1-a9ae-aa31-5a77f5a49ba8::e83e38ac-7d12-d490-6181-b7b1f8ae6c0a,39838fd3-1ce1-a9ae-aa31-5a77f5a49ba8,e83e38ac-7d12-d490-6181-b7b1f8ae6c0a,1,00:00:00.000,00:41:01.000,0,2461,full item,,,,,
39e99182-e058-39e4-fe06-797bb1e80426::b01c4899-0d5c-5673-e812-8d35b38fe209,39e99182-e058-39e4-fe06-797bb1e80426,b01c4899-0d5c-5673-e812-8d35b38fe209,1,00:00:00.000,00:02:10.000,0,130,full item,,,,,
3a5eafe4-6872-c277-c10e-641ff2a56bad::5906267e-06c9-2277-ccbd-0912792a3256,3a5eafe4-6872-c277-c10e-641ff2a56bad,5906267e-06c9-2277-ccbd-0912792a3256,1,00:00:00.000,00:01:22.000,0,82,full item,,,,,
3ae82805-0c76-331b-1bdc-7c39435a7630::edd9ac89-c7fc-52d7-f1c1-f91fe849e11f,3ae82805-0c76-331b-1bdc-7c39435a7630,edd9ac89-c7fc-52d7-f1c1-f91fe849e11f,1,00:00:00.000,06:21:00.000,0,22860,full item,,,,,
3b2eb055-e6c1-c12b-9e08-fdbc83ddfe76::a3d23c51-cbf3-7612-9a53-6fc982bf36e0,3b2eb055-e6c1-c12b-9e08-fdbc83ddfe76,a3d23c51-cbf3-7612-9a53-6fc982bf36e0,1,00:00:00.000,00:11:21.000,0,681,full item,,,,,
3b881238-6ed6-cdf9-472d-3255d6bb4b19::d9ec119b-99a3-ef6a-f505-7a62a28b42d3,3b881238-6ed6-cdf9-472d-3255d6bb4b19,d9ec119b-99a3-ef6a-f505-7a62a28b42d3,1,00:00:00.000,00:05:48.000,0,348,full item,,,,,
3b9026db-6a67-5961-2396-5315d9350a9d::80bf1993-0268-0c02-3a78-ee3d6c37782b,3b9026db-6a67-5961-2396-5315d9350a9d,80bf1993-0268-0c02-3a78-ee3d6c37782b,1,00:00:00.000,00:05:16.000,0,316,full item,,,,,
3bd6cc23-9c2b-7b77-9d1f-fbbc9e679520::71e3843f-8bf8-6c40-6afa-2ff1a845ec0e,3bd6cc23-9c2b-7b77-9d1f-fbbc9e679520,71e3843f-8bf8-6c40-6afa-2ff1a845ec0e,1,00:00:00.000,00:01:10.000,0,70,full item,,,,,
3c0d4426-269e-4938-94d6-834968a002bf::2ace6a47-b3ef-529d-1aad-468700399e4c,3c0d4426-269e-4938-94d6-834968a002bf,2ace6a47-b3ef-529d-1aad-468700399e4c,1,00:00:00.000,00:08:14.000,0,494,full item,,,,,
3ceb1d16-bc18-a6bb-ec79-f92c7ffcf4cc::3903a048-7a97-06b1-5cec-7479548c1002,3ceb1d16-bc18-a6bb-ec79-f92c7ffcf4cc,3903a048-7a97-06b1-5cec-7479548c1002,1,00:00:00.000,00:05:12.000,0,312,full item,,,,,
3d28d9fc-c25a-0bbc-522b-73822fdc8765::9e08f080-e58f-09d9-3c3e-1f9972fc1467,3d28d9fc-c25a-0bbc-522b-73822fdc8765,9e08f080-e58f-09d9-3c3e-1f9972fc1467,1,00:00:00.000,00:01:08.000,0,68,full item,,,,,
3d5a5ad0-bc60-33b9-56ce-599f11964561::9e3ba31e-9a8b-f702-0738-41402d122d06,3d5a5ad0-bc60-33b9-56ce-599f11964561,9e3ba31e-9a8b-f702-0738-41402d122d06,1,00:00:00.000,00:06:13.000,0,373,full item,,,,,
3d722505-51c4-2c0f-5113-6943102c7230::f560e50a-f2bd-e76d-01f3-b6485befb05d,3d722505-51c4-2c0f-5113-6943102c7230,f560e50a-f2bd-e76d-01f3-b6485befb05d,1,00:00:00.000,00:14:32.000,0,872,full item,,,,,
3dfd6fb2-47d5-1e97-c577-b08dd750785f::71d4bc63-67a9-2832-6722-2cb3481b624d,3dfd6fb2-47d5-1e97-c577-b08dd750785f,71d4bc63-67a9-2832-6722-2cb3481b624d,1,00:00:00.000,00:00:40.000,0,40,full item,,,,,
3e5f5f27-d6f4-dcfa-68e7-41dadf526265::a208fec6-479b-31e0-d194-5f801355bd36,3e5f5f27-d6f4-dcfa-68e7-41dadf526265,a208fec6-479b-31e0-d194-5f801355bd36,1,00:00:00.000,00:02:47.000,0,167,full item,,,,,
3e6e94f8-83c4-3d0c-556b-2b96338bc015::514e93bc-4ed3-1154-1c17-bf1c972f7485,3e6e94f8-83c4-3d0c-556b-2b96338bc015,514e93bc-4ed3-1154-1c17-bf1c972f7485,1,00:00:00.000,00:01:22.000,0,82,full item,,,,,
3ef83e98-db1a-9769-a4a5-6d79b6f0bd55::adc4d2b4-f931-b394-81d5-3b5d77c00c29,3ef83e98-db1a-9769-a4a5-6d79b6f0bd55,adc4d2b4-f931-b394-81d5-3b5d77c00c29,1,00:00:00.000,01:01:04.000,0,3664,full item,,,,,
3f034d6e-3583-2d33-edc9-14f696fa4dc5::34a03ad0-d102-b949-1ac5-03432ada5ec8,3f034d6e-3583-2d33-edc9-14f696fa4dc5,34a03ad0-d102-b949-1ac5-03432ada5ec8,1,00:00:00.000,00:02:26.000,0,146,full item,,,,,
3f44809f-e0e9-bb53-b856-9f4eaf4118c2::80c3c917-f886-0e15-a2d1-9a49b7f3a01e,3f44809f-e0e9-bb53-b856-9f4eaf4118c2,80c3c917-f886-0e15-a2d1-9a49b7f3a01e,1,00:00:00.000,00:01:24.000,0,84,full item,,,,,
3f76a161-b8a0-de82-2b42-6866ce497802::567f667b-b573-7606-d4d9-b32b862d443e,3f76a161-b8a0-de82-2b42-6866ce497802,567f667b-b573-7606-d4d9-b32b862d443e,1,00:00:00.000,00:01:18.000,0,78,full item,,,,,
400073b1-7c58-2854-7438-113ff94e32fb::599f9587-da54-ebb9-8014-f0c6babc284d,400073b1-7c58-2854-7438-113ff94e32fb,599f9587-da54-ebb9-8014-f0c6babc284d,1,00:00:00.000,00:36:29.000,0,2189,full item,,,,,
4012e29d-6f76-4241-f29b-8f034b48d888::51713cd8-7486-fb22-ae1a-ed85727db9f6,4012e29d-6f76-4241-f29b-8f034b48d888,51713cd8-7486-fb22-ae1a-ed85727db9f6,1,00:00:00.000,00:00:49.000,0,49,full item,,,,,
40b86c8d-691d-310b-9507-194a16cd2754::142d6707-18f0-03be-f541-07cf657ba376,40b86c8d-691d-310b-9507-194a16cd2754,142d6707-18f0-03be-f541-07cf657ba376,1,00:00:00.000,00:06:00.000,0,360,full item,,,,,
40b8f2e6-1893-4d64-c171-e331049b527c::80d6a0cd-ac49-a1a9-62e8-55ec66ef29d1,40b8f2e6-1893-4d64-c171-e331049b527c,80d6a0cd-ac49-a1a9-62e8-55ec66ef29d1,1,00:00:00.000,00:04:05.000,0,245,full item,,,,,
40fdbe90-9c70-4db4-f292-74f546476bf4::629027de-0105-00e4-73e6-dd5ebe0d93ef,40fdbe90-9c70-4db4-f292-74f546476bf4,629027de-0105-00e4-73e6-dd5ebe0d93ef,1,00:00:00.000,00:01:47.000,0,107,full item,,,,,
4124d1c4-fe64-2caa-8ad4-db3a602a2873::3c626626-051c-5aa6-fb74-bd8eb8a4de52,4124d1c4-fe64-2caa-8ad4-db3a602a2873,3c626626-051c-5aa6-fb74-bd8eb8a4de52,1,00:00:00.000,00:00:56.000,0,56,full item,,,,,
41626274-886b-63ca-d9c7-4598139d541f::e109ca39-9711-f263-6493-412b14036674,41626274-886b-63ca-d9c7-4598139d541f,e109ca39-9711-f263-6493-412b14036674,1,00:00:00.000,00:59:03.000,0,3543,full item,,,,,
4195fce8-9e01-4e9f-6473-e267d3a0d723::c55340b7-1d31-95c9-7c0e-724723b33d72,4195fce8-9e01-4e9f-6473-e267d3a0d723,c55340b7-1d31-95c9-7c0e-724723b33d72,1,00:00:00.000,00:19:02.000,0,1142,full item,,,,,
41bf50a9-f058-2f44-6c0c-63d9073f6c83::2bd17b88-07d5-2a5e-1351-fb5577ce7dec,41bf50a9-f058-2f44-6c0c-63d9073f6c83,2bd17b88-07d5-2a5e-1351-fb5577ce7dec,1,00:00:00.000,00:00:52.000,0,52,full item,,,,,
42293e74-586c-3eaf-35af-ead2563a21b7::c8442b73-2ecf-9f85-dfa0-15747b080801,42293e74-586c-3eaf-35af-ead2563a21b7,c8442b73-2ecf-9f85-dfa0-15747b080801,1,00:00:00.000,00:02:38.000,0,158,full item,,,,,
4242999b-5b01-8dc3-a833-b16a62fe6263::1a74309d-59e3-370e-ff9c-a5361bfb31cf,4242999b-5b01-8dc3-a833-b16a62fe6263,1a74309d-59e3-370e-ff9c-a5361bfb31cf,1,00:00:00.000,00:02:56.000,0,176,full item,,,,,
429a8c02-f5ac-7c9c-f64d-44f730385745::2df2456d-75b8-90e3-bd19-9bb67228582a,429a8c02-f5ac-7c9c-f64d-44f730385745,2df2456d-75b8-90e3-bd19-9bb67228582a,1,00:00:00.000,00:00:40.000,0,40,full item,,,,,
42a2650d-7a96-d88f-c2bb-07221b97e169::dfd7860a-f059-95a6-9f36-cbb3ec0a53e4,42a2650d-7a96-d88f-c2bb-07221b97e169,dfd7860a-f059-95a6-9f36-cbb3ec0a53e4,1,00:00:00.000,00:17:54.000,0,1074,full item,,,,,
42fcb795-c1a2-ff32-2de0-a1174d09c41b::d4f15c79-3074-38da-b1d4-32ed83dbce41,42fcb795-c1a2-ff32-2de0-a1174d09c41b,d4f15c79-3074-38da-b1d4-32ed83dbce41,1,00:00:00.000,00:06:44.000,0,404,full item,,,,,
430b3f4c-7525-3025-a233-8619abe00510::a8f5ec52-df45-c88a-ceb3-e75186a6af82,430b3f4c-7525-3025-a233-8619abe00510,a8f5ec52-df45-c88a-ceb3-e75186a6af82,1,00:00:00.000,01:19:19.000,0,4759,full item,,,,,
431f9a3e-7c69-06dd-c92b-ed40e552bc55::d9f2dac6-4021-3cc8-bd76-fa6c83a0f797,431f9a3e-7c69-06dd-c92b-ed40e552bc55,d9f2dac6-4021-3cc8-bd76-fa6c83a0f797,1,00:00:00.000,00:16:25.000,0,985,full item,,,,,
4381f8e4-f057-568f-bac2-5f22e5638815::806a3ec6-90ef-1540-abee-3935a613c903,4381f8e4-f057-568f-bac2-5f22e5638815,806a3ec6-90ef-1540-abee-3935a613c903,1,00:00:00.000,00:03:50.000,0,230,full item,,,,,
4404540a-e8a1-34fa-42b2-7a6c71bcee28::8df4787b-1302-5c84-ccb9-37b3f8812591,4404540a-e8a1-34fa-42b2-7a6c71bcee28,8df4787b-1302-5c84-ccb9-37b3f8812591,1,00:00:00.000,00:18:56.000,0,1136,full item,,,,,
440eb394-551e-9fd0-a32e-9bc138b88f77::ea90f744-0a0a-4bd8-3c7d-7bf98c8d2e77,440eb394-551e-9fd0-a32e-9bc138b88f77,ea90f744-0a0a-4bd8-3c7d-7bf98c8d2e77,1,00:00:00.000,00:02:21.000,0,141,full item,,,,,
44592244-5562-0ea4-52bb-63f86a95c496::d4360ba1-909c-6d00-870a-dede9e02a3b4,44592244-5562-0ea4-52bb-63f86a95c496,d4360ba1-909c-6d00-870a-dede9e02a3b4,1,00:00:00.000,00:01:06.000,0,66,full item,,,,,
44630779-3302-f6f0-e27e-7f8cd515e3eb::0a97578d-7cc8-e604-d265-77a61a7ab0d7,44630779-3302-f6f0-e27e-7f8cd515e3eb,0a97578d-7cc8-e604-d265-77a61a7ab0d7,1,00:00:00.000,00:01:04.000,0,64,full item,,,,,
44f1ac59-ee75-2b3e-0dd7-e5270a4d0827::41e4febb-bafc-8383-33e1-a548841b00d1,44f1ac59-ee75-2b3e-0dd7-e5270a4d0827,41e4febb-bafc-8383-33e1-a548841b00d1,1,00:00:00.000,00:00:17.000,0,17,full item,,,,,
456f2373-5953-ef73-4a19-7de18342c195::d7a88d47-7584-4f80-8630-0a919b9f3722,456f2373-5953-ef73-4a19-7de18342c195,d7a88d47-7584-4f80-8630-0a919b9f3722,1,00:00:00.000,00:00:40.000,0,40,full item,,,,,
4580dc16-52ed-a36c-a52b-313d133ff08a::fafc896d-6aee-ef73-86c2-1a69a94eff9d,4580dc16-52ed-a36c-a52b-313d133ff08a,fafc896d-6aee-ef73-86c2-1a69a94eff9d,1,00:00:00.000,00:01:06.000,0,66,full item,,,,,
45a2d7d1-684a-ddec-7adc-852e05a492bf::af861f8e-a45a-2903-7343-593ba1fa7026,45a2d7d1-684a-ddec-7adc-852e05a492bf,af861f8e-a45a-2903-7343-593ba1fa7026,1,00:00:00.000,00:25:16.000,0,1516,full item,,,,,
46e5df93-87e4-f1bb-1ed2-09451ee25e21::3005d86b-92b8-23cb-4f83-78307019afd6,46e5df93-87e4-f1bb-1ed2-09451ee25e21,3005d86b-92b8-23cb-4f83-78307019afd6,1,00:00:00.000,00:35:47.000,0,2147,full item,,,,,
474232ae-fcdd-8f1b-63bd-ef99a2bb36fe::ba3bd5b4-12ee-d219-8331-71c3bfc63da3,474232ae-fcdd-8f1b-63bd-ef99a2bb36fe,ba3bd5b4-12ee-d219-8331-71c3bfc63da3,1,00:00:00.000,00:01:21.000,0,81,full item,,,,,
4790c2e1-13d3-0ca7-4325-2cb91d10ae78::73589b9e-6505-a715-cb13-c6937f10fa92,4790c2e1-13d3-0ca7-4325-2cb91d10ae78,73589b9e-6505-a715-cb13-c6937f10fa92,1,00:00:00.000,00:01:01.000,0,61,full item,,,,,
47ae167e-ae2c-3e7b-c741-95c192605e3d::802880d5-5c39-84dc-8684-b9ab4737fcf8,47ae167e-ae2c-3e7b-c741-95c192605e3d,802880d5-5c39-84dc-8684-b9ab4737fcf8,1,00:00:00.000,00:01:04.000,0,64,full item,,,,,
47dba40d-e2de-d4cf-2a26-c7e87f4c67c4::f3a8f59e-d04c-0b45-b49e-6a9a677fffb5,47dba40d-e2de-d4cf-2a26-c7e87f4c67c4,f3a8f59e-d04c-0b45-b49e-6a9a677fffb5,1,00:00:00.000,00:01:06.000,0,66,full item,,,,,
489e543a-9d30-ebd5-9430-2d1c02966c8e::3c6c97ee-30e6-cd3f-ccb0-2243c79c38d3,489e543a-9d30-ebd5-9430-2d1c02966c8e,3c6c97ee-30e6-cd3f-ccb0-2243c79c38d3,1,00:00:00.000,00:02:08.000,0,128,full item,,,,,
48f7efc2-a1cf-0c54-568c-fe17efcc2801::6ba64887-b64b-4efc-6195-4865de966e75,48f7efc2-a1cf-0c54-568c-fe17efcc2801,6ba64887-b64b-4efc-6195-4865de966e75,1,00:00:00.000,00:04:24.000,0,264,full item,,,,,
4969e2f8-3d88-8655-60fc-b0cc9aed8003::2b0c691f-5bdb-78ae-c0a8-49b8f50488cc,4969e2f8-3d88-8655-60fc-b0cc9aed8003,2b0c691f-5bdb-78ae-c0a8-49b8f50488cc,1,00:00:00.000,00:07:09.000,0,429,full item,,,,,
496d09d0-2316-92fd-7528-b42d38964a0d::99513966-589d-20c0-f04b-ff1409a7cbf5,496d09d0-2316-92fd-7528-b42d38964a0d,99513966-589d-20c0-f04b-ff1409a7cbf5,1,00:00:00.000,02:27:53.000,0,8873,full item,,,,,
4979a3bc-1f69-b4b9-2fad-da872b81c919::b1c25360-5995-cea1-d65c-1e479e130f24,4979a3bc-1f69-b4b9-2fad-da872b81c919,b1c25360-5995-cea1-d65c-1e479e130f24,1,00:00:00.000,00:11:12.000,0,672,full item,,,,,
498abe58-7354-8cfc-0636-bed8bca3332d::145274ea-f975-8cb4-c747-f4c63ca4614a,498abe58-7354-8cfc-0636-bed8bca3332d,145274ea-f975-8cb4-c747-f4c63ca4614a,1,00:00:00.000,00:01:07.000,0,67,full item,,,,,
4992d0ca-f2f4-898a-849a-f62416f0831d::b2067ece-4faf-94e0-bcea-974b0a91efc8,4992d0ca-f2f4-898a-849a-f62416f0831d,b2067ece-4faf-94e0-bcea-974b0a91efc8,1,00:00:00.000,00:32:45.000,0,1965,full item,,,,,
499702f1-f93c-bac7-20a0-ae5bcb23a9df::61b98c0e-02bc-a296-2afa-add9a10efe7a,499702f1-f93c-bac7-20a0-ae5bcb23a9df,61b98c0e-02bc-a296-2afa-add9a10efe7a,1,00:00:00.000,00:00:51.000,0,51,full item,,,,,
4999b6de-4fc4-c888-6a62-62ac84d76a41::ef649254-ef18-b5e1-e781-dc655df0ef68,4999b6de-4fc4-c888-6a62-62ac84d76a41,ef649254-ef18-b5e1-e781-dc655df0ef68,1,00:00:00.000,00:02:08.000,0,128,full item,,,,,
4a78cb9a-d6ed-d39a-ba40-d81cd148b1e7::c7109603-492b-88dd-fb52-1892ab7be20e,4a78cb9a-d6ed-d39a-ba40-d81cd148b1e7,c7109603-492b-88dd-fb52-1892ab7be20e,1,00:00:00.000,00:01:45.000,0,105,full item,,,,,
4a7b6fd3-b842-2451-8ba3-96fdbdfde294::3ea8ff92-e668-dba7-221a-e5058bdf6cce,4a7b6fd3-b842-2451-8ba3-96fdbdfde294,3ea8ff92-e668-dba7-221a-e5058bdf6cce,1,00:00:00.000,00:03:33.000,0,213,full item,,,,,
4a848153-79e9-f626-21a5-285e5da584c6::e4297299-94ea-3ffc-616b-6d74037eea92,4a848153-79e9-f626-21a5-285e5da584c6,e4297299-94ea-3ffc-616b-6d74037eea92,1,00:00:00.000,00:00:39.000,0,39,full item,,,,,
4a9443ff-a968-211f-3c1d-51ca46bd929b::1a485f20-7d08-0526-c0d3-02c5b74bf44c,4a9443ff-a968-211f-3c1d-51ca46bd929b,1a485f20-7d08-0526-c0d3-02c5b74bf44c,1,00:00:00.000,00:01:34.000,0,94,full item,,,,,
4ab37c3b-78e4-5636-b2e1-25c0edce749d::0dfcd54a-9013-4e9a-48a7-41258466be94,4ab37c3b-78e4-5636-b2e1-25c0edce749d,0dfcd54a-9013-4e9a-48a7-41258466be94,1,00:00:00.000,00:21:16.000,0,1276,full item,,,,,
4ae9944a-cce0-58bb-3e6e-3153fbccf930::51cff8ec-eee3-3c32-22f2-6b88b84aa44b,4ae9944a-cce0-58bb-3e6e-3153fbccf930,51cff8ec-eee3-3c32-22f2-6b88b84aa44b,1,00:00:00.000,00:12:39.000,0,759,full item,,,,,
4b2e1abe-4a1b-f45b-43f6-ea10d9f7eb97::a0ba953e-42f4-7ec1-83ae-4d6fcb7c8ac1,4b2e1abe-4a1b-f45b-43f6-ea10d9f7eb97,a0ba953e-42f4-7ec1-83ae-4d6fcb7c8ac1,1,00:00:00.000,00:02:09.000,0,129,full item,,,,,
4b847349-8677-b9d2-5942-a1d430674a68::23666162-1fc7-15de-23e1-fc8c378d8890,4b847349-8677-b9d2-5942-a1d430674a68,23666162-1fc7-15de-23e1-fc8c378d8890,1,00:00:00.000,00:27:05.000,0,1625,full item,,,,,
4c6cb85f-9749-b935-dc46-b0035f024824::2a6734de-56ac-8479-789a-53c89223276c,4c6cb85f-9749-b935-dc46-b0035f024824,2a6734de-56ac-8479-789a-53c89223276c,1,00:00:00.000,00:09:59.000,0,599,full item,,,,,
4cad7bcf-031b-6aca-f9ea-bba518e38120::1086add7-784c-012a-078d-33f142d3478e,4cad7bcf-031b-6aca-f9ea-bba518e38120,1086add7-784c-012a-078d-33f142d3478e,1,00:00:00.000,00:10:09.000,0,609,full item,,,,,
4caf1259-0495-d722-603f-cb559e1ccf57::9606eb37-6a30-c4cf-6b85-a9c3a9df21f3,4caf1259-0495-d722-603f-cb559e1ccf57,9606eb37-6a30-c4cf-6b85-a9c3a9df21f3,1,00:00:00.000,00:01:37.000,0,97,full item,,,,,
4d2ce6a7-4b12-60f0-275a-45c87fb08bd5::6799da92-6d0d-ad51-363f-3aea2f51bacc,4d2ce6a7-4b12-60f0-275a-45c87fb08bd5,6799da92-6d0d-ad51-363f-3aea2f51bacc,1,00:00:00.000,00:02:03.000,0,123,full item,,,,,
4d477c79-5f04-7e38-ec1e-649b147e961c::d4ca78e4-023e-7d1f-8a58-a0652b295adf,4d477c79-5f04-7e38-ec1e-649b147e961c,d4ca78e4-023e-7d1f-8a58-a0652b295adf,1,00:00:00.000,00:06:36.000,0,396,full item,,,,,
4d67bb42-34e9-19c9-d262-6ce36a51180a::7700b725-87e1-85ac-2861-a34d6b6780da,4d67bb42-34e9-19c9-d262-6ce36a51180a,7700b725-87e1-85ac-2861-a34d6b6780da,1,00:00:00.000,00:01:20.000,0,80,full item,,,,,
4db87d7a-a36b-050b-38c5-5a26c09c3942::bc865816-250e-261c-83af-5dac0c94cee7,4db87d7a-a36b-050b-38c5-5a26c09c3942,bc865816-250e-261c-83af-5dac0c94cee7,1,00:00:00.000,00:36:25.000,0,2185,full item,,,,,
4dcb935a-d367-910d-cb96-5f3e4b3f20e4::bff9ac76-48f7-6b7c-2ca7-d01e4c3a851c,4dcb935a-d367-910d-cb96-5f3e4b3f20e4,bff9ac76-48f7-6b7c-2ca7-d01e4c3a851c,1,00:00:00.000,00:05:17.000,0,317,full item,,,,,
4e3db242-059f-d2fa-2e17-e62b02e75ece::e8291c9a-2985-234b-0e37-0127d1d082e0,4e3db242-059f-d2fa-2e17-e62b02e75ece,e8291c9a-2985-234b-0e37-0127d1d082e0,1,00:00:00.000,00:06:55.000,0,415,full item,,,,,
4e794753-e2ab-60dc-5b80-cbdab8f37bc6::bb764fd6-3d1e-fd24-fad4-c572891a4e93,4e794753-e2ab-60dc-5b80-cbdab8f37bc6,bb764fd6-3d1e-fd24-fad4-c572891a4e93,1,00:00:00.000,00:00:25.000,0,25,full item,,,,,
4e961dc5-7288-7663-6531-f4e21e427757::eb653903-5bb6-0269-0395-3fbd0b8d75e3,4e961dc5-7288-7663-6531-f4e21e427757,eb653903-5bb6-0269-0395-3fbd0b8d75e3,1,00:00:00.000,00:01:03.000,0,63,full item,,,,,
4e9e3192-65d8-b1e2-a66a-1e1673265e70::1dee4417-474d-9fd6-1831-3f7c90e557dd,4e9e3192-65d8-b1e2-a66a-1e1673265e70,1dee4417-474d-9fd6-1831-3f7c90e557dd,1,00:00:00.000,00:01:04.000,0,64,full item,,,,,
4eba6667-e79d-cd23-766b-15fb5740328c::ca031bd0-33ec-0556-da6a-bbc239f124b4,4eba6667-e79d-cd23-766b-15fb5740328c,ca031bd0-33ec-0556-da6a-bbc239f124b4,1,00:00:00.000,00:01:01.000,0,61,full item,,,,,
4f8f335c-d1c9-842c-b61f-6b1b37bddc2d::23e54c13-2e24-cb92-f2a7-afe2563b91b7,4f8f335c-d1c9-842c-b61f-6b1b37bddc2d,23e54c13-2e24-cb92-f2a7-afe2563b91b7,1,00:00:00.000,00:27:00.000,0,1620,full item,,,,,
4ff865d3-280b-18ed-2cf3-454342544ad7::fa051ae7-7111-d882-5576-51e198962464,4ff865d3-280b-18ed-2cf3-454342544ad7,fa051ae7-7111-d882-5576-51e198962464,1,00:00:00.000,00:00:53.000,0,53,full item,,,,,
5045855a-075e-e627-c5c9-e19e92ccec9b::23548b4d-39b3-ed0d-3889-0c3078527bb3,5045855a-075e-e627-c5c9-e19e92ccec9b,23548b4d-39b3-ed0d-3889-0c3078527bb3,1,00:00:00.000,00:04:14.000,0,254,full item,,,,,
5048226c-91c6-b898-2fe8-eb9ec5c25f4c::1fceb27c-aad3-e30e-ccca-db6071d2ba17,5048226c-91c6-b898-2fe8-eb9ec5c25f4c,1fceb27c-aad3-e30e-ccca-db6071d2ba17,1,00:00:00.000,00:05:18.000,0,318,full item,,,,,
50f536ff-ebcf-3092-c1d7-b16ad7734eee::04a4ae0f-0d65-fc4f-40c6-719836e402c0,50f536ff-ebcf-3092-c1d7-b16ad7734eee,04a4ae0f-0d65-fc4f-40c6-719836e402c0,1,00:00:00.000,00:11:41.000,0,701,full item,,,,,
516fc61a-b937-4d6d-9761-82442ca5fc2d::15745209-ac2a-f568-3605-6115bebe3488,516fc61a-b937-4d6d-9761-82442ca5fc2d,15745209-ac2a-f568-3605-6115bebe3488,1,00:00:00.000,00:03:13.000,0,193,full item,,,,,
51d5a72e-5ebd-7871-a0dc-fbdde3ee106a::075f2ab3-e0a5-8193-9831-19a2f9b4e69b,51d5a72e-5ebd-7871-a0dc-fbdde3ee106a,075f2ab3-e0a5-8193-9831-19a2f9b4e69b,1,00:00:00.000,00:01:33.000,0,93,full item,,,,,
539c9ea2-f341-8be6-2c06-5a54ce83f3b4::350ccf2f-86b9-d6e1-291e-1ce90f5894e3,539c9ea2-f341-8be6-2c06-5a54ce83f3b4,350ccf2f-86b9-d6e1-291e-1ce90f5894e3,1,00:00:00.000,00:02:41.000,0,161,full item,,,,,
53c31257-5a43-a418-fb13-0f9581aae3a8::c6067725-7e00-f50a-bbbe-c1b7aa813fcd,53c31257-5a43-a418-fb13-0f9581aae3a8,c6067725-7e00-f50a-bbbe-c1b7aa813fcd,1,00:00:00.000,00:02:19.000,0,139,full item,,,,,
541119c5-3f90-4cf5-0b42-74c596938ce5::c8677f66-7a87-b9ed-bec7-de364e3aa8fd,541119c5-3f90-4cf5-0b42-74c596938ce5,c8677f66-7a87-b9ed-bec7-de364e3aa8fd,1,00:00:00.000,00:02:54.000,0,174,full item,,,,,
5424773e-413b-a26d-b222-ce8237272906::a16f3a27-73cd-f51d-664b-d0b5b1419034,5424773e-413b-a26d-b222-ce8237272906,a16f3a27-73cd-f51d-664b-d0b5b1419034,1,00:00:00.000,00:01:42.000,0,102,full item,,,,,
54fb333b-6a8a-08bd-cf2c-f2d11ef333da::121fd050-0414-60e0-6724-eb1722596dfc,54fb333b-6a8a-08bd-cf2c-f2d11ef333da,121fd050-0414-60e0-6724-eb1722596dfc,1,00:00:00.000,00:20:54.000,0,1254,full item,,,,,
55099459-503f-833a-d8cf-1829023d0bb5::4d28c487-f20f-a042-137d-1eaa205a8ec5,55099459-503f-833a-d8cf-1829023d0bb5,4d28c487-f20f-a042-137d-1eaa205a8ec5,1,00:00:00.000,00:48:21.000,0,2901,full item,,,,,
5517fb92-06c6-e38a-db26-b84baca999a7::e6a62601-50cf-5fd9-b3d4-f40d40757bde,5517fb92-06c6-e38a-db26-b84baca999a7,e6a62601-50cf-5fd9-b3d4-f40d40757bde,1,00:00:00.000,00:02:26.000,0,146,full item,,,,,
551af413-2ba8-c4ba-2cb9-14e212558bf7::a78bd6bc-855b-55df-3e4a-49b3152d7442,551af413-2ba8-c4ba-2cb9-14e212558bf7,a78bd6bc-855b-55df-3e4a-49b3152d7442,1,00:00:00.000,00:02:24.000,0,144,full item,,,,,
5539278a-bc31-8f66-1185-7bbbe98a47aa::348a9435-1c1e-c41c-be3f-15011dd9d9ab,5539278a-bc31-8f66-1185-7bbbe98a47aa,348a9435-1c1e-c41c-be3f-15011dd9d9ab,1,00:00:00.000,00:05:23.000,0,323,full item,,,,,
55a53b2f-9143-71a6-3c7c-dea3d4117aa8::2d08957a-d9d1-cf88-4112-81c9da4c9b8e,55a53b2f-9143-71a6-3c7c-dea3d4117aa8,2d08957a-d9d1-cf88-4112-81c9da4c9b8e,1,00:00:00.000,00:06:31.000,0,391,full item,,,,,
55d540aa-67a4-b3bf-d022-7a3517fd4398::1bde9488-a58e-465d-8089-e4e9e32285a8,55d540aa-67a4-b3bf-d022-7a3517fd4398,1bde9488-a58e-465d-8089-e4e9e32285a8,1,00:00:00.000,00:24:33.000,0,1473,full item,,,,,
560b4c2a-e4f5-320b-b962-63baec837fef::a44f9211-6924-20dd-cae2-a205e6156a85,560b4c2a-e4f5-320b-b962-63baec837fef,a44f9211-6924-20dd-cae2-a205e6156a85,1,00:00:00.000,00:01:50.000,0,110,full item,,,,,
56514479-a229-8d97-c507-84bddb942afb::ceb58c91-370d-ff71-2b6b-57dce11a18be,56514479-a229-8d97-c507-84bddb942afb,ceb58c91-370d-ff71-2b6b-57dce11a18be,1,00:00:00.000,00:02:34.000,0,154,full item,,,,,
56986975-9cf9-379d-110e-9eec5557d1ba::97f6b498-4a36-f766-aa78-b5b4ae696566,56986975-9cf9-379d-110e-9eec5557d1ba,97f6b498-4a36-f766-aa78-b5b4ae696566,1,00:00:00.000,00:15:53.000,0,953,full item,,,,,
5705ea56-91b1-3b87-17c9-9663bda62d81::bcb8cc38-493f-0ec3-8a0d-50df039d3f83,5705ea56-91b1-3b87-17c9-9663bda62d81,bcb8cc38-493f-0ec3-8a0d-50df039d3f83,1,00:00:00.000,00:11:00.000,0,660,full item,,,,,
5808ed4f-2a7a-5a91-907f-1268acd555aa::18cd397e-929a-befd-fa71-767e702cee58,5808ed4f-2a7a-5a91-907f-1268acd555aa,18cd397e-929a-befd-fa71-767e702cee58,1,00:00:00.000,00:10:17.000,0,617,full item,,,,,
58d6fc2c-23e4-e1ad-5761-0b22f8342b3c::33118561-0e2a-2f7b-05d2-6bf0497b23ce,58d6fc2c-23e4-e1ad-5761-0b22f8342b3c,33118561-0e2a-2f7b-05d2-6bf0497b23ce,1,00:00:00.000,00:00:13.000,0,13,full item,,,,,
590f23ca-ed74-d3e3-0947-377aa750f22f::20359434-e28a-e6a8-07a1-e41c36732291,590f23ca-ed74-d3e3-0947-377aa750f22f,20359434-e28a-e6a8-07a1-e41c36732291,1,00:00:00.000,00:19:11.000,0,1151,full item,,,,,
594f093b-0961-63d8-c21a-f5422520786b::b2c76272-756f-737e-db70-37c3e35f4434,594f093b-0961-63d8-c21a-f5422520786b,b2c76272-756f-737e-db70-37c3e35f4434,1,00:00:00.000,00:02:46.000,0,166,full item,,,,,
5981dee9-ab7d-3057-3cb0-46b8cc38b675::ac0ef3ff-9c63-22a2-9a29-4b3218b00129,5981dee9-ab7d-3057-3cb0-46b8cc38b675,ac0ef3ff-9c63-22a2-9a29-4b3218b00129,1,00:00:00.000,00:28:55.000,0,1735,full item,,,,,
59f41dae-1a24-8cac-45d9-6bd64526fc76::42111105-6aa1-388b-bc39-ccb2466c3122,59f41dae-1a24-8cac-45d9-6bd64526fc76,42111105-6aa1-388b-bc39-ccb2466c3122,1,00:00:00.000,00:12:32.000,0,752,full item,,,,,
59fe90f5-2803-410f-eb54-af2132bdfbfa::a6927d7b-40ec-8350-23c0-09245cde4345,59fe90f5-2803-410f-eb54-af2132bdfbfa,a6927d7b-40ec-8350-23c0-09245cde4345,1,00:00:00.000,00:04:18.000,0,258,full item,,,,,
5a6c791f-c486-f542-5a3e-91d2568e4a77::3e6fa290-3f45-470f-5d6b-1ac006d605b1,5a6c791f-c486-f542-5a3e-91d2568e4a77,3e6fa290-3f45-470f-5d6b-1ac006d605b1,1,00:00:00.000,00:09:39.000,0,579,full item,,,,,
5b7a8143-0eb4-d2c0-92d8-94ddaf5d0795::d961001d-d880-895f-35d9-e4fa8dc697eb,5b7a8143-0eb4-d2c0-92d8-94ddaf5d0795,d961001d-d880-895f-35d9-e4fa8dc697eb,1,00:00:00.000,00:00:48.000,0,48,full item,,,,,
5bbe0514-0422-5255-0416-f3e611784fc2::3f6f976c-3547-26f5-8bb5-c36d72c27c47,5bbe0514-0422-5255-0416-f3e611784fc2,3f6f976c-3547-26f5-8bb5-c36d72c27c47,1,00:00:00.000,00:08:28.000,0,508,full item,,,,,
5c11c210-fc73-3025-d809-c1dcb70c7e76::39f22dc9-e801-9193-09ca-bce8889eee30,5c11c210-fc73-3025-d809-c1dcb70c7e76,39f22dc9-e801-9193-09ca-bce8889eee30,1,00:00:00.000,00:01:16.000,0,76,full item,,,,,
5c616218-6494-e926-dad0-2cea69410732::112ed4f3-3bf7-b911-1c05-7d39e16fc088,5c616218-6494-e926-dad0-2cea69410732,112ed4f3-3bf7-b911-1c05-7d39e16fc088,1,00:00:00.000,00:00:52.000,0,52,full item,,,,,
5cde3b04-02f0-1d10-4fff-649734d160fe::12e69ba8-2c60-bb41-abfc-0d08ed9142ea,5cde3b04-02f0-1d10-4fff-649734d160fe,12e69ba8-2c60-bb41-abfc-0d08ed9142ea,1,00:00:00.000,00:11:27.000,0,687,full item,,,,,
5d490318-b104-a7d7-ebbf-2c3cf557e363::1791d4d6-a2fd-62f7-b052-df4382b02c11,5d490318-b104-a7d7-ebbf-2c3cf557e363,1791d4d6-a2fd-62f7-b052-df4382b02c11,1,00:00:00.000,00:02:14.000,0,134,full item,,,,,
5d71a082-8209-492c-b58c-26f74e184f30::bd3177b7-d6f4-f45d-ad1a-fadde3525028,5d71a082-8209-492c-b58c-26f74e184f30,bd3177b7-d6f4-f45d-ad1a-fadde3525028,1,00:00:00.000,00:00:47.000,0,47,full item,,,,,
5e0c9680-b4da-304f-c5e2-25474ad4b884::430b0e80-5843-e012-2266-a1c39bd2f274,5e0c9680-b4da-304f-c5e2-25474ad4b884,430b0e80-5843-e012-2266-a1c39bd2f274,1,00:00:00.000,00:55:27.000,0,3327,full item,,,,,
5e319910-0820-0464-ffbc-9364097aca57::1eed4f31-d8e7-ed54-cbf9-b41c89e7fde8,5e319910-0820-0464-ffbc-9364097aca57,1eed4f31-d8e7-ed54-cbf9-b41c89e7fde8,1,00:00:00.000,00:01:04.000,0,64,full item,,,,,
5ee240f2-0e0e-2028-0782-57cfc4f73135::8e89e0c2-4c52-030e-a3e9-4acc7a689ff5,5ee240f2-0e0e-2028-0782-57cfc4f73135,8e89e0c2-4c52-030e-a3e9-4acc7a689ff5,1,00:00:00.000,,0,,full item,,,,,
5eef1b1d-255e-ffa9-2bb7-99b797f0fd33::50ce920f-24b9-1bc9-36e3-6fd3505fa205,5eef1b1d-255e-ffa9-2bb7-99b797f0fd33,50ce920f-24b9-1bc9-36e3-6fd3505fa205,1,00:00:00.000,00:08:34.000,0,514,full item,,,,,
5ef12c17-6bc8-4e34-db94-72ff4ad2fa90::a89c51a8-7417-ecb0-dda4-18625392cf0e,5ef12c17-6bc8-4e34-db94-72ff4ad2fa90,a89c51a8-7417-ecb0-dda4-18625392cf0e,1,00:00:00.000,00:01:21.000,0,81,full item,,,,,
5f06c24a-704d-5db5-1297-5f39b945f16d::6165c5e7-5d40-b643-9041-3ce1b1b38e81,5f06c24a-704d-5db5-1297-5f39b945f16d,6165c5e7-5d40-b643-9041-3ce1b1b38e81,1,00:00:00.000,00:02:32.000,0,152,full item,,,,,
5f18dc20-d2e3-25e6-4112-80a22a668cf9::83560be5-51a9-cf08-a551-715a558f8a10,5f18dc20-d2e3-25e6-4112-80a22a668cf9,83560be5-51a9-cf08-a551-715a558f8a10,1,00:00:00.000,00:01:33.000,0,93,full item,,,,,
605399a6-2f1c-2d5f-35a6-b523a93d1169::22de955a-471a-b50e-947d-f4384f053a75,605399a6-2f1c-2d5f-35a6-b523a93d1169,22de955a-471a-b50e-947d-f4384f053a75,1,00:00:00.000,00:19:26.000,0,1166,full item,,,,,
608a2b17-e675-5cdd-a987-e4b5dc6d17cb::40110a9b-1149-beed-c0c1-5a8895c3c27f,608a2b17-e675-5cdd-a987-e4b5dc6d17cb,40110a9b-1149-beed-c0c1-5a8895c3c27f,1,00:00:00.000,00:06:45.000,0,405,full item,,,,,
60cc8640-6c32-10b3-d549-e4ad46071c05::9c1c1720-11c1-fd97-5ce9-58309f90207c,60cc8640-6c32-10b3-d549-e4ad46071c05,9c1c1720-11c1-fd97-5ce9-58309f90207c,1,00:00:00.000,00:00:55.000,0,55,full item,,,,,
610f7ea7-932e-dcb5-0f33-1516b45e2cc1::59a937e5-f4fa-69ac-652a-4ad83c4deee4,610f7ea7-932e-dcb5-0f33-1516b45e2cc1,59a937e5-f4fa-69ac-652a-4ad83c4deee4,1,00:00:00.000,00:03:12.000,0,192,full item,,,,,
612ea714-3d9b-cc9d-3a47-76dab18c37ca::c650befe-e5c4-6e4f-22c8-d5bb1379fd63,612ea714-3d9b-cc9d-3a47-76dab18c37ca,c650befe-e5c4-6e4f-22c8-d5bb1379fd63,1,00:00:00.000,00:02:18.000,0,138,full item,,,,,
615afefa-067b-becd-322c-24493299bd8f::26c36f1d-9df6-97d9-2ee0-64b404f2b408,615afefa-067b-becd-322c-24493299bd8f,26c36f1d-9df6-97d9-2ee0-64b404f2b408,1,00:00:00.000,00:27:30.000,0,1650,full item,,,,,
61c1fdb8-30bc-96cf-3728-1e5b09f76f89::c6790a00-6a84-e727-1e8b-4ced5c9c8c14,61c1fdb8-30bc-96cf-3728-1e5b09f76f89,c6790a00-6a84-e727-1e8b-4ced5c9c8c14,1,00:00:00.000,00:04:36.000,0,276,full item,,,,,
61c2ef8c-3117-5e1f-5c55-f83b8f529444::679704f6-6dfe-057f-0a9d-bb80a5e5c89d,61c2ef8c-3117-5e1f-5c55-f83b8f529444,679704f6-6dfe-057f-0a9d-bb80a5e5c89d,1,00:00:00.000,00:37:17.000,0,2237,full item,,,,,
61f2267b-8c87-eaf0-9414-28d13846fbaa::0ab7469a-295f-b086-e125-a664be8e6e18,61f2267b-8c87-eaf0-9414-28d13846fbaa,0ab7469a-295f-b086-e125-a664be8e6e18,1,00:00:00.000,00:38:41.000,0,2321,full item,,,,,
6215fc62-cfcc-0070-509a-5077f330e439::615aa597-4cc7-4165-17e7-9b3c71ecb574,6215fc62-cfcc-0070-509a-5077f330e439,615aa597-4cc7-4165-17e7-9b3c71ecb574,1,00:00:00.000,00:04:19.000,0,259,full item,,,,,
6216f727-cf13-2763-565f-60f2c5f7cafd::50e7ea97-d48d-e21e-76af-c62c654bae2b,6216f727-cf13-2763-565f-60f2c5f7cafd,50e7ea97-d48d-e21e-76af-c62c654bae2b,1,00:00:00.000,00:16:23.000,0,983,full item,,,,,
6249b4e8-7e65-7b2d-c329-f243eae63b5e::848c663a-78e7-6351-1ad9-c99e68a0e49a,6249b4e8-7e65-7b2d-c329-f243eae63b5e,848c663a-78e7-6351-1ad9-c99e68a0e49a,1,00:00:00.000,00:03:12.000,0,192,full item,,,,,
62950f9b-a5ed-50e0-1ce6-ccd7ab383e36::eccab872-791a-5e8d-cb36-960d3b878e9c,62950f9b-a5ed-50e0-1ce6-ccd7ab383e36,eccab872-791a-5e8d-cb36-960d3b878e9c,1,00:00:00.000,00:01:04.000,0,64,full item,,,,,
63b5c0c8-f3b8-20e4-5fef-58f07b04471e::7409bd22-0599-dd0e-8269-0ce0cfbf02b6,63b5c0c8-f3b8-20e4-5fef-58f07b04471e,7409bd22-0599-dd0e-8269-0ce0cfbf02b6,1,00:00:00.000,00:01:47.000,0,107,full item,,,,,
63f1ae70-bbdc-16b4-5ca9-2664ba8f8871::7d20ef13-7eda-faeb-ba11-14282265ac37,63f1ae70-bbdc-16b4-5ca9-2664ba8f8871,7d20ef13-7eda-faeb-ba11-14282265ac37,1,00:00:00.000,00:03:32.000,0,212,full item,,,,,
64227c3a-1110-f6bf-f44c-beb944b50c71::a6458108-6a69-d6c5-086a-2b3aa1fbe3d4,64227c3a-1110-f6bf-f44c-beb944b50c71,a6458108-6a69-d6c5-086a-2b3aa1fbe3d4,1,00:00:00.000,00:02:46.000,0,166,full item,,,,,
64783e00-9496-7922-f231-f8ede967349f::3a349362-18f1-d7ff-113f-8d8df617e070,64783e00-9496-7922-f231-f8ede967349f,3a349362-18f1-d7ff-113f-8d8df617e070,1,00:00:00.000,00:01:18.000,0,78,full item,,,,,
64cbbe16-8596-469d-05d2-92dce092978d::c2c46cc0-0cb6-80aa-c167-53195917ba53,64cbbe16-8596-469d-05d2-92dce092978d,c2c46cc0-0cb6-80aa-c167-53195917ba53,1,00:00:00.000,00:01:40.000,0,100,full item,,,,,
64e86172-7b2f-a89e-b184-11305a6521ad::81353fa1-fe83-8412-dbd7-d022a4cb3748,64e86172-7b2f-a89e-b184-11305a6521ad,81353fa1-fe83-8412-dbd7-d022a4cb3748,1,00:00:00.000,00:00:58.000,0,58,full item,,,,,
650043ec-517c-c244-94f9-5bda4b25df3a::5f725ea9-cbfe-c11d-22b3-2249acd59e30,650043ec-517c-c244-94f9-5bda4b25df3a,5f725ea9-cbfe-c11d-22b3-2249acd59e30,1,00:00:00.000,00:02:21.000,0,141,full item,,,,,
65dca820-4466-7dc6-427b-aca8615e74ef::2ebc6896-ce4f-5839-e57b-476b4144df23,65dca820-4466-7dc6-427b-aca8615e74ef,2ebc6896-ce4f-5839-e57b-476b4144df23,1,00:00:00.000,00:01:39.000,0,99,full item,,,,,
65e67090-8d58-23d7-4003-823a46820a4d::6fcd8840-a44d-5218-1d54-d2d566c89e7f,65e67090-8d58-23d7-4003-823a46820a4d,6fcd8840-a44d-5218-1d54-d2d566c89e7f,1,00:00:00.000,00:28:56.000,0,1736,full item,,,,,
66214959-f2d8-bf7e-5e11-da7a04cfed6f::8f78fdc8-c952-9fbe-55f6-681e82767b8e,66214959-f2d8-bf7e-5e11-da7a04cfed6f,8f78fdc8-c952-9fbe-55f6-681e82767b8e,1,00:00:00.000,00:01:53.000,0,113,full item,,,,,
66310fa2-35ce-04d9-1b1e-66fbf961aed8::ed53ff62-9b92-ed87-deda-0c532c50419a,66310fa2-35ce-04d9-1b1e-66fbf961aed8,ed53ff62-9b92-ed87-deda-0c532c50419a,1,00:00:00.000,00:01:48.000,0,108,full item,,,,,
665df33b-0442-f02b-6839-8b38c8ab961b::3a395ba4-d5c1-fee9-d7fe-9fa3f3b12c6d,665df33b-0442-f02b-6839-8b38c8ab961b,3a395ba4-d5c1-fee9-d7fe-9fa3f3b12c6d,1,00:00:00.000,00:00:20.000,0,20,full item,,,,,
67049dff-7a46-2ffe-f54c-f38ab85e55f1::ffc49d78-145d-ec61-8516-1be36090e4c8,67049dff-7a46-2ffe-f54c-f38ab85e55f1,ffc49d78-145d-ec61-8516-1be36090e4c8,1,00:00:00.000,00:02:56.000,0,176,full item,,,,,
676d8e0f-8557-cd04-535b-7c880b4a18df::86316885-27b4-b4a4-e9c4-86c27a265c99,676d8e0f-8557-cd04-535b-7c880b4a18df,86316885-27b4-b4a4-e9c4-86c27a265c99,1,00:00:00.000,00:01:57.000,0,117,full item,,,,,
6771fd94-4497-4c14-170b-e2fc4e9de14b::547a68ce-8e8e-535e-88dc-043df47b3a14,6771fd94-4497-4c14-170b-e2fc4e9de14b,547a68ce-8e8e-535e-88dc-043df47b3a14,1,00:00:00.000,00:01:45.000,0,105,full item,,,,,
67872481-fd58-b09b-100b-af0660659b86::7e2eae18-4619-3362-0e35-8686db4a034f,67872481-fd58-b09b-100b-af0660659b86,7e2eae18-4619-3362-0e35-8686db4a034f,1,00:00:00.000,00:14:16.000,0,856,full item,,,,,
6793eb02-c938-e84a-9e2b-28eb9db291cb::4717ea1b-03ee-e0b9-29b3-f3ecccb3f333,6793eb02-c938-e84a-9e2b-28eb9db291cb,4717ea1b-03ee-e0b9-29b3-f3ecccb3f333,1,00:00:00.000,00:03:10.000,0,190,full item,,,,,
67a5b832-4a93-7996-778f-2382b77516ce::e1715489-a8f2-eb68-8c9d-01aa90bc3336,67a5b832-4a93-7996-778f-2382b77516ce,e1715489-a8f2-eb68-8c9d-01aa90bc3336,1,00:00:00.000,00:00:53.000,0,53,full item,,,,,
68515239-1805-d89c-e105-ce6fbd13a0db::5611dedd-63f8-d3a3-48f0-7fe8b9ac7cc2,68515239-1805-d89c-e105-ce6fbd13a0db,5611dedd-63f8-d3a3-48f0-7fe8b9ac7cc2,1,00:00:00.000,00:04:12.000,0,252,full item,,,,,
68674f61-9b7a-b8c9-d9d2-0802299c0aa3::0c338030-c6ea-e237-5ae5-8eea435bf106,68674f61-9b7a-b8c9-d9d2-0802299c0aa3,0c338030-c6ea-e237-5ae5-8eea435bf106,1,00:00:00.000,02:12:49.000,0,7969,full item,,,,,
688e36bc-cc49-6722-e463-8fc239073a05::f0a8f831-8ab6-be34-28a1-820a0aa59e9b,688e36bc-cc49-6722-e463-8fc239073a05,f0a8f831-8ab6-be34-28a1-820a0aa59e9b,1,00:00:00.000,00:00:25.000,0,25,full item,,,,,
68aad435-381a-007b-7de2-80bdcf5c6114::fb63c0a5-64b2-2942-a9f3-542f489decf2,68aad435-381a-007b-7de2-80bdcf5c6114,fb63c0a5-64b2-2942-a9f3-542f489decf2,1,00:00:00.000,00:01:56.000,0,116,full item,,,,,
68c2f853-1875-f50d-19e4-7b139e12632e::08324fa8-f19d-3e4a-1c8e-030c3ee145e4,68c2f853-1875-f50d-19e4-7b139e12632e,08324fa8-f19d-3e4a-1c8e-030c3ee145e4,1,00:00:00.000,00:03:47.000,0,227,full item,,,,,
68d074c0-c90e-a9f6-5a9c-5b1a34e8ca03::3f1f3a81-cbe1-389d-91e6-f6913613e495,68d074c0-c90e-a9f6-5a9c-5b1a34e8ca03,3f1f3a81-cbe1-389d-91e6-f6913613e495,1,00:00:00.000,00:02:32.000,0,152,full item,,,,,
6910d1cb-d4f8-252d-ce04-92c7fe2a8dc4::133a30bc-3b43-8862-e02c-addf01035ce5,6910d1cb-d4f8-252d-ce04-92c7fe2a8dc4,133a30bc-3b43-8862-e02c-addf01035ce5,1,00:00:00.000,00:00:59.000,0,59,full item,,,,,
6a216055-454d-f990-dbbb-a98dd256b28d::0003d8c9-3dd9-7f54-c6c0-1f8bc47e6676,6a216055-454d-f990-dbbb-a98dd256b28d,0003d8c9-3dd9-7f54-c6c0-1f8bc47e6676,1,00:00:00.000,00:01:34.000,0,94,full item,,,,,
6a672be8-2096-c215-1c5f-bdb0fbbdd554::dd5247c1-c57d-b94d-7451-76773f82667d,6a672be8-2096-c215-1c5f-bdb0fbbdd554,dd5247c1-c57d-b94d-7451-76773f82667d,1,00:00:00.000,00:19:39.000,0,1179,full item,,,,,
6b099202-8ca0-fe6f-ac5a-c5f2d4bf0057::5366eed9-49c7-e30d-5d60-c5426ccd37ef,6b099202-8ca0-fe6f-ac5a-c5f2d4bf0057,5366eed9-49c7-e30d-5d60-c5426ccd37ef,1,00:00:00.000,00:43:42.000,0,2622,full item,,,,,
6b40b046-c160-596a-33c5-8731c26f3a43::afb3dd6c-eaf6-053b-d95f-a77429242d3e,6b40b046-c160-596a-33c5-8731c26f3a43,afb3dd6c-eaf6-053b-d95f-a77429242d3e,1,00:00:00.000,00:16:51.000,0,1011,full item,,,,,
6b7b4f0a-ac75-5e51-ec38-7c17074851d7::70219577-6eaf-1ea8-5880-3720e5a42ca7,6b7b4f0a-ac75-5e51-ec38-7c17074851d7,70219577-6eaf-1ea8-5880-3720e5a42ca7,1,00:00:00.000,00:00:51.000,0,51,full item,,,,,
6c0d8fb6-0e4a-2574-d801-ff8d98c9d656::ccdd5f19-5d1e-0e52-247f-77ef623530d5,6c0d8fb6-0e4a-2574-d801-ff8d98c9d656,ccdd5f19-5d1e-0e52-247f-77ef623530d5,1,00:00:00.000,00:01:11.000,0,71,full item,,,,,
6d2aeff1-c608-155f-b709-e270dc16b3b4::3c98d717-688e-1df0-0fb2-c77a0c21ec0f,6d2aeff1-c608-155f-b709-e270dc16b3b4,3c98d717-688e-1df0-0fb2-c77a0c21ec0f,1,00:00:00.000,00:32:51.000,0,1971,full item,,,,,
6d56aa42-58ba-0f09-0519-3bd14b08b2e9::4375d41a-2e82-a8e6-8ba2-10d18be65f96,6d56aa42-58ba-0f09-0519-3bd14b08b2e9,4375d41a-2e82-a8e6-8ba2-10d18be65f96,1,00:00:00.000,00:30:20.000,0,1820,full item,,,,,
6d56fce8-acc4-6a6d-2641-d81d878afcd9::ca301d07-f9d4-2006-6e01-f22061939a33,6d56fce8-acc4-6a6d-2641-d81d878afcd9,ca301d07-f9d4-2006-6e01-f22061939a33,1,00:00:00.000,00:00:54.000,0,54,full item,,,,,
6d600f1b-9646-3d51-50fc-d652959c810b::5cd68783-7cf2-4f5c-7ab6-2cf70e9613fd,6d600f1b-9646-3d51-50fc-d652959c810b,5cd68783-7cf2-4f5c-7ab6-2cf70e9613fd,1,00:00:00.000,00:01:39.000,0,99,full item,,,,,
6e42470b-0f93-83ff-10ec-840f7473ff84::1c0d7e21-590e-3a64-8e16-e26ad2e3ff84,6e42470b-0f93-83ff-10ec-840f7473ff84,1c0d7e21-590e-3a64-8e16-e26ad2e3ff84,1,00:00:00.000,00:01:57.000,0,117,full item,,,,,
6e7562b0-cf78-d658-d99a-09539de4b4e6::49dba0d4-7889-478e-ff0e-34bc8be53088,6e7562b0-cf78-d658-d99a-09539de4b4e6,49dba0d4-7889-478e-ff0e-34bc8be53088,1,00:00:00.000,00:11:24.000,0,684,full item,,,,,
6f01cc7c-51c8-4614-ecf9-f8d642942c66::041f5b1a-0dfc-62e1-184a-7595db7efde1,6f01cc7c-51c8-4614-ecf9-f8d642942c66,041f5b1a-0dfc-62e1-184a-7595db7efde1,1,00:00:00.000,00:02:27.000,0,147,full item,,,,,
6f5c7f6f-ec95-f88c-657c-91523b40ab15::e065d3bd-667d-2ab2-f2f5-46c4a86153cf,6f5c7f6f-ec95-f88c-657c-91523b40ab15,e065d3bd-667d-2ab2-f2f5-46c4a86153cf,1,00:00:00.000,00:03:02.000,0,182,full item,,,,,
6fe1a39b-cada-d81c-a57f-1a2d24cbbf08::af1e4c60-24b1-b3e9-0353-6c7b1d48cc45,6fe1a39b-cada-d81c-a57f-1a2d24cbbf08,af1e4c60-24b1-b3e9-0353-6c7b1d48cc45,1,00:00:00.000,00:03:12.000,0,192,full item,,,,,
702b0eff-907d-2b50-0a78-7ad1317bdd2d::51fbf0f8-91c3-19b3-f648-7393a8c6987b,702b0eff-907d-2b50-0a78-7ad1317bdd2d,51fbf0f8-91c3-19b3-f648-7393a8c6987b,1,00:00:00.000,00:01:10.000,0,70,full item,,,,,
704bec15-ebab-6cdd-aa19-1ce374cc009e::b42c3d60-2300-4567-63ad-d0132dff937f,704bec15-ebab-6cdd-aa19-1ce374cc009e,b42c3d60-2300-4567-63ad-d0132dff937f,1,00:00:00.000,00:11:59.000,0,719,full item,,,,,
708213b9-3466-00ba-d8ef-0a48b1e9a472::f9cbd1d1-2725-0d4c-a4f0-b3591feca4c5,708213b9-3466-00ba-d8ef-0a48b1e9a472,f9cbd1d1-2725-0d4c-a4f0-b3591feca4c5,1,00:00:00.000,00:00:49.000,0,49,full item,,,,,
709b8ed8-8890-895b-ae8e-2be31c71f7a1::9cfc5e54-e8d7-0be4-9665-949dfeed232f,709b8ed8-8890-895b-ae8e-2be31c71f7a1,9cfc5e54-e8d7-0be4-9665-949dfeed232f,1,00:00:00.000,00:17:44.000,0,1064,full item,,,,,
70e782f4-15cb-864f-758e-94a8236779f8::2ad3e3dd-81d2-fa5c-8a51-f2a2b79e6751,70e782f4-15cb-864f-758e-94a8236779f8,2ad3e3dd-81d2-fa5c-8a51-f2a2b79e6751,1,00:00:00.000,00:09:48.000,0,588,full item,,,,,
717b272a-8025-c574-3683-feeebb154a4a::cdb9434c-49e7-23aa-3c67-bb1826285d8e,717b272a-8025-c574-3683-feeebb154a4a,cdb9434c-49e7-23aa-3c67-bb1826285d8e,1,00:00:00.000,00:00:32.000,0,32,full item,,,,,
71cd4b16-ef95-dd2d-02b2-d6620bedf16a::804d56b0-7fd7-af18-41c4-75876c3b60f0,71cd4b16-ef95-dd2d-02b2-d6620bedf16a,804d56b0-7fd7-af18-41c4-75876c3b60f0,1,00:00:00.000,00:02:12.000,0,132,full item,,,,,
723013c4-cac5-f5b1-47dc-cf57288d5368::b5628973-7472-4fbf-6ec2-a2abd0174261,723013c4-cac5-f5b1-47dc-cf57288d5368,b5628973-7472-4fbf-6ec2-a2abd0174261,1,00:00:00.000,00:28:45.000,0,1725,full item,,,,,
72ff7b7b-850d-b9d4-dbba-6d670c23c74e::c1fdd928-09af-4cd3-b17f-2f83f0c7465c,72ff7b7b-850d-b9d4-dbba-6d670c23c74e,c1fdd928-09af-4cd3-b17f-2f83f0c7465c,1,00:00:00.000,00:00:48.000,0,48,full item,,,,,
7338d3e6-9e38-fd79-e950-c0a5701c81e6::a42c4f14-0125-278d-9fd9-d44ae403b9c8,7338d3e6-9e38-fd79-e950-c0a5701c81e6,a42c4f14-0125-278d-9fd9-d44ae403b9c8,1,00:00:00.000,00:01:19.000,0,79,full item,,,,,
7358885b-c023-9788-7510-b4995da93f3c::51615702-2db7-6bf5-ea32-1bb37f152322,7358885b-c023-9788-7510-b4995da93f3c,51615702-2db7-6bf5-ea32-1bb37f152322,1,00:00:00.000,00:45:05.000,0,2705,full item,,,,,
736fd278-4cc7-4c60-ff07-367413473346::697283dc-8c79-4de5-f766-b5233d651ed3,736fd278-4cc7-4c60-ff07-367413473346,697283dc-8c79-4de5-f766-b5233d651ed3,1,00:00:00.000,00:01:36.000,0,96,full item,,,,,
73c3c882-c02d-9d9b-c0bf-60cb2995b012::75eaf222-b61a-a76c-5327-723cf1436c4b,73c3c882-c02d-9d9b-c0bf-60cb2995b012,75eaf222-b61a-a76c-5327-723cf1436c4b,1,00:00:00.000,00:01:41.000,0,101,full item,,,,,
73cfb84c-f28d-8fb9-5dc7-a4227083a275::5855da29-0baf-29e6-3ab0-fc6ad38f5a3a,73cfb84c-f28d-8fb9-5dc7-a4227083a275,5855da29-0baf-29e6-3ab0-fc6ad38f5a3a,1,00:00:00.000,00:12:51.000,0,771,full item,,,,,
73f29a53-dee0-5923-b7b8-acd52544382f::5faa9295-51b7-0e4b-f735-2f749ddbeb3e,73f29a53-dee0-5923-b7b8-acd52544382f,5faa9295-51b7-0e4b-f735-2f749ddbeb3e,1,00:00:00.000,00:01:33.000,0,93,full item,,,,,
741960f2-942a-37f0-af19-f62f69ada11e::13273c7b-2c4e-9614-817b-077f07ae0e79,741960f2-942a-37f0-af19-f62f69ada11e,13273c7b-2c4e-9614-817b-077f07ae0e79,1,00:00:00.000,00:02:13.000,0,133,full item,,,,,
7461d912-cacb-97e8-1646-7f9a367257af::dd9dd115-19fc-d5f2-e9bd-2b1bcc1448dc,7461d912-cacb-97e8-1646-7f9a367257af,dd9dd115-19fc-d5f2-e9bd-2b1bcc1448dc,1,00:00:00.000,00:00:53.000,0,53,full item,,,,,
748b5931-9578-28cd-cbe2-77e4ef44dcec::6f8242e6-4260-9039-4dfe-5e3f7aa0cf43,748b5931-9578-28cd-cbe2-77e4ef44dcec,6f8242e6-4260-9039-4dfe-5e3f7aa0cf43,1,00:00:00.000,00:01:12.000,0,72,full item,,,,,
74c5e07a-8a04-cb2a-8b86-15f515bcfe32::0806f77b-bf46-e0db-0d6d-6bc8c3f604c9,74c5e07a-8a04-cb2a-8b86-15f515bcfe32,0806f77b-bf46-e0db-0d6d-6bc8c3f604c9,1,00:00:00.000,00:15:58.000,0,958,full item,,,,,
74fa59e1-7791-017e-bccc-7d22e62df1c2::994ac6ce-a849-4ebf-382e-c1006da040b4,74fa59e1-7791-017e-bccc-7d22e62df1c2,994ac6ce-a849-4ebf-382e-c1006da040b4,1,00:00:00.000,00:27:08.000,0,1628,full item,,,,,
75267411-b1b4-7ace-d9a3-8a75da2758a4::f00c61b5-cc4a-4283-9bbd-95390f432777,75267411-b1b4-7ace-d9a3-8a75da2758a4,f00c61b5-cc4a-4283-9bbd-95390f432777,1,00:00:00.000,00:02:23.000,0,143,full item,,,,,
753dc26d-887f-369e-6ffc-99ae29cb570f::c0ea23b4-bcc2-57d5-753b-501996078979,753dc26d-887f-369e-6ffc-99ae29cb570f,c0ea23b4-bcc2-57d5-753b-501996078979,1,00:00:00.000,00:41:32.000,0,2492,full item,,,,,
75c4c87e-a9a9-ad07-0193-356f564105e9::f877e2c5-1bf7-ec53-15e9-6d30e3f305b8,75c4c87e-a9a9-ad07-0193-356f564105e9,f877e2c5-1bf7-ec53-15e9-6d30e3f305b8,1,00:00:00.000,00:03:04.000,0,184,full item,,,,,
75ef65fd-8a3a-aedb-891f-196063a60a21::d68f14bb-d28e-fe0a-92a2-4862cb30b2e2,75ef65fd-8a3a-aedb-891f-196063a60a21,d68f14bb-d28e-fe0a-92a2-4862cb30b2e2,1,00:00:00.000,00:27:38.000,0,1658,full item,,,,,
767adf39-255f-e863-e692-d68968ff9175::2d86dc4f-ade7-f3a6-4bcb-aa58b81a5e52,767adf39-255f-e863-e692-d68968ff9175,2d86dc4f-ade7-f3a6-4bcb-aa58b81a5e52,1,00:00:00.000,00:01:43.000,0,103,full item,,,,,
76b1a76f-d253-6447-55f5-07f3bccaeb9c::248dc062-ac73-5152-0f32-014fbca5d88d,76b1a76f-d253-6447-55f5-07f3bccaeb9c,248dc062-ac73-5152-0f32-014fbca5d88d,1,00:00:00.000,00:07:19.000,0,439,full item,,,,,
76c93b1b-e3f3-d6d0-ffc3-5b6d696eaafb::1608e7de-5cd5-f542-5a70-5092dd0119f7,76c93b1b-e3f3-d6d0-ffc3-5b6d696eaafb,1608e7de-5cd5-f542-5a70-5092dd0119f7,1,00:00:00.000,00:00:34.000,0,34,full item,,,,,
771755bd-ed0a-5c25-7a99-f27d081a2ddb::9a45f480-f321-818e-7ea6-b0eac2d6e0e1,771755bd-ed0a-5c25-7a99-f27d081a2ddb,9a45f480-f321-818e-7ea6-b0eac2d6e0e1,1,00:00:00.000,00:01:44.000,0,104,full item,,,,,
7731fcdd-1c9a-a46f-7e7d-4ddfc8d3b3d9::b5c6a737-eb96-c30b-6307-790a859e4b12,7731fcdd-1c9a-a46f-7e7d-4ddfc8d3b3d9,b5c6a737-eb96-c30b-6307-790a859e4b12,1,00:00:00.000,00:01:02.000,0,62,full item,,,,,
775fbc6e-1ab5-b25f-9dab-d3e2b3e6803e::4941584b-25e0-83ef-c0ee-c3c10d55fd09,775fbc6e-1ab5-b25f-9dab-d3e2b3e6803e,4941584b-25e0-83ef-c0ee-c3c10d55fd09,1,00:00:00.000,00:05:57.000,0,357,full item,,,,,
77824c86-aa30-b358-4e32-d60339990fa2::a19c4879-978c-de8b-deeb-4d4daae2e639,77824c86-aa30-b358-4e32-d60339990fa2,a19c4879-978c-de8b-deeb-4d4daae2e639,1,00:00:00.000,00:02:30.000,0,150,full item,,,,,
7823c84f-d6b0-097d-517d-a98e965b2aa6::e58071e1-0b5f-ba4e-40d3-e3f3ab6baa43,7823c84f-d6b0-097d-517d-a98e965b2aa6,e58071e1-0b5f-ba4e-40d3-e3f3ab6baa43,1,00:00:00.000,00:00:40.000,0,40,full item,,,,,
7833fb30-3f99-91a7-656e-7862751baf8d::2a14107b-592e-9473-d0fb-ce9a1c50aa14,7833fb30-3f99-91a7-656e-7862751baf8d,2a14107b-592e-9473-d0fb-ce9a1c50aa14,1,00:00:00.000,00:24:51.000,0,1491,full item,,,,,
78a16f96-1519-e4b7-e710-2d18bd201708::77e41943-2d08-1c14-0bc8-3245c3dea74b,78a16f96-1519-e4b7-e710-2d18bd201708,77e41943-2d08-1c14-0bc8-3245c3dea74b,1,00:00:00.000,00:00:57.000,0,57,full item,,,,,
7913d8e5-1f2f-8dd7-4892-52230bc2b4ce::fb6925d6-6f03-194d-31ca-aeab5ee29b43,7913d8e5-1f2f-8dd7-4892-52230bc2b4ce,fb6925d6-6f03-194d-31ca-aeab5ee29b43,1,00:00:00.000,00:01:21.000,0,81,full item,,,,,
795f9da9-9b26-67f6-cc5d-3cd1c6d13f2b::6bbe11db-189f-ae69-27fe-d0e2b430ea20,795f9da9-9b26-67f6-cc5d-3cd1c6d13f2b,6bbe11db-189f-ae69-27fe-d0e2b430ea20,1,00:00:00.000,00:06:39.000,0,399,full item,,,,,
7962dca7-9db6-db2e-e201-2e687cd5d11d::ce725413-6939-4a5b-86dc-ca3b89793932,7962dca7-9db6-db2e-e201-2e687cd5d11d,ce725413-6939-4a5b-86dc-ca3b89793932,1,00:00:00.000,00:00:16.000,0,16,full item,,,,,
7970103d-085d-1d4d-a7fd-2d4861b907c6::e3cf9e93-fd5c-b11b-59cb-c76e454ec892,7970103d-085d-1d4d-a7fd-2d4861b907c6,e3cf9e93-fd5c-b11b-59cb-c76e454ec892,1,00:00:00.000,00:02:17.000,0,137,full item,,,,,
7a2bc972-ffae-77d3-1f16-3da5a0070eab::71a1882d-ec8a-c799-dbbe-6d8c0b674921,7a2bc972-ffae-77d3-1f16-3da5a0070eab,71a1882d-ec8a-c799-dbbe-6d8c0b674921,1,00:00:00.000,00:01:26.000,0,86,full item,,,,,
7a45910c-7f91-956f-f1b5-ca875f14d5b5::bf483be4-5a77-5fac-cd90-c160af7651f6,7a45910c-7f91-956f-f1b5-ca875f14d5b5,bf483be4-5a77-5fac-cd90-c160af7651f6,1,00:00:00.000,00:01:43.000,0,103,full item,,,,,
7a5d37c4-1f4b-7327-ae6e-9038a398b857::b846ba08-73c5-c539-8e9c-4f0b1444adcd,7a5d37c4-1f4b-7327-ae6e-9038a398b857,b846ba08-73c5-c539-8e9c-4f0b1444adcd,1,00:00:00.000,00:18:34.000,0,1114,full item,,,,,
7aa86eae-77f6-e21d-318c-ba5f58a957f9::0dc79cab-279a-fded-4655-7b086505fa11,7aa86eae-77f6-e21d-318c-ba5f58a957f9,0dc79cab-279a-fded-4655-7b086505fa11,1,00:00:00.000,00:00:32.000,0,32,full item,,,,,
7af219d5-d4a4-4be6-8d7d-c05cdabb814a::3105bcf3-8871-c0c0-c0e6-2414c3e83500,7af219d5-d4a4-4be6-8d7d-c05cdabb814a,3105bcf3-8871-c0c0-c0e6-2414c3e83500,1,00:00:00.000,00:01:37.000,0,97,full item,,,,,
7b298dd3-e39d-d77b-85af-f699af1537d1::debc5714-79c7-f2e1-61a1-6ebf71977489,7b298dd3-e39d-d77b-85af-f699af1537d1,debc5714-79c7-f2e1-61a1-6ebf71977489,1,00:00:00.000,00:50:02.000,0,3002,full item,,,,,
7b7aed18-0a41-0f75-0ffc-3926242cd0ed::b92b7cd7-62f8-f1b4-555b-fa11afbef391,7b7aed18-0a41-0f75-0ffc-3926242cd0ed,b92b7cd7-62f8-f1b4-555b-fa11afbef391,1,00:00:00.000,00:04:44.000,0,284,full item,,,,,
7b8e438a-514f-42ae-18b1-df25be15e513::43e55266-aa80-b7bd-31c9-43833dd81cad,7b8e438a-514f-42ae-18b1-df25be15e513,43e55266-aa80-b7bd-31c9-43833dd81cad,1,00:00:00.000,00:13:12.000,0,792,full item,,,,,
7c6c7a72-5da1-452b-166a-9fa74322606e::83e858ce-b11b-07eb-dfe4-a1909730be85,7c6c7a72-5da1-452b-166a-9fa74322606e,83e858ce-b11b-07eb-dfe4-a1909730be85,1,00:00:00.000,00:05:42.000,0,342,full item,,,,,
7c76a1e6-fe68-9efe-2913-6624a88871df::a1dd9286-c51a-8107-f223-a54a5b96c8d5,7c76a1e6-fe68-9efe-2913-6624a88871df,a1dd9286-c51a-8107-f223-a54a5b96c8d5,1,00:00:00.000,00:01:06.000,0,66,full item,,,,,
7caaa442-c825-2854-aaeb-ca0a24b8ba6e::bf9ce6b4-6636-c3f9-45a3-86764cc4899b,7caaa442-c825-2854-aaeb-ca0a24b8ba6e,bf9ce6b4-6636-c3f9-45a3-86764cc4899b,1,00:00:00.000,00:11:53.000,0,713,full item,,,,,
7d04efb8-4e9f-7163-9141-b2813095f557::f5b373d6-66de-5787-6abe-51d27c5343e4,7d04efb8-4e9f-7163-9141-b2813095f557,f5b373d6-66de-5787-6abe-51d27c5343e4,1,00:00:00.000,00:01:42.000,0,102,full item,,,,,
7d2d9993-6481-fede-5ca6-7c7246a8bf4b::a00038eb-c551-a428-8eb1-1762b6121e58,7d2d9993-6481-fede-5ca6-7c7246a8bf4b,a00038eb-c551-a428-8eb1-1762b6121e58,1,00:00:00.000,00:05:55.000,0,355,full item,,,,,
7d7b1f75-f3da-73d5-9212-b7d13913e3c9::ada2f1db-67c5-913f-053c-5b63edd27f89,7d7b1f75-f3da-73d5-9212-b7d13913e3c9,ada2f1db-67c5-913f-053c-5b63edd27f89,1,00:00:00.000,00:01:21.000,0,81,full item,,,,,
7ddfd693-0255-c982-7b5e-a29977fe2f95::2a3872a6-443d-cb5b-8f33-53ac393f9f6e,7ddfd693-0255-c982-7b5e-a29977fe2f95,2a3872a6-443d-cb5b-8f33-53ac393f9f6e,1,00:00:00.000,00:01:02.000,0,62,full item,,,,,
7e472d10-6f09-c88a-97d5-e206b14e1504::4e6a01c6-fbc8-4043-6645-9699a9882737,7e472d10-6f09-c88a-97d5-e206b14e1504,4e6a01c6-fbc8-4043-6645-9699a9882737,1,00:00:00.000,00:00:21.000,0,21,full item,,,,,
7e83acc1-dced-ed81-1a44-582515652364::e7df4532-6878-b623-59ac-e7667b009735,7e83acc1-dced-ed81-1a44-582515652364,e7df4532-6878-b623-59ac-e7667b009735,1,00:00:00.000,00:22:08.000,0,1328,full item,,,,,
7f035651-aff2-6053-cd2d-a4b274a068c8::d46e906d-53b7-3536-500c-874899ac64c0,7f035651-aff2-6053-cd2d-a4b274a068c8,d46e906d-53b7-3536-500c-874899ac64c0,1,00:00:00.000,00:01:34.000,0,94,full item,,,,,
7f3cb6be-d096-a589-23b4-736620f50f92::5cb3599b-2325-8f03-0f27-2dc2cb9f8df0,7f3cb6be-d096-a589-23b4-736620f50f92,5cb3599b-2325-8f03-0f27-2dc2cb9f8df0,1,00:00:00.000,00:06:11.000,0,371,full item,,,,,
7fa77e7d-044d-c7a1-929a-bdd2dfa41dde::5ee9a983-bdff-d8fe-7cde-e25b1c62aefe,7fa77e7d-044d-c7a1-929a-bdd2dfa41dde,5ee9a983-bdff-d8fe-7cde-e25b1c62aefe,1,00:00:00.000,00:00:39.000,0,39,full item,,,,,
804ed52a-64f5-0d8d-d684-5c9539bfe824::871f079e-c752-e59f-26fc-2d1adbf7682c,804ed52a-64f5-0d8d-d684-5c9539bfe824,871f079e-c752-e59f-26fc-2d1adbf7682c,1,00:00:00.000,00:14:12.000,0,852,full item,,,,,
80bd354e-04ed-16f0-84d3-f1755ae09a0a::ce15bcd5-7ab5-a2da-7507-d87c79bdc9ca,80bd354e-04ed-16f0-84d3-f1755ae09a0a,ce15bcd5-7ab5-a2da-7507-d87c79bdc9ca,1,00:00:00.000,00:02:21.000,0,141,full item,,,,,
80cbd0c5-255e-7a0e-18e1-df545d4be654::97591e18-2d8c-5641-dfec-c6cfbb3424fa,80cbd0c5-255e-7a0e-18e1-df545d4be654,97591e18-2d8c-5641-dfec-c6cfbb3424fa,1,00:00:00.000,00:01:10.000,0,70,full item,,,,,
819e7183-f1ff-6d5f-e414-356c1437415d::6c07a0ef-1956-a764-b624-f876b7dc847c,819e7183-f1ff-6d5f-e414-356c1437415d,6c07a0ef-1956-a764-b624-f876b7dc847c,1,00:00:00.000,00:04:23.000,0,263,full item,,,,,
81d8bad5-2560-faaa-62b2-a93702d5d8b5::b793fa91-c31e-3bb9-2726-f8824665dd71,81d8bad5-2560-faaa-62b2-a93702d5d8b5,b793fa91-c31e-3bb9-2726-f8824665dd71,1,00:00:00.000,00:15:21.000,0,921,full item,,,,,
8298e416-80e4-bb01-b611-60cc5193317e::4932d12b-8bd3-b997-9ec5-bada6ba79743,8298e416-80e4-bb01-b611-60cc5193317e,4932d12b-8bd3-b997-9ec5-bada6ba79743,1,00:00:00.000,00:00:32.000,0,32,full item,,,,,
82d05932-8c86-d30d-9f24-9f65c44baf8d::835ff598-3d0c-ce1b-bab6-2c8d1d970c81,82d05932-8c86-d30d-9f24-9f65c44baf8d,835ff598-3d0c-ce1b-bab6-2c8d1d970c81,1,00:00:00.000,00:02:17.000,0,137,full item,,,,,
83456f87-6b61-aa17-effc-3b4f8b662277::5132ac7d-6bdf-30d9-709c-092f73b5741e,83456f87-6b61-aa17-effc-3b4f8b662277,5132ac7d-6bdf-30d9-709c-092f73b5741e,1,00:00:00.000,00:17:10.000,0,1030,full item,,,,,
836e2495-e67e-9fe3-a18f-e0fa876d8f05::94cf1ebc-f977-5531-c8ea-d76910dcebbd,836e2495-e67e-9fe3-a18f-e0fa876d8f05,94cf1ebc-f977-5531-c8ea-d76910dcebbd,1,00:00:00.000,00:02:20.000,0,140,full item,,,,,
83e8b160-d214-5a99-24a5-5b68e2e30dc9::a2b12ee3-ba40-8ed1-ec7c-8df8bc4e63c9,83e8b160-d214-5a99-24a5-5b68e2e30dc9,a2b12ee3-ba40-8ed1-ec7c-8df8bc4e63c9,1,00:00:00.000,00:54:00.000,0,3240,full item,,,,,
840169fe-6d6b-546f-7e35-df8551129fa6::dc1206f4-926d-8e5f-3487-fa528d46a703,840169fe-6d6b-546f-7e35-df8551129fa6,dc1206f4-926d-8e5f-3487-fa528d46a703,1,00:00:00.000,00:00:35.000,0,35,full item,,,,,
8570b876-ac9c-6bfe-a0ea-515122396d9c::150f2def-ef04-f30c-a23d-30e4fc30f330,8570b876-ac9c-6bfe-a0ea-515122396d9c,150f2def-ef04-f30c-a23d-30e4fc30f330,1,00:00:00.000,00:02:04.000,0,124,full item,,,,,
86491c10-4df8-f23b-8c84-b1016359e200::edc3fdb7-9970-d8bc-860a-4e860198d0ce,86491c10-4df8-f23b-8c84-b1016359e200,edc3fdb7-9970-d8bc-860a-4e860198d0ce,1,00:00:00.000,00:01:20.000,0,80,full item,,,,,
8664d55e-5ae7-7559-be52-e38b7167c539::f7ddec90-1ee0-261d-325c-74bcc66f2e0a,8664d55e-5ae7-7559-be52-e38b7167c539,f7ddec90-1ee0-261d-325c-74bcc66f2e0a,1,00:00:00.000,00:02:31.000,0,151,full item,,,,,
867c1cfd-11f4-4bbe-77c8-0170fea0e7b4::6bbfbd6b-8b93-2922-600b-994059ef0f5d,867c1cfd-11f4-4bbe-77c8-0170fea0e7b4,6bbfbd6b-8b93-2922-600b-994059ef0f5d,1,00:00:00.000,00:13:41.000,0,821,full item,,,,,
868254d4-564c-78ef-a180-b75bea5039c2::80686442-d076-7207-dd8b-4fbd6f0859f4,868254d4-564c-78ef-a180-b75bea5039c2,80686442-d076-7207-dd8b-4fbd6f0859f4,1,00:00:00.000,00:00:45.000,0,45.14,full item,,,,,
86b62b7c-82df-ddce-8d1b-fd79544defc5::d64e4189-90a4-7267-66a2-898523d08f6b,86b62b7c-82df-ddce-8d1b-fd79544defc5,d64e4189-90a4-7267-66a2-898523d08f6b,1,00:00:00.000,00:01:27.000,0,87,full item,,,,,
86faa212-60b7-9998-acce-c810c57a20b7::bc8b5981-ddd6-e77c-4c6f-dba49e46c3cc,86faa212-60b7-9998-acce-c810c57a20b7,bc8b5981-ddd6-e77c-4c6f-dba49e46c3cc,1,00:00:00.000,00:01:00.000,0,60,full item,,,,,
8739ceca-3d35-f1ef-b1e1-12e0be8b9c6f::aaacef68-2809-2429-6666-eb7e45092420,8739ceca-3d35-f1ef-b1e1-12e0be8b9c6f,aaacef68-2809-2429-6666-eb7e45092420,1,00:00:00.000,00:08:25.000,0,505,full item,,,,,
87b358c6-e8fd-ae13-b107-54df821b1b31::a367d583-7d91-73af-57d9-205fc6d2a14c,87b358c6-e8fd-ae13-b107-54df821b1b31,a367d583-7d91-73af-57d9-205fc6d2a14c,1,00:00:00.000,00:29:50.000,0,1790,full item,,,,,
88126414-786a-833c-ddeb-82c8d637ca27::f5583fb5-c7dc-72b6-d91d-8768e558639b,88126414-786a-833c-ddeb-82c8d637ca27,f5583fb5-c7dc-72b6-d91d-8768e558639b,1,00:00:00.000,00:14:34.000,0,874,full item,,,,,
884e2707-9602-b0ad-7771-5ea3315e96cf::92b2f0d4-04d4-bb1b-8b57-1d438cddf5ff,884e2707-9602-b0ad-7771-5ea3315e96cf,92b2f0d4-04d4-bb1b-8b57-1d438cddf5ff,1,00:00:00.000,00:02:39.000,0,159,full item,,,,,
88dfd075-1f0f-c466-c88f-ad6529fe43b1::8954e603-6e3a-8043-a784-0d343e5202d5,88dfd075-1f0f-c466-c88f-ad6529fe43b1,8954e603-6e3a-8043-a784-0d343e5202d5,1,00:00:00.000,00:00:40.000,0,40,full item,,,,,
892e43b4-a8f1-9fcd-fd6d-3449ee4881f1::4e02055c-435f-2bf6-b801-b210a17258ce,892e43b4-a8f1-9fcd-fd6d-3449ee4881f1,4e02055c-435f-2bf6-b801-b210a17258ce,1,00:00:00.000,00:02:14.000,0,134,full item,,,,,
89707caf-3ae9-ac8d-de25-38193096fc3e::1bea1d0c-1ad4-0ba9-c041-e5537ad93c2d,89707caf-3ae9-ac8d-de25-38193096fc3e,1bea1d0c-1ad4-0ba9-c041-e5537ad93c2d,1,00:00:00.000,00:30:40.000,0,1840,full item,,,,,
89db966d-c00a-9df6-a503-fd4af6a2ebad::0b1b0f71-76c1-e9c8-1a23-600d7fa0dec1,89db966d-c00a-9df6-a503-fd4af6a2ebad,0b1b0f71-76c1-e9c8-1a23-600d7fa0dec1,1,00:00:00.000,00:01:56.000,0,116,full item,,,,,
8a12f882-adf8-02fe-1fe6-c47938240a16::e44a425b-94a5-ba05-368b-d861f170991e,8a12f882-adf8-02fe-1fe6-c47938240a16,e44a425b-94a5-ba05-368b-d861f170991e,1,00:00:00.000,00:12:43.000,0,763,full item,,,,,
8a3ae2f1-a0dc-6f2c-13cf-ae5d4475fa58::6afb87ef-fb49-c9e4-9099-3f5221ddde11,8a3ae2f1-a0dc-6f2c-13cf-ae5d4475fa58,6afb87ef-fb49-c9e4-9099-3f5221ddde11,1,00:00:00.000,00:05:11.000,0,311,full item,,,,,
8a6be089-d7cb-3f07-2a1f-dd943ac0fa57::f3765da2-bfaf-1dc2-637a-a02663332399,8a6be089-d7cb-3f07-2a1f-dd943ac0fa57,f3765da2-bfaf-1dc2-637a-a02663332399,1,00:00:00.000,00:01:55.000,0,115,full item,,,,,
8a791570-0e2d-ee24-3d92-9df1255da714::451b493f-7bc6-a7ba-7107-1c594b02c72b,8a791570-0e2d-ee24-3d92-9df1255da714,451b493f-7bc6-a7ba-7107-1c594b02c72b,1,00:00:00.000,00:53:37.000,0,3217,full item,,,,,
8abb9dfc-fc5d-1c8c-6cfe-c4b0e8ba1bdb::2ac7eabc-a7c4-2764-5bc1-0bb7a863c1fa,8abb9dfc-fc5d-1c8c-6cfe-c4b0e8ba1bdb,2ac7eabc-a7c4-2764-5bc1-0bb7a863c1fa,1,00:00:00.000,00:06:28.000,0,388,full item,,,,,
8ae8b00e-a280-295a-44fa-91346dfa9b63::a94209d8-4a01-ca1f-f647-4ab8bb82bd1f,8ae8b00e-a280-295a-44fa-91346dfa9b63,a94209d8-4a01-ca1f-f647-4ab8bb82bd1f,1,00:00:00.000,00:17:08.000,0,1028,full item,,,,,
8b1b3906-bf41-ab41-20c3-0d4835f70dd8::85b7f8f4-71ea-e88f-9981-ef8090ef07ba,8b1b3906-bf41-ab41-20c3-0d4835f70dd8,85b7f8f4-71ea-e88f-9981-ef8090ef07ba,1,00:00:00.000,00:02:27.000,0,147,full item,,,,,
8b7d6f78-4710-9544-b4b3-d01e0e8aac38::e15550a6-9e9f-742d-7202-28405802019b,8b7d6f78-4710-9544-b4b3-d01e0e8aac38,e15550a6-9e9f-742d-7202-28405802019b,1,00:00:00.000,00:01:45.000,0,105,full item,,,,,
8bad39eb-05a1-833d-0fa1-28cdfce1702b::497d60db-8ca3-83fa-32c9-9e12d3c39ce4,8bad39eb-05a1-833d-0fa1-28cdfce1702b,497d60db-8ca3-83fa-32c9-9e12d3c39ce4,1,00:00:00.000,00:03:10.000,0,190,full item,,,,,
8c05a113-e375-f7d7-12f1-d203a2569620::c5832e8e-c819-85ef-7260-683cedbe677d,8c05a113-e375-f7d7-12f1-d203a2569620,c5832e8e-c819-85ef-7260-683cedbe677d,1,00:00:00.000,00:03:45.000,0,225,full item,,,,,
8c1c59ae-657c-2368-1e7c-c25a5448a384::3bd11ce1-ee9f-d8b4-f440-19dfe2849878,8c1c59ae-657c-2368-1e7c-c25a5448a384,3bd11ce1-ee9f-d8b4-f440-19dfe2849878,1,00:00:00.000,00:00:56.000,0,56,full item,,,,,
8cfacdda-277f-7581-ded7-bb67c08c7965::1e4be0e8-b744-0f9f-6f66-c8149928197a,8cfacdda-277f-7581-ded7-bb67c08c7965,1e4be0e8-b744-0f9f-6f66-c8149928197a,1,00:00:00.000,00:19:20.000,0,1160,full item,,,,,
8d6e83dc-824c-2874-a873-bba24d851f1e::0b51be66-3d3f-44fe-d61c-05fa724747cb,8d6e83dc-824c-2874-a873-bba24d851f1e,0b51be66-3d3f-44fe-d61c-05fa724747cb,1,00:00:00.000,00:02:32.000,0,152,full item,,,,,
8d7a05af-bd51-8e44-476b-52e3db8f1b46::0f887772-e931-9d63-2c84-b386b2902618,8d7a05af-bd51-8e44-476b-52e3db8f1b46,0f887772-e931-9d63-2c84-b386b2902618,1,00:00:00.000,00:01:32.000,0,92,full item,,,,,
8d941ede-23cd-cd4e-9ac7-ba6fe364e686::05449583-2ea6-fa16-860d-6efad743e192,8d941ede-23cd-cd4e-9ac7-ba6fe364e686,05449583-2ea6-fa16-860d-6efad743e192,1,00:00:00.000,00:03:09.000,0,189,full item,,,,,
8da629fa-4609-f21b-a100-c650a90c8639::00cc6c97-cb3f-401b-9b2d-edb13f39a830,8da629fa-4609-f21b-a100-c650a90c8639,00cc6c97-cb3f-401b-9b2d-edb13f39a830,1,00:00:00.000,00:00:46.000,0,46,full item,,,,,
8e6b964b-8989-bf20-9745-8ec16e8c0f2e::e94ff213-e5c2-3f6d-cc4e-cf349ee948fd,8e6b964b-8989-bf20-9745-8ec16e8c0f2e,e94ff213-e5c2-3f6d-cc4e-cf349ee948fd,1,00:00:00.000,00:02:06.000,0,126,full item,,,,,
8e82d48b-ad43-3980-2baf-51c76ddb12db::d4de7999-53d2-06e2-ce32-88ad9f68b465,8e82d48b-ad43-3980-2baf-51c76ddb12db,d4de7999-53d2-06e2-ce32-88ad9f68b465,1,00:00:00.000,00:03:43.000,0,223,full item,,,,,
8eb6c983-ce7d-f29f-1cd8-94c23d58a266::68b1edcb-89c6-b237-eea1-db6dba77abaa,8eb6c983-ce7d-f29f-1cd8-94c23d58a266,68b1edcb-89c6-b237-eea1-db6dba77abaa,1,00:00:00.000,00:03:07.000,0,187,full item,,,,,
8eca6704-959a-4d41-94d2-1f7aec094a8a::c4542303-6f57-1fd3-e2e4-4d485ebddc6a,8eca6704-959a-4d41-94d2-1f7aec094a8a,c4542303-6f57-1fd3-e2e4-4d485ebddc6a,1,00:00:00.000,00:00:49.000,0,49,full item,,,,,
8ef62e0a-49a9-7a60-1df9-0bc3325ebb61::9018b938-1ab8-51f3-e60d-0ae80b90d73f,8ef62e0a-49a9-7a60-1df9-0bc3325ebb61,9018b938-1ab8-51f3-e60d-0ae80b90d73f,1,00:00:00.000,00:00:51.000,0,51,full item,,,,,
8f59964e-5704-9096-bb48-f000ccefb1f5::f2755b83-74aa-3cbb-75c8-47432dd7627f,8f59964e-5704-9096-bb48-f000ccefb1f5,f2755b83-74aa-3cbb-75c8-47432dd7627f,1,00:00:00.000,00:10:07.000,0,607,full item,,,,,
8f8d9f50-4e16-59dd-f742-888dcd202fce::e92bbf71-1dae-9626-cae6-9c08afd3a573,8f8d9f50-4e16-59dd-f742-888dcd202fce,e92bbf71-1dae-9626-cae6-9c08afd3a573,1,00:00:00.000,00:02:22.000,0,142,full item,,,,,
8fab8232-83fe-6115-c2c0-9df0ab240a59::b3f792cb-f8ab-823e-8ad7-5ca084de3312,8fab8232-83fe-6115-c2c0-9df0ab240a59,b3f792cb-f8ab-823e-8ad7-5ca084de3312,1,00:00:00.000,00:01:13.000,0,73,full item,,,,,
90164888-d552-cddf-2f80-3e58934c653d::78acfcc9-0ad1-eb43-dd7d-7b103bf2d861,90164888-d552-cddf-2f80-3e58934c653d,78acfcc9-0ad1-eb43-dd7d-7b103bf2d861,1,00:00:00.000,00:23:21.000,0,1401,full item,,,,,
901de0bc-d4e6-700c-07ac-e7a291855504::5a2d0f5f-4987-4f34-4d95-b9bb8f691644,901de0bc-d4e6-700c-07ac-e7a291855504,5a2d0f5f-4987-4f34-4d95-b9bb8f691644,1,00:00:00.000,00:01:34.000,0,94,full item,,,,,
905b4e23-87e4-eb20-6f77-b5e1696b5682::5ca810df-40ef-5283-07d9-f24c21ec1abb,905b4e23-87e4-eb20-6f77-b5e1696b5682,5ca810df-40ef-5283-07d9-f24c21ec1abb,1,00:00:00.000,00:34:20.000,0,2060,full item,,,,,
90bc96c8-85b9-f009-c636-eacfba9d65f3::103c5e97-64bb-e00d-941b-1a9c817c0160,90bc96c8-85b9-f009-c636-eacfba9d65f3,103c5e97-64bb-e00d-941b-1a9c817c0160,1,00:00:00.000,00:21:26.000,0,1286,full item,,,,,
91020ea2-f674-6ba6-aac4-61280b6c1248::7c46471c-5e9f-6dab-5579-81c02a129ac3,91020ea2-f674-6ba6-aac4-61280b6c1248,7c46471c-5e9f-6dab-5579-81c02a129ac3,1,00:00:00.000,00:01:32.000,0,92,full item,,,,,
91175893-66f5-7289-7be1-0012362af9aa::6f76a89d-6d36-3460-8454-c64cc9ae12e7,91175893-66f5-7289-7be1-0012362af9aa,6f76a89d-6d36-3460-8454-c64cc9ae12e7,1,00:00:00.000,00:01:09.000,0,69,full item,,,,,
91939922-2f17-1e75-8f91-a77701104667::afaeee2d-5a39-4dee-a4ff-8d35adf4579b,91939922-2f17-1e75-8f91-a77701104667,afaeee2d-5a39-4dee-a4ff-8d35adf4579b,1,00:00:00.000,00:01:26.000,0,86,full item,,,,,
91edfe6a-3c13-ccbe-d86a-5abf3f28302b::9f2043ee-a06e-d31f-3d26-c0af907448c6,91edfe6a-3c13-ccbe-d86a-5abf3f28302b,9f2043ee-a06e-d31f-3d26-c0af907448c6,1,00:00:00.000,00:06:48.000,0,408,full item,,,,,
923ef529-a2c3-82ac-dda7-7b231eec5e4b::9782c588-ed51-a537-8a67-2df2750a0bd7,923ef529-a2c3-82ac-dda7-7b231eec5e4b,9782c588-ed51-a537-8a67-2df2750a0bd7,1,00:00:00.000,00:11:47.000,0,707,full item,,,,,
92429e69-c108-f6b3-c53c-109a19d3ee6a::049aa2fb-7fd9-b41a-fc2e-d780030ef864,92429e69-c108-f6b3-c53c-109a19d3ee6a,049aa2fb-7fd9-b41a-fc2e-d780030ef864,1,00:00:00.000,00:02:08.000,0,128,full item,,,,,
929d0af8-98a1-2f18-2cde-34c43995c9b3::5a0b4574-0e8b-e93f-6dc6-bdb8b523c2a1,929d0af8-98a1-2f18-2cde-34c43995c9b3,5a0b4574-0e8b-e93f-6dc6-bdb8b523c2a1,1,00:00:00.000,00:01:42.000,0,102,full item,,,,,
92c1d4ba-86d2-f507-c817-71c7bfe24265::13bc63f7-708c-acbd-215b-92171d7ffbe1,92c1d4ba-86d2-f507-c817-71c7bfe24265,13bc63f7-708c-acbd-215b-92171d7ffbe1,1,00:00:00.000,00:01:19.000,0,79,full item,,,,,
93701efb-a15c-0fd8-338a-5887c657c9a8::5a464e87-a7f4-a07d-ff29-7d1c8515ebbb,93701efb-a15c-0fd8-338a-5887c657c9a8,5a464e87-a7f4-a07d-ff29-7d1c8515ebbb,1,00:00:00.000,00:01:54.000,0,114,full item,,,,,
93bdd968-a5ab-64f6-8d6e-287b09c84e4c::c7df2d32-13f9-091e-a66d-c8609d743845,93bdd968-a5ab-64f6-8d6e-287b09c84e4c,c7df2d32-13f9-091e-a66d-c8609d743845,1,00:00:00.000,00:49:12.000,0,2952,full item,,,,,
93d49401-d978-8db1-1327-c7597cbc7713::88af433f-497f-1fdf-953b-d6b1379dcd21,93d49401-d978-8db1-1327-c7597cbc7713,88af433f-497f-1fdf-953b-d6b1379dcd21,1,00:00:00.000,00:00:51.000,0,51,full item,,,,,
94beb31c-f2a4-e4f7-32bc-ae9b210c5692::b9c8833e-85c9-541b-6169-a06bee22c6cb,94beb31c-f2a4-e4f7-32bc-ae9b210c5692,b9c8833e-85c9-541b-6169-a06bee22c6cb,1,00:00:00.000,00:04:21.000,0,261,full item,,,,,
955e3fcf-c2a5-700d-7868-1d891f7e553b::e813cdae-2af5-6510-ec28-7bad4eab489d,955e3fcf-c2a5-700d-7868-1d891f7e553b,e813cdae-2af5-6510-ec28-7bad4eab489d,1,00:00:00.000,00:29:34.000,0,1774,full item,,,,,
9596e72c-4fd2-e53a-9d4b-30611029dace::33a522c9-d15b-3ce9-7931-c00ff9ff06d6,9596e72c-4fd2-e53a-9d4b-30611029dace,33a522c9-d15b-3ce9-7931-c00ff9ff06d6,1,00:00:00.000,00:02:51.000,0,171,full item,,,,,
95fa9da6-1f88-4147-aa05-814436f56bec::beceba44-a9b5-c641-5a6d-33c8ebeb61c4,95fa9da6-1f88-4147-aa05-814436f56bec,beceba44-a9b5-c641-5a6d-33c8ebeb61c4,1,00:00:00.000,00:00:58.000,0,58,full item,,,,,
965b0d1b-9fc5-f8cb-00f9-9a0488d16a2c::2c746cc3-f9e4-c953-729c-191712070f2e,965b0d1b-9fc5-f8cb-00f9-9a0488d16a2c,2c746cc3-f9e4-c953-729c-191712070f2e,1,00:00:00.000,00:32:00.000,0,1920,full item,,,,,
975d19b2-abfc-4fb8-022f-fb272644d660::63b8a6b2-54a3-5150-c54a-708a3bd04ff7,975d19b2-abfc-4fb8-022f-fb272644d660,63b8a6b2-54a3-5150-c54a-708a3bd04ff7,1,00:00:00.000,00:00:43.000,0,43,full item,,,,,
97c1c2c5-dd0c-24fb-35a2-fa6453543f49::073eeb7e-c847-a6dd-9c8b-81d46f96d0d0,97c1c2c5-dd0c-24fb-35a2-fa6453543f49,073eeb7e-c847-a6dd-9c8b-81d46f96d0d0,1,00:00:00.000,00:00:18.000,0,18.59,full item,,,,,
98352b4f-8769-59f0-ab6b-5e8e99806824::9ba5c466-465d-9044-0a33-ac754d3b2985,98352b4f-8769-59f0-ab6b-5e8e99806824,9ba5c466-465d-9044-0a33-ac754d3b2985,1,00:00:00.000,00:01:49.000,0,109,full item,,,,,
98c236ed-3488-8125-e841-9f4f2bf76cef::52daf5b6-ac50-0d25-db4a-7a633c8878d9,98c236ed-3488-8125-e841-9f4f2bf76cef,52daf5b6-ac50-0d25-db4a-7a633c8878d9,1,00:00:00.000,00:00:58.000,0,58,full item,,,,,
99cc35ef-660e-8d16-b7c3-6fda862af2dc::756764c7-d0c8-1359-609f-95ec05dcdd5b,99cc35ef-660e-8d16-b7c3-6fda862af2dc,756764c7-d0c8-1359-609f-95ec05dcdd5b,1,00:00:00.000,,0,,full item,,,,,
99f7a4a5-dfbe-5218-b45b-af983ce88067::c04ec6d6-da21-57e3-5b06-e6bb2740a443,99f7a4a5-dfbe-5218-b45b-af983ce88067,c04ec6d6-da21-57e3-5b06-e6bb2740a443,1,00:00:00.000,00:01:41.000,0,101,full item,,,,,
9a38756d-9219-328d-568e-6f97bdfda8cf::9b603485-2313-48ed-1330-dfd4cb275929,9a38756d-9219-328d-568e-6f97bdfda8cf,9b603485-2313-48ed-1330-dfd4cb275929,1,00:00:00.000,00:03:09.000,0,189,full item,,,,,
9a6cf20b-2ace-eb99-b67e-e4c1bf5ec9e2::cdc221c5-a7fe-b1ca-cda1-56eb2f002580,9a6cf20b-2ace-eb99-b67e-e4c1bf5ec9e2,cdc221c5-a7fe-b1ca-cda1-56eb2f002580,1,00:00:00.000,00:00:38.000,0,38,full item,,,,,
9a945752-ba0d-b053-5663-39415abb7d6a::23b5945e-fbdf-297e-2fbb-51c3bb36106c,9a945752-ba0d-b053-5663-39415abb7d6a,23b5945e-fbdf-297e-2fbb-51c3bb36106c,1,00:00:00.000,00:33:02.000,0,1982,full item,,,,,
9ab79c53-51bd-8919-58cc-1d19d2f00c14::2477899f-d7b9-e1eb-d528-179497d2c314,9ab79c53-51bd-8919-58cc-1d19d2f00c14,2477899f-d7b9-e1eb-d528-179497d2c314,1,00:00:00.000,00:07:10.000,0,430,full item,,,,,
9ad51d08-fc80-5be1-22c1-d4b18831152f::60813d6f-24e2-818d-e3a1-136d9f1b7680,9ad51d08-fc80-5be1-22c1-d4b18831152f,60813d6f-24e2-818d-e3a1-136d9f1b7680,1,00:00:00.000,00:00:40.000,0,40,full item,,,,,
9ae1e95f-b965-7b00-03c8-20b4b7415e4f::d0732bf0-ce02-ece0-f61c-e19badb87a60,9ae1e95f-b965-7b00-03c8-20b4b7415e4f,d0732bf0-ce02-ece0-f61c-e19badb87a60,1,00:00:00.000,00:00:56.000,0,56,full item,,,,,
9b22793d-44c9-b11e-0a46-4d830f29b8d6::f224b33e-bd74-6316-054a-e6bedcfa10c6,9b22793d-44c9-b11e-0a46-4d830f29b8d6,f224b33e-bd74-6316-054a-e6bedcfa10c6,1,00:00:00.000,00:01:13.000,0,73,full item,,,,,
9b8592e3-989b-be74-1c57-05ad339a81a5::964fa741-1eb6-e9e8-4274-7329d70a0d82,9b8592e3-989b-be74-1c57-05ad339a81a5,964fa741-1eb6-e9e8-4274-7329d70a0d82,1,00:00:00.000,00:01:16.000,0,76,full item,,,,,
9bb21ab7-d6db-f750-2616-19ae876719a8::ee7ce3ba-1995-0e1c-304d-a94f3b0beb7c,9bb21ab7-d6db-f750-2616-19ae876719a8,ee7ce3ba-1995-0e1c-304d-a94f3b0beb7c,1,00:00:00.000,00:11:07.000,0,667,full item,,,,,
9bf88d0e-70d2-c911-a4a8-9d33e97f1192::baa862b0-3f18-8d00-ffb3-4b708588610a,9bf88d0e-70d2-c911-a4a8-9d33e97f1192,baa862b0-3f18-8d00-ffb3-4b708588610a,1,00:00:00.000,00:03:13.000,0,193,full item,,,,,
9c4dc643-de24-283e-8201-93e1f66321de::61e2f336-1426-0cec-b61c-c365f5db237a,9c4dc643-de24-283e-8201-93e1f66321de,61e2f336-1426-0cec-b61c-c365f5db237a,1,00:00:00.000,00:03:34.000,0,214,full item,,,,,
9c5671e3-a6f9-090f-d36f-7f9b11155178::d976270c-5f12-410a-d00e-37e5d657309c,9c5671e3-a6f9-090f-d36f-7f9b11155178,d976270c-5f12-410a-d00e-37e5d657309c,1,00:00:00.000,00:10:14.000,0,614,full item,,,,,
9c7919f4-6204-3381-5b9d-0ca32604359b::fa565b73-cfbf-9013-8af6-69132269b943,9c7919f4-6204-3381-5b9d-0ca32604359b,fa565b73-cfbf-9013-8af6-69132269b943,1,00:00:00.000,00:01:00.000,0,60,full item,,,,,
9cc50da1-d945-9415-aa6c-9850d46e89f2::c0f4f33c-9b74-22bf-9c37-b647d7e82597,9cc50da1-d945-9415-aa6c-9850d46e89f2,c0f4f33c-9b74-22bf-9c37-b647d7e82597,1,00:00:00.000,00:01:24.000,0,84,full item,,,,,
9cc54b74-40b3-2279-ab75-d9777e8598e6::b9eec378-c07e-fa8e-8593-38ad2527550c,9cc54b74-40b3-2279-ab75-d9777e8598e6,b9eec378-c07e-fa8e-8593-38ad2527550c,1,00:00:00.000,00:10:38.000,0,638,full item,,,,,
9d3e5e2d-e491-9cc1-bf5c-e31bc8bcdc15::09f57a32-7941-16ea-c831-c9cc7110dab9,9d3e5e2d-e491-9cc1-bf5c-e31bc8bcdc15,09f57a32-7941-16ea-c831-c9cc7110dab9,1,00:00:00.000,00:05:21.000,0,321,full item,,,,,
9d5e9427-9a6f-e459-a69b-b94aad69fa2e::2b8e8adc-04ef-862b-20ae-b816696c6364,9d5e9427-9a6f-e459-a69b-b94aad69fa2e,2b8e8adc-04ef-862b-20ae-b816696c6364,1,00:00:00.000,00:00:51.000,0,51,full item,,,,,
9e165847-2c65-cfea-9aec-b40913079c51::c3a806a0-c01c-e982-c783-fa7b2a722ba6,9e165847-2c65-cfea-9aec-b40913079c51,c3a806a0-c01c-e982-c783-fa7b2a722ba6,1,00:00:00.000,00:29:01.000,0,1741,full item,,,,,
9e1e49cc-c817-5095-4f89-e36adf6c4f6f::04dab350-724a-fe79-c014-922ddd785766,9e1e49cc-c817-5095-4f89-e36adf6c4f6f,04dab350-724a-fe79-c014-922ddd785766,1,00:00:00.000,00:01:04.000,0,64,full item,,,,,
9e8149f1-5112-38e9-05e6-b4e1ba4061de::01bff384-1531-6e40-cef9-6fbc8b8997f4,9e8149f1-5112-38e9-05e6-b4e1ba4061de,01bff384-1531-6e40-cef9-6fbc8b8997f4,1,00:00:00.000,00:04:51.000,0,291,full item,,,,,
9ee4d85d-acb5-2788-f012-588a72fad26a::a2bed396-ec77-691a-0dca-c458b21cc86a,9ee4d85d-acb5-2788-f012-588a72fad26a,a2bed396-ec77-691a-0dca-c458b21cc86a,1,00:00:00.000,00:00:46.000,0,46,full item,,,,,
9f4d0890-776b-c624-5178-914ca9e2ed6b::38642910-753f-7ecc-fe04-c0b0e4bbd9ff,9f4d0890-776b-c624-5178-914ca9e2ed6b,38642910-753f-7ecc-fe04-c0b0e4bbd9ff,1,00:00:00.000,00:00:41.000,0,41,full item,,,,,
9f8b286b-8904-4c40-ba14-688644f3b52d::103d095f-8dc6-b3f7-8f30-2eff2bd0e2eb,9f8b286b-8904-4c40-ba14-688644f3b52d,103d095f-8dc6-b3f7-8f30-2eff2bd0e2eb,1,00:00:00.000,00:06:25.000,0,385,full item,,,,,
9fcc2899-88fc-23d6-f2c9-b3a0b17bb83c::d9b79830-a538-5058-f9f8-b06ae72ebe00,9fcc2899-88fc-23d6-f2c9-b3a0b17bb83c,d9b79830-a538-5058-f9f8-b06ae72ebe00,1,00:00:00.000,00:02:01.000,0,121,full item,,,,,
9ffb4d7d-59ab-db70-a2e8-1533efb52100::17990d4d-a130-cd52-e0c3-aa8fda594a0b,9ffb4d7d-59ab-db70-a2e8-1533efb52100,17990d4d-a130-cd52-e0c3-aa8fda594a0b,1,00:00:00.000,00:25:14.000,0,1514,full item,,,,,
a0355e8f-2a9f-6e59-668a-731127e08cab::cb5a4f6f-c3f2-8ef0-7c1f-2b041efbfc7d,a0355e8f-2a9f-6e59-668a-731127e08cab,cb5a4f6f-c3f2-8ef0-7c1f-2b041efbfc7d,1,00:00:00.000,00:02:27.000,0,147,full item,,,,,
a054678f-9cd2-2bab-16cc-68c5769fc99b::30531ccb-48de-ee69-a83f-8187b132034f,a054678f-9cd2-2bab-16cc-68c5769fc99b,30531ccb-48de-ee69-a83f-8187b132034f,1,00:00:00.000,00:01:48.000,0,108,full item,,,,,
a0702684-7dc8-9fa4-e3e1-52cfa9cb846b::176edb52-e5db-e448-4a68-a851e47afc7d,a0702684-7dc8-9fa4-e3e1-52cfa9cb846b,176edb52-e5db-e448-4a68-a851e47afc7d,1,00:00:00.000,00:00:34.000,0,34,full item,,,,,
a0824a5b-650c-8bd7-5a91-6a5a7db0dc20::2e409524-ac87-936a-759c-d5732ae27d1f,a0824a5b-650c-8bd7-5a91-6a5a7db0dc20,2e409524-ac87-936a-759c-d5732ae27d1f,1,00:00:00.000,00:01:06.000,0,66,full item,,,,,
a0a5eea3-7e5b-f9bb-18e5-f6d2f811ec17::c3c043fe-6bed-7b67-406d-675e9a648bd7,a0a5eea3-7e5b-f9bb-18e5-f6d2f811ec17,c3c043fe-6bed-7b67-406d-675e9a648bd7,1,00:00:00.000,00:30:35.000,0,1835,full item,,,,,
a0d45489-bd00-2655-d8d5-205423cf33c2::213f2cc6-1a8a-d1c5-2954-9ef7824afc80,a0d45489-bd00-2655-d8d5-205423cf33c2,213f2cc6-1a8a-d1c5-2954-9ef7824afc80,1,00:00:00.000,00:29:19.000,0,1759,full item,,,,,
a0ded336-3eae-5711-22cb-8c996ff3b397::4f03520f-677f-0dea-3eb7-e1895faa5f6d,a0ded336-3eae-5711-22cb-8c996ff3b397,4f03520f-677f-0dea-3eb7-e1895faa5f6d,1,00:00:00.000,00:26:08.000,0,1568,full item,,,,,
a0f8c8aa-dfec-5487-34e3-994b2e43ea1b::78403494-d1ed-7039-331d-c23181bbdce6,a0f8c8aa-dfec-5487-34e3-994b2e43ea1b,78403494-d1ed-7039-331d-c23181bbdce6,1,00:00:00.000,00:00:55.000,0,55,full item,,,,,
a1cb2eed-8783-0b30-7784-dd37c708e40f::1ba76911-6340-bc1d-0ee2-b89e0fc03d37,a1cb2eed-8783-0b30-7784-dd37c708e40f,1ba76911-6340-bc1d-0ee2-b89e0fc03d37,1,00:00:00.000,00:00:43.000,0,43,full item,,,,,
a1d113b8-9ad9-d134-8463-cf67228748d9::fc45e60e-d1d2-2ec3-1f6b-718ccdb74c53,a1d113b8-9ad9-d134-8463-cf67228748d9,fc45e60e-d1d2-2ec3-1f6b-718ccdb74c53,1,00:00:00.000,00:00:20.000,0,20,full item,,,,,
a2363df1-7164-5a68-e851-a5d88bb1e1c5::32c2babb-ebcd-deb4-9c74-94255e3fe0e6,a2363df1-7164-5a68-e851-a5d88bb1e1c5,32c2babb-ebcd-deb4-9c74-94255e3fe0e6,1,00:00:00.000,00:03:06.000,0,186,full item,,,,,
a25cbd5e-2e5e-33bc-d09b-22d1ea8c2731::16aba25c-9212-b728-5dfd-6d7db5f98faa,a25cbd5e-2e5e-33bc-d09b-22d1ea8c2731,16aba25c-9212-b728-5dfd-6d7db5f98faa,1,00:00:00.000,00:04:09.000,0,249,full item,,,,,
a27e4930-9b40-f69d-7f4d-65793a6d86ab::637de32b-1750-9c54-d6e1-87423c0df5a9,a27e4930-9b40-f69d-7f4d-65793a6d86ab,637de32b-1750-9c54-d6e1-87423c0df5a9,1,00:00:00.000,00:01:58.000,0,118,full item,,,,,
a2e77bdf-1b00-d409-2b51-cdf4a803477f::c102f0d7-7879-d4ec-dd96-a5a3e285c587,a2e77bdf-1b00-d409-2b51-cdf4a803477f,c102f0d7-7879-d4ec-dd96-a5a3e285c587,1,00:00:00.000,00:01:03.000,0,63,full item,,,,,
a2eea7e9-391b-9889-54cb-ef80490017cc::9e1e39da-9055-dff6-8e27-4d98d15de8d4,a2eea7e9-391b-9889-54cb-ef80490017cc,9e1e39da-9055-dff6-8e27-4d98d15de8d4,1,00:00:00.000,00:00:27.000,0,27,full item,,,,,
a30c30d9-b17c-8ae1-3afa-1d0af2f951a0::b18c4f7c-4f04-5205-99d2-69124dcfb3d6,a30c30d9-b17c-8ae1-3afa-1d0af2f951a0,b18c4f7c-4f04-5205-99d2-69124dcfb3d6,1,00:00:00.000,00:00:52.000,0,52,full item,,,,,
a3160538-0a6a-31e1-32d7-9e29856b5daa::b5eefc6b-88b8-5501-8d46-9644cbb17fc4,a3160538-0a6a-31e1-32d7-9e29856b5daa,b5eefc6b-88b8-5501-8d46-9644cbb17fc4,1,00:00:00.000,00:11:45.000,0,705,full item,,,,,
a354c4a6-bf0c-5a1c-2648-8fa414a1a9c7::4eaa251b-bc6c-530b-5bd3-31b210dc46a2,a354c4a6-bf0c-5a1c-2648-8fa414a1a9c7,4eaa251b-bc6c-530b-5bd3-31b210dc46a2,1,00:00:00.000,00:05:31.000,0,331,full item,,,,,
a41ac6ec-ea63-a5d6-1cb7-ed5ca2984903::f83cb73f-3512-8f0b-984c-2d735e2cf1c3,a41ac6ec-ea63-a5d6-1cb7-ed5ca2984903,f83cb73f-3512-8f0b-984c-2d735e2cf1c3,1,00:00:00.000,00:13:22.000,0,802,full item,,,,,
a439c0c8-2d06-6632-5191-a8de68a0e16a::b0801a5a-5366-a142-b33e-55608405a174,a439c0c8-2d06-6632-5191-a8de68a0e16a,b0801a5a-5366-a142-b33e-55608405a174,1,00:00:00.000,00:36:44.000,0,2204,full item,,,,,
a446526d-f869-a588-85dd-bbf5c4562d72::08bb95d9-7128-d6d7-8da6-b03f0ab42982,a446526d-f869-a588-85dd-bbf5c4562d72,08bb95d9-7128-d6d7-8da6-b03f0ab42982,1,00:00:00.000,00:00:59.000,0,59,full item,,,,,
a4b9b647-bdfd-20a5-6044-c880cf0da621::cbed32b6-1e10-048a-acbd-a6f204798d2f,a4b9b647-bdfd-20a5-6044-c880cf0da621,cbed32b6-1e10-048a-acbd-a6f204798d2f,1,00:00:00.000,,0,,full item,,,,,
a4fdd524-3012-d1be-2121-bfd02034bbaf::1b4e3e36-66d0-70ce-c04e-3b24fd3e5c4d,a4fdd524-3012-d1be-2121-bfd02034bbaf,1b4e3e36-66d0-70ce-c04e-3b24fd3e5c4d,1,00:00:00.000,00:13:12.000,0,792,full item,,,,,
a525a027-a721-9042-1795-cbda586fbe2c::258e60af-15dc-bf36-d0e6-b77823b774e2,a525a027-a721-9042-1795-cbda586fbe2c,258e60af-15dc-bf36-d0e6-b77823b774e2,1,00:00:00.000,00:01:25.000,0,85,full item,,,,,
a647c2ff-6601-3c37-805b-ea2095a3d305::c47e51e0-ffd1-2b6a-fcec-7808c16335e6,a647c2ff-6601-3c37-805b-ea2095a3d305,c47e51e0-ffd1-2b6a-fcec-7808c16335e6,1,00:00:00.000,00:01:21.000,0,81,full item,,,,,
a6616484-50bd-a3d6-0a2c-46815e034b48::3340a85a-8963-d99c-3502-1e18a341f662,a6616484-50bd-a3d6-0a2c-46815e034b48,3340a85a-8963-d99c-3502-1e18a341f662,1,00:00:00.000,00:06:24.000,0,384,full item,,,,,
a6888771-6f13-00d6-256e-db870437084f::d281a4ce-9797-c16f-d88b-f20b60dcccf6,a6888771-6f13-00d6-256e-db870437084f,d281a4ce-9797-c16f-d88b-f20b60dcccf6,1,00:00:00.000,00:03:11.000,0,191,full item,,,,,
a69ae735-9783-f0eb-e633-d5763372ae95::588dacdb-1f4d-bc51-5998-f0ecc6908b55,a69ae735-9783-f0eb-e633-d5763372ae95,588dacdb-1f4d-bc51-5998-f0ecc6908b55,1,00:00:00.000,00:07:03.000,0,423,full item,,,,,
a73065a4-8e81-2f56-0e4b-16231398bbff::16960b33-8124-0d78-5e4e-07317d23fae2,a73065a4-8e81-2f56-0e4b-16231398bbff,16960b33-8124-0d78-5e4e-07317d23fae2,1,00:00:00.000,00:03:43.000,0,223,full item,,,,,
a744b457-463c-cfa0-f40c-9b92ab5598dd::fd717fce-c855-8343-7715-c311fb9bfa68,a744b457-463c-cfa0-f40c-9b92ab5598dd,fd717fce-c855-8343-7715-c311fb9bfa68,1,00:00:00.000,00:06:02.000,0,362,full item,,,,,
a7db396c-4631-4b25-c0d6-d21d309a4f8f::8468580e-89cd-05cd-1b7d-c8dd8aed5940,a7db396c-4631-4b25-c0d6-d21d309a4f8f,8468580e-89cd-05cd-1b7d-c8dd8aed5940,1,00:00:00.000,00:00:22.000,0,22,full item,,,,,
a8817cec-baff-22ac-3a2a-716be9452df5::1cd9615b-2d0e-3827-5d36-bbfda5b6a28a,a8817cec-baff-22ac-3a2a-716be9452df5,1cd9615b-2d0e-3827-5d36-bbfda5b6a28a,1,00:00:00.000,,0,,full item,,,,,
a882c2c4-2b93-fac4-b2b7-f5afe3bff619::5d9f57e3-ccaf-18c0-8f64-00e51eac85c2,a882c2c4-2b93-fac4-b2b7-f5afe3bff619,5d9f57e3-ccaf-18c0-8f64-00e51eac85c2,1,00:00:00.000,00:07:24.000,0,444,full item,,,,,
a883dc48-8ebe-1f4e-9469-8fb74692e27f::797ca91a-ab57-cb94-c464-8a56ed4755ae,a883dc48-8ebe-1f4e-9469-8fb74692e27f,797ca91a-ab57-cb94-c464-8a56ed4755ae,1,00:00:00.000,00:01:40.000,0,100,full item,,,,,
a89c722c-9c00-5190-10cf-ba1a3d7b957f::7fdffd04-5b2c-4e78-e0f0-b296dcd0eeab,a89c722c-9c00-5190-10cf-ba1a3d7b957f,7fdffd04-5b2c-4e78-e0f0-b296dcd0eeab,1,00:00:00.000,00:01:44.000,0,104,full item,,,,,
a8bbfa29-857a-3989-c277-97502b935857::37e6b81c-1183-82d6-a0c2-613e9d3973a2,a8bbfa29-857a-3989-c277-97502b935857,37e6b81c-1183-82d6-a0c2-613e9d3973a2,1,00:00:00.000,00:01:00.000,0,60,full item,,,,,
a8d5b27b-9474-3507-be86-4e215283ddaf::9674597a-d14d-7bf1-6ef7-ddd6c03c38e4,a8d5b27b-9474-3507-be86-4e215283ddaf,9674597a-d14d-7bf1-6ef7-ddd6c03c38e4,1,00:00:00.000,00:17:37.000,0,1057,full item,,,,,
a95656a1-05c4-8edb-409e-4d40eb18e7e3::abeb28d9-6262-5721-dd91-0448cfb89a4a,a95656a1-05c4-8edb-409e-4d40eb18e7e3,abeb28d9-6262-5721-dd91-0448cfb89a4a,1,00:00:00.000,00:00:49.000,0,49,full item,,,,,
a9c281e3-0f53-a737-7fa3-1c0255384097::a307d93b-1d82-d25b-1331-5a73c3ca7e69,a9c281e3-0f53-a737-7fa3-1c0255384097,a307d93b-1d82-d25b-1331-5a73c3ca7e69,1,00:00:00.000,00:00:51.000,0,51,full item,,,,,
a9c6ac8c-ffb6-ee0f-431a-a62337219f4f::daf66f94-ab08-eb4b-fa06-4bbe73fe9466,a9c6ac8c-ffb6-ee0f-431a-a62337219f4f,daf66f94-ab08-eb4b-fa06-4bbe73fe9466,1,00:00:00.000,00:01:03.000,0,63,full item,,,,,
aaccc64d-3b9a-e0c6-3c86-d8669e1bc214::1b3724df-45c0-188c-2668-75f7cbf9c7b0,aaccc64d-3b9a-e0c6-3c86-d8669e1bc214,1b3724df-45c0-188c-2668-75f7cbf9c7b0,1,00:00:00.000,00:11:44.000,0,704,full item,,,,,
ab886efe-4796-7f20-0ba8-de4ad5dc3f81::d183714c-99c3-a65d-5892-9d71a0023929,ab886efe-4796-7f20-0ba8-de4ad5dc3f81,d183714c-99c3-a65d-5892-9d71a0023929,1,00:00:00.000,00:01:45.000,0,105,full item,,,,,
ab960379-0f35-e69a-01ac-da03af9f285c::5da04ce7-d493-5279-f751-9160721e2d68,ab960379-0f35-e69a-01ac-da03af9f285c,5da04ce7-d493-5279-f751-9160721e2d68,1,00:00:00.000,00:29:41.000,0,1781,full item,,,,,
abc6c5b8-da4f-0946-fad6-c5e5c8570b5c::fbdb928e-178a-6caa-494c-00e5aa8c9778,abc6c5b8-da4f-0946-fad6-c5e5c8570b5c,fbdb928e-178a-6caa-494c-00e5aa8c9778,1,00:00:00.000,,0,,full item,,,,,
ac2678a4-8f16-00ad-9d7e-01135fb3e266::5626d497-db90-9177-ec1f-235df0f993cf,ac2678a4-8f16-00ad-9d7e-01135fb3e266,5626d497-db90-9177-ec1f-235df0f993cf,1,00:00:00.000,00:58:56.000,0,3536,full item,,,,,
ac32f526-89d4-5e1f-9571-c33bb4063365::602f143b-0b2d-da6a-34d7-76ed9d3d7ab4,ac32f526-89d4-5e1f-9571-c33bb4063365,602f143b-0b2d-da6a-34d7-76ed9d3d7ab4,1,00:00:00.000,00:02:38.000,0,158,full item,,,,,
acb6d0ef-1632-d4dc-fff8-58ae772d480a::507756a5-5bf0-76a9-13d0-209bb2cde413,acb6d0ef-1632-d4dc-fff8-58ae772d480a,507756a5-5bf0-76a9-13d0-209bb2cde413,1,00:00:00.000,00:14:08.000,0,848,full item,,,,,
ace020e9-96d8-ccd1-cb5f-58e3b1b6edec::c4c12148-a48d-ad4f-9ec2-b3b6bdc91c80,ace020e9-96d8-ccd1-cb5f-58e3b1b6edec,c4c12148-a48d-ad4f-9ec2-b3b6bdc91c80,1,00:00:00.000,00:10:54.000,0,654,full item,,,,,
ad612172-eb6e-7cbc-d1c3-4803a9873e97::d8a0dd6a-695a-b93c-ba88-19d3941c6d17,ad612172-eb6e-7cbc-d1c3-4803a9873e97,d8a0dd6a-695a-b93c-ba88-19d3941c6d17,1,00:00:00.000,00:08:07.000,0,487,full item,,,,,
add4d401-bf4d-2768-9351-d0bb86016d15::4505a34e-2c01-380a-ac78-9d950f63ff39,add4d401-bf4d-2768-9351-d0bb86016d15,4505a34e-2c01-380a-ac78-9d950f63ff39,1,00:00:00.000,00:28:23.000,0,1703,full item,,,,,
ae104888-11a5-8491-4e83-67a0c92fea86::d24b21e9-cf28-0b53-32da-c9b4f637b166,ae104888-11a5-8491-4e83-67a0c92fea86,d24b21e9-cf28-0b53-32da-c9b4f637b166,1,00:00:00.000,00:03:03.000,0,183,full item,,,,,
ae3c7471-4f06-fef8-9f65-e38977329717::2c6f9fd5-5135-9664-6a66-997e51ad3e04,ae3c7471-4f06-fef8-9f65-e38977329717,2c6f9fd5-5135-9664-6a66-997e51ad3e04,1,00:00:00.000,00:02:10.000,0,130,full item,,,,,
ae7ab539-63e0-1d51-f3e0-703126d44dbd::afa3eff9-6dc1-7bf5-865e-a4bfd0d055ea,ae7ab539-63e0-1d51-f3e0-703126d44dbd,afa3eff9-6dc1-7bf5-865e-a4bfd0d055ea,1,00:00:00.000,00:36:54.000,0,2214,full item,,,,,
aed516b7-7211-96f7-de84-5080c9211443::192ad7c1-c90a-d797-b12f-bc12b46eee07,aed516b7-7211-96f7-de84-5080c9211443,192ad7c1-c90a-d797-b12f-bc12b46eee07,1,00:00:00.000,00:01:07.000,0,67,full item,,,,,
aefec93d-dde6-2397-a68d-012a25618139::553852de-19ce-6def-f422-2054e2aebe84,aefec93d-dde6-2397-a68d-012a25618139,553852de-19ce-6def-f422-2054e2aebe84,1,00:00:00.000,00:10:02.000,0,602,full item,,,,,
af0614a3-f6a9-b82a-0576-92a89e7c6e25::1ad5e655-56c3-4ac9-cf12-ead837e639ce,af0614a3-f6a9-b82a-0576-92a89e7c6e25,1ad5e655-56c3-4ac9-cf12-ead837e639ce,1,00:00:00.000,00:00:54.000,0,54,full item,,,,,
af6f6164-9373-76da-49a7-9960d85cc65f::a7265d59-6492-7d8c-6b0c-ae5aca33b8ba,af6f6164-9373-76da-49a7-9960d85cc65f,a7265d59-6492-7d8c-6b0c-ae5aca33b8ba,1,00:00:00.000,00:10:12.000,0,612,full item,,,,,
afe7e6ce-3fc1-c472-4845-e7cc200633b0::e80e06c2-a922-2e5b-0862-d83c1541c77d,afe7e6ce-3fc1-c472-4845-e7cc200633b0,e80e06c2-a922-2e5b-0862-d83c1541c77d,1,00:00:00.000,00:34:00.000,0,2040,full item,,,,,
b014ce40-30a3-cf00-19ff-90867a3ed147::e4557fd8-26c8-44a3-2cd4-109543b5f638,b014ce40-30a3-cf00-19ff-90867a3ed147,e4557fd8-26c8-44a3-2cd4-109543b5f638,1,00:00:00.000,00:03:36.000,0,216,full item,,,,,
b07746f8-cb89-f98d-5e67-c1073d81ad3a::afa2a24d-ab69-ab3d-be49-f95f5ff3a39b,b07746f8-cb89-f98d-5e67-c1073d81ad3a,afa2a24d-ab69-ab3d-be49-f95f5ff3a39b,1,00:00:00.000,00:03:07.000,0,187,full item,,,,,
b091db9b-9afe-9600-d63e-4586132271b4::55f0e0a5-0ca9-13b1-0686-f6f10889b3e4,b091db9b-9afe-9600-d63e-4586132271b4,55f0e0a5-0ca9-13b1-0686-f6f10889b3e4,1,00:00:00.000,00:01:53.000,0,113,full item,,,,,
b11c45ad-e025-cb9b-a675-698b2524daac::73283443-54e1-3f2d-9d04-66ce92ff0cee,b11c45ad-e025-cb9b-a675-698b2524daac,73283443-54e1-3f2d-9d04-66ce92ff0cee,1,00:00:00.000,00:12:12.000,0,732,full item,,,,,
b141aee8-07b6-a21c-476e-b7f577f18298::d3c3a1cf-13a0-f0d3-bf2a-ced90302ea12,b141aee8-07b6-a21c-476e-b7f577f18298,d3c3a1cf-13a0-f0d3-bf2a-ced90302ea12,1,00:00:00.000,00:30:43.000,0,1843,full item,,,,,
b16a2246-f1d2-5ee6-aed8-83576daf7fe1::fcb63df5-dace-4305-bd24-b4ef868c435a,b16a2246-f1d2-5ee6-aed8-83576daf7fe1,fcb63df5-dace-4305-bd24-b4ef868c435a,1,00:00:00.000,00:13:21.000,0,801,full item,,,,,
b1a676e9-d772-27aa-83ee-f2ff7a28753e::09c885ca-6c05-7e00-b44e-f70a01461f17,b1a676e9-d772-27aa-83ee-f2ff7a28753e,09c885ca-6c05-7e00-b44e-f70a01461f17,1,00:00:00.000,00:02:30.000,0,150,full item,,,,,
b1b5c777-7cfa-4b14-aa63-45efffa86e2d::50234299-d8e3-ce92-c3ec-9e036c19810c,b1b5c777-7cfa-4b14-aa63-45efffa86e2d,50234299-d8e3-ce92-c3ec-9e036c19810c,1,00:00:00.000,00:01:55.000,0,115,full item,,,,,
b1f98172-a190-7222-2be4-95ce910512aa::9c881fd1-c6b7-0002-64dc-fb39ca085a50,b1f98172-a190-7222-2be4-95ce910512aa,9c881fd1-c6b7-0002-64dc-fb39ca085a50,1,00:00:00.000,00:01:20.000,0,80,full item,,,,,
b22f171a-be5f-a370-9748-d8d06b738e66::cee96422-e911-70cb-77e3-b85f36f84357,b22f171a-be5f-a370-9748-d8d06b738e66,cee96422-e911-70cb-77e3-b85f36f84357,1,00:00:00.000,00:01:38.000,0,98,full item,,,,,
b27f3786-2147-cbe5-e6b1-df0222e4f734::ce102016-92a7-39e8-88b7-d38f1c3cc62f,b27f3786-2147-cbe5-e6b1-df0222e4f734,ce102016-92a7-39e8-88b7-d38f1c3cc62f,1,00:00:00.000,00:01:27.000,0,87,full item,,,,,
b2d1074a-1f5c-f4b2-2bb3-4dcb6a75df3c::eeec11fb-fdcb-2f91-e4c2-9a9eef63647d,b2d1074a-1f5c-f4b2-2bb3-4dcb6a75df3c,eeec11fb-fdcb-2f91-e4c2-9a9eef63647d,1,00:00:00.000,00:05:04.000,0,304,full item,,,,,
b2d5c1ec-9028-a4bb-9d46-52552a0b0cba::ce858389-ef1f-0ea1-e87c-258a5e1973d2,b2d5c1ec-9028-a4bb-9d46-52552a0b0cba,ce858389-ef1f-0ea1-e87c-258a5e1973d2,1,00:00:00.000,00:12:13.000,0,733,full item,,,,,
b3096227-9b73-1138-de78-fa77bf9ea12c::58d58c38-fa00-729c-a443-40e80917dec0,b3096227-9b73-1138-de78-fa77bf9ea12c,58d58c38-fa00-729c-a443-40e80917dec0,1,00:00:00.000,00:05:00.000,0,300,full item,,,,,
b33545e4-0ff8-4eee-4dda-2a4247e27530::41b713e5-f416-aaeb-fabf-26b58b27342c,b33545e4-0ff8-4eee-4dda-2a4247e27530,41b713e5-f416-aaeb-fabf-26b58b27342c,1,00:00:00.000,00:33:39.000,0,2019,full item,,,,,
b358222a-915f-81e6-85fc-942c7c3bd2ea::af7c0a70-e0c0-f2a5-3a1a-210e40ced3c2,b358222a-915f-81e6-85fc-942c7c3bd2ea,af7c0a70-e0c0-f2a5-3a1a-210e40ced3c2,1,00:00:00.000,00:04:38.000,0,278,full item,,,,,
b35f4d6f-4174-6cec-5afa-c9b6be8302cc::0da814b9-8032-ad55-d050-492ab97bda0c,b35f4d6f-4174-6cec-5afa-c9b6be8302cc,0da814b9-8032-ad55-d050-492ab97bda0c,1,00:00:00.000,00:27:25.000,0,1645,full item,,,,,
b3671134-e974-6352-775b-611a3bab8e35::c5bbce54-822f-c0bd-bcdd-933e79c676a1,b3671134-e974-6352-775b-611a3bab8e35,c5bbce54-822f-c0bd-bcdd-933e79c676a1,1,00:00:00.000,00:00:43.000,0,43,full item,,,,,
b3b41f89-4d4f-5c89-11f6-e2c7a4831e0f::7cf5f852-c384-1a2e-9dda-becf4ab21230,b3b41f89-4d4f-5c89-11f6-e2c7a4831e0f,7cf5f852-c384-1a2e-9dda-becf4ab21230,1,00:00:00.000,00:00:35.000,0,35,full item,,,,,
b41f2d50-5495-c1f4-6bca-244bc9a38ae2::4dac6841-72fd-a6f0-5ed4-668b51039e61,b41f2d50-5495-c1f4-6bca-244bc9a38ae2,4dac6841-72fd-a6f0-5ed4-668b51039e61,1,00:00:00.000,00:01:17.000,0,77,full item,,,,,
b586965a-73e0-c351-3765-58c1d8811349::7915c38a-42b9-960d-c289-9a5ab94f7a25,b586965a-73e0-c351-3765-58c1d8811349,7915c38a-42b9-960d-c289-9a5ab94f7a25,1,00:00:00.000,00:01:06.000,0,66,full item,,,,,
b5de1d38-c62e-202b-99c7-d8a586dcbecb::f15a854e-e408-d2c0-31a5-b1fcf0de10cd,b5de1d38-c62e-202b-99c7-d8a586dcbecb,f15a854e-e408-d2c0-31a5-b1fcf0de10cd,1,00:00:00.000,00:00:25.000,0,25,full item,,,,,
b641bf76-76ad-0d22-aa6d-5d7e021716d0::8d785ad8-9380-b97e-41f9-34805c07997f,b641bf76-76ad-0d22-aa6d-5d7e021716d0,8d785ad8-9380-b97e-41f9-34805c07997f,1,00:00:00.000,00:01:45.000,0,105,full item,,,,,
b6505e01-2579-6f06-e984-727ee2167d11::05642fc6-2077-45e1-b222-ddc33df0935b,b6505e01-2579-6f06-e984-727ee2167d11,05642fc6-2077-45e1-b222-ddc33df0935b,1,00:00:00.000,00:01:30.000,0,90,full item,,,,,
b65d3c7f-ab84-ed64-55ac-83e5385ceee7::2448ec77-d449-27ab-6423-17ce4a101cd7,b65d3c7f-ab84-ed64-55ac-83e5385ceee7,2448ec77-d449-27ab-6423-17ce4a101cd7,1,00:00:00.000,00:06:27.000,0,387,full item,,,,,
b661b2f1-e9ea-a0f8-72d0-e460a3886be7::c54b2106-a2e9-8c7a-1491-853a65c14f7f,b661b2f1-e9ea-a0f8-72d0-e460a3886be7,c54b2106-a2e9-8c7a-1491-853a65c14f7f,1,00:00:00.000,00:07:29.000,0,449,full item,,,,,
b6b954d2-2e9d-b574-8b7d-5534ef223953::a07172a3-282d-ba1e-6fc6-080bd50f1e78,b6b954d2-2e9d-b574-8b7d-5534ef223953,a07172a3-282d-ba1e-6fc6-080bd50f1e78,1,00:00:00.000,00:01:36.000,0,96,full item,,,,,
b6e8ff29-a2ff-3246-70f4-ad7b6657216e::40b7e112-0fd7-0cdd-5bc3-7f8c6df59b5f,b6e8ff29-a2ff-3246-70f4-ad7b6657216e,40b7e112-0fd7-0cdd-5bc3-7f8c6df59b5f,1,00:00:00.000,00:02:42.000,0,162,full item,,,,,
b6fbbfc5-a3d6-8ec9-cf50-036d5710ccf0::7172e79f-197c-1746-495d-1d63e0bc962f,b6fbbfc5-a3d6-8ec9-cf50-036d5710ccf0,7172e79f-197c-1746-495d-1d63e0bc962f,1,00:00:00.000,00:03:09.000,0,189,full item,,,,,
b75e98e3-997d-8eeb-316b-31d9eeeeba09::2243a2d8-84c3-ed70-088c-5a0a1d02f0e3,b75e98e3-997d-8eeb-316b-31d9eeeeba09,2243a2d8-84c3-ed70-088c-5a0a1d02f0e3,1,00:00:00.000,00:01:15.000,0,75,full item,,,,,
b793e7d2-5623-aae8-5065-0fa0b934c352::0965151d-28df-8199-6580-64ceb7c4c179,b793e7d2-5623-aae8-5065-0fa0b934c352,0965151d-28df-8199-6580-64ceb7c4c179,1,00:00:00.000,02:01:39.000,0,7299,full item,,,,,
b7e8282f-5cd8-b3b4-e328-349a25a27e0e::aaa3474b-fb29-3a17-076a-2dc063f55b56,b7e8282f-5cd8-b3b4-e328-349a25a27e0e,aaa3474b-fb29-3a17-076a-2dc063f55b56,1,00:00:00.000,00:12:11.000,0,731,full item,,,,,
b815a321-5f33-abc3-4c3e-8df0ef7791a9::36b7b1ba-8be4-9f1e-7371-3ad0b2a1851c,b815a321-5f33-abc3-4c3e-8df0ef7791a9,36b7b1ba-8be4-9f1e-7371-3ad0b2a1851c,1,00:00:00.000,00:03:02.000,0,182,full item,,,,,
b872d5d0-4332-ec44-8122-b1e5479ea666::ae241aee-8f5f-b506-bccc-3e04762366e5,b872d5d0-4332-ec44-8122-b1e5479ea666,ae241aee-8f5f-b506-bccc-3e04762366e5,1,00:00:00.000,00:02:30.000,0,150,full item,,,,,
b8a9e5a3-495e-770a-875b-d43037757fca::15ec8d28-7faa-34f9-8f08-48e2d6c7e7f3,b8a9e5a3-495e-770a-875b-d43037757fca,15ec8d28-7faa-34f9-8f08-48e2d6c7e7f3,1,00:00:00.000,00:01:10.000,0,70,full item,,,,,
b8d5ad99-1e05-2276-b7cb-90d0b6746ae3::4ae9e0ba-f036-3148-77db-56b87bd9f219,b8d5ad99-1e05-2276-b7cb-90d0b6746ae3,4ae9e0ba-f036-3148-77db-56b87bd9f219,1,00:00:00.000,00:02:31.000,0,151,full item,,,,,
b90162fa-5f7e-e637-c9c4-13915cf6d44f::1d87a0c3-641b-32ec-660e-183b5a5b4dce,b90162fa-5f7e-e637-c9c4-13915cf6d44f,1d87a0c3-641b-32ec-660e-183b5a5b4dce,1,00:00:00.000,00:10:05.000,0,605,full item,,,,,
b910d20a-ef48-3e6b-3575-3b8400516955::a9db82f1-a845-8784-76d9-cd92a3fb6344,b910d20a-ef48-3e6b-3575-3b8400516955,a9db82f1-a845-8784-76d9-cd92a3fb6344,1,00:00:00.000,00:01:05.000,0,65,full item,,,,,
b93cfb6d-9e57-a8a8-64e3-1bc7594d8f55::c1922544-28d6-ba43-3688-b9fd96552d7a,b93cfb6d-9e57-a8a8-64e3-1bc7594d8f55,c1922544-28d6-ba43-3688-b9fd96552d7a,1,00:00:00.000,00:01:01.000,0,61,full item,,,,,
b94e1265-aebe-44d7-9e87-211cd67c55d4::9fbc1013-c90a-c4d4-f108-6ffca27f0a03,b94e1265-aebe-44d7-9e87-211cd67c55d4,9fbc1013-c90a-c4d4-f108-6ffca27f0a03,1,00:00:00.000,00:23:14.000,0,1394,full item,,,,,
b977ed16-4edb-f06e-11b8-b985c7033e6b::cb13c6c3-4fff-edf9-430c-2ffdd05594e4,b977ed16-4edb-f06e-11b8-b985c7033e6b,cb13c6c3-4fff-edf9-430c-2ffdd05594e4,1,00:00:00.000,00:01:08.000,0,68,full item,,,,,
b9c1aab9-4247-d1e6-3163-e3cd99511f26::1f212c5e-5b72-0acd-0798-883deffb424c,b9c1aab9-4247-d1e6-3163-e3cd99511f26,1f212c5e-5b72-0acd-0798-883deffb424c,1,00:00:00.000,00:01:26.000,0,86,full item,,,,,
ba109e20-e2c1-a1b8-5f90-2b8a575b2fa3::d38120c6-1c28-20dc-77a8-70725a487cef,ba109e20-e2c1-a1b8-5f90-2b8a575b2fa3,d38120c6-1c28-20dc-77a8-70725a487cef,1,00:00:00.000,00:02:50.000,0,170,full item,,,,,
ba577aa4-ef31-294a-9854-5129687a89b7::ddfdffcf-ead5-44b0-17ae-67915ffbc92a,ba577aa4-ef31-294a-9854-5129687a89b7,ddfdffcf-ead5-44b0-17ae-67915ffbc92a,1,00:00:00.000,00:24:59.000,0,1499,full item,,,,,
ba8d4089-9039-01d4-ea0b-d26066cb797c::3f5287ac-8861-4436-211e-5ea2472e74df,ba8d4089-9039-01d4-ea0b-d26066cb797c,3f5287ac-8861-4436-211e-5ea2472e74df,1,00:00:00.000,00:09:26.000,0,566,full item,,,,,
babccf82-a5a9-975e-2cb0-f646f5e7390d::fe314085-c48b-81da-164f-03b5bac35ea0,babccf82-a5a9-975e-2cb0-f646f5e7390d,fe314085-c48b-81da-164f-03b5bac35ea0,1,00:00:00.000,00:00:32.000,0,32,full item,,,,,
bb15f00c-fb8b-afc6-301b-64c1eaa2ef66::f858e1d0-619a-0616-5c4f-1d30593b7837,bb15f00c-fb8b-afc6-301b-64c1eaa2ef66,f858e1d0-619a-0616-5c4f-1d30593b7837,1,00:00:00.000,00:03:28.000,0,208,full item,,,,,
bbbab1d4-9b7d-6b92-9b2a-da7c069fe784::9d515152-b98a-59e8-5939-4a23144cc9b4,bbbab1d4-9b7d-6b92-9b2a-da7c069fe784,9d515152-b98a-59e8-5939-4a23144cc9b4,1,00:00:00.000,00:01:32.000,0,92,full item,,,,,
bbed8c31-d548-b235-92ad-a6f2386539e1::e77ba7f7-60c6-56c8-da3a-3f60fc9332a5,bbed8c31-d548-b235-92ad-a6f2386539e1,e77ba7f7-60c6-56c8-da3a-3f60fc9332a5,1,00:00:00.000,00:01:09.000,0,69,full item,,,,,
bc4bf070-0b5b-a281-6de5-950e894ca7a5::f94e9654-b0af-b3b2-baf1-d8ea9cedcce5,bc4bf070-0b5b-a281-6de5-950e894ca7a5,f94e9654-b0af-b3b2-baf1-d8ea9cedcce5,1,00:00:00.000,00:00:47.000,0,47,full item,,,,,
bce59559-a009-6dcc-b0ce-9be952d32691::8115e9f2-f192-c485-88f1-87acab9daa9d,bce59559-a009-6dcc-b0ce-9be952d32691,8115e9f2-f192-c485-88f1-87acab9daa9d,1,00:00:00.000,00:01:25.000,0,85,full item,,,,,
bcece319-85d2-0b28-ab21-fa371a275937::436f4a66-75ef-8f32-7941-cb5ec754b6bf,bcece319-85d2-0b28-ab21-fa371a275937,436f4a66-75ef-8f32-7941-cb5ec754b6bf,1,00:00:00.000,00:02:41.000,0,161,full item,,,,,
bd35b16b-02f1-c201-4c5c-067887f166f3::16c3b4bd-f375-3ddd-b5ed-4dccd942fa64,bd35b16b-02f1-c201-4c5c-067887f166f3,16c3b4bd-f375-3ddd-b5ed-4dccd942fa64,1,00:00:00.000,00:56:46.000,0,3406,full item,,,,,
bd3f70b5-314c-55e8-5990-38372068688d::b758b227-ef1e-a585-9605-6f0a43f7fa77,bd3f70b5-314c-55e8-5990-38372068688d,b758b227-ef1e-a585-9605-6f0a43f7fa77,1,00:00:00.000,00:01:22.000,0,82,full item,,,,,
bd740d49-0cd7-4074-f1e1-c642379283da::239058b3-7953-cf70-05ce-da3cadfe19e4,bd740d49-0cd7-4074-f1e1-c642379283da,239058b3-7953-cf70-05ce-da3cadfe19e4,1,00:00:00.000,00:01:39.000,0,99,full item,,,,,
bdd001d8-a5c0-1b8e-75f5-978e0c54faf8::3ec4a609-1e95-d06a-f8d3-e288aae6614c,bdd001d8-a5c0-1b8e-75f5-978e0c54faf8,3ec4a609-1e95-d06a-f8d3-e288aae6614c,1,00:00:00.000,00:07:59.000,0,479,full item,,,,,
bde40e7c-4738-76b6-083f-b248302578f7::bc5d4d3e-f409-ce36-78c7-07abf9bc15c8,bde40e7c-4738-76b6-083f-b248302578f7,bc5d4d3e-f409-ce36-78c7-07abf9bc15c8,1,00:00:00.000,00:06:01.000,0,361,full item,,,,,
be273ee4-0740-e8ed-f39b-5973cce7b279::d3345d93-2598-74cd-e5c4-f4b50f6f1fb6,be273ee4-0740-e8ed-f39b-5973cce7b279,d3345d93-2598-74cd-e5c4-f4b50f6f1fb6,1,00:00:00.000,00:00:42.000,0,42,full item,,,,,
be2c7334-c32a-feac-a872-536f50e76f0c::1c0657c7-2b9c-6cad-d2e5-611777578bfb,be2c7334-c32a-feac-a872-536f50e76f0c,1c0657c7-2b9c-6cad-d2e5-611777578bfb,1,00:00:00.000,00:03:55.000,0,235,full item,,,,,
be4cf5d8-6a5e-deb2-f081-e1ec67504380::3d29c2d8-77f1-e557-be63-7bc6d91ca886,be4cf5d8-6a5e-deb2-f081-e1ec67504380,3d29c2d8-77f1-e557-be63-7bc6d91ca886,1,00:00:00.000,00:01:15.000,0,75,full item,,,,,
be725b75-0243-1a89-90b1-e0cf011746b6::92459f88-489c-1c55-7842-0b05e52c85aa,be725b75-0243-1a89-90b1-e0cf011746b6,92459f88-489c-1c55-7842-0b05e52c85aa,1,00:00:00.000,00:01:04.000,0,64,full item,,,,,
be79b56a-0d42-7d47-440c-ce07ce30a0b1::ac9e7986-4b57-60b9-5d30-43254e623cd3,be79b56a-0d42-7d47-440c-ce07ce30a0b1,ac9e7986-4b57-60b9-5d30-43254e623cd3,1,00:00:00.000,00:06:00.000,0,360,full item,,,,,
bf60bd57-2ef1-1f09-404c-17f7bdf248de::2e385cef-18ca-9373-849f-5ad30874e6b7,bf60bd57-2ef1-1f09-404c-17f7bdf248de,2e385cef-18ca-9373-849f-5ad30874e6b7,1,00:00:00.000,00:02:23.000,0,143,full item,,,,,
bf8d588c-8090-2720-1125-400cdc830e37::9ca7a3ab-1908-4500-a1aa-6eec2d350cb8,bf8d588c-8090-2720-1125-400cdc830e37,9ca7a3ab-1908-4500-a1aa-6eec2d350cb8,1,00:00:00.000,00:23:51.000,0,1431,full item,,,,,
bf99d568-9e0c-7588-f63f-76b81e2e9857::260d68dc-cd87-2330-d337-9940d14ac82a,bf99d568-9e0c-7588-f63f-76b81e2e9857,260d68dc-cd87-2330-d337-9940d14ac82a,1,00:00:00.000,00:07:17.000,0,437,full item,,,,,
bffc6318-863c-5cf4-c4f0-3170c8bfa696::03eee130-5883-b233-81ae-02ff3ece490f,bffc6318-863c-5cf4-c4f0-3170c8bfa696,03eee130-5883-b233-81ae-02ff3ece490f,1,00:00:00.000,00:02:00.000,0,120,full item,,,,,
c03dd680-b8da-d255-78a8-714fcde199cb::e46f5480-5fd6-21d1-5eea-941f29897cc6,c03dd680-b8da-d255-78a8-714fcde199cb,e46f5480-5fd6-21d1-5eea-941f29897cc6,1,00:00:00.000,00:02:28.000,0,148,full item,,,,,
c0a16b12-294c-78cf-7576-a03214276377::575cc49f-c775-5098-c4cc-225d8eb52d38,c0a16b12-294c-78cf-7576-a03214276377,575cc49f-c775-5098-c4cc-225d8eb52d38,1,00:00:00.000,,0,,full item,,,,,
c1128888-0aee-256e-3c76-7a6ab3c0db5b::07585ae1-f5b9-aefb-59b5-b06dbad30d15,c1128888-0aee-256e-3c76-7a6ab3c0db5b,07585ae1-f5b9-aefb-59b5-b06dbad30d15,1,00:00:00.000,,0,,full item,,,,,
c118deca-cdc0-3764-5c07-f19d2dfecda5::2a720872-00c3-ea49-beb0-e9ec425cc34c,c118deca-cdc0-3764-5c07-f19d2dfecda5,2a720872-00c3-ea49-beb0-e9ec425cc34c,1,00:00:00.000,00:00:01.000,0,1.3,full item,,,,,
c1429f5b-6d5e-8671-b25f-0b6839c21745::cc5521b7-8365-a54c-b1d0-cc76c8bbfbfa,c1429f5b-6d5e-8671-b25f-0b6839c21745,cc5521b7-8365-a54c-b1d0-cc76c8bbfbfa,1,00:00:00.000,00:55:39.000,0,3339,full item,,,,,
c17db76a-77c1-33d9-cf60-7920a0cb8d92::32d2b660-6f71-5000-9411-805f499d9b8c,c17db76a-77c1-33d9-cf60-7920a0cb8d92,32d2b660-6f71-5000-9411-805f499d9b8c,1,00:00:00.000,00:02:13.000,0,133,full item,,,,,
c26398af-8e08-999d-b260-6be3d1342ebe::c3d2cf6a-1a0d-45c6-faeb-b7220a6b4930,c26398af-8e08-999d-b260-6be3d1342ebe,c3d2cf6a-1a0d-45c6-faeb-b7220a6b4930,1,00:00:00.000,00:01:46.000,0,106,full item,,,,,
c282f6d8-b613-6c5c-3bb6-531ecc8d3e6a::efc43714-1c24-bea2-c9a9-29f663e87887,c282f6d8-b613-6c5c-3bb6-531ecc8d3e6a,efc43714-1c24-bea2-c9a9-29f663e87887,1,00:00:00.000,00:03:24.000,0,204,full item,,,,,
c2f68182-8ac4-6566-ab81-5bb6b5829400::aeff0eb5-1068-62fd-6a4f-8eec70c7ac46,c2f68182-8ac4-6566-ab81-5bb6b5829400,aeff0eb5-1068-62fd-6a4f-8eec70c7ac46,1,00:00:00.000,00:05:25.000,0,325,full item,,,,,
c3b1273c-a3d0-19e8-0bd2-a81edfb7ad19::6e322c45-1a3b-2afa-a32d-f590c84bb9b5,c3b1273c-a3d0-19e8-0bd2-a81edfb7ad19,6e322c45-1a3b-2afa-a32d-f590c84bb9b5,1,00:00:00.000,00:02:37.000,0,157,full item,,,,,
c3b17948-b953-b8db-a887-d2b8483a563f::1e1e5710-28de-a595-197e-bcdbb5bc9fc5,c3b17948-b953-b8db-a887-d2b8483a563f,1e1e5710-28de-a595-197e-bcdbb5bc9fc5,1,00:00:00.000,00:09:48.000,0,588,full item,,,,,
c3ee8b60-8527-a89a-d93b-2ea3e90efe2a::12ad635d-5046-ab4e-fafd-525f6a397d6b,c3ee8b60-8527-a89a-d93b-2ea3e90efe2a,12ad635d-5046-ab4e-fafd-525f6a397d6b,1,00:00:00.000,00:08:22.000,0,502,full item,,,,,
c421b358-e46a-677f-26a8-08c2434b2aa6::b5d6f5fc-37f3-c0d3-c27f-431c57d76e6b,c421b358-e46a-677f-26a8-08c2434b2aa6,b5d6f5fc-37f3-c0d3-c27f-431c57d76e6b,1,00:00:00.000,00:03:10.000,0,190,full item,,,,,
c5547ab3-ac35-6a45-0eeb-da3a7666e736::b4cc6270-dfd6-8555-c501-0a09ea4ec6f1,c5547ab3-ac35-6a45-0eeb-da3a7666e736,b4cc6270-dfd6-8555-c501-0a09ea4ec6f1,1,00:00:00.000,00:10:21.000,0,621,full item,,,,,
c5cb4b0e-902d-7ecb-085e-c497924e5c58::11b03607-3c4b-2ace-1ca7-990227ce14e5,c5cb4b0e-902d-7ecb-085e-c497924e5c58,11b03607-3c4b-2ace-1ca7-990227ce14e5,1,00:00:00.000,00:00:55.000,0,55,full item,,,,,
c5d4f824-114a-3801-ef32-e307d810c525::2882cde9-9058-8415-33d0-eb7f0cc03ea2,c5d4f824-114a-3801-ef32-e307d810c525,2882cde9-9058-8415-33d0-eb7f0cc03ea2,1,00:00:00.000,00:03:55.000,0,235,full item,,,,,
c5da101f-3e4d-fcbd-44f7-5958ec82843b::c954b24d-9b8a-97d3-fedd-ffd2c81e3d6b,c5da101f-3e4d-fcbd-44f7-5958ec82843b,c954b24d-9b8a-97d3-fedd-ffd2c81e3d6b,1,00:00:00.000,00:02:23.000,0,143,full item,,,,,
c5e8bab9-7eab-a3ec-2a58-dd2cf72b2907::3fdc06ab-5511-711d-8427-f0a70fe6d640,c5e8bab9-7eab-a3ec-2a58-dd2cf72b2907,3fdc06ab-5511-711d-8427-f0a70fe6d640,1,00:00:00.000,00:01:11.000,0,71,full item,,,,,
c62d3ea1-19eb-b648-7b5b-d60a987604ca::bbcfaa69-0fc2-b3bd-5a85-623774c53819,c62d3ea1-19eb-b648-7b5b-d60a987604ca,bbcfaa69-0fc2-b3bd-5a85-623774c53819,1,00:00:00.000,00:01:10.000,0,70,full item,,,,,
c66cce8c-2e28-c14d-068a-89200b3b4aa2::88fc234e-eb7c-9565-3539-eb096457914a,c66cce8c-2e28-c14d-068a-89200b3b4aa2,88fc234e-eb7c-9565-3539-eb096457914a,1,00:00:00.000,00:35:24.000,0,2124,full item,,,,,
c6702811-3812-bfc5-23c1-26e69f87a373::b31fb9a6-972b-fcbd-e8f1-8821c611d8cc,c6702811-3812-bfc5-23c1-26e69f87a373,b31fb9a6-972b-fcbd-e8f1-8821c611d8cc,1,00:00:00.000,00:10:42.000,0,642,full item,,,,,
c6da5790-7ca7-5fe9-3bf1-cd4e2e93ca92::19104c6c-5903-2444-02e3-67be085d221b,c6da5790-7ca7-5fe9-3bf1-cd4e2e93ca92,19104c6c-5903-2444-02e3-67be085d221b,1,00:00:00.000,00:01:02.000,0,62,full item,,,,,
c6e6ef88-5c99-72e2-f0b3-dea6396ab4ba::543a65db-e078-3f89-47a9-88ee53cb50c0,c6e6ef88-5c99-72e2-f0b3-dea6396ab4ba,543a65db-e078-3f89-47a9-88ee53cb50c0,1,00:00:00.000,00:01:30.000,0,90,full item,,,,,
c761d108-34b4-e888-fdc2-838e9efea710::29ac0637-dc74-28d6-ecf4-f72aeccc3dc9,c761d108-34b4-e888-fdc2-838e9efea710,29ac0637-dc74-28d6-ecf4-f72aeccc3dc9,1,00:00:00.000,00:01:47.000,0,107,full item,,,,,
c780d515-31ec-c3c3-26a6-bdcb1cbf2cae::b949fc38-6882-3ef7-6432-7632be8795c8,c780d515-31ec-c3c3-26a6-bdcb1cbf2cae,b949fc38-6882-3ef7-6432-7632be8795c8,1,00:00:00.000,00:08:20.000,0,500,full item,,,,,
c7d92f83-34e3-0731-b6c0-7c8b2115350d::7c9d7cf3-a91e-92a0-afd9-c06a075de7bc,c7d92f83-34e3-0731-b6c0-7c8b2115350d,7c9d7cf3-a91e-92a0-afd9-c06a075de7bc,1,00:00:00.000,00:01:05.000,0,65,full item,,,,,
c7f39c3e-2c78-d925-fe42-fb93ca5a0a66::540137f1-ee92-3021-cf11-659fba5fde2a,c7f39c3e-2c78-d925-fe42-fb93ca5a0a66,540137f1-ee92-3021-cf11-659fba5fde2a,1,00:00:00.000,00:04:45.000,0,285,full item,,,,,
c800be7b-8890-83d2-1362-4b74f11aeeb5::bda23062-2318-79ba-6c64-d39a35c6e00c,c800be7b-8890-83d2-1362-4b74f11aeeb5,bda23062-2318-79ba-6c64-d39a35c6e00c,1,00:00:00.000,00:07:02.000,0,422,full item,,,,,
c82fe6fe-60d9-8e0c-b559-3f563724bebe::6026f2f0-9791-5f85-c427-6eff01384b74,c82fe6fe-60d9-8e0c-b559-3f563724bebe,6026f2f0-9791-5f85-c427-6eff01384b74,1,00:00:00.000,00:23:55.000,0,1435,full item,,,,,
c9cf4fbb-bc1d-8ef2-bbeb-943af7558b1e::2aad5cf0-6223-be73-8640-c0c6dc616ccb,c9cf4fbb-bc1d-8ef2-bbeb-943af7558b1e,2aad5cf0-6223-be73-8640-c0c6dc616ccb,1,00:00:00.000,00:03:04.000,0,184,full item,,,,,
ca681ac8-63c7-7eea-aa1a-f9fc7bc2f21d::612baa83-a39d-5afe-060c-e5c6f56c5910,ca681ac8-63c7-7eea-aa1a-f9fc7bc2f21d,612baa83-a39d-5afe-060c-e5c6f56c5910,1,00:00:00.000,00:01:49.000,0,109,full item,,,,,
cacf22e5-d473-8924-0293-ab77e2e4f19d::9f861022-f69d-a50d-e7d5-4035ad65cdf0,cacf22e5-d473-8924-0293-ab77e2e4f19d,9f861022-f69d-a50d-e7d5-4035ad65cdf0,1,00:00:00.000,00:03:39.000,0,219,full item,,,,,
cb0b6834-2bf6-539c-262b-aa2335250c75::c94c1cbc-c7c0-d371-8a16-c606292dce04,cb0b6834-2bf6-539c-262b-aa2335250c75,c94c1cbc-c7c0-d371-8a16-c606292dce04,1,00:00:00.000,00:19:39.000,0,1179,full item,,,,,
cb44e50b-beb7-4171-1920-df15215d551d::ff80a9dc-1f50-23c1-8c64-984f4cd998d2,cb44e50b-beb7-4171-1920-df15215d551d,ff80a9dc-1f50-23c1-8c64-984f4cd998d2,1,00:00:00.000,00:07:00.000,0,420,full item,,,,,
cb757e47-cef8-38c9-60e7-59075a48ae1e::ebc09d48-9827-08e7-3dab-e5283ca76fa7,cb757e47-cef8-38c9-60e7-59075a48ae1e,ebc09d48-9827-08e7-3dab-e5283ca76fa7,1,00:00:00.000,00:04:40.000,0,280,full item,,,,,
cb84abba-4eb2-f283-40dd-ac10589bfae3::9da7d622-24f6-bc66-f25d-a2984ccb9274,cb84abba-4eb2-f283-40dd-ac10589bfae3,9da7d622-24f6-bc66-f25d-a2984ccb9274,1,00:00:00.000,00:00:55.000,0,55,full item,,,,,
cbf89ff9-9efa-0ee4-685d-4024f56eef9a::497a645a-22dc-c257-260c-64f230bed73d,cbf89ff9-9efa-0ee4-685d-4024f56eef9a,497a645a-22dc-c257-260c-64f230bed73d,1,00:00:00.000,00:02:10.000,0,130,full item,,,,,
cc5e6274-d37a-87cb-1b78-d9f44bddfaf4::20516395-6c14-43cc-d94e-33d8c0e5ade4,cc5e6274-d37a-87cb-1b78-d9f44bddfaf4,20516395-6c14-43cc-d94e-33d8c0e5ade4,1,00:00:00.000,00:03:50.000,0,230,full item,,,,,
cc7d7226-6de3-cfe1-c5c0-49db70f344ae::eb346802-15e4-3d60-3651-4cdaeb07c62c,cc7d7226-6de3-cfe1-c5c0-49db70f344ae,eb346802-15e4-3d60-3651-4cdaeb07c62c,1,00:00:00.000,00:05:12.000,0,312,full item,,,,,
cca4cd06-68f7-e0b9-3b05-a8bb4070727b::f8565e62-f88d-048e-8e80-9e8a6c819445,cca4cd06-68f7-e0b9-3b05-a8bb4070727b,f8565e62-f88d-048e-8e80-9e8a6c819445,1,00:00:00.000,00:05:17.000,0,317,full item,,,,,
ccbb0c0b-db49-f7ad-4fcd-3f788c530493::30476f29-3a08-547a-673e-1dc56a2947ce,ccbb0c0b-db49-f7ad-4fcd-3f788c530493,30476f29-3a08-547a-673e-1dc56a2947ce,1,00:00:00.000,00:51:49.000,0,3109,full item,,,,,
cd847150-4c6d-3f8d-0f23-bc44dc1b2bee::13623201-9f1d-d12f-27bc-b222b2502f23,cd847150-4c6d-3f8d-0f23-bc44dc1b2bee,13623201-9f1d-d12f-27bc-b222b2502f23,1,00:00:00.000,00:28:35.000,0,1715,full item,,,,,
cd92ee20-a3a6-cf37-2603-14cebe9216af::1b02cb9c-2555-81de-6b77-58478aa37124,cd92ee20-a3a6-cf37-2603-14cebe9216af,1b02cb9c-2555-81de-6b77-58478aa37124,1,00:00:00.000,00:05:51.000,0,351,full item,,,,,
cdb0dea7-97f9-3cb6-6757-5cd6d0ac63bf::0bccbe83-30b6-19cf-b5bc-499d7f06e82f,cdb0dea7-97f9-3cb6-6757-5cd6d0ac63bf,0bccbe83-30b6-19cf-b5bc-499d7f06e82f,1,00:00:00.000,00:01:08.000,0,68,full item,,,,,
cdbf57bb-dae6-c1e9-2d17-f9dce45279ca::0f173532-d675-93e6-0484-a9563d8c7061,cdbf57bb-dae6-c1e9-2d17-f9dce45279ca,0f173532-d675-93e6-0484-a9563d8c7061,1,00:00:00.000,00:32:56.000,0,1976,full item,,,,,
ce364e70-9043-3e12-63ee-72d8b588b467::32200172-b616-557b-f6b4-9954ac24047f,ce364e70-9043-3e12-63ee-72d8b588b467,32200172-b616-557b-f6b4-9954ac24047f,1,00:00:00.000,00:04:00.000,0,240,full item,,,,,
cf7494a8-adf1-94c4-c845-770c0c086038::ee433819-b9e2-96f8-c69e-07362b63a011,cf7494a8-adf1-94c4-c845-770c0c086038,ee433819-b9e2-96f8-c69e-07362b63a011,1,00:00:00.000,00:23:23.000,0,1403,full item,,,,,
cf766251-c4d2-e663-4756-f786013d6e40::6d489077-8941-e147-8bb4-d2fd85c78f09,cf766251-c4d2-e663-4756-f786013d6e40,6d489077-8941-e147-8bb4-d2fd85c78f09,1,00:00:00.000,00:03:49.000,0,229,full item,,,,,
cfcb585d-146a-094f-c173-086ca0467cc4::7e8c0f4c-8673-1b21-7450-47f373cf97e4,cfcb585d-146a-094f-c173-086ca0467cc4,7e8c0f4c-8673-1b21-7450-47f373cf97e4,1,00:00:00.000,00:02:50.000,0,170,full item,,,,,
cff1a6c4-edeb-d772-d559-41207274d444::1902f070-b3e3-5338-790d-21a571693527,cff1a6c4-edeb-d772-d559-41207274d444,1902f070-b3e3-5338-790d-21a571693527,1,00:00:00.000,00:01:07.000,0,67,full item,,,,,
d078cc92-ff91-9c2f-29b6-5308a847f03c::82402ad8-e7b3-954c-a0e8-ef3cc862abfb,d078cc92-ff91-9c2f-29b6-5308a847f03c,82402ad8-e7b3-954c-a0e8-ef3cc862abfb,1,00:00:00.000,00:02:01.000,0,121,full item,,,,,
d0832ff3-9069-d19b-457e-4b8a8f86f180::8768a3a6-878c-b874-a863-6582558fdc9b,d0832ff3-9069-d19b-457e-4b8a8f86f180,8768a3a6-878c-b874-a863-6582558fdc9b,1,00:00:00.000,00:01:22.000,0,82,full item,,,,,
d087e42f-69a1-66b5-d9c1-3194bb7d1f06::98d08fc3-bfa7-062e-cf13-7d0e35e7c609,d087e42f-69a1-66b5-d9c1-3194bb7d1f06,98d08fc3-bfa7-062e-cf13-7d0e35e7c609,1,00:00:00.000,00:20:05.000,0,1205,full item,,,,,
d0df0e28-529b-e2e7-87cb-6691ac68e939::026b129e-05db-4e83-3d1f-c555f29ab518,d0df0e28-529b-e2e7-87cb-6691ac68e939,026b129e-05db-4e83-3d1f-c555f29ab518,1,00:00:00.000,00:02:30.000,0,150,full item,,,,,
d10bcc9f-e2c7-4490-c94c-2ab84ef494f3::84264e18-2e08-2355-cde8-d9af87240ae6,d10bcc9f-e2c7-4490-c94c-2ab84ef494f3,84264e18-2e08-2355-cde8-d9af87240ae6,1,00:00:00.000,00:16:44.000,0,1004,full item,,,,,
d134ffd4-1e4a-70ed-2753-c7c8976be9f8::071ffd97-eb59-d7c0-84c8-e277c4f5cd07,d134ffd4-1e4a-70ed-2753-c7c8976be9f8,071ffd97-eb59-d7c0-84c8-e277c4f5cd07,1,00:00:00.000,00:00:56.000,0,56,full item,,,,,
d2020334-fd9f-4cc5-cb0c-e6a8515c3c90::8a6a8739-3bc9-e9b9-c44a-1c63b9a3228a,d2020334-fd9f-4cc5-cb0c-e6a8515c3c90,8a6a8739-3bc9-e9b9-c44a-1c63b9a3228a,1,00:00:00.000,00:00:58.000,0,58,full item,,,,,
d21ad624-871e-b9bf-cd55-88463f705b77::78ab207e-7246-e210-8450-b4678e8040ca,d21ad624-871e-b9bf-cd55-88463f705b77,78ab207e-7246-e210-8450-b4678e8040ca,1,00:00:00.000,00:08:00.000,0,480,full item,,,,,
d2408496-5cbf-ee98-c0a6-81c369e14ae1::49ed598c-f645-ebcb-2678-e055cc78edf0,d2408496-5cbf-ee98-c0a6-81c369e14ae1,49ed598c-f645-ebcb-2678-e055cc78edf0,1,00:00:00.000,00:13:49.000,0,829,full item,,,,,
d2a14e3d-15d2-4870-73c3-eebc5e92c962::41650b4e-a769-5e4c-dc22-e575c078ec38,d2a14e3d-15d2-4870-73c3-eebc5e92c962,41650b4e-a769-5e4c-dc22-e575c078ec38,1,00:00:00.000,00:01:41.000,0,101,full item,,,,,
d2a73ed5-4768-6b99-b1c8-5bf6345a4188::5133148a-f46c-00b2-86fc-44ac1c444c7a,d2a73ed5-4768-6b99-b1c8-5bf6345a4188,5133148a-f46c-00b2-86fc-44ac1c444c7a,1,00:00:00.000,00:01:02.000,0,62,full item,,,,,
d2eadf9e-c4e4-6eeb-d513-4659b640b344::f4ea5367-af66-e913-b8aa-e91588f01360,d2eadf9e-c4e4-6eeb-d513-4659b640b344,f4ea5367-af66-e913-b8aa-e91588f01360,1,00:00:00.000,00:01:55.000,0,115,full item,,,,,
d2ef6e12-88e0-6e7b-396b-e5a52c0e8d94::96c0a4d6-8c0c-6c9d-aa29-310331559390,d2ef6e12-88e0-6e7b-396b-e5a52c0e8d94,96c0a4d6-8c0c-6c9d-aa29-310331559390,1,00:00:00.000,00:00:57.000,0,57,full item,,,,,
d2f2f9f3-fba9-dbf1-69ce-087a6ea97ea5::b2d75e42-f0a8-f9fa-2f85-5a7f0b705080,d2f2f9f3-fba9-dbf1-69ce-087a6ea97ea5,b2d75e42-f0a8-f9fa-2f85-5a7f0b705080,1,00:00:00.000,00:01:21.000,0,81,full item,,,,,
d30419ad-82dc-dd52-abc7-2ad6ef2d1b00::88c05dcb-1d9b-7da3-30fd-0c8d9d545315,d30419ad-82dc-dd52-abc7-2ad6ef2d1b00,88c05dcb-1d9b-7da3-30fd-0c8d9d545315,1,00:00:00.000,00:01:07.000,0,67,full item,,,,,
d390e66f-6e09-73ce-e834-3e9afdefcc84::647cb58f-2bf7-f6d3-a90d-82deab51a003,d390e66f-6e09-73ce-e834-3e9afdefcc84,647cb58f-2bf7-f6d3-a90d-82deab51a003,1,00:00:00.000,00:00:53.000,0,53,full item,,,,,
d3bb77f6-8140-b09b-0590-6b41a1642a8f::4894d7dc-10e9-3d20-9734-ccc1bb3abfe1,d3bb77f6-8140-b09b-0590-6b41a1642a8f,4894d7dc-10e9-3d20-9734-ccc1bb3abfe1,1,00:00:00.000,00:00:53.000,0,53,full item,,,,,
d3bfa890-1c32-2daf-57a3-edfd1ccd17a2::856028e6-b790-83e1-c48f-1a43c3a73b41,d3bfa890-1c32-2daf-57a3-edfd1ccd17a2,856028e6-b790-83e1-c48f-1a43c3a73b41,1,00:00:00.000,00:21:45.000,0,1305,full item,,,,,
d3d61ea2-0f11-74bd-aa12-33fda773befa::0b01ee53-10c8-f253-2e37-06da09aa8239,d3d61ea2-0f11-74bd-aa12-33fda773befa,0b01ee53-10c8-f253-2e37-06da09aa8239,1,00:00:00.000,00:23:08.000,0,1388,full item,,,,,
d4046383-08cc-71fa-598a-6168ff0dda0f::844ac0bb-efcb-56a3-c7b4-f2ea79142eaa,d4046383-08cc-71fa-598a-6168ff0dda0f,844ac0bb-efcb-56a3-c7b4-f2ea79142eaa,1,00:00:00.000,00:22:56.000,0,1376,full item,,,,,
d5497057-cdae-245f-a578-6e16d9674f61::7fc3fb17-6d77-a7aa-c063-0763eb596c9c,d5497057-cdae-245f-a578-6e16d9674f61,7fc3fb17-6d77-a7aa-c063-0763eb596c9c,1,00:00:00.000,00:06:46.000,0,406,full item,,,,,
d55a931a-2561-35ff-0dfa-0f1f8da886af::fabdf5b1-80f3-162e-b3f6-dad0cc19d880,d55a931a-2561-35ff-0dfa-0f1f8da886af,fabdf5b1-80f3-162e-b3f6-dad0cc19d880,1,00:00:00.000,00:01:46.000,0,106,full item,,,,,
d5ef30ac-c6a2-9fdd-f2b4-87289d1b0c96::183db760-6a40-e055-04fd-7945f3299b93,d5ef30ac-c6a2-9fdd-f2b4-87289d1b0c96,183db760-6a40-e055-04fd-7945f3299b93,1,00:00:00.000,00:00:42.000,0,42,full item,,,,,
d713aa51-8420-1dd4-3f0a-1e441015a9af::a7191db1-697d-118d-e697-f1ede245ad17,d713aa51-8420-1dd4-3f0a-1e441015a9af,a7191db1-697d-118d-e697-f1ede245ad17,1,00:00:00.000,00:02:23.000,0,143,full item,,,,,
d71ebae2-8295-340e-21d9-a96887e236ef::7734afbb-73b1-b180-7f76-be3de2cfb957,d71ebae2-8295-340e-21d9-a96887e236ef,7734afbb-73b1-b180-7f76-be3de2cfb957,1,00:00:00.000,00:05:08.000,0,308,full item,,,,,
d7b0c50b-b597-9811-c830-fd54a4922564::a235077a-b590-66ae-82a6-365b138540d2,d7b0c50b-b597-9811-c830-fd54a4922564,a235077a-b590-66ae-82a6-365b138540d2,1,00:00:00.000,00:31:12.000,0,1872,full item,,,,,
d7edb5eb-9e52-7760-f7ba-6a098a4a6895::7b0ad3c8-1401-24e4-94e5-db9fc62bdddd,d7edb5eb-9e52-7760-f7ba-6a098a4a6895,7b0ad3c8-1401-24e4-94e5-db9fc62bdddd,1,00:00:00.000,00:03:23.000,0,203,full item,,,,,
d7fa6375-5692-5cd6-8a3a-e95938689e8a::6c3592ea-994f-63da-511a-808a27ead4ef,d7fa6375-5692-5cd6-8a3a-e95938689e8a,6c3592ea-994f-63da-511a-808a27ead4ef,1,00:00:00.000,00:04:17.000,0,257,full item,,,,,
d847fbd2-1e97-56fc-978c-6f90a4695d55::c98a70c1-7cd7-a994-e288-faadc8625536,d847fbd2-1e97-56fc-978c-6f90a4695d55,c98a70c1-7cd7-a994-e288-faadc8625536,1,00:00:00.000,00:26:08.000,0,1568,full item,,,,,
d8565d5f-fe03-b652-7dda-a9c91b823531::36d0f392-d689-3476-3337-a8c81d57783f,d8565d5f-fe03-b652-7dda-a9c91b823531,36d0f392-d689-3476-3337-a8c81d57783f,1,00:00:00.000,00:01:04.000,0,64,full item,,,,,
d86f636e-ffc8-9a9b-885f-5fb1bd348ee9::50447c13-c31b-f2a6-7c1c-d47dfe205822,d86f636e-ffc8-9a9b-885f-5fb1bd348ee9,50447c13-c31b-f2a6-7c1c-d47dfe205822,1,00:00:00.000,00:02:00.000,0,120,full item,,,,,
d8858201-5d19-fb7a-1015-856ab3a90349::834258be-db5a-8eb3-a54d-bdb616a2ce56,d8858201-5d19-fb7a-1015-856ab3a90349,834258be-db5a-8eb3-a54d-bdb616a2ce56,1,00:00:00.000,00:01:05.000,0,65,full item,,,,,
d934c313-8516-1825-a3c3-3f32d3befc22::c0df8af4-7b92-cd3b-a7d6-50c6a3282a27,d934c313-8516-1825-a3c3-3f32d3befc22,c0df8af4-7b92-cd3b-a7d6-50c6a3282a27,1,00:00:00.000,01:05:29.000,0,3929,full item,,,,,
d9bc841a-e72c-f541-df92-8acfba523955::b2e271d9-1f07-ceea-abf6-c80ccd6b0ffb,d9bc841a-e72c-f541-df92-8acfba523955,b2e271d9-1f07-ceea-abf6-c80ccd6b0ffb,1,00:00:00.000,,0,,full item,,,,,
da402e15-cd7d-7a5f-a77d-b79954ce2322::0bee74ef-dabb-5913-fca8-dfb74c9b0500,da402e15-cd7d-7a5f-a77d-b79954ce2322,0bee74ef-dabb-5913-fca8-dfb74c9b0500,1,00:00:00.000,00:00:46.000,0,46,full item,,,,,
daace349-6845-a48f-899c-3e78788a10bc::0a389ece-2bbd-3e88-6555-e2903a76dd0d,daace349-6845-a48f-899c-3e78788a10bc,0a389ece-2bbd-3e88-6555-e2903a76dd0d,1,00:00:00.000,00:00:57.000,0,57,full item,,,,,
dab4a3c0-707c-927b-82b3-0267a319355a::5d783540-f313-4bd8-27bd-98dbfee3ac50,dab4a3c0-707c-927b-82b3-0267a319355a,5d783540-f313-4bd8-27bd-98dbfee3ac50,1,00:00:00.000,00:02:56.000,0,176,full item,,,,,
dac855f6-9370-1cee-a75b-0886f9e68e48::9dcb8246-b6c9-ad9a-e790-652a79573e38,dac855f6-9370-1cee-a75b-0886f9e68e48,9dcb8246-b6c9-ad9a-e790-652a79573e38,1,00:00:00.000,00:21:03.000,0,1263,full item,,,,,
daca8614-c2b1-9e3a-25b2-eb5c0c28895a::26c9909a-090e-ff35-5078-5fe0bacb0c58,daca8614-c2b1-9e3a-25b2-eb5c0c28895a,26c9909a-090e-ff35-5078-5fe0bacb0c58,1,00:00:00.000,00:01:37.000,0,97,full item,,,,,
db2eb13a-c672-e2a5-8e18-e162fa559a71::5d773b3e-f705-575f-b8d4-d17dffba44b7,db2eb13a-c672-e2a5-8e18-e162fa559a71,5d773b3e-f705-575f-b8d4-d17dffba44b7,1,00:00:00.000,00:00:39.000,0,39,full item,,,,,
db2edab0-6ff4-93c3-3fc0-a51edff7767b::6533a7b7-c0aa-35f2-70b9-6bd58d0cc3bd,db2edab0-6ff4-93c3-3fc0-a51edff7767b,6533a7b7-c0aa-35f2-70b9-6bd58d0cc3bd,1,00:00:00.000,00:10:55.000,0,655,full item,,,,,
db801a64-cf85-965c-05d8-aac81d4c78a8::51421f15-fa7b-ecfb-b271-f9126103f718,db801a64-cf85-965c-05d8-aac81d4c78a8,51421f15-fa7b-ecfb-b271-f9126103f718,1,00:00:00.000,00:01:01.000,0,61,full item,,,,,
db9b16aa-cbf4-d72e-4265-b91786c5330e::cf4fe765-3971-c9e9-00fb-93c32ea3ef9b,db9b16aa-cbf4-d72e-4265-b91786c5330e,cf4fe765-3971-c9e9-00fb-93c32ea3ef9b,1,00:00:00.000,00:02:38.000,0,158,full item,,,,,
dbe62918-0741-0690-3cda-e0698b5a18b5::65baa080-29d9-0c30-3e87-54c7fefeed19,dbe62918-0741-0690-3cda-e0698b5a18b5,65baa080-29d9-0c30-3e87-54c7fefeed19,1,00:00:00.000,00:14:08.000,0,848,full item,,,,,
dc44f998-c150-0cb5-edc2-70f78e02bfa5::4ef10f44-9e49-d582-67a4-7f73e621aee7,dc44f998-c150-0cb5-edc2-70f78e02bfa5,4ef10f44-9e49-d582-67a4-7f73e621aee7,1,00:00:00.000,00:01:05.000,0,65,full item,,,,,
dcf54e94-742b-b557-b374-c09388fd6b72::af83c70e-0419-ac7e-922c-dd1ffd46e4af,dcf54e94-742b-b557-b374-c09388fd6b72,af83c70e-0419-ac7e-922c-dd1ffd46e4af,1,00:00:00.000,,0,,full item,,,,,
dd0105d4-fc11-49c5-c8bf-81acf1f1bee7::a7101415-6ae7-5215-02e1-58316ff6fd89,dd0105d4-fc11-49c5-c8bf-81acf1f1bee7,a7101415-6ae7-5215-02e1-58316ff6fd89,1,00:00:00.000,00:01:16.000,0,76,full item,,,,,
dd0d45eb-0e44-3fad-c034-5047c3b68ef8::d59e4be5-6f5c-65f2-32cd-4b51639c33e8,dd0d45eb-0e44-3fad-c034-5047c3b68ef8,d59e4be5-6f5c-65f2-32cd-4b51639c33e8,1,00:00:00.000,00:09:58.000,0,598,full item,,,,,
ddb9f1a1-dc60-bda7-396e-0bcfd8665cfb::96948610-9f76-d7e3-7d9c-513c34ee771d,ddb9f1a1-dc60-bda7-396e-0bcfd8665cfb,96948610-9f76-d7e3-7d9c-513c34ee771d,1,00:00:00.000,00:04:21.000,0,261,full item,,,,,
de01411f-c143-9993-ef9b-26d589bb49ea::0f0c2265-d72c-5c1d-fbb3-d3986c159b66,de01411f-c143-9993-ef9b-26d589bb49ea,0f0c2265-d72c-5c1d-fbb3-d3986c159b66,1,00:00:00.000,00:12:12.000,0,732,full item,,,,,
de01f4cb-24a2-af75-0c5e-f446bec07c54::b1831429-ccfb-eb1f-bb72-6e2470ecfa6f,de01f4cb-24a2-af75-0c5e-f446bec07c54,b1831429-ccfb-eb1f-bb72-6e2470ecfa6f,1,00:00:00.000,00:11:12.000,0,672,full item,,,,,
de5ace02-443a-2f48-ed49-3544c0198941::b7230f95-3b8f-837f-3354-5162665da4ec,de5ace02-443a-2f48-ed49-3544c0198941,b7230f95-3b8f-837f-3354-5162665da4ec,1,00:00:00.000,00:03:05.000,0,185,full item,,,,,
dedebaf9-7e0a-caca-006e-a982ed851718::7c25dc73-a3e5-e489-696d-78ce25634fb4,dedebaf9-7e0a-caca-006e-a982ed851718,7c25dc73-a3e5-e489-696d-78ce25634fb4,1,00:00:00.000,00:09:59.000,0,599,full item,,,,,
dfd2c649-47d1-4624-47ac-5bc644b7bc78::e91104f5-4618-77bd-ebdf-3a32309c2bd2,dfd2c649-47d1-4624-47ac-5bc644b7bc78,e91104f5-4618-77bd-ebdf-3a32309c2bd2,1,00:00:00.000,00:03:42.000,0,222,full item,,,,,
dff5be0f-4fa2-87df-7f57-ed8699dc6d91::4af5600d-a7c8-e0eb-6bfc-b95e2de631ec,dff5be0f-4fa2-87df-7f57-ed8699dc6d91,4af5600d-a7c8-e0eb-6bfc-b95e2de631ec,1,00:00:00.000,00:04:25.000,0,265,full item,,,,,
e08d22fa-34f4-d9dc-6a98-ad0a97e41cf8::4d920b63-3ea4-2855-03e4-2a4875073557,e08d22fa-34f4-d9dc-6a98-ad0a97e41cf8,4d920b63-3ea4-2855-03e4-2a4875073557,1,00:00:00.000,00:02:53.000,0,173,full item,,,,,
e0a09c2e-5fef-3958-e0b7-cb4f078ca0d0::25bf47b1-f875-da29-d745-c16e210c540f,e0a09c2e-5fef-3958-e0b7-cb4f078ca0d0,25bf47b1-f875-da29-d745-c16e210c540f,1,00:00:00.000,00:01:03.000,0,63,full item,,,,,
e0f30378-cac8-c43d-8646-8323b068fff0::15f90311-82a9-d54e-28c1-0c5fe4934b64,e0f30378-cac8-c43d-8646-8323b068fff0,15f90311-82a9-d54e-28c1-0c5fe4934b64,1,00:00:00.000,01:02:33.000,0,3753,full item,,,,,
e0fd4fc2-1f11-c20d-5610-3f99b64189eb::a0ac8b7a-16cf-a4bc-6378-a994fe5ef783,e0fd4fc2-1f11-c20d-5610-3f99b64189eb,a0ac8b7a-16cf-a4bc-6378-a994fe5ef783,1,00:00:00.000,00:04:04.000,0,244,full item,,,,,
e2c9863f-7a6d-7e2f-7639-08c7f5e87ee4::31b59c61-2562-991f-4c02-e55fcc5336ed,e2c9863f-7a6d-7e2f-7639-08c7f5e87ee4,31b59c61-2562-991f-4c02-e55fcc5336ed,1,00:00:00.000,00:05:35.000,0,335,full item,,,,,
e2e71eec-aa7d-3efa-5e5e-bf262768d064::376edbb8-c54e-50f2-66a7-9a680ab9ddb4,e2e71eec-aa7d-3efa-5e5e-bf262768d064,376edbb8-c54e-50f2-66a7-9a680ab9ddb4,1,00:00:00.000,00:00:40.000,0,40,full item,,,,,
e3651a9b-3693-45ec-6d56-0989b975d4a7::282c35b8-782d-7e51-577e-840256b9bb49,e3651a9b-3693-45ec-6d56-0989b975d4a7,282c35b8-782d-7e51-577e-840256b9bb49,1,00:00:00.000,00:00:49.000,0,49,full item,,,,,
e40675a7-c6ea-3b77-5c1a-413e76e56855::889a2965-3bb2-81f6-be90-49a2ed2859ab,e40675a7-c6ea-3b77-5c1a-413e76e56855,889a2965-3bb2-81f6-be90-49a2ed2859ab,1,00:00:00.000,00:02:35.000,0,155,full item,,,,,
e43bb334-4827-93b0-70c3-b36aafb9630b::c8514717-478a-7f8f-f7fa-10a1440d8bef,e43bb334-4827-93b0-70c3-b36aafb9630b,c8514717-478a-7f8f-f7fa-10a1440d8bef,1,00:00:00.000,00:02:04.000,0,124,full item,,,,,
e49374e8-16f0-0fcc-1b04-7dab170b63dc::a840ac00-1e33-28b8-7a6d-e687656322c7,e49374e8-16f0-0fcc-1b04-7dab170b63dc,a840ac00-1e33-28b8-7a6d-e687656322c7,1,00:00:00.000,00:31:56.000,0,1916,full item,,,,,
e52fa545-a425-0b7a-4a86-37760397e9d7::53e2f8b0-09da-2f96-3e09-bbf620349e9a,e52fa545-a425-0b7a-4a86-37760397e9d7,53e2f8b0-09da-2f96-3e09-bbf620349e9a,1,00:00:00.000,00:03:53.000,0,233,full item,,,,,
e55b382e-6474-ae1f-7f34-b456d1a8c966::dffb6a20-4c1c-d32b-07d5-1a3dfcc09b82,e55b382e-6474-ae1f-7f34-b456d1a8c966,dffb6a20-4c1c-d32b-07d5-1a3dfcc09b82,1,00:00:00.000,00:00:50.000,0,50,full item,,,,,
e64e71b1-3702-b05e-7f2c-fb22fc5f4dc2::6086361b-853d-fdee-2355-2276ea8a85a9,e64e71b1-3702-b05e-7f2c-fb22fc5f4dc2,6086361b-853d-fdee-2355-2276ea8a85a9,1,00:00:00.000,00:00:38.000,0,38,full item,,,,,
e6c9cac7-59c3-b83f-b8be-a7048ab7df32::61c76971-4037-8078-c8ef-c7769adf2d94,e6c9cac7-59c3-b83f-b8be-a7048ab7df32,61c76971-4037-8078-c8ef-c7769adf2d94,1,00:00:00.000,00:02:17.000,0,137,full item,,,,,
e6dff0a5-3e2e-2026-6eb9-94f2656591a9::f6cdfa6c-ffb0-b152-bdae-9c8fcb61ece1,e6dff0a5-3e2e-2026-6eb9-94f2656591a9,f6cdfa6c-ffb0-b152-bdae-9c8fcb61ece1,1,00:00:00.000,00:23:27.000,0,1407,full item,,,,,
e714cd72-8e86-3f5c-bbd6-132b6a2fef04::5e93c6a8-231f-4770-a75e-f5674b04e51f,e714cd72-8e86-3f5c-bbd6-132b6a2fef04,5e93c6a8-231f-4770-a75e-f5674b04e51f,1,00:00:00.000,00:23:39.000,0,1419,full item,,,,,
e72406cf-8218-d313-3006-88fbd6137358::d5a98663-dcd5-1662-2cb0-c87f652b13ce,e72406cf-8218-d313-3006-88fbd6137358,d5a98663-dcd5-1662-2cb0-c87f652b13ce,1,00:00:00.000,00:02:23.000,0,143,full item,,,,,
e7290fef-fb20-7189-4308-e0238bb09df9::ab54bd96-7250-c872-95ff-39b9bcce1683,e7290fef-fb20-7189-4308-e0238bb09df9,ab54bd96-7250-c872-95ff-39b9bcce1683,1,00:00:00.000,00:01:01.000,0,61,full item,,,,,
e7610161-07b8-a03d-7333-3c1353a81ffd::8a2b993f-2466-dc42-7c3a-b657ccc95a7d,e7610161-07b8-a03d-7333-3c1353a81ffd,8a2b993f-2466-dc42-7c3a-b657ccc95a7d,1,00:00:00.000,00:04:23.000,0,263,full item,,,,,
e7a7ff6a-7680-e27b-8720-7844126b4d45::a4c2ea39-916c-aaf2-b0f3-702237fac68e,e7a7ff6a-7680-e27b-8720-7844126b4d45,a4c2ea39-916c-aaf2-b0f3-702237fac68e,1,00:00:00.000,00:09:12.000,0,552,full item,,,,,
e89326fa-60d2-b640-eeff-babfdca572e5::34c6401f-e810-4d8c-4993-dbe98ffe9cd4,e89326fa-60d2-b640-eeff-babfdca572e5,34c6401f-e810-4d8c-4993-dbe98ffe9cd4,1,00:00:00.000,00:22:01.000,0,1321,full item,,,,,
e89dcd89-2c24-8b0c-9d24-b9bc7f056262::c7169a92-f279-832e-124a-3993c77410c6,e89dcd89-2c24-8b0c-9d24-b9bc7f056262,c7169a92-f279-832e-124a-3993c77410c6,1,00:00:00.000,00:03:02.000,0,182,full item,,,,,
e93ad9d3-2d1b-0a4e-8853-3cd2e5eddc0f::02411498-3acd-ed2d-146a-31c781a38c74,e93ad9d3-2d1b-0a4e-8853-3cd2e5eddc0f,02411498-3acd-ed2d-146a-31c781a38c74,1,00:00:00.000,00:31:16.000,0,1876,full item,,,,,
e969dfa4-cba3-ef73-1087-85b4092bd564::f40956d5-4401-a366-5d38-8749583c05f9,e969dfa4-cba3-ef73-1087-85b4092bd564,f40956d5-4401-a366-5d38-8749583c05f9,1,00:00:00.000,00:19:05.000,0,1145,full item,,,,,
e9b3e5bb-aaec-4879-f8b4-5ae8198acde1::30749a60-defd-2dd8-ddcb-dbdd131c28d6,e9b3e5bb-aaec-4879-f8b4-5ae8198acde1,30749a60-defd-2dd8-ddcb-dbdd131c28d6,1,00:00:00.000,00:07:21.000,0,441,full item,,,,,
e9c49499-2dd7-d99d-ed24-3c50f652c6f2::52689290-798a-e18f-df12-f16d8de93050,e9c49499-2dd7-d99d-ed24-3c50f652c6f2,52689290-798a-e18f-df12-f16d8de93050,1,00:00:00.000,00:02:11.000,0,131,full item,,,,,
eb4d4883-f8f7-b049-adee-42950cbc397d::649783e1-bc98-630b-d5d3-d7f9a15ac271,eb4d4883-f8f7-b049-adee-42950cbc397d,649783e1-bc98-630b-d5d3-d7f9a15ac271,1,00:00:00.000,00:02:34.000,0,154,full item,,,,,
eb561a0c-84c8-77c1-a6fe-f6287a8d301b::d81a8b28-c4bb-f192-a563-64bf515bf5e5,eb561a0c-84c8-77c1-a6fe-f6287a8d301b,d81a8b28-c4bb-f192-a563-64bf515bf5e5,1,00:00:00.000,00:01:17.000,0,77,full item,,,,,
eb89354b-f49b-3356-d665-5810eb408711::fb8a7b5f-6ee0-3557-5e77-7055301c1305,eb89354b-f49b-3356-d665-5810eb408711,fb8a7b5f-6ee0-3557-5e77-7055301c1305,1,00:00:00.000,00:01:40.000,0,100,full item,,,,,
ebfce608-b0c3-a314-1d11-cfccc6659a02::e81f1efa-3fb3-d53c-c8e3-145e6dc217a2,ebfce608-b0c3-a314-1d11-cfccc6659a02,e81f1efa-3fb3-d53c-c8e3-145e6dc217a2,1,00:00:00.000,00:02:44.000,0,164,full item,,,,,
ec1dee09-b6a0-4829-f637-abb9bb27a8fc::576ff3e3-ed8b-febb-0661-0392bcc097a3,ec1dee09-b6a0-4829-f637-abb9bb27a8fc,576ff3e3-ed8b-febb-0661-0392bcc097a3,1,00:00:00.000,00:12:52.000,0,772,full item,,,,,
ec6a878e-8825-81d6-13c4-d48237f2380f::be554df7-e863-fbe5-8be1-24a30a1e2baf,ec6a878e-8825-81d6-13c4-d48237f2380f,be554df7-e863-fbe5-8be1-24a30a1e2baf,1,00:00:00.000,00:12:19.000,0,739,full item,,,,,
ec84b171-6dea-ebc3-d7a4-74641dc0959d::c8f60b50-5300-bb4c-10f7-e93502612dba,ec84b171-6dea-ebc3-d7a4-74641dc0959d,c8f60b50-5300-bb4c-10f7-e93502612dba,1,00:00:00.000,00:00:50.000,0,50,full item,,,,,
ecbeca03-3d90-c4f8-919b-e6c96461df90::0726a0ed-217d-4d0c-e25a-83f696138b3e,ecbeca03-3d90-c4f8-919b-e6c96461df90,0726a0ed-217d-4d0c-e25a-83f696138b3e,1,00:00:00.000,00:02:15.000,0,135,full item,,,,,
ecf6ba45-46ff-052c-370e-163dbf9fdb8c::83a59414-51f1-fff9-375e-f79387fdc452,ecf6ba45-46ff-052c-370e-163dbf9fdb8c,83a59414-51f1-fff9-375e-f79387fdc452,1,00:00:00.000,00:01:14.000,0,74,full item,,,,,
ed101fec-dc91-348d-5666-a071b7e2753b::e4f2fdfa-55d3-0be1-dc6a-66074da8d2ae,ed101fec-dc91-348d-5666-a071b7e2753b,e4f2fdfa-55d3-0be1-dc6a-66074da8d2ae,1,00:00:00.000,00:06:04.000,0,364,full item,,,,,
ed463c3d-1a18-2465-3278-cea2b3cfb11a::7c116249-9b0c-2af6-d763-e6425064ed78,ed463c3d-1a18-2465-3278-cea2b3cfb11a,7c116249-9b0c-2af6-d763-e6425064ed78,1,00:00:00.000,01:11:43.000,0,4303,full item,,,,,
ede090ed-ae1c-4699-c348-3ec88a235778::4e892587-b4c3-4693-3f41-be03e4974ba0,ede090ed-ae1c-4699-c348-3ec88a235778,4e892587-b4c3-4693-3f41-be03e4974ba0,1,00:00:00.000,00:02:19.000,0,139,full item,,,,,
edf7f773-84be-ca58-731c-2414da796fa6::761cefdf-4ddb-5c8a-8053-8a5f854e829c,edf7f773-84be-ca58-731c-2414da796fa6,761cefdf-4ddb-5c8a-8053-8a5f854e829c,1,00:00:00.000,00:09:14.000,0,554,full item,,,,,
ee83db58-ad15-9a5f-7168-2e9cf275ad80::0a97578d-7cc8-e604-d265-77a61a7ab0d7,ee83db58-ad15-9a5f-7168-2e9cf275ad80,0a97578d-7cc8-e604-d265-77a61a7ab0d7,1,00:00:00.000,00:10:58.000,0,658,full item,,,,,
eeac7427-8f4a-bb44-c4d2-257b8f468607::b2b31151-f565-7b02-51b2-0a52c84fc46e,eeac7427-8f4a-bb44-c4d2-257b8f468607,b2b31151-f565-7b02-51b2-0a52c84fc46e,1,00:00:00.000,00:01:10.000,0,70,full item,,,,,
eed81dac-a34b-a481-bb1a-2645c751373a::eb9c1750-93bc-af8e-36ad-a63551bf04a1,eed81dac-a34b-a481-bb1a-2645c751373a,eb9c1750-93bc-af8e-36ad-a63551bf04a1,1,00:00:00.000,00:01:40.000,0,100,full item,,,,,
eee2f4a2-d638-6a34-cb05-b6f1e67a7a45::32656af9-afb6-2885-1262-f556ce109650,eee2f4a2-d638-6a34-cb05-b6f1e67a7a45,32656af9-afb6-2885-1262-f556ce109650,1,00:00:00.000,00:09:16.000,0,556,full item,,,,,
eeebc6f0-9216-261a-5f77-166c4dd860a0::26eb9b10-2dc6-f1a6-9754-5c73ceb56e8b,eeebc6f0-9216-261a-5f77-166c4dd860a0,26eb9b10-2dc6-f1a6-9754-5c73ceb56e8b,1,00:00:00.000,00:04:01.000,0,241,full item,,,,,
ef1f0874-b00a-5e1f-1342-862838ec63ac::ed68a87c-cbd1-ada1-9163-95a2d1c1ba3d,ef1f0874-b00a-5e1f-1342-862838ec63ac,ed68a87c-cbd1-ada1-9163-95a2d1c1ba3d,1,00:00:00.000,00:30:02.000,0,1802,full item,,,,,
ef1f9084-3cf5-9600-3b4a-fb885391308c::1b80318f-554a-cf89-fc35-d3936634ce96,ef1f9084-3cf5-9600-3b4a-fb885391308c,1b80318f-554a-cf89-fc35-d3936634ce96,1,00:00:00.000,00:04:27.000,0,267,full item,,,,,
ef91f8a7-3ad0-1fc0-d318-cb8b8d7ea75a::3d8e4733-bad2-241d-ee2d-7fba7d205e49,ef91f8a7-3ad0-1fc0-d318-cb8b8d7ea75a,3d8e4733-bad2-241d-ee2d-7fba7d205e49,1,00:00:00.000,00:03:24.000,0,204,full item,,,,,
efc6a277-ae7f-150d-9da9-a9c6ac710fa5::2bf0f04d-4695-5bc1-f7b1-54276f6d734f,efc6a277-ae7f-150d-9da9-a9c6ac710fa5,2bf0f04d-4695-5bc1-f7b1-54276f6d734f,1,00:00:00.000,00:33:44.000,0,2024,full item,,,,,
f031c193-d826-f35f-bc03-d3e2d61bb4d1::f6917852-86b7-23f5-8baa-68e01fa300e9,f031c193-d826-f35f-bc03-d3e2d61bb4d1,f6917852-86b7-23f5-8baa-68e01fa300e9,1,00:00:00.000,00:00:40.000,0,40,full item,,,,,
f0a9b3ea-a06e-04f0-4ac8-841cf15bff85::ff16d4c3-e7ab-a32f-c632-6ffaf0c9e9f4,f0a9b3ea-a06e-04f0-4ac8-841cf15bff85,ff16d4c3-e7ab-a32f-c632-6ffaf0c9e9f4,1,00:00:00.000,00:01:59.000,0,119,full item,,,,,
f1088336-ba19-2d18-ebd4-bf2bd1916738::fb63d49c-ad77-5f5d-4392-119da6ae5adf,f1088336-ba19-2d18-ebd4-bf2bd1916738,fb63d49c-ad77-5f5d-4392-119da6ae5adf,1,00:00:00.000,00:20:26.000,0,1226,full item,,,,,
f12e52fb-7155-16d7-ca46-f78b2f1e49ad::df0d3512-d125-33b3-cfb2-cb6d78b96fc2,f12e52fb-7155-16d7-ca46-f78b2f1e49ad,df0d3512-d125-33b3-cfb2-cb6d78b96fc2,1,00:00:00.000,00:01:42.000,0,102,full item,,,,,
f15a818c-40bc-4ae0-677c-544ae5b44e0f::4d4e9302-d94e-4760-7aa9-9d1226867a7e,f15a818c-40bc-4ae0-677c-544ae5b44e0f,4d4e9302-d94e-4760-7aa9-9d1226867a7e,1,00:00:00.000,00:24:12.000,0,1452,full item,,,,,
f1930a09-629a-a925-37c3-1442f85d883d::baba54ff-70a5-60b7-7827-3bcb13d2d10e,f1930a09-629a-a925-37c3-1442f85d883d,baba54ff-70a5-60b7-7827-3bcb13d2d10e,1,00:00:00.000,00:00:30.000,0,30,full item,,,,,
f297a6e6-af29-6309-4d3e-01d69a3c0190::3ba01421-d48a-b36b-bb3a-cf9905def173,f297a6e6-af29-6309-4d3e-01d69a3c0190,3ba01421-d48a-b36b-bb3a-cf9905def173,1,00:00:00.000,00:17:06.000,0,1026,full item,,,,,
f2b3ec61-885d-44d2-241e-3ddb4938347c::e39e9267-9d4e-91db-611c-8216ac56e3b6,f2b3ec61-885d-44d2-241e-3ddb4938347c,e39e9267-9d4e-91db-611c-8216ac56e3b6,1,00:00:00.000,00:01:29.000,0,89,full item,,,,,
f2f90731-9cd0-9f54-3a2c-f3486b4c4619::a2ee0615-0ec7-7ec0-9220-f003a3b4cbd8,f2f90731-9cd0-9f54-3a2c-f3486b4c4619,a2ee0615-0ec7-7ec0-9220-f003a3b4cbd8,1,00:00:00.000,00:02:46.000,0,166,full item,,,,,
f3930b38-4f09-07c1-dd68-5b8207d588d6::646c0cec-34e5-d293-a74c-18b207d7c43f,f3930b38-4f09-07c1-dd68-5b8207d588d6,646c0cec-34e5-d293-a74c-18b207d7c43f,1,00:00:00.000,00:00:56.000,0,56,full item,,,,,
f4358ae9-6640-9848-20a1-610ffdc03af9::76b79c12-2fab-0d27-f757-2841a77a41b9,f4358ae9-6640-9848-20a1-610ffdc03af9,76b79c12-2fab-0d27-f757-2841a77a41b9,1,00:00:00.000,00:23:21.000,0,1401,full item,,,,,
f49ba867-0c63-89c9-7c40-97ac4b3ea786::a252ef58-7ca4-5a74-a3b1-b43771e49f7c,f49ba867-0c63-89c9-7c40-97ac4b3ea786,a252ef58-7ca4-5a74-a3b1-b43771e49f7c,1,00:00:00.000,00:00:55.000,0,55,full item,,,,,
f49f36d0-eb08-20a5-86d6-1da5deaa078a::67351184-d84c-f535-d585-84a3260b1858,f49f36d0-eb08-20a5-86d6-1da5deaa078a,67351184-d84c-f535-d585-84a3260b1858,1,00:00:00.000,00:29:56.000,0,1796,full item,,,,,
f4b3024e-5427-49fd-620d-4e80c2476f12::cd537617-aa89-9c78-cd02-e6f4014d40ca,f4b3024e-5427-49fd-620d-4e80c2476f12,cd537617-aa89-9c78-cd02-e6f4014d40ca,1,00:00:00.000,00:23:14.000,0,1394,full item,,,,,
f4b34c74-51ff-5bb3-9f01-53a88c8fc103::bff8cb23-4388-6b88-a855-7904b31d0f32,f4b34c74-51ff-5bb3-9f01-53a88c8fc103,bff8cb23-4388-6b88-a855-7904b31d0f32,1,00:00:00.000,00:00:56.000,0,56,full item,,,,,
f5291521-1a16-9ca9-4887-271b6ac2de60::c7e433b1-81dc-8792-197a-adb2b7d49838,f5291521-1a16-9ca9-4887-271b6ac2de60,c7e433b1-81dc-8792-197a-adb2b7d49838,1,00:00:00.000,00:00:46.000,0,46,full item,,,,,
f5b5eb7d-0d11-e821-df91-952cd9af119c::8e012e1e-79d2-1b77-2903-7b1e8c8624e6,f5b5eb7d-0d11-e821-df91-952cd9af119c,8e012e1e-79d2-1b77-2903-7b1e8c8624e6,1,00:00:00.000,00:16:33.000,0,993,full item,,,,,
f61446cf-3bcb-13ec-2cad-d21468523bcf::a4c0b8e0-53cd-1516-e95b-0b8dd1a2d144,f61446cf-3bcb-13ec-2cad-d21468523bcf,a4c0b8e0-53cd-1516-e95b-0b8dd1a2d144,1,00:00:00.000,00:01:05.000,0,65,full item,,,,,
f6c55fe1-c78f-c886-c15e-a963384a939d::1f5fc717-99d5-9858-cd13-026e46cfc2c6,f6c55fe1-c78f-c886-c15e-a963384a939d,1f5fc717-99d5-9858-cd13-026e46cfc2c6,1,00:00:00.000,,0,,full item,,,,,
f704ce05-d4f5-2b90-f264-e77b3b5d29e8::1a44ed15-585e-a286-0828-49c79728f124,f704ce05-d4f5-2b90-f264-e77b3b5d29e8,1a44ed15-585e-a286-0828-49c79728f124,1,00:00:00.000,00:01:32.000,0,92,full item,,,,,
f714159c-5e72-35d9-11d0-86f99cd8d9a2::ad64de59-568c-c2d1-af67-3c17a3319426,f714159c-5e72-35d9-11d0-86f99cd8d9a2,ad64de59-568c-c2d1-af67-3c17a3319426,1,00:00:00.000,00:00:43.000,0,43,full item,,,,,
f7536bb4-e6ce-7894-9b81-90e8139d3aee::d5cfc145-113e-68dc-1117-1d50a242e7a3,f7536bb4-e6ce-7894-9b81-90e8139d3aee,d5cfc145-113e-68dc-1117-1d50a242e7a3,1,00:00:00.000,00:04:40.000,0,280,full item,,,,,
f772f09d-0757-3936-8532-21f571569f79::11451451-ad99-6577-e953-8382cabc184a,f772f09d-0757-3936-8532-21f571569f79,11451451-ad99-6577-e953-8382cabc184a,1,00:00:00.000,00:01:06.000,0,66,full item,,,,,
f89f93f8-0de8-5ec8-26dc-6818df04f017::49eaa1b3-b899-cadf-5aaa-7bf08d4e7ef4,f89f93f8-0de8-5ec8-26dc-6818df04f017,49eaa1b3-b899-cadf-5aaa-7bf08d4e7ef4,1,00:00:00.000,00:04:34.000,0,274,full item,,,,,
f8eaf991-3f4e-6b98-3120-4441d0fd8ae7::57b03a7c-f92c-5f86-25e4-b65521d83430,f8eaf991-3f4e-6b98-3120-4441d0fd8ae7,57b03a7c-f92c-5f86-25e4-b65521d83430,1,00:00:00.000,00:00:42.000,0,42,full item,,,,,
f90076fc-31d3-c3a8-bb70-d90143ce7e17::e95e5bc6-b4c5-383e-cdd2-82e63d254c6e,f90076fc-31d3-c3a8-bb70-d90143ce7e17,e95e5bc6-b4c5-383e-cdd2-82e63d254c6e,1,00:00:00.000,00:02:42.000,0,162,full item,,,,,
fa28dda9-1636-e06a-ed39-11e89cba1e1c::f7e77d79-055a-1b03-3c8a-014e4e6a5881,fa28dda9-1636-e06a-ed39-11e89cba1e1c,f7e77d79-055a-1b03-3c8a-014e4e6a5881,1,00:00:00.000,00:04:40.000,0,280,full item,,,,,
fa2f3f0b-85a3-ccde-5d07-7e7fda856a15::d127872b-1131-2981-4454-24c9fc7d98ab,fa2f3f0b-85a3-ccde-5d07-7e7fda856a15,d127872b-1131-2981-4454-24c9fc7d98ab,1,00:00:00.000,00:01:03.000,0,63,full item,,,,,
fa69738b-09f7-ba10-08e3-a3dd2ace9fa0::26e83ffa-e17a-83e0-c779-d9147e8836cd,fa69738b-09f7-ba10-08e3-a3dd2ace9fa0,26e83ffa-e17a-83e0-c779-d9147e8836cd,1,00:00:00.000,00:10:34.000,0,634,full item,,,,,
fa995a39-a6a3-ff98-818b-936a23dc2485::9d6e53fa-c210-a3ba-bf18-8a585fe4cd2a,fa995a39-a6a3-ff98-818b-936a23dc2485,9d6e53fa-c210-a3ba-bf18-8a585fe4cd2a,1,00:00:00.000,00:04:10.000,0,250,full item,,,,,
fad8980b-d7fa-9f17-c1e7-6f137cd0b821::ebe7cbc8-efc8-f84e-7ac2-52d3a71417f5,fad8980b-d7fa-9f17-c1e7-6f137cd0b821,ebe7cbc8-efc8-f84e-7ac2-52d3a71417f5,1,00:00:00.000,00:00:44.000,0,44,full item,,,,,
faf6930b-a54f-617c-701c-878b41a58dc2::23bc39bb-a0b0-95f2-c014-128876fb48a9,faf6930b-a54f-617c-701c-878b41a58dc2,23bc39bb-a0b0-95f2-c014-128876fb48a9,1,00:00:00.000,00:03:30.000,0,210,full item,,,,,
fb1d3a76-1a57-aeff-6a83-8774350789eb::27d4ccc5-90b5-6e05-ad9f-5e23724aa92a,fb1d3a76-1a57-aeff-6a83-8774350789eb,27d4ccc5-90b5-6e05-ad9f-5e23724aa92a,1,00:00:00.000,00:11:19.000,0,679,full item,,,,,
fb1dcfed-f552-d55e-a9c3-57049af4f222::3b1bba38-40a9-1771-27c1-68add1fa24dd,fb1dcfed-f552-d55e-a9c3-57049af4f222,3b1bba38-40a9-1771-27c1-68add1fa24dd,1,00:00:00.000,00:15:53.000,0,953,full item,,,,,
fb5dc249-ab8c-724c-f6e6-c49e6f5f4755::9fa89955-dd6a-2182-6f79-285152c21ff1,fb5dc249-ab8c-724c-f6e6-c49e6f5f4755,9fa89955-dd6a-2182-6f79-285152c21ff1,1,00:00:00.000,00:01:10.000,0,70,full item,,,,,
fb913fcf-c570-6870-45f6-a7c3cbf73446::d8d19654-2aea-ccff-a5a0-5dde99198043,fb913fcf-c570-6870-45f6-a7c3cbf73446,d8d19654-2aea-ccff-a5a0-5dde99198043,1,00:00:00.000,00:38:37.000,0,2317,full item,,,,,
fc4f47e5-2855-437f-4c87-13084f9233bc::71e6713e-90be-8ecd-0636-0c7b2a01b07e,fc4f47e5-2855-437f-4c87-13084f9233bc,71e6713e-90be-8ecd-0636-0c7b2a01b07e,1,00:00:00.000,00:36:49.000,0,2209,full item,,,,,
fc9cc813-9f9b-1a49-354e-02e5e62abc46::ad548489-ae1d-756c-01cf-83f7e8eaf672,fc9cc813-9f9b-1a49-354e-02e5e62abc46,ad548489-ae1d-756c-01cf-83f7e8eaf672,1,00:00:00.000,00:09:20.000,0,560,full item,,,,,
fccb8491-5bf2-8faf-26dc-1bd29fa11e7e::d05110b9-546c-4fab-9e55-f6df2efda3d9,fccb8491-5bf2-8faf-26dc-1bd29fa11e7e,d05110b9-546c-4fab-9e55-f6df2efda3d9,1,00:00:00.000,00:01:07.000,0,67,full item,,,,,
fd2ab661-7caa-b541-a4f7-b838076d208a::01918f38-03f9-78be-79b7-3c9096e93e22,fd2ab661-7caa-b541-a4f7-b838076d208a,01918f38-03f9-78be-79b7-3c9096e93e22,1,00:00:00.000,00:11:32.000,0,692,full item,,,,,
fd85eaa5-9b47-4287-722e-c8b690c88d52::2bbeb61b-3aed-b92d-9c3f-fffca17f33fc,fd85eaa5-9b47-4287-722e-c8b690c88d52,2bbeb61b-3aed-b92d-9c3f-fffca17f33fc,1,00:00:00.000,00:01:25.000,0,85,full item,,,,,
fd959cf0-7367-9967-a664-601730c1565e::0a4b62a8-e5cd-2513-7b9f-6663a81a4996,fd959cf0-7367-9967-a664-601730c1565e,0a4b62a8-e5cd-2513-7b9f-6663a81a4996,1,00:00:00.000,00:02:45.000,0,165,full item,,,,,
fe3154ae-9887-8515-15b8-53f5b8829192::53f2ef19-1040-4a7f-b055-79d141627157,fe3154ae-9887-8515-15b8-53f5b8829192,53f2ef19-1040-4a7f-b055-79d141627157,1,00:00:00.000,00:04:44.000,0,284,full item,,,,,
fe70faee-6a95-27db-5658-40e566f2bae1::3909a3ce-1b1b-81b6-931f-cb16407901b0,fe70faee-6a95-27db-5658-40e566f2bae1,3909a3ce-1b1b-81b6-931f-cb16407901b0,1,00:00:00.000,00:07:44.000,0,464,full item,,,,,
ff711a34-2278-3dc1-5b76-bf81aef4f4c5::768c2661-60ec-51b0-270e-5c6b85303bbf,ff711a34-2278-3dc1-5b76-bf81aef4f4c5,768c2661-60ec-51b0-270e-5c6b85303bbf,1,00:00:00.000,00:02:00.000,0,120,full item,,,,,
ff74d323-99d5-1913-d289-0509754938a5::eb6538f5-c62e-2f65-8e45-fa8174c67061,ff74d323-99d5-1913-d289-0509754938a5,eb6538f5-c62e-2f65-8e45-fa8174c67061,1,00:00:00.000,00:04:11.000,0,251,full item,,,,,
ff83a760-fc9a-8c25-73b9-a5ad31f2eceb::c37f7099-6f74-0a50-8f6e-033452e7a3c9,ff83a760-fc9a-8c25-73b9-a5ad31f2eceb,c37f7099-6f74-0a50-8f6e-033452e7a3c9,1,00:00:00.000,00:29:22.000,0,1762,full item,,,,,
ffde9a27-9709-5227-304d-2a0c1902a71c::557f46c2-d1e7-2bb3-578e-2a8e1e2f5bc6,ffde9a27-9709-5227-304d-2a0c1902a71c,557f46c2-d1e7-2bb3-578e-2a8e1e2f5bc6,1,00:00:00.000,00:02:10.000,0,130,full item,,,,,
6b3e912a-66aa-1a5a-8639-ad14eab2153b::,6b3e912a-66aa-1a5a-8639-ad14eab2153b,,1,00:00:00.000,,0,,full item,,,,,
1edb267b-aa57-4e79-241d-f85f65e4035a::,1edb267b-aa57-4e79-241d-f85f65e4035a,,1,00:00:00.000,,0,,full item,,,,,
db32680b-a747-12c5-74d3-8742473e3457::,db32680b-a747-12c5-74d3-8742473e3457,,1,00:00:00.000,,0,,full item,,,,,
ddcdc42b-fffa-4720-7c8d-0431061100c3::,ddcdc42b-fffa-4720-7c8d-0431061100c3,,1,00:00:00.000,,0,,full item,,,,,
d06e9155-79c3-b680-afdd-da2710915986::,d06e9155-79c3-b680-afdd-da2710915986,,1,00:00:00.000,,0,,full item,,,,,
29eb72de-acae-556a-81a9-b1a87b190ad0::,29eb72de-acae-556a-81a9-b1a87b190ad0,,1,00:00:00.000,,0,,full item,,,,,
76f92351-bfab-6f83-9f9e-c2e97542ded4::,76f92351-bfab-6f83-9f9e-c2e97542ded4,,1,00:00:00.000,00:05:32.000,0,332,full item,,,,,
100bfa0f-6fa9-27ba-18b3-c3d6ca8c1e5a::,100bfa0f-6fa9-27ba-18b3-c3d6ca8c1e5a,,1,00:00:00.000,00:03:47.000,0,227,full item,,,,,
01e59d75-ac78-f950-f291-7ddc2c624593::0b03474e-207d-7e88-5e27-915fbf4dec11,01e59d75-ac78-f950-f291-7ddc2c624593,0b03474e-207d-7e88-5e27-915fbf4dec11,1,00:00:00.000,,0,,full item,,,,,
723fd1ee-6d7e-6823-1b93-d0c2fc16c027::be9367ac-dad9-934c-afd3-28e7349fbd96,723fd1ee-6d7e-6823-1b93-d0c2fc16c027,be9367ac-dad9-934c-afd3-28e7349fbd96,1,00:00:00.000,,0,,full item,,,,,
2151bc93-809a-68e8-794a-c19dbc1c4200::73c9d4e6-08cb-9dde-2ded-c38694be7945,2151bc93-809a-68e8-794a-c19dbc1c4200,73c9d4e6-08cb-9dde-2ded-c38694be7945,1,00:00:00.000,00:12:48.000,0,768,full item,,,,,
9f799489-5da1-ebb1-dd52-1d3f1ac65a02::4d7fe461-da4d-bcb8-d22c-2bd899c60fc8,9f799489-5da1-ebb1-dd52-1d3f1ac65a02,4d7fe461-da4d-bcb8-d22c-2bd899c60fc8,1,00:00:00.000,00:04:42.000,0,282,full item,,,,,
02fcd4e9-5ebb-9b28-b1bc-0626e0867f11::49dfecbd-4689-89fb-a56b-5dc9e0af34e2,02fcd4e9-5ebb-9b28-b1bc-0626e0867f11,49dfecbd-4689-89fb-a56b-5dc9e0af34e2,1,00:00:00.000,00:00:38.000,0,38,full item,,,,,
1eb403ba-51ea-6e79-c517-08aaad19c2ea::2a5e2c6b-8cf3-3244-f685-440483b5b8b8,1eb403ba-51ea-6e79-c517-08aaad19c2ea,2a5e2c6b-8cf3-3244-f685-440483b5b8b8,1,00:00:00.000,,0,,full item,,,,,
319dac8b-f45c-8062-00f6-dfd05ea4f45d::8dfdd05c-9cc9-1aad-e46f-a66afb19a7aa,319dac8b-f45c-8062-00f6-dfd05ea4f45d,8dfdd05c-9cc9-1aad-e46f-a66afb19a7aa,1,00:00:00.000,,0,,full item,,,,,
3421e5a4-ee37-ca2a-c596-a8a84d1da4bb::7aa014fa-cedd-decc-bb2a-9c774087aa7b,3421e5a4-ee37-ca2a-c596-a8a84d1da4bb,7aa014fa-cedd-decc-bb2a-9c774087aa7b,1,00:00:00.000,,0,,full item,,,,,
6a0cec46-49ca-95dd-ed2a-3ffd8165b7ed::57dcdf7c-d1f8-6dea-833d-9252da40f46c,6a0cec46-49ca-95dd-ed2a-3ffd8165b7ed,57dcdf7c-d1f8-6dea-833d-9252da40f46c,1,00:00:00.000,,0,,full item,,,,,
772491c3-7751-217c-58b7-38162c2c8764::69cf7bd2-2b16-ab60-88ad-7b2f348058d2,772491c3-7751-217c-58b7-38162c2c8764,69cf7bd2-2b16-ab60-88ad-7b2f348058d2,1,00:00:00.000,,0,,full item,,,,,
ab50abac-706f-cb9c-f33e-cc4e6d019863::03b1385b-5011-7124-af44-96d7bf7053ec,ab50abac-706f-cb9c-f33e-cc4e6d019863,03b1385b-5011-7124-af44-96d7bf7053ec,1,00:00:00.000,,0,,full item,,,,,
bd79e937-d9d5-a99f-0c3c-5bf053ba3ffb::fe910a92-f0ca-c215-ef86-20f447bf4e27,bd79e937-d9d5-a99f-0c3c-5bf053ba3ffb,fe910a92-f0ca-c215-ef86-20f447bf4e27,1,00:00:00.000,,0,,full item,,,,,
e870f102-329a-8d4d-b5ba-c1cfd38a8b9f::9441f2e4-6602-e83b-0e17-7ebd1afae13d,e870f102-329a-8d4d-b5ba-c1cfd38a8b9f,9441f2e4-6602-e83b-0e17-7ebd1afae13d,1,00:00:00.000,,0,,full item,,,,,
0617b46a-bd70-1228-ece4-679e9d1c5265::aebe7a17-19f8-a5af-0805-1dd42b3f349c,0617b46a-bd70-1228-ece4-679e9d1c5265,aebe7a17-19f8-a5af-0805-1dd42b3f349c,1,00:00:00.000,,0,,full item,,,,,
1971cbbc-d305-9197-a651-b984060980ae::59a9438e-7e53-d767-535b-0d6d3bd64c39,1971cbbc-d305-9197-a651-b984060980ae,59a9438e-7e53-d767-535b-0d6d3bd64c39,1,00:00:00.000,,0,,full item,,,,,
b5764b5a-258a-bf2d-98b6-49e01f01b8f2::d3e6237c-0463-c9f7-388e-cf92d58b75e2,b5764b5a-258a-bf2d-98b6-49e01f01b8f2,d3e6237c-0463-c9f7-388e-cf92d58b75e2,1,00:00:00.000,,0,,full item,,,,,
c92d8ba2-76c8-6de0-e573-8a4888520c5b::8826996c-7a3e-0fbb-89c5-0fc504f30db7,c92d8ba2-76c8-6de0-e573-8a4888520c5b,8826996c-7a3e-0fbb-89c5-0fc504f30db7,1,00:00:00.000,,0,,full item,,,,,
0b438d2b-7684-86b0-2e8f-db18001ae416::201b8778-84a3-e2b7-1643-6469f3169e19,0b438d2b-7684-86b0-2e8f-db18001ae416,201b8778-84a3-e2b7-1643-6469f3169e19,1,00:00:00.000,,0,,full item,,,,,
2a582073-1968-679e-e4cb-f5ce4c1665be::aad5e519-3431-cc8a-7914-bfb3db304f7b,2a582073-1968-679e-e4cb-f5ce4c1665be,aad5e519-3431-cc8a-7914-bfb3db304f7b,1,00:00:00.000,,0,,full item,,,,,
2a7eead0-ad8c-6a24-bfc5-7c7625b4c467::19481783-9226-da38-466c-4e870429f1e2,2a7eead0-ad8c-6a24-bfc5-7c7625b4c467,19481783-9226-da38-466c-4e870429f1e2,1,00:00:00.000,,0,,full item,,,,,
2c1d94a5-6726-e23c-b059-ba3663cf8060::477fd6a7-4646-14ae-003b-271bd0356978,2c1d94a5-6726-e23c-b059-ba3663cf8060,477fd6a7-4646-14ae-003b-271bd0356978,1,00:00:00.000,,0,,full item,,,,,
34cf99be-1971-164f-c06d-d35f654649f9::7e5e7c58-8d38-3cf0-b3ae-45f00368b030,34cf99be-1971-164f-c06d-d35f654649f9,7e5e7c58-8d38-3cf0-b3ae-45f00368b030,1,00:00:00.000,,0,,full item,,,,,
46b42d90-6627-bfd7-bd04-eabf77118947::61d24e9a-d03b-2e75-042e-762f527c3771,46b42d90-6627-bfd7-bd04-eabf77118947,61d24e9a-d03b-2e75-042e-762f527c3771,1,00:00:00.000,,0,,full item,,,,,
62699283-205a-8a41-c8ee-c6ddf177a60d::de58a7d5-204b-1ca7-d9ba-99789baf0d50,62699283-205a-8a41-c8ee-c6ddf177a60d,de58a7d5-204b-1ca7-d9ba-99789baf0d50,1,00:00:00.000,,0,,full item,,,,,
64225437-27f6-eeb1-2a3c-3fd8b948d62d::33c4fd7f-3123-a184-d32b-971c1733ca8b,64225437-27f6-eeb1-2a3c-3fd8b948d62d,33c4fd7f-3123-a184-d32b-971c1733ca8b,1,00:00:00.000,,0,,full item,,,,,
66431f84-2609-ac0f-3277-33150c2277f0::787a2511-d032-b4dc-76b5-5d8efcdc5900,66431f84-2609-ac0f-3277-33150c2277f0,787a2511-d032-b4dc-76b5-5d8efcdc5900,1,00:00:00.000,,0,,full item,,,,,
6d6d9c4a-2567-2589-e880-b6d36150fe68::5ee89c8c-12a1-5979-9c67-c89d06b70256,6d6d9c4a-2567-2589-e880-b6d36150fe68,5ee89c8c-12a1-5979-9c67-c89d06b70256,1,00:00:00.000,,0,,full item,,,,,
6d948a8f-2cdc-df23-6bad-b2dc0da42b0d::1c58006f-b387-bd4f-1633-79f99450b639,6d948a8f-2cdc-df23-6bad-b2dc0da42b0d,1c58006f-b387-bd4f-1633-79f99450b639,1,00:00:00.000,,0,,full item,,,,,
73ef4911-2e74-1c8a-7a17-c4f4ddde7ced::5397b422-7ab0-5e46-d73f-65b70b3022bf,73ef4911-2e74-1c8a-7a17-c4f4ddde7ced,5397b422-7ab0-5e46-d73f-65b70b3022bf,1,00:00:00.000,,0,,full item,,,,,
74427e7f-9468-18b5-5390-37bb99fc6e27::76f0eee7-cb84-9492-22f5-643bc425d233,74427e7f-9468-18b5-5390-37bb99fc6e27,76f0eee7-cb84-9492-22f5-643bc425d233,1,00:00:00.000,,0,,full item,,,,,
8fa58b41-974e-cc8a-2548-567ceb3d36e1::d678b1fa-3bd1-bf02-9877-1622717d7b49,8fa58b41-974e-cc8a-2548-567ceb3d36e1,d678b1fa-3bd1-bf02-9877-1622717d7b49,1,00:00:00.000,,0,,full item,,,,,
a7a896d0-bd2e-5ad4-8f78-2e5a7d934816::a5f27c00-c2e6-000e-c414-0daeca96cca8,a7a896d0-bd2e-5ad4-8f78-2e5a7d934816,a5f27c00-c2e6-000e-c414-0daeca96cca8,1,00:00:00.000,,0,,full item,,,,,
a951e82e-d4ef-5d97-f763-961f76ea2ae4::2bfe3a1d-f8e7-3946-28e5-c4e1d4b8bc7c,a951e82e-d4ef-5d97-f763-961f76ea2ae4,2bfe3a1d-f8e7-3946-28e5-c4e1d4b8bc7c,1,00:00:00.000,,0,,full item,,,,,
ba80e253-31d6-a5e0-11ef-d5eb84eff983::fc6a8a24-21e6-7e84-2659-dbcbd0db9042,ba80e253-31d6-a5e0-11ef-d5eb84eff983,fc6a8a24-21e6-7e84-2659-dbcbd0db9042,1,00:00:00.000,,0,,full item,,,,,
bbcce520-e35a-9a27-0a2b-b2939e43e06d::1a32e8de-59b1-f310-3d09-888b114be2f5,bbcce520-e35a-9a27-0a2b-b2939e43e06d,1a32e8de-59b1-f310-3d09-888b114be2f5,1,00:00:00.000,,0,,full item,,,,,
bc8361ed-e024-cc2a-62f1-65da2e69323d::307d83a6-6c81-3f48-3fd2-62034fb089db,bc8361ed-e024-cc2a-62f1-65da2e69323d,307d83a6-6c81-3f48-3fd2-62034fb089db,1,00:00:00.000,,0,,full item,,,,,
be1e9c4f-05d7-d544-2151-25e98414fb36::d71ddbaa-4d0a-8b42-3d37-a0d41cced0a1,be1e9c4f-05d7-d544-2151-25e98414fb36,d71ddbaa-4d0a-8b42-3d37-a0d41cced0a1,1,00:00:00.000,,0,,full item,,,,,
c426033a-edf5-bb8c-9c98-dc92d6c05570::1c1abce3-8a29-dfef-1dcf-f524b5aa3649,c426033a-edf5-bb8c-9c98-dc92d6c05570,1c1abce3-8a29-dfef-1dcf-f524b5aa3649,1,00:00:00.000,,0,,full item,,,,,
d1e214b9-c524-e38f-f8be-8f9c2c12ccf1::77534860-eb2d-e77d-f95c-69a2d35e62fe,d1e214b9-c524-e38f-f8be-8f9c2c12ccf1,77534860-eb2d-e77d-f95c-69a2d35e62fe,1,00:00:00.000,,0,,full item,,,,,
f3155e82-46bc-f5f0-cc83-b688e5305806::4f25c3a2-6b7c-7366-a6ea-dab16c5a3967,f3155e82-46bc-f5f0-cc83-b688e5305806,4f25c3a2-6b7c-7366-a6ea-dab16c5a3967,1,00:00:00.000,,0,,full item,,,,,
434b27eb-fe79-ff70-8d2e-5fe113f0aebf::9dd93e7d-6ec8-d449-dccb-f5162c930c14,434b27eb-fe79-ff70-8d2e-5fe113f0aebf,9dd93e7d-6ec8-d449-dccb-f5162c930c14,1,00:00:00.000,,0,,full item,,,,,
4f610e95-d4ec-c235-5a4a-ce934a01ad50::a3fe2a8d-b337-78a3-01f8-cc852c647874,4f610e95-d4ec-c235-5a4a-ce934a01ad50,a3fe2a8d-b337-78a3-01f8-cc852c647874,1,00:00:00.000,,0,,full item,,,,,
5dd7583d-9b21-e797-7aec-0715600fe1d5::e07f2700-205d-3d70-e8c2-a4cf5919948c,5dd7583d-9b21-e797-7aec-0715600fe1d5,e07f2700-205d-3d70-e8c2-a4cf5919948c,1,00:00:00.000,,0,,full item,,,,,
6f1cb297-0656-5f1b-b204-83df35c0b412::45914080-d629-f40c-9694-dc110280cf62,6f1cb297-0656-5f1b-b204-83df35c0b412,45914080-d629-f40c-9694-dc110280cf62,1,00:00:00.000,,0,,full item,,,,,
709279c3-1a51-1f9c-e61f-307b69d9a7c5::99ed8966-371b-b164-324a-19f2d615edf7,709279c3-1a51-1f9c-e61f-307b69d9a7c5,99ed8966-371b-b164-324a-19f2d615edf7,1,00:00:00.000,,0,,full item,,,,,
9f305d8f-e5f8-7d38-92fc-12149f48739b::c315b62d-38c4-d046-365a-3ae7d7bace55,9f305d8f-e5f8-7d38-92fc-12149f48739b,c315b62d-38c4-d046-365a-3ae7d7bace55,1,00:00:00.000,,0,,full item,,,,,
a3ee4c77-b576-6a83-6322-0dcb8e214662::d673caec-b83b-acc8-cf8c-24c49a42b6c8,a3ee4c77-b576-6a83-6322-0dcb8e214662,d673caec-b83b-acc8-cf8c-24c49a42b6c8,1,00:00:00.000,,0,,full item,,,,,
dfebc4ab-a145-6e5a-e9c8-267e061ab4f8::af9c063f-63c0-2902-133d-27039987b49a,dfebc4ab-a145-6e5a-e9c8-267e061ab4f8,af9c063f-63c0-2902-133d-27039987b49a,1,00:00:00.000,,0,,full item,,,,,
e845ac24-86e5-ea81-6f50-f86f854bfb0d::c894545e-d6ff-1aa8-2a0d-1ba1beafb7f2,e845ac24-86e5-ea81-6f50-f86f854bfb0d,c894545e-d6ff-1aa8-2a0d-1ba1beafb7f2,1,00:00:00.000,,0,,full item,,,,,
f8578a63-e96c-5195-2f4d-b23f908aa896::15473fe8-ebeb-0399-40a6-fa1cef5e0106,f8578a63-e96c-5195-2f4d-b23f908aa896,15473fe8-ebeb-0399-40a6-fa1cef5e0106,1,00:00:00.000,,0,,full item,,,,,
20414554-7fb9-fb0b-d6e8-5e8ae832eca5::52510ce9-cec5-332b-379d-724d2e132685,20414554-7fb9-fb0b-d6e8-5e8ae832eca5,52510ce9-cec5-332b-379d-724d2e132685,1,00:00:00.000,,0,,full item,,,,,
2955b444-b446-7167-8b58-fadb74dbfd6e::72217869-8073-52d5-ec6b-0fd30a433b11,2955b444-b446-7167-8b58-fadb74dbfd6e,72217869-8073-52d5-ec6b-0fd30a433b11,1,00:00:00.000,00:12:55.000,0,775,full item,,,,,
44d7cf72-41f4-0aea-550d-c60f9c42f419::fd34344f-3f40-07c5-4171-62c82ce78d38,44d7cf72-41f4-0aea-550d-c60f9c42f419,fd34344f-3f40-07c5-4171-62c82ce78d38,1,00:00:00.000,00:27:40.000,0,1660,full item,,,,,
4aa2ef78-2e86-65ef-8770-b3e7008a41c6::74b7bfe4-04e9-91fb-8e9d-ffe00432c6b1,4aa2ef78-2e86-65ef-8770-b3e7008a41c6,74b7bfe4-04e9-91fb-8e9d-ffe00432c6b1,1,00:00:00.000,00:34:00.000,0,2040,full item,,,,,
9d0243d5-faa1-ea6d-ea5b-a55bd86be6bc::f3b5112f-6381-abcc-6e52-38537963a5e2,9d0243d5-faa1-ea6d-ea5b-a55bd86be6bc,f3b5112f-6381-abcc-6e52-38537963a5e2,1,00:00:00.000,00:23:44.000,0,1424,full item,,,,,
afb6a78c-079e-42fe-e3af-906eb31df98a::ccdc0539-feb7-faed-4a17-b14ef03265cc,afb6a78c-079e-42fe-e3af-906eb31df98a,ccdc0539-feb7-faed-4a17-b14ef03265cc,1,00:00:00.000,,0,,full item,,,,,
b272b144-4e55-e0de-58c6-0f94b8d35efd::e4d448f2-040a-7d9e-813b-f0f839ea3a1d,b272b144-4e55-e0de-58c6-0f94b8d35efd,e4d448f2-040a-7d9e-813b-f0f839ea3a1d,1,00:00:00.000,00:00:24.000,0,24,full item,,,,,
ce851f25-3793-f525-d678-87b2480f7394::83f11e60-cd9c-dad8-ddf4-6e0cfdd5719f,ce851f25-3793-f525-d678-87b2480f7394,83f11e60-cd9c-dad8-ddf4-6e0cfdd5719f,1,00:00:00.000,00:23:43.000,0,1423,full item,,,,,
e6d9ce2c-d3e0-bdbd-a815-5b73b6b4f451::3e11dcd9-ac03-2b9e-646c-ee5eb1e31d15,e6d9ce2c-d3e0-bdbd-a815-5b73b6b4f451,3e11dcd9-ac03-2b9e-646c-ee5eb1e31d15,1,00:00:00.000,00:10:28.000,0,628,full item,,,,,
466e207b-ca4e-b6b6-4f17-1ccd2d516b4e::1be88e8b-3763-e31a-ebb5-91c01ed9d20e,466e207b-ca4e-b6b6-4f17-1ccd2d516b4e,1be88e8b-3763-e31a-ebb5-91c01ed9d20e,1,00:00:00.000,00:04:26.000,0,266,full item,,,,,
18a246a6-5357-5997-1902-a5e79f409295::28b34274-1789-c89e-35ca-4a3b8f5b24a7,18a246a6-5357-5997-1902-a5e79f409295,28b34274-1789-c89e-35ca-4a3b8f5b24a7,1,00:00:00.000,,0,,full item,,,,,
22ca714a-b76e-b6fb-166f-2893196f68c5::87d18157-4ad7-182d-9e6e-38cf4da50cb0,22ca714a-b76e-b6fb-166f-2893196f68c5,87d18157-4ad7-182d-9e6e-38cf4da50cb0,1,00:00:00.000,,0,,full item,,,,,
2d39aac2-ce28-1884-78f3-d7eab3926d9c::2f204684-54a1-9e59-3ab0-ee58556356cb,2d39aac2-ce28-1884-78f3-d7eab3926d9c,2f204684-54a1-9e59-3ab0-ee58556356cb,1,00:00:00.000,,0,,full item,,,,,
35d1043e-516f-a589-c290-5d872b7e7e57::d484072b-ed6d-1569-3212-53e5960a5e0f,35d1043e-516f-a589-c290-5d872b7e7e57,d484072b-ed6d-1569-3212-53e5960a5e0f,1,00:00:00.000,,0,,full item,,,,,
4a5356b2-6f8d-ad7c-c90f-2563ec811026::fceed891-3b17-d423-d4b8-c7d67f89920b,4a5356b2-6f8d-ad7c-c90f-2563ec811026,fceed891-3b17-d423-d4b8-c7d67f89920b,1,00:00:00.000,,0,,full item,,,,,
627dbaf1-4bd1-9048-646a-35e83fd4773e::aad32f85-f82f-4a9f-4d62-0724ce79a638,627dbaf1-4bd1-9048-646a-35e83fd4773e,aad32f85-f82f-4a9f-4d62-0724ce79a638,1,00:00:00.000,,0,,full item,,,,,
7ae08c37-1de3-fb3e-c27e-48abf902503b::c46f055a-e94d-1500-b242-f2a4b44d9860,7ae08c37-1de3-fb3e-c27e-48abf902503b,c46f055a-e94d-1500-b242-f2a4b44d9860,1,00:00:00.000,,0,,full item,,,,,
a09fcb61-9aa2-d520-a4d8-1e84c548cae1::75ecbbb3-8f4c-c43f-0736-bf1afdfbb14a,a09fcb61-9aa2-d520-a4d8-1e84c548cae1,75ecbbb3-8f4c-c43f-0736-bf1afdfbb14a,1,00:00:00.000,,0,,full item,,,,,
d3da5269-a163-de1b-508f-36f56f26df1e::4e52aa5d-feb7-a8bd-3489-fd7d7a1b413a,d3da5269-a163-de1b-508f-36f56f26df1e,4e52aa5d-feb7-a8bd-3489-fd7d7a1b413a,1,00:00:00.000,,0,,full item,,,,,
d5761dfe-f25a-5f0f-d8c4-256a0465bf35::3d7f23d2-7d44-7609-9449-673e9f7020b6,d5761dfe-f25a-5f0f-d8c4-256a0465bf35,3d7f23d2-7d44-7609-9449-673e9f7020b6,1,00:00:00.000,,0,,full item,,,,,
083f4997-d8e7-51a5-246e-201c377f4fb0::6b8db28c-6767-6701-c0c6-f7a1be87362a,083f4997-d8e7-51a5-246e-201c377f4fb0,6b8db28c-6767-6701-c0c6-f7a1be87362a,1,00:00:00.000,,0,,full item,,,,,
177337b7-308e-1343-4865-b88efb6a9d82::822d1c01-5a55-a09a-4028-9ee3b1426178,177337b7-308e-1343-4865-b88efb6a9d82,822d1c01-5a55-a09a-4028-9ee3b1426178,1,00:00:00.000,,0,,full item,,,,,
314cb8a2-0437-7def-b06d-afbd363d3950::e1141bcb-c4cb-d4d5-dca2-e538b8425d06,314cb8a2-0437-7def-b06d-afbd363d3950,e1141bcb-c4cb-d4d5-dca2-e538b8425d06,1,00:00:00.000,,0,,full item,,,,,
3c171fa1-8b1c-6933-bfba-570e60d4d068::79dba98c-cab2-6d8a-be4d-0663e26b1066,3c171fa1-8b1c-6933-bfba-570e60d4d068,79dba98c-cab2-6d8a-be4d-0663e26b1066,1,00:00:00.000,,0,,full item,,,,,
4858d627-149a-143f-53ef-082284950fc4::381ad971-173b-b705-cd06-e81f19b6efbc,4858d627-149a-143f-53ef-082284950fc4,381ad971-173b-b705-cd06-e81f19b6efbc,1,00:00:00.000,,0,,full item,,,,,
76d2440b-7717-588f-6119-40e76eff76b6::ebaf6a5c-f187-c9bc-5188-f39634e83517,76d2440b-7717-588f-6119-40e76eff76b6,ebaf6a5c-f187-c9bc-5188-f39634e83517,1,00:00:00.000,,0,,full item,,,,,
8692e3e3-8030-4c27-b66e-f01f032528fd::cafa5608-7b0d-11f8-46b0-f8673c3e68cf,8692e3e3-8030-4c27-b66e-f01f032528fd,cafa5608-7b0d-11f8-46b0-f8673c3e68cf,1,00:00:00.000,,0,,full item,,,,,
92412cec-6706-7a6e-2206-090eaed5f22f::ad1c788d-2f8d-86b2-90ff-0c100ae71786,92412cec-6706-7a6e-2206-090eaed5f22f,ad1c788d-2f8d-86b2-90ff-0c100ae71786,1,00:00:00.000,,0,,full item,,,,,
9d0f06b3-9478-6acb-0d8e-9830d947fc52::7349399a-9b57-885d-5b73-b2746aecb13e,9d0f06b3-9478-6acb-0d8e-9830d947fc52,7349399a-9b57-885d-5b73-b2746aecb13e,1,00:00:00.000,,0,,full item,,,,,
b5efd2be-3955-425f-1fc1-74a6cba5a10c::c2698915-17b9-4809-127b-a0196311401f,b5efd2be-3955-425f-1fc1-74a6cba5a10c,c2698915-17b9-4809-127b-a0196311401f,1,00:00:00.000,,0,,full item,,,,,
daa8a7da-358e-44e5-12e2-81b86cfbde61::e9b06999-6fe3-f0a3-20f5-880eca857497,daa8a7da-358e-44e5-12e2-81b86cfbde61,e9b06999-6fe3-f0a3-20f5-880eca857497,1,00:00:00.000,,0,,full item,,,,,
e455482f-404c-cd60-1b80-dac4fec2e961::e8cc73ec-1f82-40a5-1493-97b38ca74c6e,e455482f-404c-cd60-1b80-dac4fec2e961,e8cc73ec-1f82-40a5-1493-97b38ca74c6e,1,00:00:00.000,,0,,full item,,,,,
3259c05b-862d-9d93-c9f1-83225ebe68b0::36e59015-0ff2-f495-4459-bfe65a031b04,3259c05b-862d-9d93-c9f1-83225ebe68b0,36e59015-0ff2-f495-4459-bfe65a031b04,1,00:00:00.000,,0,,full item,,,,,
50872ba3-3e09-1b21-8dab-dca0f741da7b::ac23dba2-7b18-e234-4a53-c45fef14cb9b,50872ba3-3e09-1b21-8dab-dca0f741da7b,ac23dba2-7b18-e234-4a53-c45fef14cb9b,1,00:00:00.000,,0,,full item,,,,,
81c7dd36-f437-6f2a-ab06-4e5867bfcd2a::f05cc747-1dd1-7ecc-b341-8aeb49a7a987,81c7dd36-f437-6f2a-ab06-4e5867bfcd2a,f05cc747-1dd1-7ecc-b341-8aeb49a7a987,1,00:00:00.000,,0,,full item,,,,,
8fa31050-8106-48a9-d2b4-e31998b860eb::1564b23c-8885-2b33-31b2-98da189d07bf,8fa31050-8106-48a9-d2b4-e31998b860eb,1564b23c-8885-2b33-31b2-98da189d07bf,1,00:00:00.000,,0,,full item,,,,,
aa35c62a-0f1f-021d-f312-443f88fdddbb::5b8a1176-7fc9-76f2-fbf9-3b950414b629,aa35c62a-0f1f-021d-f312-443f88fdddbb,5b8a1176-7fc9-76f2-fbf9-3b950414b629,1,00:00:00.000,,0,,full item,,,,,
db5501c6-82f1-8b85-f642-58cbcd9d1a97::0696644d-4100-17c9-cb6f-848349703a10,db5501c6-82f1-8b85-f642-58cbcd9d1a97,0696644d-4100-17c9-cb6f-848349703a10,1,00:00:00.000,,0,,full item,,,,,
f635c0c1-c875-ff13-a364-026143dfd59e::1f2dbe34-08b7-45d5-727b-4d18e448670f,f635c0c1-c875-ff13-a364-026143dfd59e,1f2dbe34-08b7-45d5-727b-4d18e448670f,1,00:00:00.000,,0,,full item,,,,,
321c8e4e-72d0-466b-8954-16bacab993d2::f1397f96-70c8-a7a6-eaad-63c61cdcdb4a,321c8e4e-72d0-466b-8954-16bacab993d2,f1397f96-70c8-a7a6-eaad-63c61cdcdb4a,1,00:00:00.000,,0,,full item,,,,,
56b62ae9-a928-c526-2863-1ba59dd28a7a::2def40d0-ce7f-921b-33ba-5429d9e54671,56b62ae9-a928-c526-2863-1ba59dd28a7a,2def40d0-ce7f-921b-33ba-5429d9e54671,1,00:00:00.000,,0,,full item,,,,,
87c46a46-1067-d49f-ce4a-afaba3683671::f895f30e-5740-725c-8670-21eb16506e60,87c46a46-1067-d49f-ce4a-afaba3683671,f895f30e-5740-725c-8670-21eb16506e60,1,00:00:00.000,,0,,full item,,,,,
9a0deb67-a64f-1738-8d69-04750e0620cb::bbb29922-d4cc-068a-31db-4176fe7d0dcb,9a0deb67-a64f-1738-8d69-04750e0620cb,bbb29922-d4cc-068a-31db-4176fe7d0dcb,1,00:00:00.000,,0,,full item,,,,,
beb2bfaa-7a9a-8ca2-49ca-f5bc0a268bdc::51a1b6ae-5194-3bd9-d7d4-825fbe24634a,beb2bfaa-7a9a-8ca2-49ca-f5bc0a268bdc,51a1b6ae-5194-3bd9-d7d4-825fbe24634a,1,00:00:00.000,,0,,full item,,,,,
cdb2a4fc-c2bc-8069-37ff-1014f86e30bb::152f87f4-37f5-e2b2-c6df-38c1c9bb36dc,cdb2a4fc-c2bc-8069-37ff-1014f86e30bb,152f87f4-37f5-e2b2-c6df-38c1c9bb36dc,1,00:00:00.000,,0,,full item,,,,,
b927a229-1ac0-d1f1-21c8-6c58f4bb1a30::b8f2b57d-ef14-1ed7-1be8-3649ccbfa122,b927a229-1ac0-d1f1-21c8-6c58f4bb1a30,b8f2b57d-ef14-1ed7-1be8-3649ccbfa122,1,00:00:00.000,,0,,full item,,,,,
c77169c8-6219-a822-ea4b-9810c00c97ca::69bdfd5b-ac3f-a93d-00e2-beac17cdc95e,c77169c8-6219-a822-ea4b-9810c00c97ca,69bdfd5b-ac3f-a93d-00e2-beac17cdc95e,1,00:00:00.000,,0,,full item,,,,,
b0293dee-1eb8-d96c-03a7-2734057d2e28::6b696e38-f1c7-e07a-8db1-ea93de6c7cbf,b0293dee-1eb8-d96c-03a7-2734057d2e28,6b696e38-f1c7-e07a-8db1-ea93de6c7cbf,1,00:00:00.000,,0,,full item,,,,,
d6aa0f0b-edb1-dfa0-d1bc-fea12317e6c3::d656d1ad-5844-9bbb-88c3-afbd4deec1c1,d6aa0f0b-edb1-dfa0-d1bc-fea12317e6c3,d656d1ad-5844-9bbb-88c3-afbd4deec1c1,1,00:00:00.000,,0,,full item,,,,,
648e797a-72f0-b6f3-b2be-b43e6f6e211d::eab52db2-0169-d0a4-684b-c04c237d90cc,648e797a-72f0-b6f3-b2be-b43e6f6e211d,eab52db2-0169-d0a4-684b-c04c237d90cc,1,00:00:00.000,,0,,full item,,,,,
ebea1d03-4f32-6e08-35c0-8a54179f316a::b0258796-a417-c7e6-6763-1b918d1c7937,ebea1d03-4f32-6e08-35c0-8a54179f316a,b0258796-a417-c7e6-6763-1b918d1c7937,1,00:00:00.000,,0,,full item,,,,,
21f3e58b-5bb3-ebf8-7ae0-a6d07ec4d9c2::c9246bde-a8b9-0b18-b68a-51a183a2ea0e,21f3e58b-5bb3-ebf8-7ae0-a6d07ec4d9c2,c9246bde-a8b9-0b18-b68a-51a183a2ea0e,1,00:00:00.000,,0,,full item,,,,,
400af43a-0082-227e-d9cb-8eaf11075aab::a641a603-3139-f500-d180-9f758d5b24c4,400af43a-0082-227e-d9cb-8eaf11075aab,a641a603-3139-f500-d180-9f758d5b24c4,1,00:00:00.000,,0,,full item,,,,,
4416e5ce-9c3a-0bad-9db0-4f0b7657abae::a34d006c-71cb-c1f1-18bd-102ad16b4581,4416e5ce-9c3a-0bad-9db0-4f0b7657abae,a34d006c-71cb-c1f1-18bd-102ad16b4581,1,00:00:00.000,,0,,full item,,,,,
957d39ef-04ce-b098-40c9-3dc4f65e7642::b39edb47-cc75-de71-81b5-39e05dc64718,957d39ef-04ce-b098-40c9-3dc4f65e7642,b39edb47-cc75-de71-81b5-39e05dc64718,1,00:00:00.000,,0,,full item,,,,,
117f6fdc-2f12-c6fe-f6ba-a4cff2fc8837::2f613119-b5ed-0ba4-368a-0dd4074e4b87,117f6fdc-2f12-c6fe-f6ba-a4cff2fc8837,2f613119-b5ed-0ba4-368a-0dd4074e4b87,1,00:00:00.000,,0,,full item,,,,,
79196b19-5281-5df3-2ca8-ccc7c7775f79::0d98edd8-a425-f083-00cd-510cb8d5dc73,79196b19-5281-5df3-2ca8-ccc7c7775f79,0d98edd8-a425-f083-00cd-510cb8d5dc73,1,00:00:00.000,,0,,full item,,,,,
f08ff616-08cd-f111-0ff6-5edd4dfb6be6::579788aa-f49a-f4bf-67fd-d2e358a2266f,f08ff616-08cd-f111-0ff6-5edd4dfb6be6,579788aa-f49a-f4bf-67fd-d2e358a2266f,1,00:00:00.000,,0,,full item,,,,,
9a634153-f7da-fc41-fa0a-8f0a82f1783c::f41fc4d5-8e35-332b-70dc-c2ec9919239d,9a634153-f7da-fc41-fa0a-8f0a82f1783c,f41fc4d5-8e35-332b-70dc-c2ec9919239d,1,00:00:00.000,,0,,full item,,,,,
6e04f6b2-0a35-e9ba-1492-4e7de76df422::6f9d594a-f2eb-98e9-d514-e645cc81550f,6e04f6b2-0a35-e9ba-1492-4e7de76df422,6f9d594a-f2eb-98e9-d514-e645cc81550f,1,00:00:00.000,,0,,full item,,,,,
99a84b54-c990-dcdb-2a69-e8c4787970e8::dfea3d0a-89b2-47d9-8cae-9784b0abaa60,99a84b54-c990-dcdb-2a69-e8c4787970e8,dfea3d0a-89b2-47d9-8cae-9784b0abaa60,1,00:00:00.000,,0,,full item,,,,,
08aaf1f2-5467-7768-9f54-dd302f04e7c3::d5de5208-b911-ec4c-2512-32cf2583bb15,08aaf1f2-5467-7768-9f54-dd302f04e7c3,d5de5208-b911-ec4c-2512-32cf2583bb15,1,00:00:00.000,,0,,full item,,,,,
52979638-76e7-dd90-b56f-3a024aea5b51::89261359-f738-e6c9-d353-ab1c519ea01c,52979638-76e7-dd90-b56f-3a024aea5b51,89261359-f738-e6c9-d353-ab1c519ea01c,1,00:00:00.000,,0,,full item,,,,,
700328e4-0f55-a295-586a-46e686ca55e1::de75b1ea-f572-6ace-f95c-8513a8c23265,700328e4-0f55-a295-586a-46e686ca55e1,de75b1ea-f572-6ace-f95c-8513a8c23265,1,00:00:00.000,,0,,full item,,,,,
79856f2b-746f-472e-4d81-6051c69cecb3::30fd0941-827d-4997-ef46-17eadca07e93,79856f2b-746f-472e-4d81-6051c69cecb3,30fd0941-827d-4997-ef46-17eadca07e93,1,00:00:00.000,,0,,full item,,,,,
7efd402a-828e-afc9-325b-36a379905275::beb9f99a-dbd7-b846-cf38-f708a7575260,7efd402a-828e-afc9-325b-36a379905275,beb9f99a-dbd7-b846-cf38-f708a7575260,1,00:00:00.000,,0,,full item,,,,,
9af8ecf4-e481-e739-3223-52144e440716::a09465ef-b986-9eb0-08bd-12d8d2b063b8,9af8ecf4-e481-e739-3223-52144e440716,a09465ef-b986-9eb0-08bd-12d8d2b063b8,1,00:00:00.000,,0,,full item,,,,,
d4853a1c-8128-d3d9-4058-c947abf4d636::1138005d-c949-8240-4556-977e3745a653,d4853a1c-8128-d3d9-4058-c947abf4d636,1138005d-c949-8240-4556-977e3745a653,1,00:00:00.000,,0,,full item,,,,,
31b8b957-a30f-1d19-3514-5b9173092dc0::f89c3e69-df88-b0e6-1e51-dba62d1bd8ae,31b8b957-a30f-1d19-3514-5b9173092dc0,f89c3e69-df88-b0e6-1e51-dba62d1bd8ae,1,00:00:00.000,,0,,full item,,,,,
483c2aea-5f2e-1109-2782-59fe50a44a1a::ee930f1b-5f7f-2c49-3a7d-8044521a173e,483c2aea-5f2e-1109-2782-59fe50a44a1a,ee930f1b-5f7f-2c49-3a7d-8044521a173e,1,00:00:00.000,,0,,full item,,,,,
92f0419a-7323-2105-a298-79b613872145::3378bcdc-10fc-a598-e976-b13bbb0c39b2,92f0419a-7323-2105-a298-79b613872145,3378bcdc-10fc-a598-e976-b13bbb0c39b2,1,00:00:00.000,,0,,full item,,,,,
7fd50311-2396-d2b8-c922-41904f457018::,7fd50311-2396-d2b8-c922-41904f457018,,1,00:00:00.000,,0,,full item,,,,,
51dfbda4-4e41-8119-496f-e78d95acaefb::7c3ad89a-f321-574d-9f8d-f66bf6e3464b,51dfbda4-4e41-8119-496f-e78d95acaefb,7c3ad89a-f321-574d-9f8d-f66bf6e3464b,1,00:00:00.000,00:01:46.000,0,106,full item,,,,,
4cdbacf8-5740-11b9-2c08-1e2bd47d1064::7ef27c1e-545e-c611-86f6-3838ebf8fab1,4cdbacf8-5740-11b9-2c08-1e2bd47d1064,7ef27c1e-545e-c611-86f6-3838ebf8fab1,1,00:00:00.000,00:06:06.000,0,366,full item,,,,,
2f99cec9-6fc9-b961-3419-45b3b43ef45d::267967f5-e14e-4163-665c-bff0358c0fb3,2f99cec9-6fc9-b961-3419-45b3b43ef45d,267967f5-e14e-4163-665c-bff0358c0fb3,1,00:00:00.000,,0,,full item,,,,,
36a909a3-5ccc-3781-8042-5953f7cb4978::a370fbb7-1cfa-f90f-435d-e0e60684f714,36a909a3-5ccc-3781-8042-5953f7cb4978,a370fbb7-1cfa-f90f-435d-e0e60684f714,1,00:00:00.000,,0,,full item,,,,,
3aef956c-4430-7fce-6b84-6ec5039d1603::e06d959b-53c1-b407-5bef-307ca2ba8fe7,3aef956c-4430-7fce-6b84-6ec5039d1603,e06d959b-53c1-b407-5bef-307ca2ba8fe7,1,00:00:00.000,,0,,full item,,,,,
5109be03-7d35-34b3-b11b-897e938e1793::9eb3e7d9-25d6-477f-96f2-b615e0e7026d,5109be03-7d35-34b3-b11b-897e938e1793,9eb3e7d9-25d6-477f-96f2-b615e0e7026d,1,00:00:00.000,,0,,full item,,,,,
a69f75ca-0f6b-573f-b460-1730dea6c135::3c025a87-c8e3-d5bb-bc97-c751e715a0c3,a69f75ca-0f6b-573f-b460-1730dea6c135,3c025a87-c8e3-d5bb-bc97-c751e715a0c3,1,00:00:00.000,,0,,full item,,,,,
a83d3977-bea2-b988-5927-091da4547321::0cf2efac-9d39-d3cb-7d93-d7bf62f21501,a83d3977-bea2-b988-5927-091da4547321,0cf2efac-9d39-d3cb-7d93-d7bf62f21501,1,00:00:00.000,,0,,full item,,,,,
bf943ecf-6111-a092-9f41-40c99b1b447c::24e27df5-7c85-dba2-77a5-6c9e47030205,bf943ecf-6111-a092-9f41-40c99b1b447c,24e27df5-7c85-dba2-77a5-6c9e47030205,1,00:00:00.000,,0,,full item,,,,,
c17d3c61-5f98-042e-5a80-f450b776c7f3::3cdd09d4-a47a-a42c-a5d2-d8685c0f280a,c17d3c61-5f98-042e-5a80-f450b776c7f3,3cdd09d4-a47a-a42c-a5d2-d8685c0f280a,1,00:00:00.000,,0,,full item,,,,,
d50d9195-6568-24a7-2241-935e4ee6db22::0d31a968-768d-e98b-487a-492abb63f82a,d50d9195-6568-24a7-2241-935e4ee6db22,0d31a968-768d-e98b-487a-492abb63f82a,1,00:00:00.000,,0,,full item,,,,,
d84873d5-4931-2c8d-7b3e-704608b83639::eca9bed2-b1f1-0730-4b5e-b7224659976c,d84873d5-4931-2c8d-7b3e-704608b83639,eca9bed2-b1f1-0730-4b5e-b7224659976c,1,00:00:00.000,,0,,full item,,,,,
daa54782-5e80-6e99-a8d9-ebd0419e466f::e6344986-f677-a7bc-452a-4fd2b2848df7,daa54782-5e80-6e99-a8d9-ebd0419e466f,e6344986-f677-a7bc-452a-4fd2b2848df7,1,00:00:00.000,,0,,full item,,,,,
dc2e5514-412d-4d7d-30c1-6f55b3938845::75a0daa4-5159-28fd-6458-c05c2cabf1c8,dc2e5514-412d-4d7d-30c1-6f55b3938845,75a0daa4-5159-28fd-6458-c05c2cabf1c8,1,00:00:00.000,,0,,full item,,,,,
e071870a-e6b9-48cf-67a7-eabf7e16867d::707272a1-6c78-3221-9f23-e33e122c3542,e071870a-e6b9-48cf-67a7-eabf7e16867d,707272a1-6c78-3221-9f23-e33e122c3542,1,00:00:00.000,,0,,full item,,,,,
e84f6c36-1a4a-1c1b-10b7-84528d1f5b8a::9abf7460-46d3-0561-d857-a7ea0c4725bb,e84f6c36-1a4a-1c1b-10b7-84528d1f5b8a,9abf7460-46d3-0561-d857-a7ea0c4725bb,1,00:00:00.000,,0,,full item,,,,,
f3e33507-33b7-f334-3611-109f255384e9::727fc41a-fb98-3aba-6d01-4d4084c4db30,f3e33507-33b7-f334-3611-109f255384e9,727fc41a-fb98-3aba-6d01-4d4084c4db30,1,00:00:00.000,,0,,full item,,,,,
f6d7af41-ef57-64be-fc27-1b3f8d118e2a::b60588ed-a809-2228-88c8-958eb8d5f167,f6d7af41-ef57-64be-fc27-1b3f8d118e2a,b60588ed-a809-2228-88c8-958eb8d5f167,1,00:00:00.000,,0,,full item,,,,,
160edd12-959e-d46c-dfed-deec3206c386::95121308-cd6c-d7f1-76dd-8107b6b7ea59,160edd12-959e-d46c-dfed-deec3206c386,95121308-cd6c-d7f1-76dd-8107b6b7ea59,1,00:00:00.000,,0,,full item,,,,,
31d97491-d5d5-ff1f-47be-18dc0870dfdd::c12443b0-b957-907c-6a5c-e269ef67a20a,31d97491-d5d5-ff1f-47be-18dc0870dfdd,c12443b0-b957-907c-6a5c-e269ef67a20a,1,00:00:00.000,,0,,full item,,,,,
34085bee-87ff-25ab-b38d-8a3da3d0a38c::5b53aa1a-a584-ae64-b5a7-c317eb1429a6,34085bee-87ff-25ab-b38d-8a3da3d0a38c,5b53aa1a-a584-ae64-b5a7-c317eb1429a6,1,00:00:00.000,,0,,full item,,,,,
34209bcf-c2c7-e638-d642-396610a60df5::560e29e1-16e9-ced7-a80a-c14a4bb899b7,34209bcf-c2c7-e638-d642-396610a60df5,560e29e1-16e9-ced7-a80a-c14a4bb899b7,1,00:00:00.000,,0,,full item,,,,,
34a12620-6ded-42e6-0120-c5d476f339b8::c29393e3-24f6-b10c-a64c-de0cf0528d97,34a12620-6ded-42e6-0120-c5d476f339b8,c29393e3-24f6-b10c-a64c-de0cf0528d97,1,00:00:00.000,,0,,full item,,,,,
3c4dc88f-f163-84c5-a24e-d12f000bfa40::6a640dfc-23b8-0ee3-b9cf-1c3625951837,3c4dc88f-f163-84c5-a24e-d12f000bfa40,6a640dfc-23b8-0ee3-b9cf-1c3625951837,1,00:00:00.000,,0,,full item,,,,,
4110d3c6-3345-e2b7-1aa3-8efdce7efc4a::3cd671e7-8d07-cfab-de30-268af499c5ab,4110d3c6-3345-e2b7-1aa3-8efdce7efc4a,3cd671e7-8d07-cfab-de30-268af499c5ab,1,00:00:00.000,,0,,full item,,,,,
477d52e0-c5b1-37eb-b455-5533e7119ab4::47f7cd14-337a-31d5-4ae4-35617d48e2bc,477d52e0-c5b1-37eb-b455-5533e7119ab4,47f7cd14-337a-31d5-4ae4-35617d48e2bc,1,00:00:00.000,,0,,full item,,,,,
5697ac6e-83cf-1328-c563-ba036551f7de::9d7d074d-cb90-f614-6b81-cd18186ce49a,5697ac6e-83cf-1328-c563-ba036551f7de,9d7d074d-cb90-f614-6b81-cd18186ce49a,1,00:00:00.000,,0,,full item,,,,,
575da758-7bb3-5511-e6b2-346f9fc240d0::14eb0466-37ae-0304-68c7-082175dcf677,575da758-7bb3-5511-e6b2-346f9fc240d0,14eb0466-37ae-0304-68c7-082175dcf677,1,00:00:00.000,,0,,full item,,,,,
5823a392-1df8-084f-1aae-985087c71f4d::7838ff74-cc38-d853-dceb-718cf132f467,5823a392-1df8-084f-1aae-985087c71f4d,7838ff74-cc38-d853-dceb-718cf132f467,1,00:00:00.000,,0,,full item,,,,,
69091e59-e100-6b03-c96c-1a72c6cd5a96::101d3e7e-95f2-13ad-37ed-333037658612,69091e59-e100-6b03-c96c-1a72c6cd5a96,101d3e7e-95f2-13ad-37ed-333037658612,1,00:00:00.000,,0,,full item,,,,,
6a7d631f-c76c-71ec-e622-4ef2d0267863::d2bb7cb2-976f-6e32-316c-476717863583,6a7d631f-c76c-71ec-e622-4ef2d0267863,d2bb7cb2-976f-6e32-316c-476717863583,1,00:00:00.000,,0,,full item,,,,,
6a99cd82-0e45-a92f-8a32-477de561dc5e::2dc1c23b-73ac-0c9c-46b7-2cc2e5ad7cd9,6a99cd82-0e45-a92f-8a32-477de561dc5e,2dc1c23b-73ac-0c9c-46b7-2cc2e5ad7cd9,1,00:00:00.000,,0,,full item,,,,,
7c452904-cb2b-4ec6-b5e1-528571a39310::1a2f5154-2ac1-e31b-ada5-68a697022412,7c452904-cb2b-4ec6-b5e1-528571a39310,1a2f5154-2ac1-e31b-ada5-68a697022412,1,00:00:00.000,,0,,full item,,,,,
7d538f08-fe59-ed8a-2cf2-4a4287037b98::3fe62865-7957-9e0e-0b63-dcc48e81716c,7d538f08-fe59-ed8a-2cf2-4a4287037b98,3fe62865-7957-9e0e-0b63-dcc48e81716c,1,00:00:00.000,,0,,full item,,,,,
81c10d39-0c70-c316-e9ef-9309db575921::d83c1db4-ff2d-67c8-6203-3f24ee991e18,81c10d39-0c70-c316-e9ef-9309db575921,d83c1db4-ff2d-67c8-6203-3f24ee991e18,1,00:00:00.000,,0,,full item,,,,,
8b9184f2-c7df-08cc-2ef9-ce94b69f53bc::9b0f64cb-e2e6-72ee-7d90-10d995c6edfa,8b9184f2-c7df-08cc-2ef9-ce94b69f53bc,9b0f64cb-e2e6-72ee-7d90-10d995c6edfa,1,00:00:00.000,,0,,full item,,,,,
9ea6eba0-bab5-062e-eab6-c4b0d31e7e52::7a8306b7-b616-91b7-e926-8bbdec7a7b9e,9ea6eba0-bab5-062e-eab6-c4b0d31e7e52,7a8306b7-b616-91b7-e926-8bbdec7a7b9e,1,00:00:00.000,,0,,full item,,,,,
096feb12-e751-115e-955b-7da92ff07363::5636b3bf-1bca-6e4e-d398-268da78daa65,096feb12-e751-115e-955b-7da92ff07363,5636b3bf-1bca-6e4e-d398-268da78daa65,1,00:00:00.000,,0,,full item,,,,,
0e73a358-7c28-54ff-de42-e0e97e6b1e80::ccc1aedb-7a0c-9a43-e99d-c5a58395f374,0e73a358-7c28-54ff-de42-e0e97e6b1e80,ccc1aedb-7a0c-9a43-e99d-c5a58395f374,1,00:00:00.000,,0,,full item,,,,,
174b7065-19e4-f8d4-f1f7-8454e9cdf049::afd2035c-ce7f-275a-c6b4-ad9c5ec6ae74,174b7065-19e4-f8d4-f1f7-8454e9cdf049,afd2035c-ce7f-275a-c6b4-ad9c5ec6ae74,1,00:00:00.000,,0,,full item,,,,,
295121f2-691f-a21c-231e-6ea8a6420509::89036b28-9a1c-7154-ef0e-274723f63590,295121f2-691f-a21c-231e-6ea8a6420509,89036b28-9a1c-7154-ef0e-274723f63590,1,00:00:00.000,,0,,full item,,,,,
2fea2b64-05de-9577-2a74-b901c5a038e7::558c9659-d567-c358-80ba-8ea364740bdd,2fea2b64-05de-9577-2a74-b901c5a038e7,558c9659-d567-c358-80ba-8ea364740bdd,1,00:00:00.000,,0,,full item,,,,,
415be127-e25c-6031-c64e-853f909d484c::4415b593-480e-3fbc-b143-18c632840c13,415be127-e25c-6031-c64e-853f909d484c,4415b593-480e-3fbc-b143-18c632840c13,1,00:00:00.000,,0,,full item,,,,,
42052825-3504-07bc-ec63-4abceedc7b56::1b8d22bf-206b-c478-992a-5a56d21a23df,42052825-3504-07bc-ec63-4abceedc7b56,1b8d22bf-206b-c478-992a-5a56d21a23df,1,00:00:00.000,,0,,full item,,,,,
461a38b4-7d30-43fd-0ed9-0414465e8c47::0e367dbc-727a-2b41-7e34-82d387964f44,461a38b4-7d30-43fd-0ed9-0414465e8c47,0e367dbc-727a-2b41-7e34-82d387964f44,1,00:00:00.000,,0,,full item,,,,,
7353d499-1d84-6aa7-41e5-797eb2475514::1f593243-ce3c-fae4-7e00-61de405d2a23,7353d499-1d84-6aa7-41e5-797eb2475514,1f593243-ce3c-fae4-7e00-61de405d2a23,1,00:00:00.000,,0,,full item,,,,,
903a1e78-f103-ba26-b8d0-20a861c3a0da::097757cc-a342-c79f-d002-1cf9b0fa4481,903a1e78-f103-ba26-b8d0-20a861c3a0da,097757cc-a342-c79f-d002-1cf9b0fa4481,1,00:00:00.000,,0,,full item,,,,,
94a344e1-21ac-b04a-8d0a-3e603fdfc784::8644c0c9-131d-d6ad-4009-00c04ac78709,94a344e1-21ac-b04a-8d0a-3e603fdfc784,8644c0c9-131d-d6ad-4009-00c04ac78709,1,00:00:00.000,,0,,full item,,,,,
9f7a5147-2aaa-b407-fb85-84f1d5b27398::050108ed-c710-6784-880d-4a397cf1e725,9f7a5147-2aaa-b407-fb85-84f1d5b27398,050108ed-c710-6784-880d-4a397cf1e725,1,00:00:00.000,,0,,full item,,,,,
a43d80e1-8e48-5bf9-e41e-26207d0c4982::67e12df5-6f3a-ac5c-00cb-0a48fc96f578,a43d80e1-8e48-5bf9-e41e-26207d0c4982,67e12df5-6f3a-ac5c-00cb-0a48fc96f578,1,00:00:00.000,,0,,full item,,,,,
a93bf5ee-3575-ae76-6e83-a069d2761a09::4c713e64-0683-9106-f1ee-bfad2955a4ac,a93bf5ee-3575-ae76-6e83-a069d2761a09,4c713e64-0683-9106-f1ee-bfad2955a4ac,1,00:00:00.000,,0,,full item,,,,,
ae2bf252-2472-96f9-f2fd-01887d446010::41942c58-6446-81f1-29c2-005f7b158a1e,ae2bf252-2472-96f9-f2fd-01887d446010,41942c58-6446-81f1-29c2-005f7b158a1e,1,00:00:00.000,,0,,full item,,,,,
afc5c09a-c137-64fd-ce39-7c412cba67c0::418901b7-eac2-a6f5-cb34-0a67e28d1113,afc5c09a-c137-64fd-ce39-7c412cba67c0,418901b7-eac2-a6f5-cb34-0a67e28d1113,1,00:00:00.000,,0,,full item,,,,,
b0a3b443-c972-4312-d1d7-97e407ff8f55::1418e1b5-0b60-7a87-7df7-83cd6287388e,b0a3b443-c972-4312-d1d7-97e407ff8f55,1418e1b5-0b60-7a87-7df7-83cd6287388e,1,00:00:00.000,,0,,full item,,,,,
bd1d0d57-7fe1-6645-b069-5ea7c6879969::8658ee54-c2f3-3dee-2a2f-a77e3b4d4abc,bd1d0d57-7fe1-6645-b069-5ea7c6879969,8658ee54-c2f3-3dee-2a2f-a77e3b4d4abc,1,00:00:00.000,,0,,full item,,,,,
ce89285b-c34d-1918-e566-582ea202bcfa::a851dc1f-85d2-c40a-62a1-a1e51642acaf,ce89285b-c34d-1918-e566-582ea202bcfa,a851dc1f-85d2-c40a-62a1-a1e51642acaf,1,00:00:00.000,,0,,full item,,,,,
d041a5fd-0cfc-f9a4-8e4a-f1b72a188cc1::3dc31765-335e-1ccd-07e9-1e3b3dd5ab96,d041a5fd-0cfc-f9a4-8e4a-f1b72a188cc1,3dc31765-335e-1ccd-07e9-1e3b3dd5ab96,1,00:00:00.000,,0,,full item,,,,,
d2373990-4944-7ab4-f672-4ae3f1c0a273::46295074-0b85-7619-749f-2ed9d0f1a484,d2373990-4944-7ab4-f672-4ae3f1c0a273,46295074-0b85-7619-749f-2ed9d0f1a484,1,00:00:00.000,,0,,full item,,,,,
dcbc51ce-7c22-001a-fbc7-63bf4676c447::2d47d410-6465-25f2-9021-b123b11357a5,dcbc51ce-7c22-001a-fbc7-63bf4676c447,2d47d410-6465-25f2-9021-b123b11357a5,1,00:00:00.000,,0,,full item,,,,,
e50ed599-e3df-710f-f518-b8db5c0ea247::fdbfc608-682d-9512-eee9-533e2800137d,e50ed599-e3df-710f-f518-b8db5c0ea247,fdbfc608-682d-9512-eee9-533e2800137d,1,00:00:00.000,,0,,full item,,,,,
e602490b-5e3a-f0d3-3230-0ade24c75e5b::923b78ab-5f06-5f39-ef60-d6903aac589a,e602490b-5e3a-f0d3-3230-0ade24c75e5b,923b78ab-5f06-5f39-ef60-d6903aac589a,1,00:00:00.000,,0,,full item,,,,,
efb48a57-0c6c-e5c9-3cda-72d82ac31ad2::7a53e599-43e0-cf11-e4a7-4873342a325e,efb48a57-0c6c-e5c9-3cda-72d82ac31ad2,7a53e599-43e0-cf11-e4a7-4873342a325e,1,00:00:00.000,,0,,full item,,,,,
f84ebd8b-ace0-6408-a9a2-04360d86c101::aae02f25-5b4a-248f-b567-d084333236bb,f84ebd8b-ace0-6408-a9a2-04360d86c101,aae02f25-5b4a-248f-b567-d084333236bb,1,00:00:00.000,,0,,full item,,,,,
f8be7c42-bfdc-60ab-f43c-1a11c30831cb::8a622cd1-be33-fd65-6fa9-6da443ea1569,f8be7c42-bfdc-60ab-f43c-1a11c30831cb,8a622cd1-be33-fd65-6fa9-6da443ea1569,1,00:00:00.000,,0,,full item,,,,,
fea07fb1-fb2a-eaab-1d41-60df688f56f5::4c001bc3-0a20-f2ac-5211-e3f521ad8649,fea07fb1-fb2a-eaab-1d41-60df688f56f5,4c001bc3-0a20-f2ac-5211-e3f521ad8649,1,00:00:00.000,,0,,full item,,,,,
f13136f2-959a-6d9c-227f-b5f7acf0495c::7f06f103-5ff2-cd21-3c58-56e8e77fc4b4,f13136f2-959a-6d9c-227f-b5f7acf0495c,7f06f103-5ff2-cd21-3c58-56e8e77fc4b4,1,00:00:00.000,,0,,full item,,,,,
1fd7ed4f-1767-60fd-07a8-2c98e0ea265f::36a6ba33-71f8-adb5-3081-c4573e081d94,1fd7ed4f-1767-60fd-07a8-2c98e0ea265f,36a6ba33-71f8-adb5-3081-c4573e081d94,1,00:00:00.000,,0,,full item,,,,,
343fd7f6-7d1f-a8b9-c315-29ae78b749fe::aedad963-d8a5-8b8b-bde2-2806b35bd570,343fd7f6-7d1f-a8b9-c315-29ae78b749fe,aedad963-d8a5-8b8b-bde2-2806b35bd570,1,00:00:00.000,,0,,full item,,,,,
5fa5910d-e98b-e3e8-923b-934b46187224::a370fbb7-1cfa-f90f-435d-e0e60684f714,5fa5910d-e98b-e3e8-923b-934b46187224,a370fbb7-1cfa-f90f-435d-e0e60684f714,1,00:00:00.000,,0,,full item,,,,,
8a0b2d51-4e97-2332-4662-5dbc13f8691e::212e758e-a7ad-2553-16f5-6cc16088cf2c,8a0b2d51-4e97-2332-4662-5dbc13f8691e,212e758e-a7ad-2553-16f5-6cc16088cf2c,1,00:00:00.000,,0,,full item,,,,,
99c202c0-30d9-3433-ed2b-98f2242c2dda::6fcdc3fb-13f3-b196-b277-d45122848832,99c202c0-30d9-3433-ed2b-98f2242c2dda,6fcdc3fb-13f3-b196-b277-d45122848832,1,00:00:00.000,,0,,full item,,,,,
9a50e720-0a29-0814-aa8e-a8bd46f99ea5::c7abda36-3e28-7df0-e4cf-a04f77e1cf25,9a50e720-0a29-0814-aa8e-a8bd46f99ea5,c7abda36-3e28-7df0-e4cf-a04f77e1cf25,1,00:00:00.000,,0,,full item,,,,,
b1669759-423c-1292-79ca-f94f3b0846cb::3fb4afe6-6092-5569-47b1-fa0607cc83f1,b1669759-423c-1292-79ca-f94f3b0846cb,3fb4afe6-6092-5569-47b1-fa0607cc83f1,1,00:00:00.000,,0,,full item,,,,,
c2f4ca3c-ee99-135d-8a27-222e887947f0::a4cd2157-e423-4f63-a7d7-b2e809cb7a57,c2f4ca3c-ee99-135d-8a27-222e887947f0,a4cd2157-e423-4f63-a7d7-b2e809cb7a57,1,00:00:00.000,,0,,full item,,,,,
c95f8db5-488b-d8ff-9850-016ffeca52a8::8f11e419-ad09-bec6-3578-af3939853564,c95f8db5-488b-d8ff-9850-016ffeca52a8,8f11e419-ad09-bec6-3578-af3939853564,1,00:00:00.000,,0,,full item,,,,,
e109b2e4-fdcf-2df0-80a0-3a9b1e343133::33cc8218-e207-9750-7ff9-5103884cff84,e109b2e4-fdcf-2df0-80a0-3a9b1e343133,33cc8218-e207-9750-7ff9-5103884cff84,1,00:00:00.000,,0,,full item,,,,,
1fdefb52-3403-9c28-5199-1421a25a9cd2::2f13808b-a6c1-61b2-b5ef-3377abe39393,1fdefb52-3403-9c28-5199-1421a25a9cd2,2f13808b-a6c1-61b2-b5ef-3377abe39393,1,00:00:00.000,,0,,full item,,,,,
2adade69-703b-7efa-0394-5ba877d97148::95425edb-8405-0276-9653-927ac1a5a5df,2adade69-703b-7efa-0394-5ba877d97148,95425edb-8405-0276-9653-927ac1a5a5df,1,00:00:00.000,,0,,full item,,,,,
a8029645-56e0-ecea-76b2-7a5a3b78a1ab::a96232bc-2db8-8329-ea02-26122a6100a0,a8029645-56e0-ecea-76b2-7a5a3b78a1ab,a96232bc-2db8-8329-ea02-26122a6100a0,1,00:00:00.000,,0,,full item,,,,,
b1870264-6dd3-855d-17f0-c72d842f321e::28af70bd-fa52-fb2f-57f3-2cea267ca73a,b1870264-6dd3-855d-17f0-c72d842f321e,28af70bd-fa52-fb2f-57f3-2cea267ca73a,1,00:00:00.000,00:15:33.000,0,933,full item,,,,,
c68a6a5d-3673-1eca-e258-e66baa3438c2::f7d12874-c642-6278-d771-949cc04e901e,c68a6a5d-3673-1eca-e258-e66baa3438c2,f7d12874-c642-6278-d771-949cc04e901e,1,00:00:00.000,,0,,full item,,,,,
c84d87ba-f430-cb58-431d-f2bc66fc94ac::31ac0061-effc-6230-b7e6-4894a9f68e97,c84d87ba-f430-cb58-431d-f2bc66fc94ac,31ac0061-effc-6230-b7e6-4894a9f68e97,1,00:00:00.000,,0,,full item,,,,,
d56a3cd8-5235-481e-1783-a7c03bf6f919::6c34d2bc-50ad-e6ad-4ec4-e69a0f220f67,d56a3cd8-5235-481e-1783-a7c03bf6f919,6c34d2bc-50ad-e6ad-4ec4-e69a0f220f67,1,00:00:00.000,,0,,full item,,,,,
46c6eeef-cc42-5ea1-aa56-27187e57e234::82b985f3-8c1c-b79b-9844-c064122a6975,46c6eeef-cc42-5ea1-aa56-27187e57e234,82b985f3-8c1c-b79b-9844-c064122a6975,1,00:00:00.000,,0,,full item,,,,,
6730fac0-adcb-197d-a25c-162ed539fc72::6165f1b8-bbfe-e113-7cd7-dc6af1ba53c2,6730fac0-adcb-197d-a25c-162ed539fc72,6165f1b8-bbfe-e113-7cd7-dc6af1ba53c2,1,00:00:00.000,,0,,full item,,,,,
6b396e97-464e-27a2-bdd6-7bde48cb4558::40748101-a165-a6d3-711a-bbe534c61a71,6b396e97-464e-27a2-bdd6-7bde48cb4558,40748101-a165-a6d3-711a-bbe534c61a71,1,00:00:00.000,,0,,full item,,,,,
6cf45f5a-6987-98be-bf2a-f1e8c62f2c0f::f070f886-f9dd-130a-6340-87c7c89fbf9d,6cf45f5a-6987-98be-bf2a-f1e8c62f2c0f,f070f886-f9dd-130a-6340-87c7c89fbf9d,1,00:00:00.000,,0,,full item,,,,,
85b37b28-8529-cfef-6c6f-88a2d69caf3a::8dbf90b8-0971-df31-95bd-cfb333edcf14,85b37b28-8529-cfef-6c6f-88a2d69caf3a,8dbf90b8-0971-df31-95bd-cfb333edcf14,1,00:00:00.000,,0,,full item,,,,,
beb8992a-ff3d-5a54-926c-e304dba5476a::c930d926-82be-d137-c073-12234fedbd53,beb8992a-ff3d-5a54-926c-e304dba5476a,c930d926-82be-d137-c073-12234fedbd53,1,00:00:00.000,,0,,full item,,,,,
e63ca853-56ea-5b83-c5c1-57986308a592::c3c62105-f38e-c0a5-abf3-779e6f514902,e63ca853-56ea-5b83-c5c1-57986308a592,c3c62105-f38e-c0a5-abf3-779e6f514902,1,00:00:00.000,,0,,full item,,,,,
9ac6bc98-14fd-e7fd-39fc-a403ff1339aa::03c5f63e-45ce-bd3c-dffe-1d181ac5f2cf,9ac6bc98-14fd-e7fd-39fc-a403ff1339aa,03c5f63e-45ce-bd3c-dffe-1d181ac5f2cf,1,00:00:00.000,,0,,full item,,,,,
0da40e4a-cc0d-5f8a-760c-c26bb6c8e75c::d6d1fae5-6535-beeb-79a0-9b62d9467578,0da40e4a-cc0d-5f8a-760c-c26bb6c8e75c,d6d1fae5-6535-beeb-79a0-9b62d9467578,1,00:00:00.000,00:24:59.000,0,1499,full item,,,,,
1c888c49-a9a4-1d69-9e5a-4b24d6b7ea1c::34ed500f-62ac-e1cd-e194-33f4cfd553e7,1c888c49-a9a4-1d69-9e5a-4b24d6b7ea1c,34ed500f-62ac-e1cd-e194-33f4cfd553e7,1,00:00:00.000,00:26:59.000,0,1619,full item,,,,,
6df9ba78-e75e-3ad9-bd69-05542b2eaeaa::5d6b36a9-c1dc-bba4-5059-98a8c45646b5,6df9ba78-e75e-3ad9-bd69-05542b2eaeaa,5d6b36a9-c1dc-bba4-5059-98a8c45646b5,1,00:00:00.000,00:29:00.000,0,1740,full item,,,,,
11c1c404-28dd-8981-53de-5882bd1377db::06e94151-2ed9-2946-c423-af9a80338c44,11c1c404-28dd-8981-53de-5882bd1377db,06e94151-2ed9-2946-c423-af9a80338c44,1,00:00:00.000,00:21:46.000,0,1306,full item,,,,,
705de80f-820d-014d-01ec-521192e4d9bd::9297b890-fcf3-19b0-2618-c185c56a768e,705de80f-820d-014d-01ec-521192e4d9bd,9297b890-fcf3-19b0-2618-c185c56a768e,1,00:00:00.000,00:50:54.000,0,3054,full item,,,,,
78d5262d-a3df-379f-091d-bb14a94ba55f::eac379aa-9965-ae24-a6f4-291ba5345d9d,78d5262d-a3df-379f-091d-bb14a94ba55f,eac379aa-9965-ae24-a6f4-291ba5345d9d,1,00:00:00.000,00:35:40.000,0,2140,full item,,,,,
9e86e08f-efb2-83fe-273e-78fa055d43bf::dcf07e6c-b5a3-6a71-bde8-3fcc453736d0,9e86e08f-efb2-83fe-273e-78fa055d43bf,dcf07e6c-b5a3-6a71-bde8-3fcc453736d0,1,00:00:00.000,00:02:23.000,0,143,full item,,,,,
4d11138c-0a90-85fe-01c7-5bf7a4dbfd64::,4d11138c-0a90-85fe-01c7-5bf7a4dbfd64,,1,00:00:00.000,00:30:41.000,0,1841,full item,,,,,
5eadb29e-08ce-3c67-314f-e83c680204e2::,5eadb29e-08ce-3c67-314f-e83c680204e2,,1,00:00:00.000,32:23:00.000,0,116580,full item,,,,,
9f3db0e6-e9d4-548a-2aac-2c90e01f1958::f59f55a7-cef6-6dc2-d6c7-62aca864eb69,9f3db0e6-e9d4-548a-2aac-2c90e01f1958,f59f55a7-cef6-6dc2-d6c7-62aca864eb69,1,00:00:00.000,,0,,full item,,,,,
9f81e499-0220-5f41-ce57-4a90b19844a0::e4d448f2-040a-7d9e-813b-f0f839ea3a1d,9f81e499-0220-5f41-ce57-4a90b19844a0,e4d448f2-040a-7d9e-813b-f0f839ea3a1d,1,00:00:00.000,00:00:24.000,0,24,full item,,,,,
e7eb5dba-d732-b28f-2622-4600ff369838::aff8ff6c-b69f-adef-28f0-4e9a85572bad,e7eb5dba-d732-b28f-2622-4600ff369838,aff8ff6c-b69f-adef-28f0-4e9a85572bad,1,00:00:00.000,00:38:59.000,0,2339,full item,,,,,
fae76e51-3e43-7e8d-485f-ee91b66e20d5::8e012e1e-79d2-1b77-2903-7b1e8c8624e6,fae76e51-3e43-7e8d-485f-ee91b66e20d5,8e012e1e-79d2-1b77-2903-7b1e8c8624e6,1,00:00:00.000,00:21:47.000,0,1307,full item,,,,,
f1862c07-d790-2ebb-87ab-f589406350cb::9f3c0f8d-2674-336d-2809-a33209607ccf,f1862c07-d790-2ebb-87ab-f589406350cb,9f3c0f8d-2674-336d-2809-a33209607ccf,1,00:00:00.000,,0,,full item,,,,,
0a6d3ced-24c9-22ee-85bf-0e33241ee86b::002a8754-2f61-9cec-0c27-ca3d538f37db,0a6d3ced-24c9-22ee-85bf-0e33241ee86b,002a8754-2f61-9cec-0c27-ca3d538f37db,1,00:00:00.000,,0,,full item,,,,,
4f6a9245-a10f-267b-9063-2d50f4b16bf2::bb9c5fd4-af49-23e4-74f0-9aed8b92a560,4f6a9245-a10f-267b-9063-2d50f4b16bf2,bb9c5fd4-af49-23e4-74f0-9aed8b92a560,1,00:00:00.000,,0,,full item,,,,,
547099bf-4b12-acb5-f1ae-5da45f18e62f::ac2df9e1-2d3e-30e8-6358-ba29bd566a88,547099bf-4b12-acb5-f1ae-5da45f18e62f,ac2df9e1-2d3e-30e8-6358-ba29bd566a88,1,00:00:00.000,,0,,full item,,,,,
91384a34-b9fb-5a71-5ccc-e755ac00af46::d050d120-edb5-3d0f-24f4-f525212264b7,91384a34-b9fb-5a71-5ccc-e755ac00af46,d050d120-edb5-3d0f-24f4-f525212264b7,1,00:00:00.000,,0,,full item,,,,,
0e4eb08f-12ef-6cae-7e56-cdc8cc29c9c9::b2b7f250-da7d-e4a5-f609-e22a42c776c4,0e4eb08f-12ef-6cae-7e56-cdc8cc29c9c9,b2b7f250-da7d-e4a5-f609-e22a42c776c4,1,00:00:00.000,,0,,full item,,,,,
1c35cc52-104b-863d-3940-dfabc7224969::73ce90d5-425d-a32f-737d-c583c7f1757f,1c35cc52-104b-863d-3940-dfabc7224969,73ce90d5-425d-a32f-737d-c583c7f1757f,1,00:00:00.000,,0,,full item,,,,,
0309ce5d-3e5a-da23-b9ba-22ad297b36a0::9a0d321d-2e76-680a-de62-97a0c735f5f3,0309ce5d-3e5a-da23-b9ba-22ad297b36a0,9a0d321d-2e76-680a-de62-97a0c735f5f3,1,00:00:00.000,,0,,full item,,,,,
10e61596-3141-568c-00c5-f7bf80059de0::dc68db11-e82b-430d-f90b-2c8eebeadcf7,10e61596-3141-568c-00c5-f7bf80059de0,dc68db11-e82b-430d-f90b-2c8eebeadcf7,1,00:00:00.000,,0,,full item,,,,,
24187f7b-f857-9e27-44b4-3bb90ab99e20::c46ea542-aa68-4759-10b0-60aa2ce40b39,24187f7b-f857-9e27-44b4-3bb90ab99e20,c46ea542-aa68-4759-10b0-60aa2ce40b39,1,00:00:00.000,,0,,full item,,,,,
32fb1c20-4696-6666-fc19-bb491fd6830a::8f857286-c46a-d8b4-3a45-d80a81379f36,32fb1c20-4696-6666-fc19-bb491fd6830a,8f857286-c46a-d8b4-3a45-d80a81379f36,1,00:00:00.000,,0,,full item,,,,,
3449dea1-b852-c957-92d1-ed245f492ef8::9e2367f0-a857-3e82-caa7-0183e5e152a1,3449dea1-b852-c957-92d1-ed245f492ef8,9e2367f0-a857-3e82-caa7-0183e5e152a1,1,00:00:00.000,,0,,full item,,,,,
364a3cfb-2bcb-e4d7-88b4-c931fefe43fc::0be954a3-1f6c-1f69-f994-d12457f3e546,364a3cfb-2bcb-e4d7-88b4-c931fefe43fc,0be954a3-1f6c-1f69-f994-d12457f3e546,1,00:00:00.000,,0,,full item,,,,,
3c0f61b7-a82a-905a-889c-ce8b16adb5f3::338ceee2-71fb-6322-d0fc-2c76dbc2e331,3c0f61b7-a82a-905a-889c-ce8b16adb5f3,338ceee2-71fb-6322-d0fc-2c76dbc2e331,1,00:00:00.000,,0,,full item,,,,,
55499bc1-db5f-d73d-ba11-cda0da98d193::3ab31d76-3337-689b-9126-e8ea74c4d3d6,55499bc1-db5f-d73d-ba11-cda0da98d193,3ab31d76-3337-689b-9126-e8ea74c4d3d6,1,00:00:00.000,,0,,full item,,,,,
62946210-b49a-b1da-0113-2b570e13fa46::a4066c59-8561-ea18-6ae3-80e1d2ffa04a,62946210-b49a-b1da-0113-2b570e13fa46,a4066c59-8561-ea18-6ae3-80e1d2ffa04a,1,00:00:00.000,,0,,full item,,,,,
8ddecf4d-5b75-2b9c-b04b-4fa0b2311c74::2d6a10d2-c803-1b2e-3c34-abdf80c36644,8ddecf4d-5b75-2b9c-b04b-4fa0b2311c74,2d6a10d2-c803-1b2e-3c34-abdf80c36644,1,00:00:00.000,,0,,full item,,,,,
9c49d12d-bcee-32a7-1835-648b2165d861::caf0d0b9-af54-56cb-447b-4fe9114b5624,9c49d12d-bcee-32a7-1835-648b2165d861,caf0d0b9-af54-56cb-447b-4fe9114b5624,1,00:00:00.000,,0,,full item,,,,,
b5da427f-1615-66f8-8713-34e7681fdde7::090fe21d-cc56-7773-8648-b301a94b08ba,b5da427f-1615-66f8-8713-34e7681fdde7,090fe21d-cc56-7773-8648-b301a94b08ba,1,00:00:00.000,,0,,full item,,,,,
be6cfb6e-8a38-c20b-d38b-a48eb505dc41::f46fc579-ec47-44f3-8a2c-2cb0050a41a4,be6cfb6e-8a38-c20b-d38b-a48eb505dc41,f46fc579-ec47-44f3-8a2c-2cb0050a41a4,1,00:00:00.000,,0,,full item,,,,,
c9a45698-bb9f-2cdc-e9b2-e25333b9fdbb::7c9fbb22-074a-37b0-66e2-d95445e220c5,c9a45698-bb9f-2cdc-e9b2-e25333b9fdbb,7c9fbb22-074a-37b0-66e2-d95445e220c5,1,00:00:00.000,,0,,full item,,,,,
ea89d2a2-355c-f4ef-8023-f853776da79b::7aaf0346-1dea-5a0b-2bb0-61ffe5a41133,ea89d2a2-355c-f4ef-8023-f853776da79b,7aaf0346-1dea-5a0b-2bb0-61ffe5a41133,1,00:00:00.000,,0,,full item,,,,,
ede0bfde-05c6-3810-cc76-d07eb5b242bd::7f897c9e-b91c-0399-d9b2-5f8cfcd5425a,ede0bfde-05c6-3810-cc76-d07eb5b242bd,7f897c9e-b91c-0399-d9b2-5f8cfcd5425a,1,00:00:00.000,,0,,full item,,,,,
f0693fe2-ba33-195d-3d00-1f7d2cd69ade::6c7537b8-250c-f2b6-920b-40e7d9b41bcf,f0693fe2-ba33-195d-3d00-1f7d2cd69ade,6c7537b8-250c-f2b6-920b-40e7d9b41bcf,1,00:00:00.000,,0,,full item,,,,,
f8c79015-ce0d-0cca-e2a9-a021126e428f::f7529d6f-85c1-0531-fb3f-585fec71ae2d,f8c79015-ce0d-0cca-e2a9-a021126e428f,f7529d6f-85c1-0531-fb3f-585fec71ae2d,1,00:00:00.000,,0,,full item,,,,,
fd800af4-0f1a-1db0-dfde-a93c7b6e225f::2a1b7670-15d4-d9fb-b57c-45d3e65bc229,fd800af4-0f1a-1db0-dfde-a93c7b6e225f,2a1b7670-15d4-d9fb-b57c-45d3e65bc229,1,00:00:00.000,,0,,full item,,,,,
15611b78-17d3-97e3-8d84-3b18b8c80744::21278f15-d568-9c68-3955-31581d512bca,15611b78-17d3-97e3-8d84-3b18b8c80744,21278f15-d568-9c68-3955-31581d512bca,1,00:00:00.000,00:29:00.000,0,1740,full item,,,,,
4fd62e31-5d9d-b5e8-4f8a-02cc73d05127::643002dc-5674-69b1-337b-f0dc65a79736,4fd62e31-5d9d-b5e8-4f8a-02cc73d05127,643002dc-5674-69b1-337b-f0dc65a79736,1,00:00:00.000,,0,,full item,,,,,
9dad07d6-2e55-c96c-6126-4500624521c0::b59c6eab-f7b0-1c9c-7a7c-7e241bbc274b,9dad07d6-2e55-c96c-6126-4500624521c0,b59c6eab-f7b0-1c9c-7a7c-7e241bbc274b,1,00:00:00.000,,0,,full item,,,,,
db0755db-4426-949e-9ccf-e1137c000d0d::42641d31-6454-0afd-a0f1-2e851b281729,db0755db-4426-949e-9ccf-e1137c000d0d,42641d31-6454-0afd-a0f1-2e851b281729,1,00:00:00.000,00:34:00.000,0,2040,full item,,,,,
e9f4b710-f796-9074-4d19-64fcdc944728::89944544-cc91-f62f-0cad-f1bffcbf0980,e9f4b710-f796-9074-4d19-64fcdc944728,89944544-cc91-f62f-0cad-f1bffcbf0980,1,00:00:00.000,00:14:07.000,0,847,full item,,,,,
4bd4cc46-f84a-97a3-a2f3-733715bc1afa::b56b5eda-c837-b85b-04b7-4ff4ef5dd885,4bd4cc46-f84a-97a3-a2f3-733715bc1afa,b56b5eda-c837-b85b-04b7-4ff4ef5dd885,1,00:00:00.000,,0,,full item,,,,,
0c237e6c-d8aa-efe9-76f7-a494a74c898b::52e94879-c848-7954-ea39-5e446f065b3e,0c237e6c-d8aa-efe9-76f7-a494a74c898b,52e94879-c848-7954-ea39-5e446f065b3e,1,00:00:00.000,,0,,full item,,,,,
1b75d0c1-242a-f7ad-86af-fba18ad6bca0::e9d6d551-41aa-85c1-6407-93d14317b89a,1b75d0c1-242a-f7ad-86af-fba18ad6bca0,e9d6d551-41aa-85c1-6407-93d14317b89a,1,00:00:00.000,,0,,full item,,,,,
21b94196-3974-6ff2-d466-2b3046c52ec5::f6a17d9c-4cfa-effb-576b-07bc97089161,21b94196-3974-6ff2-d466-2b3046c52ec5,f6a17d9c-4cfa-effb-576b-07bc97089161,1,00:00:00.000,,0,,full item,,,,,
2d34e849-fb92-c96c-becd-784af9599355::58277701-a463-61e3-0dfb-fc29f3c4d5d9,2d34e849-fb92-c96c-becd-784af9599355,58277701-a463-61e3-0dfb-fc29f3c4d5d9,1,00:00:00.000,,0,,full item,,,,,
4e3849b6-cbc3-1e4b-1450-c80b80530be0::4bac1de3-0c88-41ff-204f-18824aae9aeb,4e3849b6-cbc3-1e4b-1450-c80b80530be0,4bac1de3-0c88-41ff-204f-18824aae9aeb,1,00:00:00.000,,0,,full item,,,,,
665b6183-6406-fbfd-3d81-a10a1782b7f3::1e8c471c-6841-678a-6332-2e7229f42adf,665b6183-6406-fbfd-3d81-a10a1782b7f3,1e8c471c-6841-678a-6332-2e7229f42adf,1,00:00:00.000,,0,,full item,,,,,
89b4ed71-ee22-9281-9163-ad4088688b3c::0d12ef9b-fee9-85f2-80e2-b2778228545b,89b4ed71-ee22-9281-9163-ad4088688b3c,0d12ef9b-fee9-85f2-80e2-b2778228545b,1,00:00:00.000,,0,,full item,,,,,
97ea0874-a402-6f37-2e3c-4006fc6bf0d8::1df66f70-f6c6-cf30-fd0c-0b99bb268830,97ea0874-a402-6f37-2e3c-4006fc6bf0d8,1df66f70-f6c6-cf30-fd0c-0b99bb268830,1,00:00:00.000,,0,,full item,,,,,
a25bbcaf-b05b-998f-8210-acb49d720590::af9bcd1d-f356-b518-c3d9-f333147c4ca5,a25bbcaf-b05b-998f-8210-acb49d720590,af9bcd1d-f356-b518-c3d9-f333147c4ca5,1,00:00:00.000,,0,,full item,,,,,
2e94047d-2d1f-959f-a480-04ba32656e6a::44943079-7140-1756-3261-07b67e1a3901,2e94047d-2d1f-959f-a480-04ba32656e6a,44943079-7140-1756-3261-07b67e1a3901,1,00:00:00.000,00:01:33.000,0,93,full item,,,,,
032ea5ef-a23b-b3bc-dfb7-80bfb113d42b::b1c6bc86-9361-a6a4-f2ba-25be31986fdb,032ea5ef-a23b-b3bc-dfb7-80bfb113d42b,b1c6bc86-9361-a6a4-f2ba-25be31986fdb,1,00:00:00.000,,0,,full item,,,,,
365548da-04b1-8100-fc4b-c890d8fefcd7::ffcb05cf-0f44-9eb2-cf8d-a6e61ed142fd,365548da-04b1-8100-fc4b-c890d8fefcd7,ffcb05cf-0f44-9eb2-cf8d-a6e61ed142fd,1,00:00:00.000,,0,,full item,,,,,
bd20637a-df91-a27f-171f-0d26ca8da8b4::8b0f2d37-cba1-a9ea-cb23-057b3d478a4d,bd20637a-df91-a27f-171f-0d26ca8da8b4,8b0f2d37-cba1-a9ea-cb23-057b3d478a4d,1,00:00:00.000,,0,,full item,,,,,
d7c4c765-37dd-8b0b-2c2a-00e1e6c28009::38610dbf-0a54-00af-027c-414d0e276069,d7c4c765-37dd-8b0b-2c2a-00e1e6c28009,38610dbf-0a54-00af-027c-414d0e276069,1,00:00:00.000,,0,,full item,,,,,
da29d852-1acd-3662-ccea-d4ae93b15ccf::fc1bda60-461c-832e-87d6-becd18917321,da29d852-1acd-3662-ccea-d4ae93b15ccf,fc1bda60-461c-832e-87d6-becd18917321,1,00:00:00.000,,0,,full item,,,,,
0aa47f11-bc53-0805-4c26-04775000a5c3::66627c9f-81db-1a29-544a-fb909ca202a2,0aa47f11-bc53-0805-4c26-04775000a5c3,66627c9f-81db-1a29-544a-fb909ca202a2,1,00:00:00.000,,0,,full item,,,,,
b1e4845d-49de-02be-7e7b-41a9de29f1d0::dd2f622e-355f-46cf-2dd2-b1b3eec713a6,b1e4845d-49de-02be-7e7b-41a9de29f1d0,dd2f622e-355f-46cf-2dd2-b1b3eec713a6,1,00:00:00.000,,0,,full item,,,,,
be6ead04-4dac-175d-ce00-da20cd17d110::4145cc28-c5cd-291a-ff30-6e64c6b73b23,be6ead04-4dac-175d-ce00-da20cd17d110,4145cc28-c5cd-291a-ff30-6e64c6b73b23,1,00:00:00.000,,0,,full item,,,,,
e5eccdd1-2142-7348-763f-d9a8a09e9470::a1191b04-ab62-7d7e-352c-36df65b590fa,e5eccdd1-2142-7348-763f-d9a8a09e9470,a1191b04-ab62-7d7e-352c-36df65b590fa,1,00:00:00.000,,0,,full item,,,,,
571be8ce-5a97-a073-4df7-77233759c511::6afb5693-55b7-4395-bf28-19f3b7595593,571be8ce-5a97-a073-4df7-77233759c511,6afb5693-55b7-4395-bf28-19f3b7595593,1,00:00:00.000,,0,,full item,,,,,
3d963bf4-dd75-8c7b-df0f-cefeff046c5a::ca1d2c7e-58fa-6220-06df-ad7b5f4667f1,3d963bf4-dd75-8c7b-df0f-cefeff046c5a,ca1d2c7e-58fa-6220-06df-ad7b5f4667f1,1,00:00:00.000,,0,,full item,,,,,
08cf7915-9eab-33f1-c418-3093191f7a23::c89c28ee-5f5b-b60d-54a4-c643654fa531,08cf7915-9eab-33f1-c418-3093191f7a23,c89c28ee-5f5b-b60d-54a4-c643654fa531,1,00:00:00.000,00:59:42.000,0,3582,full item,,,,,
b75edc29-21f1-3fee-c991-c2b6dc98b5b3::3426f102-3754-771e-96e5-e966bba1fdc8,b75edc29-21f1-3fee-c991-c2b6dc98b5b3,3426f102-3754-771e-96e5-e966bba1fdc8,1,00:00:00.000,00:13:09.000,0,789,full item,,,,,
01e1b18f-1d52-fc5e-da66-932b0f2fcb72::01be4bff-3783-3c5d-28f8-74bc1bd78564,01e1b18f-1d52-fc5e-da66-932b0f2fcb72,01be4bff-3783-3c5d-28f8-74bc1bd78564,1,00:00:00.000,,0,,full item,,,,,
3addd2bc-6f28-fa91-9dcf-7106ffcbf38d::08e1527d-0a83-032f-a1c0-cc4777d881be,3addd2bc-6f28-fa91-9dcf-7106ffcbf38d,08e1527d-0a83-032f-a1c0-cc4777d881be,1,00:00:00.000,,0,,full item,,,,,
9ad73f07-41f6-998d-2678-8f8e9739e608::20ced43a-4aec-fff6-66f7-3369447cb062,9ad73f07-41f6-998d-2678-8f8e9739e608,20ced43a-4aec-fff6-66f7-3369447cb062,1,00:00:00.000,,0,,full item,,,,,
9bf05e31-0e59-13f1-2590-f3e9f7973c37::cff69108-627e-46a3-59e8-8222f71feb52,9bf05e31-0e59-13f1-2590-f3e9f7973c37,cff69108-627e-46a3-59e8-8222f71feb52,1,00:00:00.000,,0,,full item,,,,,
a7e7bd55-9d15-2999-bfcc-57e7b738309c::f70c9423-98c9-98ae-13aa-c1a854744519,a7e7bd55-9d15-2999-bfcc-57e7b738309c,f70c9423-98c9-98ae-13aa-c1a854744519,1,00:00:00.000,,0,,full item,,,,,
b307b0a1-74a5-a067-81a8-58ae5a7e2960::6f271629-2106-0c49-f4f9-ae72f9875c6c,b307b0a1-74a5-a067-81a8-58ae5a7e2960,6f271629-2106-0c49-f4f9-ae72f9875c6c,1,00:00:00.000,,0,,full item,,,,,
d015af6e-6e9e-0863-2d8f-130759ba48d7::7d05b904-a38b-9b35-ed21-871fa7d186b2,d015af6e-6e9e-0863-2d8f-130759ba48d7,7d05b904-a38b-9b35-ed21-871fa7d186b2,1,00:00:00.000,,0,,full item,,,,,
e2e90984-4504-8680-7f29-2dfd41c9d978::5ffc9cd1-c460-b5c2-5da8-e1da82c59cb9,e2e90984-4504-8680-7f29-2dfd41c9d978,5ffc9cd1-c460-b5c2-5da8-e1da82c59cb9,1,00:00:00.000,,0,,full item,,,,,
f0170155-556d-5297-4cd7-ed4f8eafaf99::e01a8deb-6d18-ec89-9953-f276b88330bc,f0170155-556d-5297-4cd7-ed4f8eafaf99,e01a8deb-6d18-ec89-9953-f276b88330bc,1,00:00:00.000,,0,,full item,,,,,
f3b0fed3-122b-2a3a-a2e9-43ffa57527ce::b912279b-07e1-314b-3bd8-35d6daa9c2a7,f3b0fed3-122b-2a3a-a2e9-43ffa57527ce,b912279b-07e1-314b-3bd8-35d6daa9c2a7,1,00:00:00.000,,0,,full item,,,,,
14666509-f439-a480-328e-eda76567ebbf::385e6b8d-560e-8b9d-3429-3520f727c216,14666509-f439-a480-328e-eda76567ebbf,385e6b8d-560e-8b9d-3429-3520f727c216,1,00:00:00.000,,0,,full item,,,,,
2c33bd21-12e2-1739-f00c-5661182550fa::cb77f61c-c8e0-5113-4add-9d089088c234,2c33bd21-12e2-1739-f00c-5661182550fa,cb77f61c-c8e0-5113-4add-9d089088c234,1,00:00:00.000,,0,,full item,,,,,
50c5c704-3bde-ab02-384f-e4310e5f5b4c::025b1e94-70ba-0a46-5fe3-dd591eea456a,50c5c704-3bde-ab02-384f-e4310e5f5b4c,025b1e94-70ba-0a46-5fe3-dd591eea456a,1,00:00:00.000,,0,,full item,,,,,
54a0bd09-8025-34ba-9142-5f53a6e0d1be::93fc239c-df5b-cc6a-8914-dac01380dc82,54a0bd09-8025-34ba-9142-5f53a6e0d1be,93fc239c-df5b-cc6a-8914-dac01380dc82,1,00:00:00.000,,0,,full item,,,,,
5c976473-2111-0bb9-de0f-68776f784a75::579c5f92-09ca-9d28-f3c0-e0a3796f544e,5c976473-2111-0bb9-de0f-68776f784a75,579c5f92-09ca-9d28-f3c0-e0a3796f544e,1,00:00:00.000,,0,,full item,,,,,
6d550ec7-5ab5-b45b-38a1-2241c2131086::2c000e63-5489-f28f-9ff4-da0192bfcd64,6d550ec7-5ab5-b45b-38a1-2241c2131086,2c000e63-5489-f28f-9ff4-da0192bfcd64,1,00:00:00.000,,0,,full item,,,,,
71e368b7-62f2-e640-ee0b-98ec5905a8b6::92f6ad27-c5c8-b185-de4f-878c22edfbb1,71e368b7-62f2-e640-ee0b-98ec5905a8b6,92f6ad27-c5c8-b185-de4f-878c22edfbb1,1,00:00:00.000,,0,,full item,,,,,
7437bb20-95d1-97fb-10d5-315716b555b7::73f4c558-e845-a5ee-e886-11a0692a0118,7437bb20-95d1-97fb-10d5-315716b555b7,73f4c558-e845-a5ee-e886-11a0692a0118,1,00:00:00.000,,0,,full item,,,,,
91e2f149-2095-e768-7b4b-002d11e585da::648b3234-fbfb-5779-354a-05a8b8ae1b54,91e2f149-2095-e768-7b4b-002d11e585da,648b3234-fbfb-5779-354a-05a8b8ae1b54,1,00:00:00.000,,0,,full item,,,,,
b508646c-1184-6b87-6003-2de3c1ab1f68::6bb3b706-2072-14e6-f225-c5073af7922f,b508646c-1184-6b87-6003-2de3c1ab1f68,6bb3b706-2072-14e6-f225-c5073af7922f,1,00:00:00.000,,0,,full item,,,,,
c5bce3de-e119-3099-b5d5-4ab3d69bdfa9::d49cfa56-4c30-da76-21d5-068fb54359e1,c5bce3de-e119-3099-b5d5-4ab3d69bdfa9,d49cfa56-4c30-da76-21d5-068fb54359e1,1,00:00:00.000,,0,,full item,,,,,
da3b4582-52c4-a4b1-fb98-cc1ad03fae56::81bab25c-64ee-33e2-8017-5eb677287bd5,da3b4582-52c4-a4b1-fb98-cc1ad03fae56,81bab25c-64ee-33e2-8017-5eb677287bd5,1,00:00:00.000,,0,,full item,,,,,
09d833c9-d26c-f58b-d989-7d11de4e71a7::f7bc9bcf-7bc4-a5a5-1aac-6fd3c2bb4884,09d833c9-d26c-f58b-d989-7d11de4e71a7,f7bc9bcf-7bc4-a5a5-1aac-6fd3c2bb4884,1,00:00:00.000,,0,,full item,,,,,
37957fb9-e526-d2ab-7f0d-5e6914a508c5::c4225cb1-b8f2-404a-a85c-6a5e993d1b55,37957fb9-e526-d2ab-7f0d-5e6914a508c5,c4225cb1-b8f2-404a-a85c-6a5e993d1b55,1,00:00:00.000,,0,,full item,,,,,
3d3fbe12-1776-2993-63a7-6d3944a7aee7::21521d6a-53a5-f2b9-dac6-06e3e968aa8c,3d3fbe12-1776-2993-63a7-6d3944a7aee7,21521d6a-53a5-f2b9-dac6-06e3e968aa8c,1,00:00:00.000,,0,,full item,,,,,
d6dcc1be-b548-41c1-6e5d-5d7401e57096::18f6cf24-a90d-c406-1e7c-da285d0cd744,d6dcc1be-b548-41c1-6e5d-5d7401e57096,18f6cf24-a90d-c406-1e7c-da285d0cd744,1,00:00:00.000,,0,,full item,,,,,
419c1060-6fd5-8bbe-3788-105f58178049::26f95e58-4485-9989-0761-3ea4cf4b4658,419c1060-6fd5-8bbe-3788-105f58178049,26f95e58-4485-9989-0761-3ea4cf4b4658,1,00:00:00.000,,0,,full item,,,,,
68fa05a4-9b72-3c6b-c190-97f96807ce91::2a9d4957-50d6-7a71-3ec9-c3e45525d66f,68fa05a4-9b72-3c6b-c190-97f96807ce91,2a9d4957-50d6-7a71-3ec9-c3e45525d66f,1,00:00:00.000,,0,,full item,,,,,
75c0c011-8772-c9b6-f47b-2eb8daab3ed5::3b2acb3f-a85d-e667-880c-e0ef8924bb6e,75c0c011-8772-c9b6-f47b-2eb8daab3ed5,3b2acb3f-a85d-e667-880c-e0ef8924bb6e,1,00:00:00.000,,0,,full item,,,,,
76982943-9783-15d3-b920-72982d4d0314::342ab550-4f3c-ae8b-1891-95febb2aee4a,76982943-9783-15d3-b920-72982d4d0314,342ab550-4f3c-ae8b-1891-95febb2aee4a,1,00:00:00.000,,0,,full item,,,,,
982e0ccb-aa0d-3f0e-e522-85e93e438c9d::331f8d4e-62cc-5bff-415f-54852196f30d,982e0ccb-aa0d-3f0e-e522-85e93e438c9d,331f8d4e-62cc-5bff-415f-54852196f30d,1,00:00:00.000,,0,,full item,,,,,
a924f597-c0c2-528d-d294-027f54aed89e::b148e5f2-3c18-88be-959d-8728b38fab7d,a924f597-c0c2-528d-d294-027f54aed89e,b148e5f2-3c18-88be-959d-8728b38fab7d,1,00:00:00.000,,0,,full item,,,,,
c7dfc986-f6a4-ee17-f1eb-9d89f6398f99::fb3e57d8-f5ee-3c46-fe99-b18f5f8dd5fc,c7dfc986-f6a4-ee17-f1eb-9d89f6398f99,fb3e57d8-f5ee-3c46-fe99-b18f5f8dd5fc,1,00:00:00.000,,0,,full item,,,,,
fd80c5af-ca91-8a01-8224-18ff0e014202::f3508b79-0ebc-573f-ee98-f083ab63be02,fd80c5af-ca91-8a01-8224-18ff0e014202,f3508b79-0ebc-573f-ee98-f083ab63be02,1,00:00:00.000,,0,,full item,,,,,
022c3e13-65d3-01bc-50d4-7ae593e5c96b::87844881-c075-6cf7-bdfe-d49d96136e20,022c3e13-65d3-01bc-50d4-7ae593e5c96b,87844881-c075-6cf7-bdfe-d49d96136e20,1,00:00:00.000,,0,,full item,,,,,
07882e71-c474-5fab-a6da-a1c583e6db7e::b570b04c-f4e4-d40d-e307-907f9b00a5b8,07882e71-c474-5fab-a6da-a1c583e6db7e,b570b04c-f4e4-d40d-e307-907f9b00a5b8,1,00:00:00.000,,0,,full item,,,,,
0b44786d-a6f9-ccf7-5bd4-7bd91a751730::b90aa477-60a6-a038-45b9-50f84031ce9c,0b44786d-a6f9-ccf7-5bd4-7bd91a751730,b90aa477-60a6-a038-45b9-50f84031ce9c,1,00:00:00.000,,0,,full item,,,,,
4b71f961-e9f6-0903-f8c5-058e0e3e000c::c47b2779-dba4-0059-fb7c-401cbecbdca4,4b71f961-e9f6-0903-f8c5-058e0e3e000c,c47b2779-dba4-0059-fb7c-401cbecbdca4,1,00:00:00.000,,0,,full item,,,,,
b001a089-f667-8efd-e406-46509e85185a::b37f3842-8306-c683-f428-dd2590bd283f,b001a089-f667-8efd-e406-46509e85185a,b37f3842-8306-c683-f428-dd2590bd283f,1,00:00:00.000,,0,,full item,,,,,
b500fcc7-3b3c-bb65-7889-e989d9f2002a::e2183773-fc02-3507-6574-8539cb811b2a,b500fcc7-3b3c-bb65-7889-e989d9f2002a,e2183773-fc02-3507-6574-8539cb811b2a,1,00:00:00.000,,0,,full item,,,,,
da84f100-c0f7-e898-8d97-58f2a058f0b4::3ea6461c-0a37-3bda-d835-eddb352ee81a,da84f100-c0f7-e898-8d97-58f2a058f0b4,3ea6461c-0a37-3bda-d835-eddb352ee81a,1,00:00:00.000,,0,,full item,,,,,
eeaf3b6f-8f7d-e4eb-0151-29e92ca55e4a::607bef1e-cda4-49a8-d6c4-910aeaf22e4c,eeaf3b6f-8f7d-e4eb-0151-29e92ca55e4a,607bef1e-cda4-49a8-d6c4-910aeaf22e4c,1,00:00:00.000,,0,,full item,,,,,
078cac7e-d72b-3cd7-bec6-7403dc29d8e3::9b15a82b-9c87-b992-fe79-e70d17140dda,078cac7e-d72b-3cd7-bec6-7403dc29d8e3,9b15a82b-9c87-b992-fe79-e70d17140dda,1,00:00:00.000,,0,,full item,,,,,
97ff448d-7c70-95a5-fd01-ab565bd032f7::40c4fe93-7ec0-19b3-9a58-14e0e701d4b0,97ff448d-7c70-95a5-fd01-ab565bd032f7,40c4fe93-7ec0-19b3-9a58-14e0e701d4b0,1,00:00:00.000,,0,,full item,,,,,
c087d77a-5967-84c0-bda1-aa111d4b6022::0d0f632d-d811-627e-3982-89bce107667e,c087d77a-5967-84c0-bda1-aa111d4b6022,0d0f632d-d811-627e-3982-89bce107667e,1,00:00:00.000,,0,,full item,,,,,
c9bfd599-91ed-7ad8-1d0e-64a776cdfd1d::701a99d0-b7da-cc57-cc8f-52aba58eeca3,c9bfd599-91ed-7ad8-1d0e-64a776cdfd1d,701a99d0-b7da-cc57-cc8f-52aba58eeca3,1,00:00:00.000,,0,,full item,,,,,
d8eafd3c-889b-f144-21de-fb6eeadfc3c3::abf7a35e-8d07-d3b7-e32b-4769035ec90d,d8eafd3c-889b-f144-21de-fb6eeadfc3c3,abf7a35e-8d07-d3b7-e32b-4769035ec90d,1,00:00:00.000,,0,,full item,,,,,
eb808dcd-fa79-5485-ee1a-05b4411ab11a::a344f207-1bf4-0f1d-d0d0-ae2a93be2fb9,eb808dcd-fa79-5485-ee1a-05b4411ab11a,a344f207-1bf4-0f1d-d0d0-ae2a93be2fb9,1,00:00:00.000,,0,,full item,,,,,
acada6c2-09ff-f6af-4a72-a5075c1bbbd4::4f7aacba-00fd-0505-c826-18f5d5af4d77,acada6c2-09ff-f6af-4a72-a5075c1bbbd4,4f7aacba-00fd-0505-c826-18f5d5af4d77,1,00:00:00.000,,0,,full item,,,,,
2d933749-d734-7fe8-a7f9-6624ed874470::b8224f23-0255-f8e2-198c-6071c7f7867c,2d933749-d734-7fe8-a7f9-6624ed874470,b8224f23-0255-f8e2-198c-6071c7f7867c,1,00:00:00.000,00:05:10.000,0,310,full item,,,,,
1d1ea375-cdf5-72f6-8cb6-22cca6c89cb1::4105ea8d-6a62-2f0d-8725-1823329b1c1b,1d1ea375-cdf5-72f6-8cb6-22cca6c89cb1,4105ea8d-6a62-2f0d-8725-1823329b1c1b,1,00:00:00.000,00:21:10.000,0,1270,full item,,,,,
2c45a238-26bb-bbdb-3207-be21b8e75f7a::813b0272-7a50-db90-cb09-b5096fd46388,2c45a238-26bb-bbdb-3207-be21b8e75f7a,813b0272-7a50-db90-cb09-b5096fd46388,1,00:00:00.000,,0,,full item,,,,,
394d88ec-f2a0-94b2-e1f9-09969d8cab23::39e42644-edcd-605b-7848-9e4def13f6bb,394d88ec-f2a0-94b2-e1f9-09969d8cab23,39e42644-edcd-605b-7848-9e4def13f6bb,1,00:00:00.000,00:13:12.000,0,792,full item,,,,,
6e75bdd9-142c-1f05-16e5-f664d3b98c73::5b5121f8-f373-8cb5-ba1a-3c19440c9518,6e75bdd9-142c-1f05-16e5-f664d3b98c73,5b5121f8-f373-8cb5-ba1a-3c19440c9518,1,00:00:00.000,,0,,full item,,,,,
78e94af5-2caa-7d54-3a39-94746ac44739::1883ff61-1e43-60ea-95eb-55478e832a2b,78e94af5-2caa-7d54-3a39-94746ac44739,1883ff61-1e43-60ea-95eb-55478e832a2b,1,00:00:00.000,,0,,full item,,,,,
7dc97d7b-69c6-48de-0fb8-f21734501333::578961cb-bc55-b69a-86b5-de117356cb55,7dc97d7b-69c6-48de-0fb8-f21734501333,578961cb-bc55-b69a-86b5-de117356cb55,1,00:00:00.000,00:14:13.000,0,853,full item,,,,,
914c2e66-c08e-2af7-cd01-4c21d3c51b2e::50ee9a39-1537-d1da-9837-ecb2b030ce26,914c2e66-c08e-2af7-cd01-4c21d3c51b2e,50ee9a39-1537-d1da-9837-ecb2b030ce26,1,00:00:00.000,,0,,full item,,,,,
be2d57b4-9877-14fa-e6bc-4c246c89dfd0::f36d9fe1-8d78-5a0a-30f0-6516cf990b21,be2d57b4-9877-14fa-e6bc-4c246c89dfd0,f36d9fe1-8d78-5a0a-30f0-6516cf990b21,1,00:00:00.000,,0,,full item,,,,,
ca35b3ae-c241-1455-3ef4-81d90b269373::3a2066f7-2b15-1642-5f1d-df8ce30d4a36,ca35b3ae-c241-1455-3ef4-81d90b269373,3a2066f7-2b15-1642-5f1d-df8ce30d4a36,1,00:00:00.000,,0,,full item,,,,,
d03dfe02-dfbe-fa15-d497-8bfed5b3f197::437886bd-1c04-0ddc-92e2-571b30474174,d03dfe02-dfbe-fa15-d497-8bfed5b3f197,437886bd-1c04-0ddc-92e2-571b30474174,1,00:00:00.000,00:04:57.000,0,297,full item,,,,,
04bfad53-94de-4ade-5125-d0a055e64808::4f420341-d2a7-797a-5a3b-519af755b18a,04bfad53-94de-4ade-5125-d0a055e64808,4f420341-d2a7-797a-5a3b-519af755b18a,1,00:00:00.000,,0,,full item,,,,,
133420e0-9284-118a-231f-101d1cef5b58::30c252a2-7640-9c26-6a4b-6b8382505dcb,133420e0-9284-118a-231f-101d1cef5b58,30c252a2-7640-9c26-6a4b-6b8382505dcb,1,00:00:00.000,,0,,full item,,,,,
32ff7f2e-5b0f-da77-48ba-247d85e01ddf::fa860a28-5652-3592-394b-45ece9a44d62,32ff7f2e-5b0f-da77-48ba-247d85e01ddf,fa860a28-5652-3592-394b-45ece9a44d62,1,00:00:00.000,,0,,full item,,,,,
4dc69d9c-7960-4c12-563d-4936cd7978c6::e94e3255-11aa-1430-2dec-9d945270344b,4dc69d9c-7960-4c12-563d-4936cd7978c6,e94e3255-11aa-1430-2dec-9d945270344b,1,00:00:00.000,,0,,full item,,,,,
5d9d561b-8fa6-bc14-43e2-419e73627c09::bd10b76e-8085-2093-12fc-0df02864518b,5d9d561b-8fa6-bc14-43e2-419e73627c09,bd10b76e-8085-2093-12fc-0df02864518b,1,00:00:00.000,,0,,full item,,,,,
5fdab5cc-5b0f-9794-3d82-077e4b3b5293::1707bd93-2722-ab27-42b0-bd48cfb7b9ff,5fdab5cc-5b0f-9794-3d82-077e4b3b5293,1707bd93-2722-ab27-42b0-bd48cfb7b9ff,1,00:00:00.000,,0,,full item,,,,,
64e2f073-f076-8777-faf2-2105590200ba::a5208099-e897-5b6c-10ee-dc667e96bbe9,64e2f073-f076-8777-faf2-2105590200ba,a5208099-e897-5b6c-10ee-dc667e96bbe9,1,00:00:00.000,,0,,full item,,,,,
657af4fb-32a3-35ff-41b4-e0ba4e68e572::23ea9d07-4e54-8f5c-398c-7c113131536d,657af4fb-32a3-35ff-41b4-e0ba4e68e572,23ea9d07-4e54-8f5c-398c-7c113131536d,1,00:00:00.000,,0,,full item,,,,,
6ae33942-197b-9d13-d848-3bff3623c9d1::eec90db6-bd5b-40f7-3e07-be22bdde083b,6ae33942-197b-9d13-d848-3bff3623c9d1,eec90db6-bd5b-40f7-3e07-be22bdde083b,1,00:00:00.000,,0,,full item,,,,,
86ced0fa-567d-5538-8d43-4e46709e6f2c::66b8bdca-4b85-cb52-9a39-079551a21617,86ced0fa-567d-5538-8d43-4e46709e6f2c,66b8bdca-4b85-cb52-9a39-079551a21617,1,00:00:00.000,,0,,full item,,,,,
0162bffa-35e1-2bb5-17c6-e368d009fbe1::0ca95c31-5186-9870-5c1b-e562b467ceee,0162bffa-35e1-2bb5-17c6-e368d009fbe1,0ca95c31-5186-9870-5c1b-e562b467ceee,1,00:00:00.000,,0,,full item,,,,,
0520f3f0-6a63-2a6c-6a83-c815aefecdb5::53e5706a-2c30-d088-97fc-143cf3d6c8bf,0520f3f0-6a63-2a6c-6a83-c815aefecdb5,53e5706a-2c30-d088-97fc-143cf3d6c8bf,1,00:00:00.000,00:14:37.000,0,877,full item,,,,,
0746bb0a-1c58-8655-7a21-b3ae33be100d::20f087d9-1033-8cbd-c2f4-67d28c8a9fb5,0746bb0a-1c58-8655-7a21-b3ae33be100d,20f087d9-1033-8cbd-c2f4-67d28c8a9fb5,1,00:00:00.000,,0,,full item,,,,,
14759fcc-81a3-626d-553c-95c6a22fe91f::888fb7ee-1165-796e-b5d3-77b31813dbfe,14759fcc-81a3-626d-553c-95c6a22fe91f,888fb7ee-1165-796e-b5d3-77b31813dbfe,1,00:00:00.000,00:01:12.000,0,72,full item,,,,,
16683d78-09cd-5f08-6aa0-b92e2541300e::4092ffd8-7666-8d78-d6c5-b70d5f6fe9b8,16683d78-09cd-5f08-6aa0-b92e2541300e,4092ffd8-7666-8d78-d6c5-b70d5f6fe9b8,1,00:00:00.000,00:02:22.000,0,142,full item,,,,,
26d02a90-0771-c9bd-6f35-4729b74bfab8::13603670-a456-e5df-3dba-ab5ce675a136,26d02a90-0771-c9bd-6f35-4729b74bfab8,13603670-a456-e5df-3dba-ab5ce675a136,1,00:00:00.000,,0,,full item,,,,,
302040b8-adb9-4f7c-d820-9194d73ce357::8b1b1e9c-47f0-5dbd-b422-c7c4e21874fc,302040b8-adb9-4f7c-d820-9194d73ce357,8b1b1e9c-47f0-5dbd-b422-c7c4e21874fc,1,00:00:00.000,,0,,full item,,,,,
479438e6-6d26-3856-d0da-693cdbe75ac0::937e6f1e-5cb0-c3c9-9d8e-a2eb7c4f89ba,479438e6-6d26-3856-d0da-693cdbe75ac0,937e6f1e-5cb0-c3c9-9d8e-a2eb7c4f89ba,1,00:00:00.000,,0,,full item,,,,,
48b01521-6637-27a7-6610-7694386c23f7::4ce5cf5b-1620-4115-0d27-f337419b267e,48b01521-6637-27a7-6610-7694386c23f7,4ce5cf5b-1620-4115-0d27-f337419b267e,1,00:00:00.000,00:02:44.000,0,164,full item,,,,,
50398e9f-bc0e-d647-6715-d7c1d827c6e5::2b08abe8-37ad-e741-2c50-f29b2214f35f,50398e9f-bc0e-d647-6715-d7c1d827c6e5,2b08abe8-37ad-e741-2c50-f29b2214f35f,1,00:00:00.000,,0,,full item,,,,,
530842c4-05eb-fd1e-6d15-ac30aa6a2350::cf3defc7-6700-deee-5d39-c7b27792270d,530842c4-05eb-fd1e-6d15-ac30aa6a2350,cf3defc7-6700-deee-5d39-c7b27792270d,1,00:00:00.000,,0,,full item,,,,,
5e69ee93-188a-a27c-0812-4d32b152b6db::dc6071bf-f76b-d6bc-f2f1-1a19e6bc7f28,5e69ee93-188a-a27c-0812-4d32b152b6db,dc6071bf-f76b-d6bc-f2f1-1a19e6bc7f28,1,00:00:00.000,,0,,full item,,,,,
64786802-2724-c7de-3970-18418b78232f::910df9b9-2f10-4008-3624-1d928bf9bae0,64786802-2724-c7de-3970-18418b78232f,910df9b9-2f10-4008-3624-1d928bf9bae0,1,00:00:00.000,,0,,full item,,,,,
6c0d0fd9-af7b-2a45-50d5-c8f33208294d::00beabfa-814d-51d3-285d-dc2d0406ce6e,6c0d0fd9-af7b-2a45-50d5-c8f33208294d,00beabfa-814d-51d3-285d-dc2d0406ce6e,1,00:00:00.000,,0,,full item,,,,,
7707b400-63c4-2047-1e97-201e9b5d5dd8::287c71cc-f2eb-9efa-6073-f15d2f419612,7707b400-63c4-2047-1e97-201e9b5d5dd8,287c71cc-f2eb-9efa-6073-f15d2f419612,1,00:00:00.000,,0,,full item,,,,,
7f985774-89f3-e822-c4eb-55354c917b76::f4ea33ab-5b6f-cfa5-5a6c-30d67f9de4d4,7f985774-89f3-e822-c4eb-55354c917b76,f4ea33ab-5b6f-cfa5-5a6c-30d67f9de4d4,1,00:00:00.000,,0,,full item,,,,,
80d338c0-f510-c155-229e-8068e0975a58::633f7e3a-4e40-985c-52ea-0cb30a8f68ed,80d338c0-f510-c155-229e-8068e0975a58,633f7e3a-4e40-985c-52ea-0cb30a8f68ed,1,00:00:00.000,00:05:03.000,0,303,full item,,,,,
8b7a00f1-9a00-f558-1bf6-5d95662b2e3b::745d7ef4-425a-17ae-29ad-f8813e8008a9,8b7a00f1-9a00-f558-1bf6-5d95662b2e3b,745d7ef4-425a-17ae-29ad-f8813e8008a9,1,00:00:00.000,,0,,full item,,,,,
b21dbfef-8af1-a6c6-66c5-782a5bb5baa8::b03f359b-71f1-b5dc-17f8-ff66502cfe37,b21dbfef-8af1-a6c6-66c5-782a5bb5baa8,b03f359b-71f1-b5dc-17f8-ff66502cfe37,1,00:00:00.000,00:09:10.000,0,550,full item,,,,,
b51ef5f5-7d64-c274-322f-5c1da054778a::1aab672b-8651-51ea-2116-443a6b832ab4,b51ef5f5-7d64-c274-322f-5c1da054778a,1aab672b-8651-51ea-2116-443a6b832ab4,1,00:00:00.000,,0,,full item,,,,,
baf01c79-4bff-189c-1dcd-8dd5912d4c73::f22b1f58-458d-ef5f-3b6c-6a75dd32a4d4,baf01c79-4bff-189c-1dcd-8dd5912d4c73,f22b1f58-458d-ef5f-3b6c-6a75dd32a4d4,1,00:00:00.000,,0,,full item,,,,,
bb436330-82e8-086a-de25-3c8cf411a77c::b195a349-b61a-7fc0-2de6-81f80a481610,bb436330-82e8-086a-de25-3c8cf411a77c,b195a349-b61a-7fc0-2de6-81f80a481610,1,00:00:00.000,,0,,full item,,,,,
be0a8a96-9e46-2010-a3e0-38e20e8d3cf1::3b032782-21d1-4547-1d97-dad90bead1fc,be0a8a96-9e46-2010-a3e0-38e20e8d3cf1,3b032782-21d1-4547-1d97-dad90bead1fc,1,00:00:00.000,,0,,full item,,,,,
c0a0cdd4-e0a6-fada-3538-339974e75058::4bf47167-8360-e357-bdba-62596000008f,c0a0cdd4-e0a6-fada-3538-339974e75058,4bf47167-8360-e357-bdba-62596000008f,1,00:00:00.000,00:06:26.000,0,386,full item,,,,,
cd82f5dc-bdea-3afe-f4e5-669b5cabfff5::ec30e4ec-2d8e-c5c0-a85e-9c3f6c1a2ce0,cd82f5dc-bdea-3afe-f4e5-669b5cabfff5,ec30e4ec-2d8e-c5c0-a85e-9c3f6c1a2ce0,1,00:00:00.000,,0,,full item,,,,,
ce665867-9cb2-475e-02f2-adc48e078544::9af2c6c7-be0f-b27f-7363-89d0aea5add3,ce665867-9cb2-475e-02f2-adc48e078544,9af2c6c7-be0f-b27f-7363-89d0aea5add3,1,00:00:00.000,,0,,full item,,,,,
e151176b-b0e5-f961-c0f1-dd07806e6a95::228f2447-6a00-6216-6421-dc3fea3f498f,e151176b-b0e5-f961-c0f1-dd07806e6a95,228f2447-6a00-6216-6421-dc3fea3f498f,1,00:00:00.000,00:20:15.000,0,1215,full item,,,,,
e5169ea8-c641-e95f-aabd-1ef1e4d11257::4a9df643-d8b0-256f-04ad-e86c58114fff,e5169ea8-c641-e95f-aabd-1ef1e4d11257,4a9df643-d8b0-256f-04ad-e86c58114fff,1,00:00:00.000,,0,,full item,,,,,
fc0a700e-20d3-6af5-7a7a-6e176b502b11::4c7214f3-76ab-777b-530d-e45e22c4ab27,fc0a700e-20d3-6af5-7a7a-6e176b502b11,4c7214f3-76ab-777b-530d-e45e22c4ab27,1,00:00:00.000,,0,,full item,,,,,
02d6acea-f882-598a-d896-55879023a241::8763de9a-0788-aeae-fd90-572ffbf56306,02d6acea-f882-598a-d896-55879023a241,8763de9a-0788-aeae-fd90-572ffbf56306,1,00:00:00.000,,0,,full item,,,,,
08db7ffb-af4f-a4af-a870-a0776ffa27c9::b7a67b35-51f4-7c4b-046a-a309da1607fb,08db7ffb-af4f-a4af-a870-a0776ffa27c9,b7a67b35-51f4-7c4b-046a-a309da1607fb,1,00:00:00.000,,0,,full item,,,,,
0b879f5c-ea25-912a-d1a8-0ce140c1f986::6a7bd4be-800a-5d88-f1c7-2bf31e0e2f97,0b879f5c-ea25-912a-d1a8-0ce140c1f986,6a7bd4be-800a-5d88-f1c7-2bf31e0e2f97,1,00:00:00.000,,0,,full item,,,,,
160b3786-cfda-4a81-e505-c2b052759ce8::e76d1b7b-7a7b-fe82-e728-47438f9f2822,160b3786-cfda-4a81-e505-c2b052759ce8,e76d1b7b-7a7b-fe82-e728-47438f9f2822,1,00:00:00.000,,0,,full item,,,,,
1ae41bb0-53e2-079c-f3d6-c472994705fb::dfdd2676-89d1-2fc7-79bc-c535acb98cbc,1ae41bb0-53e2-079c-f3d6-c472994705fb,dfdd2676-89d1-2fc7-79bc-c535acb98cbc,1,00:00:00.000,,0,,full item,,,,,
2d0ee8ba-8f19-b0f0-250a-a5927aac1c5f::294b3165-4229-61a1-84cf-a9d330ad525b,2d0ee8ba-8f19-b0f0-250a-a5927aac1c5f,294b3165-4229-61a1-84cf-a9d330ad525b,1,00:00:00.000,,0,,full item,,,,,
301c74bf-6d43-a3f0-93e8-416b967ce960::,301c74bf-6d43-a3f0-93e8-416b967ce960,,1,00:00:00.000,,0,,full item,,,,,
3ac23a8e-3271-08dd-8a87-7d781f2a9f7f::1a7d50b0-e89a-badd-fb53-be7c2acd42c5,3ac23a8e-3271-08dd-8a87-7d781f2a9f7f,1a7d50b0-e89a-badd-fb53-be7c2acd42c5,1,00:00:00.000,,0,,full item,,,,,
44843657-3859-d989-0432-bb494730844d::26e285cd-029b-d4d1-dde7-6d5b26de2343,44843657-3859-d989-0432-bb494730844d,26e285cd-029b-d4d1-dde7-6d5b26de2343,1,00:00:00.000,,0,,full item,,,,,
497418f5-7911-04b6-d30a-5831a0a417a7::be104e96-cb8c-5f88-d11c-7c29f4fc3f13,497418f5-7911-04b6-d30a-5831a0a417a7,be104e96-cb8c-5f88-d11c-7c29f4fc3f13,1,00:00:00.000,,0,,full item,,,,,
4b55605f-ec7b-125e-9564-cad3b4396bb4::3ec05cd7-33d9-2a0c-b284-afcfa7c636ba,4b55605f-ec7b-125e-9564-cad3b4396bb4,3ec05cd7-33d9-2a0c-b284-afcfa7c636ba,1,00:00:00.000,,0,,full item,,,,,
52400ee8-c184-6605-dc64-cf26e2b22455::ff0dd1ad-c3b1-ff7c-9f85-518e830a8b82,52400ee8-c184-6605-dc64-cf26e2b22455,ff0dd1ad-c3b1-ff7c-9f85-518e830a8b82,1,00:00:00.000,,0,,full item,,,,,
5dbf8a06-4809-53d0-051a-25a7f756f5c3::fd22a1e3-3633-4da1-b8d1-3b4931541016,5dbf8a06-4809-53d0-051a-25a7f756f5c3,fd22a1e3-3633-4da1-b8d1-3b4931541016,1,00:00:00.000,,0,,full item,,,,,
74253ce3-95ec-a766-cfd6-aeee5aee1d8b::02879376-fee1-85de-16d2-dc141822f093,74253ce3-95ec-a766-cfd6-aeee5aee1d8b,02879376-fee1-85de-16d2-dc141822f093,1,00:00:00.000,,0,,full item,,,,,
7b33b87c-3b86-3957-79e3-98757922ccb5::78ed14d1-1aa1-5d5c-b071-bb8fc49d1f0c,7b33b87c-3b86-3957-79e3-98757922ccb5,78ed14d1-1aa1-5d5c-b071-bb8fc49d1f0c,1,00:00:00.000,,0,,full item,,,,,
816b3312-f41b-d6c4-9892-f21c317b3c3f::b97e324b-96bb-0c05-cd3e-68d71579650b,816b3312-f41b-d6c4-9892-f21c317b3c3f,b97e324b-96bb-0c05-cd3e-68d71579650b,1,00:00:00.000,,0,,full item,,,,,
883ea2ce-6115-58be-8646-35141a399f07::f9efa731-9b71-96cb-f7b8-0cf12e3b69e5,883ea2ce-6115-58be-8646-35141a399f07,f9efa731-9b71-96cb-f7b8-0cf12e3b69e5,1,00:00:00.000,,0,,full item,,,,,
96befecf-9699-b473-b329-358a7c308390::1fc3030e-0214-1ec3-93f1-d4659d8b442b,96befecf-9699-b473-b329-358a7c308390,1fc3030e-0214-1ec3-93f1-d4659d8b442b,1,00:00:00.000,,0,,full item,,,,,
98333b5c-2568-9363-91d0-09c54058c8ad::e7c680bf-fcd5-976a-d698-f272a97b58c3,98333b5c-2568-9363-91d0-09c54058c8ad,e7c680bf-fcd5-976a-d698-f272a97b58c3,1,00:00:00.000,,0,,full item,,,,,
a3f3fec7-823a-3e12-31d5-a32b00e81910::b63578b0-98df-d1c8-37e1-0d5765bbd109,a3f3fec7-823a-3e12-31d5-a32b00e81910,b63578b0-98df-d1c8-37e1-0d5765bbd109,1,00:00:00.000,,0,,full item,,,,,
a6530969-fbe4-4cf5-de19-c464188a45e1::1d74c668-139c-85ef-194d-c711201359b8,a6530969-fbe4-4cf5-de19-c464188a45e1,1d74c668-139c-85ef-194d-c711201359b8,1,00:00:00.000,00:06:40.000,0,400,full item,,,,,
b18275e8-0d6f-289f-611e-e25e017cff82::d5e6051f-de25-a6c1-1302-0778de8f8111,b18275e8-0d6f-289f-611e-e25e017cff82,d5e6051f-de25-a6c1-1302-0778de8f8111,1,00:00:00.000,,0,,full item,,,,,
b33c0f71-531c-b45d-5811-338d82a5cf7b::c4888daa-02d9-f478-f2ca-761ba246a5e4,b33c0f71-531c-b45d-5811-338d82a5cf7b,c4888daa-02d9-f478-f2ca-761ba246a5e4,1,00:00:00.000,,0,,full item,,,,,
b5ed61e3-2143-dee4-3995-d53c6006aa0a::d43e6437-cfeb-9454-c1c9-b89dc18c84eb,b5ed61e3-2143-dee4-3995-d53c6006aa0a,d43e6437-cfeb-9454-c1c9-b89dc18c84eb,1,00:00:00.000,,0,,full item,,,,,
bb706878-fd16-dfec-e87c-8e75bcc96b24::60d3e565-66bd-7f2c-aaf0-33ebea58a519,bb706878-fd16-dfec-e87c-8e75bcc96b24,60d3e565-66bd-7f2c-aaf0-33ebea58a519,1,00:00:00.000,,0,,full item,,,,,
c08c6e59-cd1d-65f9-792b-95a7f50cb2d0::3cfe535c-584d-a723-e1d2-97c124216720,c08c6e59-cd1d-65f9-792b-95a7f50cb2d0,3cfe535c-584d-a723-e1d2-97c124216720,1,00:00:00.000,,0,,full item,,,,,
c54cf1b4-682e-c340-e694-f98bc9cd9fe5::,c54cf1b4-682e-c340-e694-f98bc9cd9fe5,,1,00:00:00.000,,0,,full item,,,,,
da4e949e-5459-01b6-5df2-e4db099d5b25::58536b5d-bf80-558c-0ce6-8e97ccc2fecf,da4e949e-5459-01b6-5df2-e4db099d5b25,58536b5d-bf80-558c-0ce6-8e97ccc2fecf,1,00:00:00.000,,0,,full item,,,,,
db69429d-dfdf-15ba-537b-751f56d23622::ab8d58c3-fbf2-0f0a-1a5a-c73204e14aa3,db69429d-dfdf-15ba-537b-751f56d23622,ab8d58c3-fbf2-0f0a-1a5a-c73204e14aa3,1,00:00:00.000,,0,,full item,,,,,
dd903813-ae03-f716-f5ab-b384ecaa59d6::e952f7e0-2378-d0a8-86ff-c439cd562114,dd903813-ae03-f716-f5ab-b384ecaa59d6,e952f7e0-2378-d0a8-86ff-c439cd562114,1,00:00:00.000,,0,,full item,,,,,
e537beaa-ae03-a967-5822-f9f994809165::1a853af1-4be8-ed35-b387-27a526b40117,e537beaa-ae03-a967-5822-f9f994809165,1a853af1-4be8-ed35-b387-27a526b40117,1,00:00:00.000,00:30:02.000,0,1802,full item,,,,,
f3426454-f4be-bb6e-627b-6a1925e6c655::32157a4a-fbfb-bee4-7566-ebc4686cec6e,f3426454-f4be-bb6e-627b-6a1925e6c655,32157a4a-fbfb-bee4-7566-ebc4686cec6e,1,00:00:00.000,,0,,full item,,,,,
fb32fa38-edda-77a9-a0f9-5b1565d1c18c::361d1189-9ea9-826a-b75d-703b89f9463d,fb32fa38-edda-77a9-a0f9-5b1565d1c18c,361d1189-9ea9-826a-b75d-703b89f9463d,1,00:00:00.000,,0,,full item,,,,,
fea93825-b784-0e69-3bd0-8629306db6af::129f84f0-ac6c-4f3b-5563-64d49c97b064,fea93825-b784-0e69-3bd0-8629306db6af,129f84f0-ac6c-4f3b-5563-64d49c97b064,1,00:00:00.000,,0,,full item,,,,,
150cbe6c-ca2f-e094-692e-6c82937e684b::8facd5c9-8371-16c1-9065-1f5b4fb62b82,150cbe6c-ca2f-e094-692e-6c82937e684b,8facd5c9-8371-16c1-9065-1f5b4fb62b82,1,00:00:00.000,,0,,full item,,,,,
2981c31a-a358-c1ad-8ac4-0147fc921dbf::3a6e3653-b18d-27f6-50c3-0c197a624e40,2981c31a-a358-c1ad-8ac4-0147fc921dbf,3a6e3653-b18d-27f6-50c3-0c197a624e40,1,00:00:00.000,,0,,full item,,,,,
2a4ff686-cbce-4fa1-e1a5-20eb0ab2e1af::51458ae6-fd26-6e9b-d464-00502de98cdf,2a4ff686-cbce-4fa1-e1a5-20eb0ab2e1af,51458ae6-fd26-6e9b-d464-00502de98cdf,1,00:00:00.000,00:01:24.000,0,84,full item,,,,,
33435451-5923-0306-2f5f-869239b56065::1e3e734e-f334-51c5-f941-443e351aaab4,33435451-5923-0306-2f5f-869239b56065,1e3e734e-f334-51c5-f941-443e351aaab4,1,00:00:00.000,,0,,full item,,,,,
4ae296b6-7640-3dfa-d661-91d43aa6a59c::65ba0f29-2c08-3bf8-d4a6-98a0252f87d7,4ae296b6-7640-3dfa-d661-91d43aa6a59c,65ba0f29-2c08-3bf8-d4a6-98a0252f87d7,1,00:00:00.000,,0,,full item,,,,,
52104ae3-2c29-19ed-e0a9-95c62ac02ea9::9042b1e2-f8ce-ecdd-ca29-e4c05f410638,52104ae3-2c29-19ed-e0a9-95c62ac02ea9,9042b1e2-f8ce-ecdd-ca29-e4c05f410638,1,00:00:00.000,,0,,full item,,,,,
540de922-6ca9-41f6-2773-2683da9ee4e6::2f1c784f-b87f-641c-5b78-6570da293c4a,540de922-6ca9-41f6-2773-2683da9ee4e6,2f1c784f-b87f-641c-5b78-6570da293c4a,1,00:00:00.000,,0,,full item,,,,,
573515d7-7fb9-29f2-49f1-b2c2d9ad74bc::4938ce6b-48d2-dded-561e-fdcb9d5824d1,573515d7-7fb9-29f2-49f1-b2c2d9ad74bc,4938ce6b-48d2-dded-561e-fdcb9d5824d1,1,00:00:00.000,00:01:23.000,0,83,full item,,,,,
57360096-653d-9b49-7a85-0b84907ee2af::0ef34797-abe5-c170-e1a6-6d19f931ba64,57360096-653d-9b49-7a85-0b84907ee2af,0ef34797-abe5-c170-e1a6-6d19f931ba64,1,00:00:00.000,,0,,full item,,,,,
616d90e4-dcb0-a788-311e-d5e985f46008::f4ecdf6a-d146-20d7-f3a7-4f3321b87c96,616d90e4-dcb0-a788-311e-d5e985f46008,f4ecdf6a-d146-20d7-f3a7-4f3321b87c96,1,00:00:00.000,00:01:53.000,0,113,full item,,,,,
64f30236-5f4d-63d4-0665-751c8bbd62ba::00065bb0-c373-d1c0-bb27-20a1d931dcf2,64f30236-5f4d-63d4-0665-751c8bbd62ba,00065bb0-c373-d1c0-bb27-20a1d931dcf2,1,00:00:00.000,00:02:03.000,0,123,full item,,,,,
788f6d15-daab-5e81-3741-2be548ef0fb4::06bb1bda-6ff7-4013-b06d-a8de5dee9525,788f6d15-daab-5e81-3741-2be548ef0fb4,06bb1bda-6ff7-4013-b06d-a8de5dee9525,1,00:00:00.000,,0,,full item,,,,,
7b0c733f-0be9-2fd8-2f91-87c5dceeee69::06f198a7-6947-a62a-c4e1-69a69c879200,7b0c733f-0be9-2fd8-2f91-87c5dceeee69,06f198a7-6947-a62a-c4e1-69a69c879200,1,00:00:00.000,,0,,full item,,,,,
7d38a602-a375-5553-5682-07a5a88e9321::cea3004b-1bb1-d55c-5b76-f30d6a442919,7d38a602-a375-5553-5682-07a5a88e9321,cea3004b-1bb1-d55c-5b76-f30d6a442919,1,00:00:00.000,,0,,full item,,,,,
7ec917e7-ba6d-11b8-b054-fac243fe0962::067b5e5f-42b7-932c-f5ec-6dedfc40bf82,7ec917e7-ba6d-11b8-b054-fac243fe0962,067b5e5f-42b7-932c-f5ec-6dedfc40bf82,1,00:00:00.000,,0,,full item,,,,,
8308d5b5-8132-b478-5015-10bcb234390f::3ff1240f-a2a1-1623-f909-9c93e3b22056,8308d5b5-8132-b478-5015-10bcb234390f,3ff1240f-a2a1-1623-f909-9c93e3b22056,1,00:00:00.000,,0,,full item,,,,,
888f6701-318c-23d3-bbd9-d83b9f55677f::48bfa86e-46b1-3488-29c8-f2af2036221b,888f6701-318c-23d3-bbd9-d83b9f55677f,48bfa86e-46b1-3488-29c8-f2af2036221b,1,00:00:00.000,00:02:09.000,0,129,full item,,,,,
8a467e17-4b27-ca74-b2d3-708edc84a1d5::a4f30cee-5669-ed26-bac9-791f7873ce01,8a467e17-4b27-ca74-b2d3-708edc84a1d5,a4f30cee-5669-ed26-bac9-791f7873ce01,1,00:00:00.000,00:01:30.000,0,90,full item,,,,,
946f2a05-34d3-5063-a578-bb844abdbf73::356400c6-7415-7839-2abd-ee785a095194,946f2a05-34d3-5063-a578-bb844abdbf73,356400c6-7415-7839-2abd-ee785a095194,1,00:00:00.000,00:05:11.000,0,311,full item,,,,,
97c8d591-8938-dfd9-709d-88fe914cd188::6ba7c324-c009-a4fe-322e-62b59817ceff,97c8d591-8938-dfd9-709d-88fe914cd188,6ba7c324-c009-a4fe-322e-62b59817ceff,1,00:00:00.000,00:00:52.000,0,52,full item,,,,,
9aa7380d-b6ed-1d57-0478-bb8ce273ef3d::a1cc12de-155e-947b-f6d4-6f7259a47e6c,9aa7380d-b6ed-1d57-0478-bb8ce273ef3d,a1cc12de-155e-947b-f6d4-6f7259a47e6c,1,00:00:00.000,,0,,full item,,,,,
9cf91579-3fae-930d-caae-3a7bbae76f37::16604360-3152-e3e8-d09f-1e195f3b93bf,9cf91579-3fae-930d-caae-3a7bbae76f37,16604360-3152-e3e8-d09f-1e195f3b93bf,1,00:00:00.000,,0,,full item,,,,,
ab2f469b-a049-c019-f1b8-f1bd499a5a64::d9c73d15-21f8-06e6-47e9-0e29a7c6540f,ab2f469b-a049-c019-f1b8-f1bd499a5a64,d9c73d15-21f8-06e6-47e9-0e29a7c6540f,1,00:00:00.000,,0,,full item,,,,,
ae6cde30-1666-75cd-7541-47a2a279eb14::ea5ae0ff-6d84-71d8-f34b-f7cb9250806d,ae6cde30-1666-75cd-7541-47a2a279eb14,ea5ae0ff-6d84-71d8-f34b-f7cb9250806d,1,00:00:00.000,,0,,full item,,,,,
ba01b7a9-049c-e2a7-357f-5ccf7703f552::17483bc4-1b81-243b-4d5a-a9293b8de9a7,ba01b7a9-049c-e2a7-357f-5ccf7703f552,17483bc4-1b81-243b-4d5a-a9293b8de9a7,1,00:00:00.000,,0,,full item,,,,,
bad6475f-623a-c281-4da5-f95b5d1aa8a4::923e8161-fcfe-71d0-3f3d-bbd628893924,bad6475f-623a-c281-4da5-f95b5d1aa8a4,923e8161-fcfe-71d0-3f3d-bbd628893924,1,00:00:00.000,,0,,full item,,,,,
ca9bf440-ba14-d7b9-b262-87dc83a46c99::7245105e-79b8-217c-a965-db24fea01ce8,ca9bf440-ba14-d7b9-b262-87dc83a46c99,7245105e-79b8-217c-a965-db24fea01ce8,1,00:00:00.000,00:01:13.000,0,73,full item,,,,,
d7d696be-7ed9-0c36-cb96-a97eaed2fb77::fb5a8741-e97c-78bd-c440-9a0a79b259e6,d7d696be-7ed9-0c36-cb96-a97eaed2fb77,fb5a8741-e97c-78bd-c440-9a0a79b259e6,1,00:00:00.000,,0,,full item,,,,,
e2ae7b98-65d5-50b0-c0d6-44e7991d42bc::59ce8107-875a-149f-b1ae-b371ddd7f903,e2ae7b98-65d5-50b0-c0d6-44e7991d42bc,59ce8107-875a-149f-b1ae-b371ddd7f903,1,00:00:00.000,,0,,full item,,,,,
e4840847-9663-340e-e1d7-c47beeaa2f1a::24a257e6-c795-75b3-4518-5859b04563d4,e4840847-9663-340e-e1d7-c47beeaa2f1a,24a257e6-c795-75b3-4518-5859b04563d4,1,00:00:00.000,00:01:11.000,0,71,full item,,,,,
e49a0106-3f2d-6b47-49b6-c53efdf143b1::d3221cd5-0f2a-d471-d67a-056aa3f1c92f,e49a0106-3f2d-6b47-49b6-c53efdf143b1,d3221cd5-0f2a-d471-d67a-056aa3f1c92f,1,00:00:00.000,,0,,full item,,,,,
e81d8539-5195-fdf5-7a02-2e0277455820::3f25a6ee-9796-992c-288a-7c24affe0e78,e81d8539-5195-fdf5-7a02-2e0277455820,3f25a6ee-9796-992c-288a-7c24affe0e78,1,00:00:00.000,,0,,full item,,,,,
e888ab37-9f93-4ba3-ae43-144108c00e55::94ac4109-1528-d1d7-c29e-d086cc736948,e888ab37-9f93-4ba3-ae43-144108c00e55,94ac4109-1528-d1d7-c29e-d086cc736948,1,00:00:00.000,00:00:56.000,0,56,full item,,,,,
ee39d3b9-1e5a-34da-381f-62a23d72b8f2::b2d20f5c-64ee-f87a-edff-d05facfd5f56,ee39d3b9-1e5a-34da-381f-62a23d72b8f2,b2d20f5c-64ee-f87a-edff-d05facfd5f56,1,00:00:00.000,00:01:21.000,0,81,full item,,,,,
fbf776e6-a9d4-1868-9048-2c792c8fc5b4::0e4a1880-0d11-9843-e401-7cad43a90c63,fbf776e6-a9d4-1868-9048-2c792c8fc5b4,0e4a1880-0d11-9843-e401-7cad43a90c63,1,00:00:00.000,00:02:17.000,0,137,full item,,,,,
fc2e4b48-5160-4ba0-d74a-806bba53a4ef::191cf177-c6a8-5e81-8c09-2a15ea740595,fc2e4b48-5160-4ba0-d74a-806bba53a4ef,191cf177-c6a8-5e81-8c09-2a15ea740595,1,00:00:00.000,00:01:14.000,0,74,full item,,,,,
fef0ac00-9e8f-2a9f-bf9c-2791d6cf5512::018c9aec-fcc0-db92-e191-a76585378987,fef0ac00-9e8f-2a9f-bf9c-2791d6cf5512,018c9aec-fcc0-db92-e191-a76585378987,1,00:00:00.000,00:00:39.000,0,39,full item,,,,,
28b836f3-e053-d17b-9cec-6c6b7a8db971::,28b836f3-e053-d17b-9cec-6c6b7a8db971,,1,00:00:00.000,00:00:48.000,0,48,full item,,,,,
03445e12-a915-e4f9-d020-2cf5ddde2578::b89a2df7-27ec-8d17-1a87-0e4ae4334431,03445e12-a915-e4f9-d020-2cf5ddde2578,b89a2df7-27ec-8d17-1a87-0e4ae4334431,1,00:00:00.000,00:00:58.000,0,58,full item,,,,,
05772d5d-5289-79c0-3379-231e7290eca9::3df920c5-3fe2-efcc-3ba8-28f2d42bd1f6,05772d5d-5289-79c0-3379-231e7290eca9,3df920c5-3fe2-efcc-3ba8-28f2d42bd1f6,1,00:00:00.000,00:00:47.000,0,47,full item,,,,,
21854cd4-683a-e645-b4b5-6e0560b88191::7d81a186-1cd9-d7d4-eaa6-60c98f0ad58b,21854cd4-683a-e645-b4b5-6e0560b88191,7d81a186-1cd9-d7d4-eaa6-60c98f0ad58b,1,00:00:00.000,00:00:19.000,0,19,full item,,,,,
30b67b07-ec41-3b89-1904-5b74ce2fee74::7a3752c6-3336-3936-aacf-f965e650d551,30b67b07-ec41-3b89-1904-5b74ce2fee74,7a3752c6-3336-3936-aacf-f965e650d551,1,00:00:00.000,00:02:10.000,0,130,full item,,,,,
34a168d3-7d95-b557-c7f8-68074c79cd4b::c6067725-7e00-f50a-bbbe-c1b7aa813fcd,34a168d3-7d95-b557-c7f8-68074c79cd4b,c6067725-7e00-f50a-bbbe-c1b7aa813fcd,1,00:00:00.000,00:01:47.000,0,107,full item,,,,,
36d60abc-3a7f-017a-dac8-bda2f67156df::b242bd95-d583-8e7a-052a-c26cd756725a,36d60abc-3a7f-017a-dac8-bda2f67156df,b242bd95-d583-8e7a-052a-c26cd756725a,1,00:00:00.000,00:00:41.000,0,41,full item,,,,,
36e82f67-e686-c075-f214-701de597ee66::8fd7728b-3a43-d858-116e-32251d42e786,36e82f67-e686-c075-f214-701de597ee66,8fd7728b-3a43-d858-116e-32251d42e786,1,00:00:00.000,00:00:31.000,0,31,full item,,,,,
37dc2c81-3a3d-0c53-b1e1-03cbf9b69874::08279899-7bd8-9836-9282-5f84c66007b0,37dc2c81-3a3d-0c53-b1e1-03cbf9b69874,08279899-7bd8-9836-9282-5f84c66007b0,1,00:00:00.000,00:02:11.000,0,131,full item,,,,,
3943bcd8-616c-58d6-d080-45fb043c7177::ad1d22df-d417-5a81-c369-c8ddaff2dfea,3943bcd8-616c-58d6-d080-45fb043c7177,ad1d22df-d417-5a81-c369-c8ddaff2dfea,1,00:00:00.000,00:01:12.000,0,72,full item,,,,,
3945b0a5-c75c-7d95-6ace-ad95ca70f482::5fa8f1fa-3554-9560-30f2-5dd8ed82e76e,3945b0a5-c75c-7d95-6ace-ad95ca70f482,5fa8f1fa-3554-9560-30f2-5dd8ed82e76e,1,00:00:00.000,00:02:21.000,0,141,full item,,,,,
3eeb4a14-79c4-06bd-2158-88719d9f4cfe::eaed350d-1313-9249-4257-ae7aed56135d,3eeb4a14-79c4-06bd-2158-88719d9f4cfe,eaed350d-1313-9249-4257-ae7aed56135d,1,00:00:00.000,00:01:23.000,0,83,full item,,,,,
4a4232b8-e288-1223-9a9e-f65bfca4dbb7::81d3e869-1127-a7ef-ac36-725ff69d4603,4a4232b8-e288-1223-9a9e-f65bfca4dbb7,81d3e869-1127-a7ef-ac36-725ff69d4603,1,00:00:00.000,00:01:20.000,0,80,full item,,,,,
4af63f53-ee94-01ab-a13c-117019028aad::16644b0d-559d-d022-a251-a995669e0d0b,4af63f53-ee94-01ab-a13c-117019028aad,16644b0d-559d-d022-a251-a995669e0d0b,1,00:00:00.000,00:01:07.000,0,67,full item,,,,,
4b0dfb4b-7bf5-0e21-6f88-05e83a8fbdc5::0659de07-9977-e420-2cc6-d956e6838c9f,4b0dfb4b-7bf5-0e21-6f88-05e83a8fbdc5,0659de07-9977-e420-2cc6-d956e6838c9f,1,00:00:00.000,00:04:29.000,0,269,full item,,,,,
52be84e8-1e6d-7219-824a-d4f377d2bc17::08a8cb43-bdb3-7734-55fc-94468ee98355,52be84e8-1e6d-7219-824a-d4f377d2bc17,08a8cb43-bdb3-7734-55fc-94468ee98355,1,00:00:00.000,00:01:07.000,0,67,full item,,,,,
53dc8001-5681-1d33-3752-212562009c37::37b90df0-46b3-6ca0-2472-9ed3c25e5757,53dc8001-5681-1d33-3752-212562009c37,37b90df0-46b3-6ca0-2472-9ed3c25e5757,1,00:00:00.000,00:01:19.000,0,79,full item,,,,,
5b47c6d8-d80d-b5a7-94a6-c4f5fd36b9b5::558ef19c-837f-4e02-93f0-78dc1be48ea6,5b47c6d8-d80d-b5a7-94a6-c4f5fd36b9b5,558ef19c-837f-4e02-93f0-78dc1be48ea6,1,00:00:00.000,00:01:29.000,0,89,full item,,,,,
5bba9564-4957-3891-f3da-31ee2d820b2d::72cccf06-20ae-5586-a16d-032d511b654f,5bba9564-4957-3891-f3da-31ee2d820b2d,72cccf06-20ae-5586-a16d-032d511b654f,1,00:00:00.000,00:01:05.000,0,65,full item,,,,,
64ac8860-5fb8-78e4-7551-727eb47231c7::dcc6b761-d591-7381-89c3-ff34029f2c6c,64ac8860-5fb8-78e4-7551-727eb47231c7,dcc6b761-d591-7381-89c3-ff34029f2c6c,1,00:00:00.000,00:01:01.000,0,61,full item,,,,,
663a9653-0105-7c8f-13db-945df1c502d8::b8561468-0d4d-34df-7563-db3a12880a96,663a9653-0105-7c8f-13db-945df1c502d8,b8561468-0d4d-34df-7563-db3a12880a96,1,00:00:00.000,00:01:15.000,0,75,full item,,,,,
672f2239-fd2a-ffb0-0af9-240fe7d3bee7::68599e84-154f-5030-efde-9f7001a91b35,672f2239-fd2a-ffb0-0af9-240fe7d3bee7,68599e84-154f-5030-efde-9f7001a91b35,1,00:00:00.000,00:01:37.000,0,97,full item,,,,,
6c2c9ddd-b35b-6c2d-62ac-4f3bc0e7608a::fd142ee7-977e-1708-c125-4355ba4caba1,6c2c9ddd-b35b-6c2d-62ac-4f3bc0e7608a,fd142ee7-977e-1708-c125-4355ba4caba1,1,00:00:00.000,00:02:06.000,0,126,full item,,,,,
80b7addd-4186-2037-feff-12087cddad3b::a39f7e06-2b52-a987-c04b-14516b58c332,80b7addd-4186-2037-feff-12087cddad3b,a39f7e06-2b52-a987-c04b-14516b58c332,1,00:00:00.000,00:01:21.000,0,81,full item,,,,,
84594961-1e63-7d43-1adb-9f6da930af1d::31b56a81-1b64-e181-609f-a43631689dbe,84594961-1e63-7d43-1adb-9f6da930af1d,31b56a81-1b64-e181-609f-a43631689dbe,1,00:00:00.000,00:00:50.000,0,50,full item,,,,,
84d77ce4-89e2-252f-41db-bd8f6ef3d436::dbcddfe5-5917-8d04-7f1a-c497bf8fe25f,84d77ce4-89e2-252f-41db-bd8f6ef3d436,dbcddfe5-5917-8d04-7f1a-c497bf8fe25f,1,00:00:00.000,00:01:17.000,0,77,full item,,,,,
89dcc9f3-b208-695c-1e18-98de1141b6b8::1f68a91d-36cb-f2c5-bc26-9eee0fb350c3,89dcc9f3-b208-695c-1e18-98de1141b6b8,1f68a91d-36cb-f2c5-bc26-9eee0fb350c3,1,00:00:00.000,00:01:02.000,0,62,full item,,,,,
94be3c48-fcd0-5d59-d977-6fa25c8e8a13::9cd5a895-9ad3-fa5b-3f90-17b359c79e18,94be3c48-fcd0-5d59-d977-6fa25c8e8a13,9cd5a895-9ad3-fa5b-3f90-17b359c79e18,1,00:00:00.000,00:01:17.000,0,77,full item,,,,,
9cbd9587-30bb-8165-185b-41178e838a2b::4c0315aa-942f-315e-211b-63f5ed385f30,9cbd9587-30bb-8165-185b-41178e838a2b,4c0315aa-942f-315e-211b-63f5ed385f30,1,00:00:00.000,00:03:54.000,0,234,full item,,,,,
a0a35097-cdc8-bd3f-0908-00e12fa07e16::c265e5a4-0f00-a13d-54bb-2fcec79abf89,a0a35097-cdc8-bd3f-0908-00e12fa07e16,c265e5a4-0f00-a13d-54bb-2fcec79abf89,1,00:00:00.000,00:01:59.000,0,119,full item,,,,,
ae3155db-bc05-23a8-abf5-ab7ecb2ff371::45fc2c24-44ec-26ce-5f15-f421c312020d,ae3155db-bc05-23a8-abf5-ab7ecb2ff371,45fc2c24-44ec-26ce-5f15-f421c312020d,1,00:00:00.000,00:01:30.000,0,90,full item,,,,,
b40e9274-be97-b3f5-3043-c4885e3d406d::f3c1b1aa-91bf-bf57-bb67-5fe87c7648a5,b40e9274-be97-b3f5-3043-c4885e3d406d,f3c1b1aa-91bf-bf57-bb67-5fe87c7648a5,1,00:00:00.000,00:01:28.000,0,88,full item,,,,,
b81f8c94-6a3e-ed7f-1735-e4b15c174d2d::2d426dc9-303b-6c18-caa2-82cf87215a06,b81f8c94-6a3e-ed7f-1735-e4b15c174d2d,2d426dc9-303b-6c18-caa2-82cf87215a06,1,00:00:00.000,00:00:30.000,0,30,full item,,,,,
bb3520d8-682b-b33d-08e5-7848ff2d78f5::,bb3520d8-682b-b33d-08e5-7848ff2d78f5,,1,00:00:00.000,,0,,full item,,,,,
bb9051d0-23b7-9b8a-dcb2-96b436a4841e::31f5f9be-421c-ca3f-7683-5066f4443e00,bb9051d0-23b7-9b8a-dcb2-96b436a4841e,31f5f9be-421c-ca3f-7683-5066f4443e00,1,00:00:00.000,00:00:46.000,0,46,full item,,,,,
c34af22b-d9f8-0c75-1116-22d06436b3fc::8a21822a-3fd0-0edb-4190-f62e916b3fb9,c34af22b-d9f8-0c75-1116-22d06436b3fc,8a21822a-3fd0-0edb-4190-f62e916b3fb9,1,00:00:00.000,00:00:42.000,0,42,full item,,,,,
c4e4956e-6559-7087-d0d7-5538fad8eb4f::567049e2-391d-0d21-e954-e2b063efe1f0,c4e4956e-6559-7087-d0d7-5538fad8eb4f,567049e2-391d-0d21-e954-e2b063efe1f0,1,00:00:00.000,00:01:30.000,0,90,full item,,,,,
d48f48d4-4cc0-6488-e260-758e3c0ba39e::784fc126-6902-c932-5895-28497d506957,d48f48d4-4cc0-6488-e260-758e3c0ba39e,784fc126-6902-c932-5895-28497d506957,1,00:00:00.000,00:01:51.000,0,111,full item,,,,,
d5079d49-7e8f-53e8-d182-ea69e570cc76::704b66f1-d893-1217-b0ff-1bb6a5ec2206,d5079d49-7e8f-53e8-d182-ea69e570cc76,704b66f1-d893-1217-b0ff-1bb6a5ec2206,1,00:00:00.000,00:01:02.000,0,62,full item,,,,,
d8fb516d-e74f-e91a-55f7-f7824ac527fd::098f9b5c-90e1-c13a-f3e3-8b4be2345005,d8fb516d-e74f-e91a-55f7-f7824ac527fd,098f9b5c-90e1-c13a-f3e3-8b4be2345005,1,00:00:00.000,00:00:45.000,0,45,full item,,,,,
db08d4b4-9edf-c393-525a-a6d01f9574b6::d34df398-513d-2be3-fe9e-e0b01b0f8c73,db08d4b4-9edf-c393-525a-a6d01f9574b6,d34df398-513d-2be3-fe9e-e0b01b0f8c73,1,00:00:00.000,00:00:32.000,0,32,full item,,,,,
e2c75ac8-36c6-2c59-68e5-2c30d5addad2::1d9b04fa-6046-dc12-ffd9-61b26316d18b,e2c75ac8-36c6-2c59-68e5-2c30d5addad2,1d9b04fa-6046-dc12-ffd9-61b26316d18b,1,00:00:00.000,00:00:40.000,0,40,full item,,,,,
e930e290-1af5-bd0f-7f03-18bec3b4711f::f05087da-0daf-a63b-cb09-40be8659bff7,e930e290-1af5-bd0f-7f03-18bec3b4711f,f05087da-0daf-a63b-cb09-40be8659bff7,1,00:00:00.000,00:01:47.000,0,107,full item,,,,,
0d42d915-4219-0288-226f-58edd3229c66::48555796-3952-f08c-e12a-76be4483db42,0d42d915-4219-0288-226f-58edd3229c66,48555796-3952-f08c-e12a-76be4483db42,1,00:00:00.000,,0,,full item,,,,,
0d83d9a7-8dbb-cf5c-80d3-bda1519152c9::fb5cda80-b6d4-31f0-601e-037df544d87f,0d83d9a7-8dbb-cf5c-80d3-bda1519152c9,fb5cda80-b6d4-31f0-601e-037df544d87f,1,00:00:00.000,,0,,full item,,,,,
0d8f9296-813a-09a0-c5b7-d280139e7e87::49944dca-194e-ccfe-6217-b9ea7b652e6b,0d8f9296-813a-09a0-c5b7-d280139e7e87,49944dca-194e-ccfe-6217-b9ea7b652e6b,1,00:00:00.000,,0,,full item,,,,,
1da78289-ea04-d408-f782-b5e1fe0330d5::097f47ec-b538-9145-9ddd-c6efd6c1c74f,1da78289-ea04-d408-f782-b5e1fe0330d5,097f47ec-b538-9145-9ddd-c6efd6c1c74f,1,00:00:00.000,,0,,full item,,,,,
1f3eba19-68ac-390a-6d36-00e061cb7888::d02273b9-6e12-ad51-c3ad-a8a4112154fe,1f3eba19-68ac-390a-6d36-00e061cb7888,d02273b9-6e12-ad51-c3ad-a8a4112154fe,1,00:00:00.000,,0,,full item,,,,,
23fcbbb9-8306-017d-29b7-73c970bc6751::141ffb8c-7c6a-ba7e-4832-fd9e1c1f6876,23fcbbb9-8306-017d-29b7-73c970bc6751,141ffb8c-7c6a-ba7e-4832-fd9e1c1f6876,1,00:00:00.000,,0,,full item,,,,,
2736660b-d998-0a00-0b01-32cb49eaba60::bdb9f7ad-01a8-929b-2f62-3f84a2f6c713,2736660b-d998-0a00-0b01-32cb49eaba60,bdb9f7ad-01a8-929b-2f62-3f84a2f6c713,1,00:00:00.000,,0,,full item,,,,,
313dfa26-e1d2-cece-5506-7ec8663aac50::e805bfc9-153d-fef4-657d-4142a0fc9c10,313dfa26-e1d2-cece-5506-7ec8663aac50,e805bfc9-153d-fef4-657d-4142a0fc9c10,1,00:00:00.000,,0,,full item,,,,,
3dbd035a-7b78-3e5e-9e25-2c00680a82cf::1bb23972-7af9-f4d1-490d-df21889a6e87,3dbd035a-7b78-3e5e-9e25-2c00680a82cf,1bb23972-7af9-f4d1-490d-df21889a6e87,1,00:00:00.000,,0,,full item,,,,,
42166f94-98a9-5867-c75a-c97c38098122::66191c1f-ce92-5366-e53d-6bb63965bb94,42166f94-98a9-5867-c75a-c97c38098122,66191c1f-ce92-5366-e53d-6bb63965bb94,1,00:00:00.000,,0,,full item,,,,,
43dfc82a-5576-11d3-a2f8-d2d8f3570233::2ea79c98-3f68-49da-5289-6483d27acca4,43dfc82a-5576-11d3-a2f8-d2d8f3570233,2ea79c98-3f68-49da-5289-6483d27acca4,1,00:00:00.000,,0,,full item,,,,,
440fc14a-4b51-3b65-d69b-dbb384034fe6::a28d2480-4838-38f8-a4fe-a12ead24e3b7,440fc14a-4b51-3b65-d69b-dbb384034fe6,a28d2480-4838-38f8-a4fe-a12ead24e3b7,1,00:00:00.000,,0,,full item,,,,,
5045bf57-2c30-5b22-6e53-d4d26b717579::41997fa1-8fe9-7ff5-278b-c442f14f417d,5045bf57-2c30-5b22-6e53-d4d26b717579,41997fa1-8fe9-7ff5-278b-c442f14f417d,1,00:00:00.000,,0,,full item,,,,,
59455a74-62b2-786e-ad20-5793ffaf216e::e01a8deb-6d18-ec89-9953-f276b88330bc,59455a74-62b2-786e-ad20-5793ffaf216e,e01a8deb-6d18-ec89-9953-f276b88330bc,1,00:00:00.000,,0,,full item,,,,,
638f1a0b-f224-de6d-0403-1326edf4ad6e::f77ed582-0c2c-59e7-9f44-21e2c3f87122,638f1a0b-f224-de6d-0403-1326edf4ad6e,f77ed582-0c2c-59e7-9f44-21e2c3f87122,1,00:00:00.000,,0,,full item,,,,,
65399b74-fe4b-77dc-1edd-33bc89bef0d1::acd5ef5f-dd27-20a9-5d5d-24f97d22daf5,65399b74-fe4b-77dc-1edd-33bc89bef0d1,acd5ef5f-dd27-20a9-5d5d-24f97d22daf5,1,00:00:00.000,,0,,full item,,,,,
78876d55-fcd0-f28f-2d3b-fa612ebfe95f::e6343138-035d-ffce-2a41-d64e5f70b918,78876d55-fcd0-f28f-2d3b-fa612ebfe95f,e6343138-035d-ffce-2a41-d64e5f70b918,1,00:00:00.000,,0,,full item,,,,,
8ccd4daf-e4b7-df40-c1db-62a4b113166c::a8711cf1-33f0-2081-8d5d-e68a7d4f9b29,8ccd4daf-e4b7-df40-c1db-62a4b113166c,a8711cf1-33f0-2081-8d5d-e68a7d4f9b29,1,00:00:00.000,,0,,full item,,,,,
91a08934-7a15-f5f1-53d5-dddd0104656c::0a20c62b-6bfb-e03c-8138-37afae67ab1a,91a08934-7a15-f5f1-53d5-dddd0104656c,0a20c62b-6bfb-e03c-8138-37afae67ab1a,1,00:00:00.000,,0,,full item,,,,,
95462699-5fb8-5ae3-0ad1-100ca61986ec::58d6cd4f-7f25-9ac4-53e7-71d2f5dc82ab,95462699-5fb8-5ae3-0ad1-100ca61986ec,58d6cd4f-7f25-9ac4-53e7-71d2f5dc82ab,1,00:00:00.000,,0,,full item,,,,,
af1adeb5-cdd5-12d7-ef2a-47eded01e9c4::ef013b65-2f4a-1752-416f-d58e265074e5,af1adeb5-cdd5-12d7-ef2a-47eded01e9c4,ef013b65-2f4a-1752-416f-d58e265074e5,1,00:00:00.000,,0,,full item,,,,,
bbb0ce58-e993-a0e8-b07c-8d94b64b2d08::1d6453ef-ca79-788b-ff54-756c1a34af4a,bbb0ce58-e993-a0e8-b07c-8d94b64b2d08,1d6453ef-ca79-788b-ff54-756c1a34af4a,1,00:00:00.000,,0,,full item,,,,,
beda5a3d-54fe-e804-4872-188cf4706264::4263a2cf-24ce-ff7e-0aa7-30bd179969d6,beda5a3d-54fe-e804-4872-188cf4706264,4263a2cf-24ce-ff7e-0aa7-30bd179969d6,1,00:00:00.000,,0,,full item,,,,,
c67221a2-b345-d8fa-7c6c-5fa53c7a0359::800f7177-1d19-ca01-060c-3e55a162b399,c67221a2-b345-d8fa-7c6c-5fa53c7a0359,800f7177-1d19-ca01-060c-3e55a162b399,1,00:00:00.000,,0,,full item,,,,,
d2541336-41a4-715d-75e9-26f0a9384db1::a61077e8-8099-1cfc-397e-f2eb784b739a,d2541336-41a4-715d-75e9-26f0a9384db1,a61077e8-8099-1cfc-397e-f2eb784b739a,1,00:00:00.000,,0,,full item,,,,,
e9ecc128-3bc9-d3db-cdb7-38ec35e9348c::392fbfb6-e55f-143c-c301-1e492911078a,e9ecc128-3bc9-d3db-cdb7-38ec35e9348c,392fbfb6-e55f-143c-c301-1e492911078a,1,00:00:00.000,,0,,full item,,,,,
ff0f7668-9e25-1d52-186a-7986ebe4e0aa::8db4e8d0-b7c1-31f5-6354-ae8e0c496aab,ff0f7668-9e25-1d52-186a-7986ebe4e0aa,8db4e8d0-b7c1-31f5-6354-ae8e0c496aab,1,00:00:00.000,,0,,full item,,,,,
1097f39f-5f9c-dd32-fbf1-4b3075a480fd::de9f8cd9-9fb6-4279-7b1a-0234e93b0ecc,1097f39f-5f9c-dd32-fbf1-4b3075a480fd,de9f8cd9-9fb6-4279-7b1a-0234e93b0ecc,1,00:00:00.000,00:05:43.000,0,343,full item,,,,,
114c88ba-5e47-cf3c-cf8d-3cc21d9c1061::683f2448-9107-53a2-cfd4-8f5a22ecc5d7,114c88ba-5e47-cf3c-cf8d-3cc21d9c1061,683f2448-9107-53a2-cfd4-8f5a22ecc5d7,1,00:00:00.000,00:01:52.000,0,112,full item,,,,,
1bb101a2-8ec2-1227-688d-6c362de1cf99::6a8b5cc2-3d03-e958-d913-74fb40e0f378,1bb101a2-8ec2-1227-688d-6c362de1cf99,6a8b5cc2-3d03-e958-d913-74fb40e0f378,1,00:00:00.000,00:00:44.000,0,44,full item,,,,,
28a8cfc7-09ce-dcf1-1718-6039490c5b96::0324f278-73e5-afc1-57f7-811b6e94afd3,28a8cfc7-09ce-dcf1-1718-6039490c5b96,0324f278-73e5-afc1-57f7-811b6e94afd3,1,00:00:00.000,00:03:34.000,0,214,full item,,,,,
2a0a941d-0767-7eb7-9fea-bb8587d9e338::132ac230-a8fe-017d-4675-7b9b07c43cb6,2a0a941d-0767-7eb7-9fea-bb8587d9e338,132ac230-a8fe-017d-4675-7b9b07c43cb6,1,00:00:00.000,00:01:17.000,0,77,full item,,,,,
2da0eafa-02f2-6ab0-d768-fa9bb1bbd5b8::7742e663-77b0-7766-3dfb-9b2608ef2f19,2da0eafa-02f2-6ab0-d768-fa9bb1bbd5b8,7742e663-77b0-7766-3dfb-9b2608ef2f19,1,00:00:00.000,00:02:36.000,0,156,full item,,,,,
3245534e-0b0b-17bf-ecac-3baa67fd5613::cdfc1b88-778a-1ade-b4c9-bbd30708e999,3245534e-0b0b-17bf-ecac-3baa67fd5613,cdfc1b88-778a-1ade-b4c9-bbd30708e999,1,00:00:00.000,00:01:08.000,0,68,full item,,,,,
32e07184-0ed6-4ec8-d4b8-b48e256a4560::44dae441-3edc-a32c-8883-2504c5ab4641,32e07184-0ed6-4ec8-d4b8-b48e256a4560,44dae441-3edc-a32c-8883-2504c5ab4641,1,00:00:00.000,00:00:36.000,0,36,full item,,,,,
35ddb274-9bc1-d111-caeb-feeeb040de21::d58430b8-d9ea-a8c2-63f9-7eeaebc6e7c6,35ddb274-9bc1-d111-caeb-feeeb040de21,d58430b8-d9ea-a8c2-63f9-7eeaebc6e7c6,1,00:00:00.000,00:00:46.000,0,46,full item,,,,,
3a7bf6d9-27b8-2a27-fb36-4295b1ca9622::c255817b-fd7e-e9e5-6f9f-19054f7e8e11,3a7bf6d9-27b8-2a27-fb36-4295b1ca9622,c255817b-fd7e-e9e5-6f9f-19054f7e8e11,1,00:00:00.000,00:02:06.000,0,126,full item,,,,,
447d62f1-ec3b-9761-fab9-7f17aa5901fa::ac2609b1-6506-3110-e550-650ae8ce3380,447d62f1-ec3b-9761-fab9-7f17aa5901fa,ac2609b1-6506-3110-e550-650ae8ce3380,1,00:00:00.000,00:00:51.000,0,51,full item,,,,,
47827786-0649-1fc5-1978-4897cea57611::3c0cf741-2e2f-105d-d291-c7bf1e45b603,47827786-0649-1fc5-1978-4897cea57611,3c0cf741-2e2f-105d-d291-c7bf1e45b603,1,00:00:00.000,00:02:08.000,0,128,full item,,,,,
4ed90f7d-0c99-f56e-4c44-6b64f259b95b::6e69fada-628e-a8dc-6c64-4430274986e6,4ed90f7d-0c99-f56e-4c44-6b64f259b95b,6e69fada-628e-a8dc-6c64-4430274986e6,1,00:00:00.000,00:00:47.000,0,47,full item,,,,,
509f58ca-9685-abc1-8faf-fae5598670d7::90b8fbec-23eb-3927-cfc8-519833317c24,509f58ca-9685-abc1-8faf-fae5598670d7,90b8fbec-23eb-3927-cfc8-519833317c24,1,00:00:00.000,00:01:25.000,0,85,full item,,,,,
5596cf56-21c9-ab6a-d269-69aa2982793a::5787b9ce-324e-debe-b350-f0e155bcceed,5596cf56-21c9-ab6a-d269-69aa2982793a,5787b9ce-324e-debe-b350-f0e155bcceed,1,00:00:00.000,00:00:57.000,0,57,full item,,,,,
60dc288d-343e-84d8-5c37-bc845833f4a3::52d7f2a1-828d-885f-8a70-5b28a86e51c0,60dc288d-343e-84d8-5c37-bc845833f4a3,52d7f2a1-828d-885f-8a70-5b28a86e51c0,1,00:00:00.000,00:00:57.000,0,57,full item,,,,,
624caffe-add8-f13d-f3df-dd22c10072d1::32a2f6cd-0527-d610-cbb8-8b9da503a3a0,624caffe-add8-f13d-f3df-dd22c10072d1,32a2f6cd-0527-d610-cbb8-8b9da503a3a0,1,00:00:00.000,00:01:02.000,0,62,full item,,,,,
658689a5-8317-2219-4e06-74387fd5cdf4::6758e84b-390a-8e1d-dd14-2bfbb535e6a2,658689a5-8317-2219-4e06-74387fd5cdf4,6758e84b-390a-8e1d-dd14-2bfbb535e6a2,1,00:00:00.000,00:02:26.000,0,146,full item,,,,,
7a5890c4-29b6-ab85-aa6b-edf3f06d99c7::784c4a3c-464e-715b-52a3-2949434ae6c5,7a5890c4-29b6-ab85-aa6b-edf3f06d99c7,784c4a3c-464e-715b-52a3-2949434ae6c5,1,00:00:00.000,00:01:09.000,0,69,full item,,,,,
837b2f0b-4c58-bb85-1a6f-3de8bac168f8::9df4c6d2-d91b-1a96-c074-e31638e05a8e,837b2f0b-4c58-bb85-1a6f-3de8bac168f8,9df4c6d2-d91b-1a96-c074-e31638e05a8e,1,00:00:00.000,00:01:34.000,0,94,full item,,,,,
84875ae3-3ef8-64da-d3f3-263a53dd14a1::d1783bf8-e25d-0d6a-89c7-6b533bb2341b,84875ae3-3ef8-64da-d3f3-263a53dd14a1,d1783bf8-e25d-0d6a-89c7-6b533bb2341b,1,00:00:00.000,00:02:41.000,0,161,full item,,,,,
86123e4f-8db1-af04-a563-3ae50e4d0207::90e58b90-6635-282c-2e14-ff1d4444774b,86123e4f-8db1-af04-a563-3ae50e4d0207,90e58b90-6635-282c-2e14-ff1d4444774b,1,00:00:00.000,00:01:03.000,0,63,full item,,,,,
906c663b-5f31-2fcf-5607-60357516cc34::05fbd436-9600-8400-0cb0-1b6baa382f56,906c663b-5f31-2fcf-5607-60357516cc34,05fbd436-9600-8400-0cb0-1b6baa382f56,1,00:00:00.000,00:00:55.000,0,55,full item,,,,,
920f541a-0dbe-678f-1d71-9aa3e60f0b18::ff4bac3c-7004-5465-4fe5-a999fe12a3dd,920f541a-0dbe-678f-1d71-9aa3e60f0b18,ff4bac3c-7004-5465-4fe5-a999fe12a3dd,1,00:00:00.000,00:01:00.000,0,60,full item,,,,,
922595ef-c1dd-4f75-ef04-e6a8e9f64bb0::371d3427-1491-4a0e-f2a1-8b7c7c449568,922595ef-c1dd-4f75-ef04-e6a8e9f64bb0,371d3427-1491-4a0e-f2a1-8b7c7c449568,1,00:00:00.000,00:02:03.000,0,123,full item,,,,,
9fd8c4c3-61bc-c282-6206-4edde51522d0::abba3534-6ed7-8ffa-d62e-c4550a707287,9fd8c4c3-61bc-c282-6206-4edde51522d0,abba3534-6ed7-8ffa-d62e-c4550a707287,1,00:00:00.000,00:00:51.000,0,51,full item,,,,,
b6c09aa0-08cc-be11-5e79-0012b951656b::4870ae57-a72c-69c2-24e0-40bc93a531ae,b6c09aa0-08cc-be11-5e79-0012b951656b,4870ae57-a72c-69c2-24e0-40bc93a531ae,1,00:00:00.000,00:01:44.000,0,104,full item,,,,,
bf10c9b7-2b19-932b-84c6-01c1d9d5ac49::2752337a-45ca-c802-8759-80d470f44d3c,bf10c9b7-2b19-932b-84c6-01c1d9d5ac49,2752337a-45ca-c802-8759-80d470f44d3c,1,00:00:00.000,00:02:50.000,0,170,full item,,,,,
c5a6e181-a0c4-b28d-d1e7-dc8bb6cdad2a::ee04e4d1-3ea5-df36-5070-947e1a8d098f,c5a6e181-a0c4-b28d-d1e7-dc8bb6cdad2a,ee04e4d1-3ea5-df36-5070-947e1a8d098f,1,00:00:00.000,00:01:04.000,0,64,full item,,,,,
ca46ee1c-cb50-5943-6b4d-656c72eaafc4::,ca46ee1c-cb50-5943-6b4d-656c72eaafc4,,1,00:00:00.000,00:07:47.000,0,467,full item,,,,,
cf28adb0-158d-5ff9-7149-53904007d7c1::8c3c10bf-8778-e0c3-f91a-03b8a004946d,cf28adb0-158d-5ff9-7149-53904007d7c1,8c3c10bf-8778-e0c3-f91a-03b8a004946d,1,00:00:00.000,00:00:33.000,0,33,full item,,,,,
d391799d-b912-1c3f-a826-d80ce71d0f8f::5f6bce24-eec4-9799-8e12-f017982de26c,d391799d-b912-1c3f-a826-d80ce71d0f8f,5f6bce24-eec4-9799-8e12-f017982de26c,1,00:00:00.000,00:02:02.000,0,122,full item,,,,,
db8927ae-34f6-1710-d46d-df296408cc27::6f52892b-15dd-b213-ceb2-5d63d8f90d70,db8927ae-34f6-1710-d46d-df296408cc27,6f52892b-15dd-b213-ceb2-5d63d8f90d70,1,00:00:00.000,00:02:01.000,0,121,full item,,,,,
dd54a901-1092-b275-668a-6955d22b73eb::571b6930-798d-f7bc-0a72-13f6566ef0cc,dd54a901-1092-b275-668a-6955d22b73eb,571b6930-798d-f7bc-0a72-13f6566ef0cc,1,00:00:00.000,00:10:31.000,0,631,full item,,,,,
df339d16-60a0-72c7-67a6-a28fed85b9ab::7fdabe3c-b625-f95e-0438-2bcf70df628e,df339d16-60a0-72c7-67a6-a28fed85b9ab,7fdabe3c-b625-f95e-0438-2bcf70df628e,1,00:00:00.000,00:26:43.000,0,1603,full item,,,,,
e7d70af6-df07-bb79-f171-c69067cdd4c1::090ca502-44f3-f117-87f4-d8debbdcbe5e,e7d70af6-df07-bb79-f171-c69067cdd4c1,090ca502-44f3-f117-87f4-d8debbdcbe5e,1,00:00:00.000,00:23:56.000,0,1436,full item,,,,,
fc3fd317-bc20-655b-c6d1-82a6fd233267::8faa8830-e9c6-add9-ebd3-870af0f8961f,fc3fd317-bc20-655b-c6d1-82a6fd233267,8faa8830-e9c6-add9-ebd3-870af0f8961f,1,00:00:00.000,00:05:09.000,0,309,full item,,,,,
1ec65c7c-03dd-44bf-11cd-b8ddf933bb94::70e12955-4303-bf84-c98a-b2ab529f0c7f,1ec65c7c-03dd-44bf-11cd-b8ddf933bb94,70e12955-4303-bf84-c98a-b2ab529f0c7f,1,00:00:00.000,00:14:05.000,0,845,full item,,,,,
26c54933-36c5-a04f-6961-3d39095366f4::407836c7-1ac9-c629-0f69-5314ab6096fe,26c54933-36c5-a04f-6961-3d39095366f4,407836c7-1ac9-c629-0f69-5314ab6096fe,1,00:00:00.000,00:09:53.000,0,593,full item,,,,,
28b30c6b-ace1-72ba-a824-b94b53d82dbe::a2854d75-22a9-ed0a-d44b-436f1c40fa63,28b30c6b-ace1-72ba-a824-b94b53d82dbe,a2854d75-22a9-ed0a-d44b-436f1c40fa63,1,00:00:00.000,00:30:59.000,0,1859,full item,,,,,
3d2ff2e4-0dfc-d5b0-e4f3-411c55131987::76b082a8-271d-a616-597f-769e5be9ecb3,3d2ff2e4-0dfc-d5b0-e4f3-411c55131987,76b082a8-271d-a616-597f-769e5be9ecb3,1,00:00:00.000,00:07:41.000,0,461,full item,,,,,
3f3cde01-b1d9-2de9-6dba-1c1abf24da6f::fbc006fe-6295-5949-9926-d12045a71dec,3f3cde01-b1d9-2de9-6dba-1c1abf24da6f,fbc006fe-6295-5949-9926-d12045a71dec,1,00:00:00.000,00:18:26.000,0,1106,full item,,,,,
43601f72-3cbf-369b-503c-1b5528ba1a74::3789cfa4-6148-b14d-af36-21f8e2ecd545,43601f72-3cbf-369b-503c-1b5528ba1a74,3789cfa4-6148-b14d-af36-21f8e2ecd545,1,00:00:00.000,04:10:00.000,0,15000,full item,,,,,
50fdefaf-20e0-a215-d1e4-dad98d696975::83ace21b-ef17-05eb-9eae-1a9640575e01,50fdefaf-20e0-a215-d1e4-dad98d696975,83ace21b-ef17-05eb-9eae-1a9640575e01,1,00:00:00.000,00:10:01.000,0,601,full item,,,,,
602004c0-b3e2-5376-5513-86e8776ec1c2::5042a3be-85ed-f9bd-8e37-df0553b50ac8,602004c0-b3e2-5376-5513-86e8776ec1c2,5042a3be-85ed-f9bd-8e37-df0553b50ac8,1,00:00:00.000,00:01:05.000,0,65,full item,,,,,
68a15a47-e47f-2b3b-574c-c5f4e7c11219::07a8dc06-8b87-9953-040e-4c316a8a63a1,68a15a47-e47f-2b3b-574c-c5f4e7c11219,07a8dc06-8b87-9953-040e-4c316a8a63a1,1,00:00:00.000,00:13:23.000,0,803,full item,,,,,
6f2b9007-0d17-4077-296b-b864d5804f1b::27815d30-6ff0-9edc-0aa9-4e263970f72e,6f2b9007-0d17-4077-296b-b864d5804f1b,27815d30-6ff0-9edc-0aa9-4e263970f72e,1,00:00:00.000,43:22:00.000,0,156120,full item,,,,,
81c0e627-66cc-1de1-b9e8-836af64997da::cb9f528b-f034-74b9-3f22-743d0bd95857,81c0e627-66cc-1de1-b9e8-836af64997da,cb9f528b-f034-74b9-3f22-743d0bd95857,1,00:00:00.000,25:14:00.000,0,90840,full item,,,,,
910bf7c8-a559-3491-db8b-addf1c2016a1::491f0284-bcf7-8651-db02-318e3e58ea61,910bf7c8-a559-3491-db8b-addf1c2016a1,491f0284-bcf7-8651-db02-318e3e58ea61,1,00:00:00.000,00:15:44.000,0,944,full item,,,,,
9c74d4a8-e927-5bfe-376f-50964cae98f5::36cb48af-a7ab-b0d4-a823-cdd253138342,9c74d4a8-e927-5bfe-376f-50964cae98f5,36cb48af-a7ab-b0d4-a823-cdd253138342,1,00:00:00.000,42:17:00.000,0,152220,full item,,,,,
a98cc1c6-116d-ee35-19b0-0f2c1f9ffd3b::6cc1afca-5ef0-cb94-86ee-0f02626eb8cc,a98cc1c6-116d-ee35-19b0-0f2c1f9ffd3b,6cc1afca-5ef0-cb94-86ee-0f02626eb8cc,1,00:00:00.000,00:03:36.000,0,216,full item,,,,,
aded15db-6a5a-f31d-a475-68a23a00bd82::3bc3225c-bb45-b67a-df80-064011091976,aded15db-6a5a-f31d-a475-68a23a00bd82,3bc3225c-bb45-b67a-df80-064011091976,1,00:00:00.000,00:11:41.000,0,701,full item,,,,,
c1cca9a6-9877-377b-7ce4-34d930b96e57::b39297e7-3c4a-dae8-57ef-fdaf3e3378c9,c1cca9a6-9877-377b-7ce4-34d930b96e57,b39297e7-3c4a-dae8-57ef-fdaf3e3378c9,1,00:00:00.000,00:05:23.000,0,323,full item,,,,,
d34dc00e-c890-a7f6-3236-a03b64bf3305::5e6a171f-9857-277b-0f6c-5b395aa99b75,d34dc00e-c890-a7f6-3236-a03b64bf3305,5e6a171f-9857-277b-0f6c-5b395aa99b75,1,00:00:00.000,00:04:45.000,0,285,full item,,,,,
e38d0f38-3e6a-97d1-c436-301c6cc001a2::003b9200-44d2-321e-b542-c913b8b34781,e38d0f38-3e6a-97d1-c436-301c6cc001a2,003b9200-44d2-321e-b542-c913b8b34781,1,00:00:00.000,00:07:44.000,0,464,full item,,,,,
05a2b9dd-92d5-0250-9f35-e925511cf74f::f9a90601-0cb8-8604-cdf0-55fffe7951c1,05a2b9dd-92d5-0250-9f35-e925511cf74f,f9a90601-0cb8-8604-cdf0-55fffe7951c1,1,00:00:00.000,00:07:41.000,0,461,full item,,,,,
08748cdd-9c55-d5a7-53c2-bc70543e5165::4bf94026-6a25-78a4-a9dc-6efbe99b562c,08748cdd-9c55-d5a7-53c2-bc70543e5165,4bf94026-6a25-78a4-a9dc-6efbe99b562c,1,00:00:00.000,00:02:34.000,0,154,full item,,,,,
0f2d8e6a-83ce-57be-70d3-566b86b6ad8d::e02fe829-7b94-a623-903f-7fb92211b853,0f2d8e6a-83ce-57be-70d3-566b86b6ad8d,e02fe829-7b94-a623-903f-7fb92211b853,1,00:00:00.000,00:11:00.000,0,660,full item,,,,,
10bb7a5c-33b9-814a-cd6f-64860fc7d8db::76ee95df-038c-ddef-2213-b66cee5db93d,10bb7a5c-33b9-814a-cd6f-64860fc7d8db,76ee95df-038c-ddef-2213-b66cee5db93d,1,00:00:00.000,00:17:20.000,0,1040,full item,,,,,
192ce892-cc63-d734-ca1d-f4eed35ea88e::122a3e20-7782-08fb-4df6-a032860ae830,192ce892-cc63-d734-ca1d-f4eed35ea88e,122a3e20-7782-08fb-4df6-a032860ae830,1,00:00:00.000,00:04:53.000,0,293,full item,,,,,
1d8d35b7-483f-23ca-a93c-5998eb3fce03::5e4b9b16-662a-2117-6c74-a507bdd3e7b2,1d8d35b7-483f-23ca-a93c-5998eb3fce03,5e4b9b16-662a-2117-6c74-a507bdd3e7b2,1,00:00:00.000,00:31:00.000,0,1860,full item,,,,,
30e03ed4-2cbd-b05c-c2a4-568d5ba9052b::3e61533b-0cd7-b9f9-ca23-7529a7e13b90,30e03ed4-2cbd-b05c-c2a4-568d5ba9052b,3e61533b-0cd7-b9f9-ca23-7529a7e13b90,1,00:00:00.000,00:02:55.000,0,175,full item,,,,,
3ba6e71f-bc87-2662-d83d-3a3176adbe6a::01c961c6-5b6e-a67d-edd3-e5d9729cd1b9,3ba6e71f-bc87-2662-d83d-3a3176adbe6a,01c961c6-5b6e-a67d-edd3-e5d9729cd1b9,1,00:00:00.000,00:09:31.000,0,571,full item,,,,,
40d19610-9c72-fd86-93a2-f0f80c1c75c9::6c49acbf-2f51-9a14-d26c-b874265d8e95,40d19610-9c72-fd86-93a2-f0f80c1c75c9,6c49acbf-2f51-9a14-d26c-b874265d8e95,1,00:00:00.000,00:20:09.000,0,1209,full item,,,,,
4c54a8bd-33c6-2c97-3ab4-073cc9197750::72ab33bb-2d98-3fae-1d06-f8cf430f51f5,4c54a8bd-33c6-2c97-3ab4-073cc9197750,72ab33bb-2d98-3fae-1d06-f8cf430f51f5,1,00:00:00.000,00:16:15.000,0,975,full item,,,,,
5ae73dc9-fc37-5ebe-3bbd-cd95efb93e45::24107504-c5b8-c3d5-2b61-e52d17800943,5ae73dc9-fc37-5ebe-3bbd-cd95efb93e45,24107504-c5b8-c3d5-2b61-e52d17800943,1,00:00:00.000,00:04:10.000,0,250,full item,,,,,
5d2f20a2-576f-ba67-37d8-9400f9b20129::9cdb01b9-7615-c241-7e5c-f38879da9aae,5d2f20a2-576f-ba67-37d8-9400f9b20129,9cdb01b9-7615-c241-7e5c-f38879da9aae,1,00:00:00.000,00:43:21.000,0,2601,full item,,,,,
5ed8738a-723f-6a8b-6b90-81f9479cdc2d::9d2010e2-c9a6-bfde-ff8b-b67f2108bdc5,5ed8738a-723f-6a8b-6b90-81f9479cdc2d,9d2010e2-c9a6-bfde-ff8b-b67f2108bdc5,1,00:00:00.000,00:02:19.000,0,139,full item,,,,,
7f5f7808-1a1c-8af1-878c-a39033fc75a3::92f65381-e19a-c05e-44d1-d26c4bcc43e8,7f5f7808-1a1c-8af1-878c-a39033fc75a3,92f65381-e19a-c05e-44d1-d26c4bcc43e8,1,00:00:00.000,00:00:25.000,0,25,full item,,,,,
8bb61ce0-aca9-f31b-fe21-39fefcbb007f::3d0d6d89-4580-56b2-4716-6396f75867a5,8bb61ce0-aca9-f31b-fe21-39fefcbb007f,3d0d6d89-4580-56b2-4716-6396f75867a5,1,00:00:00.000,00:26:45.000,0,1605,full item,,,,,
901b66ea-4fce-b010-4656-24b9ccbb4d01::db7d268e-abae-5dd8-c47b-dc653d48d5bd,901b66ea-4fce-b010-4656-24b9ccbb4d01,db7d268e-abae-5dd8-c47b-dc653d48d5bd,1,00:00:00.000,00:03:28.000,0,208,full item,,,,,
97de2700-1852-3206-0d48-d8e8e151bb00::77d50873-02d3-a1ef-d087-38526d02c255,97de2700-1852-3206-0d48-d8e8e151bb00,77d50873-02d3-a1ef-d087-38526d02c255,1,00:00:00.000,00:02:36.000,0,156,full item,,,,,
9f74b8bc-cc09-4d9f-4234-1bff958184c9::46448173-5aae-03d6-1f65-8370d9b33cca,9f74b8bc-cc09-4d9f-4234-1bff958184c9,46448173-5aae-03d6-1f65-8370d9b33cca,1,00:00:00.000,00:09:59.000,0,599,full item,,,,,
b43aade0-7afa-e5cc-f358-f68a554c72cf::a8137434-d9c8-e36d-7e0c-ebe5503e874a,b43aade0-7afa-e5cc-f358-f68a554c72cf,a8137434-d9c8-e36d-7e0c-ebe5503e874a,1,00:00:00.000,00:23:34.000,0,1414,full item,,,,,
cdbb21e2-79f5-9696-b0ae-aa7f26c91350::44dc7ac4-1543-d698-9be2-85912472abd4,cdbb21e2-79f5-9696-b0ae-aa7f26c91350,44dc7ac4-1543-d698-9be2-85912472abd4,1,00:00:00.000,00:16:33.000,0,993,full item,,,,,
ce305fc3-5bca-78d0-d9ed-47f97f54c9bf::1b239e10-bbfb-2888-d11b-e8838a06cf92,ce305fc3-5bca-78d0-d9ed-47f97f54c9bf,1b239e10-bbfb-2888-d11b-e8838a06cf92,1,00:00:00.000,00:22:45.000,0,1365,full item,,,,,
d3a1e435-5b05-f03e-c9ba-44e883696e3e::917ec9b8-8f34-c546-10a7-e4d14457b542,d3a1e435-5b05-f03e-c9ba-44e883696e3e,917ec9b8-8f34-c546-10a7-e4d14457b542,1,00:00:00.000,00:10:15.000,0,615,full item,,,,,
db16437a-13f6-9e9f-bc9e-f5a2746561c7::2fe76619-c4b5-a240-e918-868541109c20,db16437a-13f6-9e9f-bc9e-f5a2746561c7,2fe76619-c4b5-a240-e918-868541109c20,1,00:00:00.000,00:19:06.000,0,1146,full item,,,,,
f51355f4-be0c-986d-1090-50904a84c9b4::2e8b5729-873d-2c31-28ec-70cfa6a4c1a4,f51355f4-be0c-986d-1090-50904a84c9b4,2e8b5729-873d-2c31-28ec-70cfa6a4c1a4,1,00:00:00.000,00:08:56.000,0,536,full item,,,,,
eb8b8e8b-c644-1ee2-e669-0a7e9d6991fb::4e15fd1e-ba2c-07c5-7e9d-303b158c154a,eb8b8e8b-c644-1ee2-e669-0a7e9d6991fb,4e15fd1e-ba2c-07c5-7e9d-303b158c154a,1,00:00:00.000,00:43:52.000,0,2632,full item,,,,,
062d013a-0999-9799-25ab-a66268e08417::8f62e80b-e182-343e-8835-68f8bd6d9152,062d013a-0999-9799-25ab-a66268e08417,8f62e80b-e182-343e-8835-68f8bd6d9152,1,00:00:00.000,00:20:55.000,0,1255,full item,,,,,
7492e217-0403-8712-43df-45872bfd2674::48d89248-6c88-1d56-69c7-22824b84486d,7492e217-0403-8712-43df-45872bfd2674,48d89248-6c88-1d56-69c7-22824b84486d,1,00:00:00.000,00:43:13.000,0,2593,full item,,,,,
74b61db5-bb53-81fe-5383-36e4825649b2::459ce33b-7d14-4cf3-e521-00c24d21b155,74b61db5-bb53-81fe-5383-36e4825649b2,459ce33b-7d14-4cf3-e521-00c24d21b155,1,00:00:00.000,00:23:21.000,0,1401,full item,,,,,
84ea04cd-f7bf-e6e3-8995-55c428daa8ab::140a4f58-cc2c-76e8-33c2-95126263fc6d,84ea04cd-f7bf-e6e3-8995-55c428daa8ab,140a4f58-cc2c-76e8-33c2-95126263fc6d,1,00:00:00.000,00:12:35.000,0,755,full item,,,,,